row_id,label,text,actual_sentiment,ensemble_sentiment,translated_text,translation_ok,error_direction,ensemble_confidence,agreement,cluster,annotation_id,annotation_name,divergence_level,cause,fixable,annotation_comment,culprit_model,vader_sentiment,vader_score,vader_confidence,flair_sentiment,flair_score,flair_confidence,rubert_sentiment,rubert_score,rubert_confidence,roberta_sentiment,roberta_score,roberta_confidence,distilbert_sentiment,distilbert_score,distilbert_confidence,logistic_regression_sentiment,logistic_regression_score,logistic_regression_confidence,svm_sentiment,svm_score,svm_confidence,random_forest_sentiment,random_forest_score,random_forest_confidence
2,0,"Хз где вы покупали эти телефоны что они у вас глючат,не включаются и т.д. за два года пользование нареканий нет.Ни разу не зависал до такой степени чтоб вытаскивать акб были канечн глюки но это из за китайской флехи.",positive,negative,"Where you bought these phones that they are buggy, do not turn on, etc. for two years, the use of complaints is not. Never hovered to the point of pulling out the akb was a fatal glitch, but that's because of the Chinese fluch.",True,positive->negative,0.375,split,positive->negative|low|split,5,Сленг / жаргон,model-model,Лексическая слепота,0.5,,vader,negative,1.0,0.0,negative,1.0,0.9995195865631104,neutral,3.0,0.49112847447395325,positive,5.0,0.8001971244812012,negative,1.0,0.606211245059967,neutral,3.0,0.5583517154854254,neutral,3.0,0.0,neutral,3.0,0.6763466914064239
5,0,На второй день пользования сломался разговорный динамик))),neutral,negative,"On the second day of use, the speaker broke down)",True,neutral->negative,0.25,majority,neutral->negative|low|majority,8,Шум разметки,model-user,Дефект разметки,0.0,q,vader,negative,1.0,0.0,neutral,3.0,0.9995012283325195,neutral,3.0,0.8780602216720581,negative,1.0,0.7861738801002502,neutral,3.0,0.7485105395317078,neutral,3.0,0.6435561666350544,neutral,3.0,0.0,neutral,3.0,0.8119096291815164
7,0,"Я бы мог простить камеру в телефоне за 23к, но остальные моменты, которые, как мне кажется, можно было бы реализовать достойно, меня не устраивают. Получается, что телефон советовать я бы не стал и покупать, зная эти моменты, скорее всего тоже не стал бы.",neutral,negative,"I could forgive a 23k camera on a phone, but the other things I think could be done with dignity don’t suit me. It turns out that I would not advise the phone and buy, knowing these moments, most likely would not either.",True,neutral->negative,0.625,majority,neutral->negative|medium|majority,3,Амбивалентность,model-user,Смещение класса,0.45,,roberta,positive,5.0,0.0,positive,5.0,0.8336114883422852,neutral,3.0,0.7971408367156982,negative,1.0,0.9810357093811035,negative,1.0,0.8031255006790161,negative,1.0,0.598691344770259,negative,1.0,0.0,negative,1.0,0.7028065540587305
12,0,Нормальный телефон за эти деньги,neutral,positive,A normal phone for that money.,True,neutral->positive,0.5,split,neutral->positive|low|split,3,Амбивалентность,model-user,Смещение класса,0.45,,flair,neutral,3.0,0.0,positive,5.0,0.6024414300918579,positive,5.0,0.5412302613258362,positive,5.0,0.986247181892395,neutral,3.0,0.6457015872001648,neutral,3.0,0.5471160579107923,neutral,3.0,0.0,positive,5.0,0.4866454897947417
13,0,"Имел удовольствие познакомится с данным аппаратом с помощью программы Microsoft: ""Тест-драйв смартфонов Lumia"" Аппарат вызвает крайне противоречивые чувства, в нём любой ""плюс"" легко становиться ""минусом"", но как ни странно со всеми этими минусами можно жить..Экран: да, изображение шикарное, картинка сочнейшая и реально радует глаз при просмотре фото и в играх, но..",neutral,positive,"I had the pleasure to get acquainted with this device with the help of Microsoft: ""Test Drive of Lumia smartphones"" The device causes extremely contradictory feelings, in it any ""plus"" is easy to become a ""minus"", but oddly enough, you can live with all these minuses.",True,neutral->positive,0.375,split,neutral->positive|low|split,2,Имплицитная оценка,model-user,Лексическая слепота,0.3,,vader,positive,5.0,0.0,neutral,3.0,0.9998784065246582,neutral,3.0,0.5969221591949463,positive,5.0,0.9911938309669495,negative,1.0,0.4638289511203766,neutral,3.0,0.6155980683972158,neutral,3.0,0.0,positive,5.0,0.5216520305657902
16,0,Мой вердикт: зачетная звонилка. ничего лишнего. СУПЕР!!!,neutral,positive,"My verdict: a test call, nothing superfluous. Super!!",True,neutral->positive,0.625,majority,neutral->positive|medium|majority,7,Ошибка перевода,model-model,Потеря при переводе,0.8,,roberta,negative,1.0,0.0,neutral,3.0,0.8096356391906738,neutral,3.0,0.6509973406791687,positive,5.0,0.3811096251010895,positive,5.0,0.5991744995117188,positive,5.0,0.7434040651196012,positive,5.0,0.0,positive,5.0,0.94
18,0,"Хорошая модель и для девочки блондинки и для продвинутого юзера, можно абсолютно любому человеку найти в приложении Маркет все что угодно на его вкус",neutral,positive,"A good model for a blonde girl and for an advanced user, you can absolutely anyone find anything to his taste in the Market app.",True,neutral->positive,0.625,majority,neutral->positive|medium|majority,7,Ошибка перевода,model-model,Потеря при переводе,0.8,,vader,positive,5.0,0.0,positive,5.0,0.9981368780136108,positive,5.0,0.9562132358551025,positive,5.0,0.8725183010101318,positive,5.0,0.6343115568161011,neutral,3.0,0.5457868305701642,neutral,3.0,0.0,negative,1.0,0.62
20,0,"Выбирал смартфон из нескольких вариантов китайских производителей, так как покупать не их, в нынешнее время считаю непозволительной роскошью. Но сомнений в китайских ""товарищах"" нет. До этого в семье было 2 смартфона Prestigio и оба показали себя отличными и надёжными аппаратами. Сам до этого ходил 2 с половиной года с Prestigio 5508 DUO. И очень доволен. Ни разу не ремонтировал. Он и сейчас полностью в рабочем состоянии, правда, конечно устарел морально.",neutral,positive,"I chose a smartphone from several variants of Chinese manufacturers, since I do not buy them, at the present time I consider an unacceptable luxury. But there is no doubt about the Chinese ""comrades"". Before that, the family had 2 Prestigio smartphones and both proved to be excellent and reliable devices. He had previously walked for 2 and a half years with the Prestigio 5508 DUO. And very pleased. Never repaired it. He is still in full working condition, though, of course, outdated morally.",True,neutral->positive,0.5,split,neutral->positive|low|split,9,Прочие,unknown,Прочие,0.1,,vader,positive,5.0,0.0,neutral,3.0,0.9900215268135071,positive,5.0,0.6279156804084778,positive,5.0,0.9615775346755981,negative,1.0,0.7631797790527344,positive,5.0,0.4129107990533165,neutral,3.0,0.0,neutral,3.0,0.47
26,0,"В общем, по началу все было неплохо. Кроме камеры. После Айфона, на котором, к слову сказать, стоят соньковские камеры, камера показалась конкретным тормозом. Там кадр был готов ещё при нажатии, этот призадумывается и щелкает в самый неподходящий момент, даже в режиме моментальной съемки эта беда не сильно преодолевается. В общем, яблоко реализовало их камеру в разы лучше. Ломаться начал быстро, опять же, в сравнение с айфоном не идёт, тот и в подъезде летал и на кафель падал и все пережил.",negative,positive,"Well, it was pretty good at first. Except the camera. After the iPhone, which, by the way, are Sonkov cameras, the camera seemed a specific brake. There, the frame was ready even when pressed, this one thinks and clicks at the most inopportune moment, even in the instant shooting mode, this trouble is not much overcome. In general, the apple realized their camera much better. Breaking began quickly, again, in comparison with the iPhone does not go, he and in the entrance flew and on the tile fell and survived.",True,negative->positive,0.375,split,negative->positive|low|split,,,,,,,,positive,5.0,0.0,negative,1.0,0.9993675351142883,neutral,3.0,0.7683448195457458,neutral,3.0,0.5500220656394958,positive,5.0,0.6824591159820557,neutral,3.0,0.6159938783970842,neutral,3.0,0.0,positive,5.0,0.48
28,0,"Купила телефон три месяца назад. В первый же день использования успела разочароваться в нем. Заряда аккумулятора хватало при активном использовании не больше чем на 4 часа. Это очень возмутило меня, т.к. я любитель 2-3 часа ‘‘повисеть‘‘ в соц.сетях и послушать музыку (в игры не играю). На следующий день отнесла его в салон. Там мне сказали, что это нормальное явления для нового телефона. В течение 2-х недель все должно нормализоваться.",neutral,negative,"I bought a phone three months ago. On the first day of use, I was disappointed. The battery charge was enough with active use for no more than 4 hours. This outraged me, because I am a fan of 2-3 hours ‘hang’ in social networks and listen to music (I do not play games). The next day I took him to the salon. I was told it was normal for a new phone. Within 2 weeks, everything should normalize.",True,neutral->negative,0.5,split,neutral->negative|low|split,,,,,,,,negative,1.0,0.0,neutral,3.0,0.9994489550590515,neutral,3.0,0.7188689708709717,negative,1.0,0.9746794700622559,negative,1.0,0.5408539772033691,neutral,3.0,0.6052707621782342,neutral,3.0,0.0,negative,1.0,0.4
30,0,"Как продвинутая звонилка и КПК, смартфон легко работает неделю от одной зарядки при условии отключения этих быстро сжирающих батарейку факторов:  * Яркость экрана на минимум * Датчик автоповорота выключен * BT, WiFi, GPS, EDGE/3G выключены * Виброзвонок и виброотклик интерфейса выключить * На ночь - режим ""в самолете"" автоматом  И даже толику сверх того (8-9 дней максимум), если вторую симку включать при реальной на то необходимости.",positive,neutral,"As an advanced bell and PDA, the smartphone easily works for a week from a single charge, provided that these fast-eating battery factors are turned off: * Screen brightness at a minimum * Autoturn Sensor is turned off * BT, WiFi, GPS, EDGE/3G are turned off * Vibrecall and vibre response to the interface turn off * At night - mode ""in the plane"" by the machine And even a little more than that (8-9 days maximum), if the second SIM is turned on at real need.",True,positive->neutral,0.625,majority,positive->neutral|medium|majority,,,,,,,,positive,5.0,0.0,negative,1.0,0.5638728141784668,neutral,3.0,0.8219578862190247,positive,5.0,0.9974541068077087,neutral,3.0,0.9408708810806274,neutral,3.0,0.7455949442313055,neutral,3.0,0.0,neutral,3.0,0.45557903568967073
31,0,"Купил 1 год и 7 мес. назад. С недавнего времени стал виснуть при включении, кнопка вызова не работает (программный сбой), обновлял прошивку 3 раза. Сборка Финская. Передний динамик хрипит, задний еле слышно.",neutral,negative,"I bought it 1 year and 7 months ago. Recently, it began to hang when turned on, the call button does not work (software failure), updated the firmware 3 times. Finnish assembly. Front speaker wheezing, back barely audible.",True,neutral->negative,0.375,majority,neutral->negative|low|majority,,,,,,,,neutral,3.0,0.0,negative,1.0,0.9924108982086182,neutral,3.0,0.6599206924438477,negative,1.0,0.7913578152656555,neutral,3.0,0.7865951061248779,negative,1.0,0.4620059206950674,neutral,3.0,0.0,neutral,3.0,0.7693638758505373
37,0,"Как всегда LG впереди планеты всей))),задел на будущее или маркетинг не знаю. Столько всего сделать хорошего и обо..... На форуме 4pda его назвали умненький, да он просто умненький. Если вам нужна (рабочая лошадка) это он.",neutral,positive,"As always, LG is ahead of the rest of the planet), I don't know about the future or marketing. There are so many good things to do and... On the 4pda forum, he was called smart, but he was smart. If you need a (workhorse) it's him.",True,neutral->positive,0.5,split,neutral->positive|low|split,,,,,,,,positive,5.0,0.0,positive,5.0,0.5215715169906616,neutral,3.0,0.5529791116714478,positive,5.0,0.9957948923110962,positive,5.0,0.8215247988700867,neutral,3.0,0.5945523584119186,neutral,3.0,0.0,negative,1.0,0.6071793863251621
39,0,"Несмотря на мелкие косяки, впечатление очень хорошее. Телефон ни разу не подводил в режиме многозадачности когда одновременно пишешь сообщение, смотришь навигатор и открываешь почту и идёт голосовой вызов. Искал именно производительный телефон и нашёл. Надеюсь производитель данного аппарата в скорем времени учтет не доработки и выпустит более зрелую модель. По 10-ти бальньй шкале ставлю твёрдую 7.",neutral,positive,"Despite the small shoals, the impression is very good. The phone has never failed in multitasking mode when you simultaneously write a message, watch the navigator and open mail and there is a voice call. I was looking for a productive phone and found it. I hope the manufacturer of this device will soon take into account the improvements and release a more mature model. On a 10-point scale, I put a solid 7.",True,neutral->positive,0.375,majority,neutral->positive|low|majority,,,,,,,,positive,5.0,0.0,neutral,3.0,0.9974693059921265,neutral,3.0,0.8329373598098755,positive,5.0,0.9985322952270508,positive,5.0,0.5315881967544556,neutral,3.0,0.6375541540107821,neutral,3.0,0.0,neutral,3.0,0.5249788647548516
40,0,поэтому они сбросили цену телефона с трех до двух тысяч атак очень понравился телефон очень хороший,negative,positive,So they dropped the price of the phone from three to two thousand attacks.,True,negative->positive,0.5,split,negative->positive|low|split,,,,,,,,negative,1.0,0.0,neutral,3.0,0.7271954417228699,neutral,3.0,0.6994439363479614,negative,1.0,0.7753901481628418,positive,5.0,0.8477479219436646,positive,5.0,0.628607627234557,positive,5.0,0.0,positive,5.0,0.6588316400568232
43,0,"Я купил эту модельAsus Zenfone 4GB RAM 64GB ZE551ML  в Таиланде сразу как приехал туда. Презентация в Европе была в Апреле этой обновлённой модели. Причём цена получилась как в России у самой младшей модели! А купил самую ""старшую"" и накрученую модель. Просто Гонконговские ребята сделали презентацию и скидки в Таиланде!!!У себя же в Гонконге они вообще продают младшую за 147 доллэ а старшую за 215 долл.Аппарат просто летает.Поверьте, просто недостатки есть у всех моделей  даже топовых .",positive,negative,"I bought this Asus Zenfone 4GB RAM 64GB ZE551ML in Thailand right after I got there. The presentation in Europe was in April of this updated model. And the price turned out as in Russia at the youngest model! And I bought the most ""old"" and twisted model. Just Hong Kong guys made a presentation and discounts in Thailand!!!! In Hong Kong, they generally sell the younger for $147 and the older for $215.",True,positive->negative,0.5,split,positive->negative|low|split,,,,,,,,neutral,3.0,0.0,neutral,3.0,0.9972748160362244,neutral,3.0,0.6159001588821411,negative,1.0,0.9018734097480774,positive,5.0,0.6818686127662659,negative,1.0,0.5394015524534929,negative,1.0,0.0,negative,1.0,0.55
44,0,Покупал за 22 тыс. Серьезных претензий нет.,neutral,negative,"I bought it for 22,000. No serious claims.",True,neutral->negative,0.5,split,neutral->negative|low|split,,,,,,,,negative,1.0,0.0,neutral,3.0,0.8627156019210815,neutral,3.0,0.6494128704071045,neutral,3.0,0.3615681231021881,negative,1.0,0.412753164768219,negative,1.0,0.43070858833551806,negative,1.0,0.0,neutral,3.0,0.45826763294098194
47,0,"Про функционал писать не буду, так же как про плюсы и минусы. Напишу только про аккумулятор. Использую только как телефон, в среднем 20-30 минут и 2-4 СМС в день. Вай-фай и 3джи отключены. После второй зарядки аккумулятор от 100 % до 10 % (без подзарядки) разряжается за пять дней. Так что, аккумулятор (при использовании аппарата только как телефон) держит нормально.",neutral,positive,"I will not write about the functionality, as well as about pros and cons. I'll just write about the battery. I use only as a phone, an average of 20-30 minutes and 2-4 SMS per day. Wi-Fi and 3G are off. After the second charge, the battery from 100% to 10% (without recharging) is discharged in five days. So, the battery (when using the device only as a phone) holds normally.",True,neutral->positive,0.375,majority,neutral->positive|low|majority,,,,,,,,positive,3.0,0.0,positive,5.0,0.7055577039718628,neutral,3.0,0.8355209827423096,positive,5.0,0.5559604167938232,neutral,3.0,0.9228567481040955,neutral,3.0,0.6323579366532868,neutral,3.0,0.0,neutral,3.0,0.54
49,0,"Взял только потому что в салоне делетантски подошли к вопросу поиска характеристик Самсунга А50 и сообщили, что у А50 нет OTG технологии. Не рекомендую привыкшим к Самсунг.",neutral,negative,I took it only because the cabin delatantly approached the question of searching for the characteristics of the Samsung A50 and reported that the A50 does not have OTG technology. I don't recommend it to those who are used to Samsung.,True,neutral->negative,0.375,majority,neutral->negative|low|majority,,,,,,,,negative,3.0,0.0,neutral,3.0,0.9998679161071777,neutral,3.0,0.7839521169662476,negative,1.0,0.9975812435150146,negative,1.0,0.7877135276794434,neutral,3.0,0.5298840322374212,neutral,3.0,0.0,neutral,3.0,0.47536645372567526
51,0,"Хотелось бы, чтобы при интенсивном использовании телефон работал два дня (сейчас можно конечно чтобы телефон жил и три дня, но это при умеренном использовании), но тут уже явно телефон станет толще.",positive,negative,"I would like the phone to work for two days with heavy use (now you can of course have the phone live for three days, but this is with moderate use), but here the phone will clearly become thicker.",True,positive->negative,0.5,split,positive->negative|low|split,,,,,,,,positive,5.0,0.0,positive,5.0,0.9975695013999939,neutral,3.0,0.7699799537658691,negative,1.0,0.5573655962944031,negative,1.0,0.7441487908363342,negative,1.0,0.5415757269316505,negative,1.0,0.0,neutral,3.0,0.76
53,0,"Скомканные: отличный телефон, но то ли сделан плохо, то ли сырой, в общем при себе имею на всякий случай второй телефон, ибо этот в любой момент не зависимо от уровня заряда зависает, сеть выше 2-х делений никогда не ловит, греется сильно, автофокус оч.медленно работает. Не брать.",positive,neutral,"Broken: great phone, but whether it is made poorly, or raw, in general I have a second phone with me just in case, because this at any time, regardless of the level of charge, hangs, the network above 2 divisions never catches, warms up strongly, autofocus is very slow. Don't take.",True,positive->neutral,0.25,split,positive->neutral|low|split,,,,,,,,positive,3.0,0.0,neutral,3.0,0.9888395667076111,neutral,3.0,0.7439075112342834,negative,1.0,0.9871909618377686,negative,1.0,0.7159936428070068,positive,5.0,0.40813034546005983,positive,5.0,0.0,positive,5.0,0.53
54,0,"P.S.Антивирус при первом включении ругнулся на пару ""подозрительных"" утилит со шпионами, правда их удаление не вызвало проблем. Получил китайский аппарат с кривой международной прошивкой, но на сайте клуба Meizu есть подробная инструкция по корректной руссификации, так что привести телефон в порядок проблемы не составило.",neutral,positive,"P.S. Antivirus at the first turn on cursed on a couple of ""suspicious"" utilities with spies, though their removal did not cause problems. I got a Chinese device with an international firmware curve, but on the website of the Meizu club there are detailed instructions for correct russification, so to put the phone in order was not a problem.",True,neutral->positive,0.25,majority,neutral->positive|low|majority,,,,,,,,positive,5.0,0.0,neutral,3.0,0.7525097727775574,neutral,3.0,0.8348094820976257,positive,5.0,0.9836474061012268,neutral,3.0,0.9033539295196533,neutral,3.0,0.6073085383283704,neutral,3.0,0.0,neutral,3.0,0.4546625975397889
56,0,"За свои деньги отличный аппарат. После 3 месяцев использования: ну не такой уж он и маркий, отпечатки пальцев скорее создают узор, а не грязь. Из неприятного - перестала работать бесконтактная оплата через NFC, уж не знаю что там случилось. При попытке оплатить терминал просто ругается, что не может считать карту, а телефон сообщает об ошибке передачи данных или что-то такое.",positive,neutral,"It's a great machine for its money. After 3 months of use: well, it is not such a stamp, fingerprints rather create a pattern, not dirt. Contactless payment through NFC stopped working, I don’t know what happened there. When trying to pay, the terminal simply swears that it cannot count the card, and the phone reports a data transmission error or something.",True,positive->neutral,0.625,majority,positive->neutral|medium|majority,,,,,,,,neutral,3.0,0.0,neutral,3.0,0.999902606010437,neutral,3.0,0.5531129240989685,neutral,3.0,0.6726022362709045,negative,1.0,0.5160608887672424,neutral,3.0,0.4246994887818356,negative,1.0,0.0,positive,5.0,0.6
62,0,"В общем моделька чисто для разговоров и серфинга интернетов, с общением через приложения. Исключительно коммуникативные функции. Особо не поиграешь, ибо 3D он не тянет, да и экранчик маловат. В общем если бы я вернулся в прошлое, то доплатил бы и купил Nexus 5 или Xiaomi какой-нибудь, но не этот китайский аппарат.",neutral,negative,"In general, the model is pure for talking and surfing the Internet, with communication through applications. Exclusively communication functions. You won’t play much, because it doesn’t pull 3D, and the screen is small. In general, if I went back in time, I would pay extra and buy a Nexus 5 or Xiaomi, but not this Chinese device.",True,neutral->negative,0.25,majority,neutral->negative|low|majority,,,,,,,,neutral,3.0,0.0,neutral,3.0,0.9997742772102356,neutral,3.0,0.8775624632835388,negative,1.0,0.8469102382659912,negative,1.0,0.6970560550689697,neutral,3.0,0.854110520145767,neutral,3.0,0.0,neutral,3.0,0.8000173108656097
63,0,"Да всё с ним нормально - если не придираться к мелочам и не таскать в кармане штанов. Это Хорошая Вещь. Беря такую вещь, следует обо всех сопутствующих аксессуарах озаботиться своевременно. У меня он в фирменном кейсе с ""окошком"", и с защитным стеклом, и с microSD в ""гнезде"" - и всё это с первых дней использования.",neutral,positive,"It's okay with him, as long as you don't pick on the little things and carry pants in your pocket. It's the Good Thing. Taking such a thing, you should take care of all accompanying accessories in a timely manner. I have it in my corporate case with a window, and with a protective glass, and with a microSD in the nest - all this from the first days of use.",True,neutral->positive,0.375,majority,neutral->positive|low|majority,,,,,,,,positive,5.0,0.0,neutral,3.0,0.9996620416641235,neutral,3.0,0.6538015007972717,positive,5.0,0.9689894914627075,positive,5.0,0.6184958815574646,neutral,3.0,0.6887682767886921,neutral,3.0,0.0,neutral,3.0,0.74
64,0,"Теперь не минусы, а скорее недочеты: - Я привык что в гугл картах или 2 гисе, при повороте телефона указывается стрелка куда повернут телефон, очень удобно, когда забредешь неведомо куда и надо быстро сориентироваться с направлением. А тут либо просто круг, как в гугл картах, либо не поворачивающаяся стрелка как в 2гисе. - Предыдущий мой телефон, htc incrediable-s, умел объединять контакты, например номер телефона, страничку в вк, ватсап и т.п.",neutral,positive,"Now not the disadvantages, but rather the shortcomings: - I'm used to that in Google maps or 2 gis, when you turn the phone, the arrow indicates where to turn the phone, very convenient when you wander somewhere unknown and you need to quickly navigate with the direction. And here is either just a circle, as in Google maps, or a non-rotating arrow, as in 2gis. - My previous phone, htc incrediable-s, was able to combine contacts, for example, phone number, page in VK, watsap, etc.",True,neutral->positive,0.375,majority,neutral->positive|low|majority,,,,,,,,positive,3.0,0.0,neutral,3.0,0.9997078776359558,neutral,3.0,0.9104670286178589,positive,5.0,0.6256693601608276,positive,5.0,0.5369985103607178,neutral,3.0,0.571878206084405,neutral,3.0,0.0,neutral,3.0,0.47
65,0,"Телефон пришёлся мне по душе.Чтобы по сёрфить в интернете,позвонить,и поиграть в пару убивалок времени отлично подходит.",neutral,positive,"To surf the Internet, call, and play a couple of time killers is great.",True,neutral->positive,0.75,majority,neutral->positive|medium|majority,,,,,,,,positive,3.0,0.0,neutral,3.0,0.9261812567710876,neutral,3.0,0.7765376567840576,positive,5.0,0.5863940715789795,positive,5.0,0.742097795009613,positive,5.0,0.6431948944676982,positive,5.0,0.0,positive,5.0,0.6729609470519847
66,0,Честно сотовый так себе. Хоть мне очень нравится модель Apple iPhone. Есть лучше!,negative,positive,"Honestly, the cell phone is bad. I really like the Apple iPhone model. Eat better!",True,negative->positive,0.5,split,negative->positive|low|split,,,,,,,,positive,5.0,0.0,positive,5.0,0.9253624677658081,positive,5.0,0.9003724455833435,negative,1.0,0.9559054970741272,positive,5.0,0.8654308915138245,neutral,3.0,0.7528624077086004,neutral,3.0,0.0,neutral,3.0,0.6586955914746807
69,0,"Не смотря на перечисленные недостатки-практически идеальный телефон, т.е. звонилка. Очень громкий, смотрится солидно (у меня в золоте), яркий фонарик. Связь держит идеально. Аккумулятор 3000-для телефона даже уже перебор. Радио работает без гарнитуры, аудио с эквалайзером.",neutral,positive,"Despite these disadvantages, it is almost an ideal phone, i.e. a caller. Very loud, looks solid (I have gold), bright flashlight. The connection holds perfect. The 3000 battery for the phone is too much. The radio works without a headset, audio with an equalizer.",True,neutral->positive,0.875,majority,neutral->positive|high|majority,,,,,,,,positive,5.0,0.0,neutral,3.0,0.9609564542770386,positive,5.0,0.9322105050086975,positive,5.0,0.9856423735618591,positive,5.0,0.4958779215812683,positive,5.0,0.5624390469243877,positive,5.0,0.0,positive,5.0,0.63
71,0,"в целом очень производительный смартфон с очень слабым аккумулятором, отвратительной камерой и неадекватным датчиком освещенности",neutral,negative,"Overall, a very productive smartphone with a very weak battery, a disgusting camera and an inadequate light sensor.",True,neutral->negative,0.375,majority,neutral->negative|low|majority,,,,,,,,negative,1.0,0.0,neutral,3.0,0.5825709700584412,neutral,3.0,0.8029681444168091,negative,1.0,0.9108772873878479,negative,1.0,0.3829277455806732,neutral,3.0,0.6896656062400399,neutral,3.0,0.0,neutral,3.0,0.5464574092258726
72,0,"Если захотели купить телефон для разговоров то лучше купить кнопочный, а про это лучше забудьте . давно есть мечта разбить об стену , но мама наругает( .",negative,neutral,"If you want to buy a phone for conversations, it is better to buy a push-button, and it is better to forget about it.",True,negative->neutral,0.625,majority,negative->neutral|medium|majority,,,,,,,,positive,5.0,0.0,neutral,3.0,0.5931738615036011,neutral,3.0,0.8353139758110046,negative,1.0,0.9634979367256165,negative,1.0,0.47078368067741394,neutral,3.0,0.47942028686365284,neutral,3.0,0.0,neutral,3.0,0.54
76,0,"Я являюсь давним поклонником MEIZU и это мой третий телефон от этой фирмы. Купил его, потому что денег на PRO 6 не нашлось. Взял, на тот период, что было. В принципе телефон весьма не плохой, но с одной оговоркой. Если вы раньше не пользовались флагманскими аппаратами (да хотя бы от той же самой MEIZU), то телефон вам понравится. Так как из конкурентов никто не предлагает, что то лучшее за эти деньги. НО, если вы придирчивы и цените качетсвенную камеру и звук, то это явно не ваш выбор.",neutral,negative,"I’m a longtime fan of MEIZU and this is my third phone. I bought it because there was no money for PRO 6. I did, for the period that was. The phone is not bad, but with one caveat. If you have not used a flagship device before (yes, at least from the same MEIZU), then you will like the phone. No one else is offering the best for the money. But if you are picky and appreciate a high-quality camera and sound, then this is clearly not your choice.",True,neutral->negative,0.625,majority,neutral->negative|medium|majority,,,,,,,,positive,5.0,0.0,negative,1.0,0.9938523769378662,neutral,3.0,0.872721791267395,positive,5.0,0.9800185561180115,negative,1.0,0.6254594326019287,negative,1.0,0.7429845663706275,negative,1.0,0.0,negative,1.0,0.47
77,0,"Подарили в июне на день рождения, с тоо времрни ни разу не глюканул!Графика отменная,на телефон не нарадуюсь.Люблю ездить в поездки по Россие и когда разряжается на помощь приходит телефон!!!",neutral,positive,"Gifted in June for his birthday, with that time never glitched!Graphics excellent, the phone is not happy.I love to travel around Russia and when discharged to help comes the phone!!!",True,neutral->positive,0.625,majority,neutral->positive|medium|majority,,,,,,,,negative,1.0,0.0,positive,5.0,0.9994004964828491,positive,5.0,0.8972246050834656,positive,5.0,0.9982288479804993,positive,5.0,0.495319128036499,neutral,3.0,0.41219497610428896,positive,5.0,0.0,neutral,3.0,0.63
80,0,Почему самсунг не делает линейку в данном направлении? батарейка хоть и хорошая но попользовался два месяца. продал. пока не поздно. Все таки катаец. Мало очень оперативки. Если вы установили приложения на телефон. потом вставили карточку. Приложения не перенесутся!!!! очень плохо Тормозит. Лучше не покупать.,neutral,negative,"Why does Samsung not make a ruler in this direction? the battery, although good, but used two months. sold. before it's too late. He's a Qatari. Very little RAM. If you installed apps on your phone, then inserted a card. Apps won't move!!!! very bad brakes. Better not buy.",True,neutral->negative,0.625,majority,neutral->negative|medium|majority,,,,,,,,positive,5.0,0.0,negative,1.0,0.9995182752609253,neutral,3.0,0.5390009880065918,negative,1.0,0.8357407450675964,negative,1.0,0.8044449687004089,negative,1.0,0.5284464695748045,negative,1.0,0.0,neutral,3.0,0.45
82,0,"В целом доволен. Вообще, телефон на твердую четверку. М. б. даже с плюсом.",neutral,positive,"Overall pleased. Actually, a hard four phone. Even with a plus.",True,neutral->positive,0.625,majority,neutral->positive|medium|majority,,,,,,,,positive,5.0,0.0,positive,5.0,0.9969344139099121,positive,5.0,0.9482114911079407,positive,5.0,0.9949969053268433,positive,5.0,0.9124458432197571,negative,1.0,0.7921212195097772,negative,1.0,0.0,negative,1.0,0.7125921932852557
84,0,"Подарили на день рождения, пользуюсь больше года. Красивенький, своих денег заслуживает. Наушники правда в комплекте были убогие, пришлось купить новые. Заряжается быстро, мне зарядки хватало на дня 2-3, хотя я люблю поиграть и в интернете полазить. Очень полюбила этот телефон! Если это 1-2 ваш сенсерный телефон, то вполне сойдет. Но так, хотелось бы большего. Пока:3",neutral,positive,"I got it for my birthday and have been using it for over a year. Pretty, he deserves his money. The headphones were really poor, I had to buy new ones. It charges quickly, I had enough charging for 2-3 days, although I like to play and climb the Internet. I really loved this phone! If this is 1-2 of your touch phone, it will do. But I'd like more. Bye:3",True,neutral->positive,0.5,split,neutral->positive|low|split,,,,,,,,positive,5.0,0.0,neutral,3.0,0.7808132171630859,neutral,3.0,0.5742055773735046,positive,5.0,0.9709175229072571,positive,5.0,0.3987986445426941,neutral,3.0,0.728166220836701,neutral,3.0,0.0,positive,5.0,0.43
85,0,"Телефон хороший, долгоиграющий (сравнимо с новыми смартфонами) - для тех кто любит слушать музыку. Жаль, что перестали выпускать большие родные батареи для него. Примечание: если при пользовании сети G4 (мобильный интернет) у вас быстро садится батарея - проверьте уровень излучения вашего телефона (любого).",neutral,positive,"The phone is good, long-playing (compared to new smartphones) - for those who like to listen to music. It is a pity that they stopped producing large native batteries for him. Note: If your battery goes down quickly when using the G4 (mobile internet), check the radiation level of your phone (anyone).",True,neutral->positive,0.5,split,neutral->positive|low|split,,,,,,,,positive,3.0,0.0,neutral,3.0,0.9999388456344604,neutral,3.0,0.5853431224822998,positive,5.0,0.9986082911491394,positive,5.0,0.9133410453796387,neutral,3.0,0.5335889922701914,neutral,3.0,0.0,positive,5.0,0.57
87,0,"Прошло чуть более года с момента покупки, и телефон подарил мне несколько неприятных сюрпризов. Во-первых, из-за того, что я не использую защитную пленку, экран к нынешнему времени довольно потерт и исцарапан. Во-вторых, задняя крышка, которая вначале не снималась, теперь слетает только так, даже когда я просто держу телефон в руке. И плюс к тому, она треснула возле камеры, и отпал кусочек в правом нижнем углу. В-третьих, недавно после одного из падений телефон совсем перестал вибрировать.",neutral,negative,"It's been a little over a year since I bought it and the phone has given me some nasty surprises. Wo First, because I don't use protective film, the screen is pretty worn and scratched by now. Wo Second, the back cover, which wasn't removed at first, now comes off just like that, even when I'm just holding the phone in my hand. And on top of that, it cracked near the camera, and it fell off in the lower right corner. In Third, recently after one of the falls, the phone stopped vibrating altogether.",True,neutral->negative,0.375,split,neutral->negative|low|split,,,,,,,,positive,5.0,0.0,neutral,3.0,0.8771651387214661,negative,1.0,0.8514965176582336,negative,1.0,0.9642590284347534,negative,1.0,0.7826237082481384,neutral,3.0,0.5122931783491258,neutral,3.0,0.0,neutral,3.0,0.56
90,0,"Вобщем в качестве симпотичной трубочки использовать можно, но ничего большего от данной модели не ждите (как впрочем и от большинства других моделей филипса).",negative,neutral,"In general, you can use it as a sympathetic tube, but do not expect anything more from this model (as well as from most other models of the filip).",True,negative->neutral,0.75,majority,negative->neutral|medium|majority,,,,,,,,positive,5.0,0.0,neutral,3.0,0.9992334842681885,neutral,3.0,0.6980239748954773,neutral,3.0,0.8538351655006409,negative,1.0,0.9109429121017456,neutral,3.0,0.5034048789605867,neutral,3.0,0.0,neutral,3.0,0.9211979712227939
94,0,"Честно говоря, практически ничем не отличается не от одного из всех сониэриков!!! ничего в нем интересного и особенного нет!!! просто в walkman, ах плеер удобнее и карта памяти в комплекте(к этой марке тел. необходимо покупать)Не в восторге!!!!! Батарея отстой. Не держит нифига!",neutral,negative,"Honestly, almost no different from one of all sonierics!!!! nothing interesting and special in it there!!! just walkman, ah player more convenient and a memory card included (to this brand of bodies. you need to buy). The battery sucks. He's not holding anything!",True,neutral->negative,0.75,majority,neutral->negative|medium|majority,,,,,,,,negative,1.0,0.0,neutral,3.0,0.9262688159942627,negative,1.0,0.5702011585235596,neutral,3.0,0.5058802962303162,negative,1.0,0.42907461524009705,negative,1.0,0.4939099899952348,negative,1.0,0.0,negative,1.0,0.5750211352451484
98,0,подарили и уже поэтому хорош!,neutral,positive,I gave it to you and that's why it's good!,True,neutral->positive,0.625,majority,neutral->positive|medium|majority,,,,,,,,positive,5.0,0.0,positive,5.0,0.9972571730613708,positive,5.0,0.9862571358680725,positive,5.0,0.9016220569610596,positive,5.0,0.8448780179023743,neutral,3.0,0.7778741027140488,neutral,3.0,0.0,neutral,3.0,0.7798823325205066
100,0,"Покупать необходимо телефон с международной прошивкой - тогда включи и работай, в противном случае придется возится с китайской прошивкой - русифицировать, устанавливать гугл-приложения и. т. д.",positive,negative,"You need to buy a phone with international firmware - then turn on and work, otherwise you will have to mess with Chinese firmware - Russify, install Google applications, etc.",True,positive->negative,0.5,split,positive->negative|low|split,,,,,,,,negative,1.0,0.0,neutral,3.0,0.9884353876113892,neutral,3.0,0.8810151815414429,negative,1.0,0.791219174861908,neutral,3.0,0.9331430792808533,negative,1.0,0.5691303829895695,negative,1.0,0.0,neutral,3.0,0.51
103,0,"Если и брать, то только для легких приложений (НЕ БОЛЬШЕ!), оочень глючный, много с ним проблем. Перезагружается. Пару раз перезагружался во время звонка!",negative,neutral,"If you take, it is only for light applications (NO MORE!), very buggy, a lot of problems with it. Rebooting. I rebooted a couple of times during the call!",True,negative->neutral,0.25,split,negative->neutral|low|split,,,,,,,,negative,1.0,0.0,positive,5.0,0.7355071902275085,neutral,3.0,0.7200866341590881,negative,1.0,0.985663890838623,negative,1.0,0.7621744871139526,neutral,3.0,0.4004203654212247,positive,5.0,0.0,positive,5.0,0.42673201131479827
104,0,"Чем дольше пользуюсь смартфоном, тем больше сожалею о своей старенькой кнопочной нокии.",neutral,negative,"The longer I use my smartphone, the more I regret my old button Nokia.",True,neutral->negative,0.375,majority,neutral->negative|low|majority,,,,,,,,negative,1.0,0.0,negative,1.0,0.6415651440620422,neutral,3.0,0.746026337146759,neutral,3.0,0.7774925827980042,negative,1.0,0.8524957299232483,neutral,3.0,0.5298840322374212,neutral,3.0,0.0,neutral,3.0,0.47536645372567526
105,0,"начало эксплуатации - очень тихий динамик, меня постоянно переспрашивают. Неделя эксплуатации - периодически смещение изображения на экране вниз Две недели - периодически полэкрана плывёт изображение (цветная размазня, а не картинка с текстом) Три недели - начала стираться краска, при поступлении звонка на экране ничего не происходит (экран тёмный, соответственно кто звонит не известно) На предложение обменять или забрать сие чудо в ином ответили, что гарантия всё - отдайте в ремонт.",negative,neutral,"The start of operation is a very quiet speaker, I am constantly being questioned. Week of operation - periodically shifting the image on the screen down Two weeks - periodically half-screen floats the image (colored smear, not a picture with text) Three weeks - the paint began to wear off, when a call arrives on the screen, nothing happens (the screen is dark, respectively, who is calling is unknown) On the offer to exchange or take this miracle in another said that the guarantee everything - give for repair.",True,negative->neutral,0.5,split,negative->neutral|low|split,,,,,,,,positive,5.0,0.0,negative,1.0,0.9930688142776489,neutral,3.0,0.8817351460456848,negative,1.0,0.9980666041374207,neutral,3.0,0.6669179797172546,neutral,3.0,0.3628473681174974,positive,5.0,0.0,neutral,3.0,0.49
106,0,"Вот сколько технику покупаю, понимаю, что отзывам верить нельзя. Везде пишут, что там очень хороший звук, я скажу так, звук там стандартный и басов маловато (слушал в хороших наушниках) у меня не дорогой мп3 плеер 2008 года, так там звук даже по лучше будет. Экран так себе, не сочный, видео с ютуба 1080 не очень смотрятся, но картинки в хорошем качестве гуд. Зарядку держит 2 дня, если не очень много пользоваться. Понравилась камера, довольно не плохо снимает, здесь я доволен.",neutral,positive,"That’s how much equipment I buy, I understand that reviews can not be trusted. Everywhere they write that there is a very good sound, I will say so, the sound there is standard and bass is not enough (listened to good headphones) I don’t have an expensive MP3 player in 2008, so there will even sound better. The screen is not so juicy, videos from YouTube 1080 do not look very good, but the pictures are in good quality hum. Charging takes 2 days, if not very much use. I like the camera, it’s pretty good, I’m happy here.",True,neutral->positive,0.625,majority,neutral->positive|medium|majority,,,,,,,,positive,5.0,0.0,neutral,3.0,0.9938768744468689,positive,5.0,0.8527699708938599,positive,5.0,0.8926419615745544,positive,5.0,0.9198629260063171,neutral,3.0,0.6436363923236277,neutral,3.0,0.0,positive,5.0,0.47
108,0,"В принципе норм мобила, заряжать каждый день, камера не ахти, главное НО: в самсунговской оболочке не включается экран при приходе уведомлений!!",neutral,positive,"In principle, mobile, charge every day, the camera is not good, the main thing is BUT: the screen does not turn on in the Samsung shell when notifications arrive!!",True,neutral->positive,0.375,split,neutral->positive|low|split,,,,,,,,negative,3.0,0.0,neutral,3.0,0.6002906560897827,neutral,3.0,0.8708693385124207,negative,1.0,0.9380619525909424,positive,5.0,0.29994261264801025,positive,5.0,0.437384524464088,positive,5.0,0.0,neutral,3.0,0.5555790356896706
109,0,"Ждал этот телефон,nfc заявлен был,заказал по предзаказу,потом убрали его ,у самого zenfone 2 и iphone 5s ,хотел взять для сопряжения экшен камер по nfc  и andoid pay,как  так,Карл?",neutral,negative,"Waited for this phone, nfc was declared, ordered on pre-order, then removed it, the zenfone 2 and iPhone 5s, wanted to take to pair action cameras on nfc and andoid pay, how so, Carl?",True,neutral->negative,0.625,majority,neutral->negative|medium|majority,,,,,,,,negative,1.0,0.0,negative,1.0,0.7565492391586304,negative,1.0,0.586664080619812,negative,1.0,0.9922913908958435,negative,1.0,0.5168723464012146,positive,5.0,0.35141354300656763,positive,5.0,0.0,neutral,3.0,0.714714816425862
112,0,"Купил на замену другому,защитному,использую как второй телефон.Хотелось бы конечно,чтобы такие телефоны довели до ума,что кнопочные ,что сенсорные.Приятно что с этим телефоном не боишься отстаться без связи.",neutral,positive,"I bought a replacement for another, protective, use as a second phone.I would certainly like such phones to bring to mind that the buttons that touch. It's nice that you're not afraid to lose touch with this phone.",True,neutral->positive,0.375,split,neutral->positive|low|split,,,,,,,,positive,5.0,0.0,neutral,3.0,0.9802157282829285,neutral,3.0,0.6439718008041382,positive,5.0,0.9858102202415466,negative,1.0,0.67714923620224,neutral,3.0,0.679458308525098,neutral,3.0,0.0,positive,5.0,0.7282727013208523
116,0,"Пользоваться можно, иногда даже очень выручает. Для меня тихий динамик. Разговариваю по нему только в полной тишине. На улице не слышу собеседника.",neutral,positive,"It can be used, sometimes even very helpful. A quiet speaker for me. I only talk about it in complete silence. I can't hear anyone outside.",True,neutral->positive,0.625,majority,neutral->positive|medium|majority,,,,,,,,positive,5.0,0.0,neutral,3.0,0.9915136694908142,neutral,3.0,0.714634358882904,positive,5.0,0.9534681439399719,positive,5.0,0.8701165914535522,positive,5.0,0.5234523666839043,positive,5.0,0.0,neutral,3.0,0.76
120,0,Вообщем телефон отличный советую брать удобен в управлении быстрый подойдет как детям так и родителям =),neutral,positive,"In general, the phone is excellent I advise you to take easy to manage fast will suit both children and parents =)",True,neutral->positive,1.0,unanimous,neutral->positive|high|unanimous,,,,,,,,positive,5.0,0.0,positive,5.0,0.9639987349510193,positive,5.0,0.9800273776054382,positive,5.0,0.995947539806366,positive,5.0,0.7938302159309387,positive,5.0,0.9681074888829783,positive,5.0,0.0,positive,5.0,0.8258092945167026
123,0,"Брал пожилому человеку. После возврата в магазин,взял Нокию слышно хорошо, управление простое,а большего и не надо.",negative,neutral,"I took an old man. After returning to the store, I picked up Nokia well, the control is simple, and more is not necessary.",True,negative->neutral,0.5,split,negative->neutral|low|split,,,,,,,,positive,3.0,0.0,negative,1.0,0.993133544921875,neutral,3.0,0.712466835975647,positive,5.0,0.9885473251342773,positive,5.0,0.8706574440002441,neutral,3.0,0.6039705391538532,neutral,3.0,0.0,neutral,3.0,0.4775831290882548
126,0,"В принципе, очень хороший телефон, учитывая то что я перешла на него с телефон с меньшим функционалом - вообще в экстазе)",neutral,positive,"In principle, a very good phone, considering that I switched to it with a phone with less functionality - generally in ecstasy.",True,neutral->positive,0.625,majority,neutral->positive|medium|majority,,,,,,,,positive,5.0,0.0,neutral,3.0,0.9558948278427124,neutral,3.0,0.7101826071739197,positive,5.0,0.99886155128479,positive,5.0,0.8704145550727844,neutral,3.0,0.3626050613368295,positive,5.0,0.0,positive,5.0,0.66
128,0,"Не знаю, похоже, у меня такой экзепляр попался, ибо такие глюки не у каждого. Над телефоном никаких экпериментов не ставила, не кидалась, вода/снег не попадали. Думаю в сервис сдать. Новый приобретать не собираюсь, привыкла уже к телефону.",neutral,negative,"I don't know, I think I've got one of these, because not everyone has these glitches. No experiments were made on the phone, no water or snow was thrown. I'm thinking of going to the service. I am not going to buy a new one, I am used to the phone.",True,neutral->negative,0.5,split,neutral->negative|low|split,,,,,,,,negative,1.0,0.0,negative,1.0,0.962035596370697,neutral,3.0,0.7728673815727234,negative,1.0,0.8492783904075623,negative,1.0,0.5014622807502747,positive,5.0,0.46766492606157695,positive,5.0,0.0,neutral,3.0,0.7566478532737122
132,0,Отличный аппарат за свои деньги. В данном ценовом сегменте конкурентов у него просто нет.,neutral,positive,"Great machine for your money. In this price segment, there are no competitors.",True,neutral->positive,0.875,majority,neutral->positive|high|majority,,,,,,,,positive,5.0,0.0,positive,5.0,0.9993407130241394,positive,5.0,0.9592549800872803,positive,5.0,0.9930903315544128,negative,1.0,0.40625664591789246,positive,5.0,0.8908319318735396,positive,5.0,0.0,positive,5.0,0.9328248820542626
138,0,"Если использовать только как телефон, то отличная модель. А вот полноценного смартфона я в нем не нахожу. Если бы можно было выбрать bada или android, то не задумываясь ушел-бы к последнему.",neutral,positive,"If you only use it as a phone, it’s a great model. But I do not find a full smartphone in it. If you could choose bada or android, then without hesitation I would go to the latter.",True,neutral->positive,0.375,split,neutral->positive|low|split,,,,,,,,positive,5.0,0.0,positive,5.0,0.9967474937438965,neutral,3.0,0.7062825560569763,positive,5.0,0.5736703276634216,negative,1.0,0.7972375154495239,neutral,3.0,0.521886068949531,neutral,3.0,0.0,neutral,3.0,0.61
142,0,"Честно я был в шоке купив этот телефон за 10250... Все летает. Оболочка приятная. Установка тем прям из оф магазина просто шик. Динамик что разговорный что громкоговорителя просто орет... Была заминка с сервисами гугл. Ибо их не было. Начал грузить с оф магазина приложения и сервисы сами подгрузились. Асфальт тормозит, причем в настройках поставил производительность максимум. Предыдущий телефон с меньшими заррактеристиками тянул без торозов. Что с этим не знаю. Но все остальное как по маслу.",positive,neutral,"Honestly, I was shocked to buy this phone for 10250. Everything flies. The shell is nice. Installing themes straight from the store is great. The speaker that speaks that loudspeaker just yells... There was a hitch with Google services. Because there were none. I started loading apps from the store and services themselves loaded. Asphalt brakes, and in the settings set the maximum performance. The previous phone with smaller narcharacteristics pulled without toroses. I don't know about that. But everything else is fine.",True,positive->neutral,0.5,split,positive->neutral|low|split,,,,,,,,positive,5.0,0.0,neutral,3.0,0.999691367149353,neutral,3.0,0.7362307906150818,positive,5.0,0.8110520839691162,negative,1.0,0.6455971598625183,neutral,3.0,0.5533682629727107,neutral,3.0,0.0,negative,1.0,0.4471793863251621
146,0,"В общем не стоит этот телефон того, чтобы брать. Да, красивый, функциональный, но цена не оправдывает.",negative,neutral,"This phone is not worth taking. Yes, beautiful, functional, but the price does not justify.",True,negative->neutral,0.5,split,negative->neutral|low|split,,,,,,,,neutral,3.0,0.0,neutral,3.0,0.9667354226112366,neutral,3.0,0.7327255606651306,negative,1.0,0.8052591681480408,negative,1.0,0.8357638716697693,positive,5.0,0.46774819395703443,positive,5.0,0.0,neutral,3.0,0.42240870225461236
147,0,"Не удержался от написания отзыва после того, как после восстановления контактов, все дополнительные номера из ячеек пропали! Как уже было написано, после этого живет, потому что ударопрочный. До 2010 года, с 1998-го у меня были исключительно нокии. Но она испортилась за последнее время (кто хорошо знает эту марку, поймут), а интенсивность звонков у меня возросла. Поэтому втыкать телефон в зарядку три раза на дню как-то неудобно.",negative,neutral,"I couldn’t resist writing a review after all the additional numbers from the cells disappeared after the contacts were restored! As already mentioned, he lives after that, because it is shockproof. Until 2010, since 1998, I had only Nokias. But it has deteriorated lately (who knows this brand well, they will understand), and the intensity of calls has increased. So sticking your phone into charging three times a day is kind of uncomfortable.",True,negative->neutral,0.5,split,negative->neutral|low|split,,,,,,,,positive,5.0,0.0,negative,1.0,0.9706916809082031,neutral,3.0,0.5978198647499084,positive,5.0,0.9957832098007202,negative,1.0,0.8670821785926819,neutral,3.0,0.7924393340641275,neutral,3.0,0.0,neutral,3.0,0.6
149,0,"То, что плозая и несъемная батарея перечеркивает все достоинства, менее года прошло, а придется менять телефон, т. к. надо чтобы полностью рабочий день выдерживал, у меня на работе нет возможности подзарядить от розетки.",neutral,negative,"The fact that the flat and non-removable battery crosses all the advantages, less than a year has passed, and I will have to change the phone, because it is necessary to fully withstand the working day, I do not have the opportunity to recharge from the outlet at work.",True,neutral->negative,0.375,majority,neutral->negative|low|majority,,,,,,,,neutral,3.0,0.0,negative,1.0,0.6026021838188171,neutral,3.0,0.6768001317977905,negative,1.0,0.8328453898429871,negative,1.0,0.553217887878418,neutral,3.0,0.6758403081004685,neutral,3.0,0.0,neutral,3.0,0.52
150,0,телефон сейчас стоит своих денег но я бы рекомендовал купить элджи кп 500,neutral,negative,"The phone is worth your money now, but I would recommend buying an Elgi KP 500.",True,neutral->negative,0.5,split,neutral->negative|low|split,,,,,,,,positive,5.0,0.0,negative,1.0,0.9902992248535156,neutral,3.0,0.664928138256073,positive,5.0,0.948016345500946,negative,1.0,0.6228170990943909,negative,1.0,0.580506471064556,negative,1.0,0.0,neutral,3.0,0.7898260858435185
152,0,"Телефон этот у меня уже больше года, первое время нарадоваться не могла. Стильно смотрится, удобно лежит в руке, да и характеристики устраивали. Но примерно через полгода телефон начал подтормаживать и зависать, и это не только моя проблема, у нескольких знакомых с такими же телефонами случилось то же самое. Считаю, что он будет служить долго тем, кому телефон нужен исключительно для звонков, и кто не закачивает в него много музыки и приложений.",neutral,positive,"I’ve had this phone for over a year now, and I couldn’t be happy at first. It looks stylish, lies comfortably in the hand, and the characteristics were arranged. But after about six months, the phone started to slow down and freeze, and it's not just my problem, a few people who know these phones have the same thing. I believe that it will serve for a long time those who only need the phone for calls, and who do not download a lot of music and applications into it.",True,neutral->positive,0.375,split,neutral->positive|low|split,,,,,,,,positive,5.0,0.0,neutral,3.0,0.9950580596923828,neutral,3.0,0.8128864169120789,positive,5.0,0.43761858344078064,negative,1.0,0.852483332157135,neutral,3.0,0.46569150098387985,positive,5.0,0.0,neutral,3.0,0.53
153,0,"Выбирала этот телефон достаточно долго. Ориетировалась на отзывы. Мне необходим был телефон с хорошей батарейкой, так как надоело постоянно сидеть у розетки с зарядкой. Данный асус справился на 5 с этой задачей. Действительно заряд держит по 2-е суток (я активно использую интернет для работы, ну и так же телефон не смолкает от звонков). Заказывала его в интернет магазине. Распечатала коробку.",negative,neutral,"I have chosen this phone for a long time. I was looking for feedback. I needed a phone with a good battery, as I was tired of sitting at the charging socket all the time. This asus coped with 5 with this task. Indeed, the charge keeps for 2 days (I actively use the Internet for work, and the phone does not stop calling). I ordered it online. Printed out the box.",True,negative->neutral,0.125,split,negative->neutral|low|split,,,,,,,,positive,5.0,0.0,negative,1.0,0.5204298496246338,positive,5.0,0.6149191856384277,positive,5.0,0.9978804588317871,positive,5.0,0.6015332937240601,negative,1.0,0.44665028794257694,negative,1.0,0.0,neutral,3.0,0.48
155,0,"Вообщем решайте сами,кому что важнее. Я его брал из-за дисплея и аккумулятора. Но честно говлря не думал,что камера окажется настолько плохой.",neutral,negative,So decide for yourself what matters. I took it because of the display and the battery. I honestly didn’t think the camera would be so bad.,True,neutral->negative,0.75,majority,neutral->negative|medium|majority,,,,,,,,negative,1.0,0.0,negative,1.0,0.9979096055030823,neutral,3.0,0.7670466899871826,neutral,3.0,0.5018584728240967,negative,1.0,0.5084614157676697,negative,1.0,0.6713337595517211,negative,1.0,0.0,negative,1.0,0.5697092501039914
163,0,Для бюджетной модели хороший телефон.,neutral,positive,"For a budget model, a good phone.",True,neutral->positive,0.75,majority,neutral->positive|medium|majority,,,,,,,,positive,5.0,0.0,neutral,3.0,0.6640781164169312,neutral,3.0,0.6932564377784729,positive,5.0,0.9969235062599182,positive,5.0,0.8838951587677002,positive,5.0,0.6274789257384711,positive,5.0,0.0,positive,5.0,0.7093642143916286
164,0,"Меня пугал размер - 5,2 дюйма. Покупал вслепую, но ничего, у меня руки большие :-)), писать смски могу одним пальцем. Из-за того, что тонкий, не ощущается лопатой. Даже в женских руках смотрятся нормально.",positive,neutral,"I was scared of 5.2 inches. I bought blindly, but nothing, my hands are big :-), I can text with one finger. From - because it's thin, it doesn't feel like a shovel. Even in women's hands they look normal.",True,positive->neutral,0.5,split,positive->neutral|low|split,,,,,,,,negative,1.0,0.0,negative,1.0,0.9984763264656067,neutral,3.0,0.5887577533721924,positive,5.0,0.9915252327919006,positive,5.0,0.4297846555709839,neutral,3.0,0.6683622646074724,neutral,3.0,0.0,neutral,3.0,0.6517429412549121
167,0,"В общем, не советую. Постоянные обрывы связи достали! Буду менять.Upd. Обрывы связи были связаны с Viber. Отключил его и обрывы прекратились. В остальном, все-бы ничего, но тормозит...",neutral,negative,"I don't recommend it. There's a constant disconnect! I'll change. Upd. Communication interruptions were linked to Viber. I turned it off and the cliffs stopped. Otherwise, nothing, but it slows down.",True,neutral->negative,0.5,split,neutral->negative|low|split,,,,,,,,negative,1.0,0.0,negative,1.0,0.5842885375022888,neutral,3.0,0.5328088998794556,negative,1.0,0.6903460621833801,negative,1.0,0.38517138361930847,neutral,3.0,0.5298840322374212,neutral,3.0,0.0,neutral,3.0,0.4753664537256753
168,0,"Проблема Люмии в том, что хорошее железо управляется софтом недостаточного качества. Сама по себе Windows Phone 8.1 является неудобной, некрасивой, недостаточно информативной и практически полностью не подстраиваемой под пользователя. Меню настроек, по-моему, вообще составлялось от балды. А чтоб перенести контакты с андроида из файла vcf в WР так вообще надо с бубном у костра плясать.",neutral,negative,"The problem with Lumia is that good iron is controlled by poor quality software. By itself, Windows Phone 8.1 is uncomfortable, ugly, not sufficiently informative and almost completely unadjustable to the user. The menu of settings, in my opinion, was generally composed of a fool. And in order to transfer contacts from the android from the vcf file to the WR, you need to dance with a diamond by the fire.",True,neutral->negative,0.625,majority,neutral->negative|medium|majority,,,,,,,,negative,1.0,0.0,negative,1.0,0.6447994709014893,neutral,3.0,0.8004555106163025,negative,1.0,0.9620498418807983,negative,1.0,0.4983966648578644,neutral,3.0,0.7162159636415126,neutral,3.0,0.0,negative,1.0,0.5443829964654969
169,0,Обыкновенный телефон из серии sonyericsson+walkman в стильной удобной обертке.  Как телефон - просто отлично Как мультимедиа-устройство - на тройку с плюсом.,neutral,positive,"An ordinary phone from the sonyericsson + walkman series in a stylish comfortable wrapper. Like a phone, it's great. As a multimedia device - a triple plus.",True,neutral->positive,0.875,majority,neutral->positive|high|majority,,,,,,,,positive,5.0,0.0,positive,5.0,0.9817883968353271,positive,5.0,0.9797277450561523,positive,5.0,0.9989707469940186,positive,5.0,0.43087124824523926,negative,1.0,0.3687541316986554,positive,5.0,0.0,positive,5.0,0.6877968274727241
171,0,"Телефон потрясный - опций много, но без излишеств. Мое пристрастие часто менять телефоны вдруг сменилось желанием обладания его одного,вот уже больше года, и мне не нужен другой:)",positive,neutral,"The phone is amazing - there are many options, but no frills. My addiction to changing phones often has suddenly changed to wanting to own one for over a year now, and I don't need another.",True,positive->neutral,0.75,majority,positive->neutral|medium|majority,,,,,,,,neutral,3.0,0.0,neutral,3.0,0.9287928342819214,neutral,3.0,0.7569925785064697,positive,5.0,0.9995050430297852,negative,1.0,0.886067807674408,neutral,3.0,0.5425704294787314,neutral,3.0,0.0,neutral,3.0,0.6593829504344147
172,0,"Это первый мой телефон подобного класса, перешёл на него с нокии 5800. Поэтому мне нравится всё.",neutral,positive,"This is my first phone of this class, switched to it from the Nokia 5800. That's why I like everything.",True,neutral->positive,0.625,majority,neutral->positive|medium|majority,,,,,,,,positive,5.0,0.0,positive,5.0,0.9987566471099854,positive,5.0,0.7743832468986511,positive,5.0,0.9993996620178223,positive,5.0,0.8280367851257324,neutral,3.0,0.47917761494067945,neutral,3.0,0.0,neutral,3.0,0.63
173,0,"Пользовался около года. Сначала был в восторге, первые 3 месяца тел. работал хорошо и долго. Потом решил обновить до 4.4. Телефон начал сыпать ошибки ком. медиа. Без предупреждения отказывался писать на карту памяти, при том что её видел. Был глюк - бесконечный перезагруз, лечил перезагузом без звука. Примерно через год отвалился USB порт. В последний раз отказался работать полностью -- сказал что ошибка памяти и нужен хард резет. Хард резет не помог висел экран загрузки. Полукирпич.",neutral,negative,"Used it for about a year. At first I was delighted, the first 3 months tel. worked well and long. Then I decided to upgrade to 4.4. The phone began to sprinkle errors from the media. Without warning, he refused to write on a memory card, even though he saw it. There was a glitch - an endless reboot, treated with a restart without sound. About a year later, the USB port collapsed. The last time I refused to work completely - said that memory error and need hard cuts. Hard cuts didn't help hang the download screen. Half a brick.",True,neutral->negative,0.5,split,neutral->negative|low|split,,,,,,,,negative,1.0,0.0,negative,1.0,0.9904577732086182,neutral,3.0,0.6740835905075073,negative,1.0,0.9977914094924927,negative,1.0,0.553364098072052,neutral,3.0,0.47273647504179744,neutral,3.0,0.0,neutral,3.0,0.53
174,0,"Отличное сочетание цена/качество. Явных недостатков у него нет. Оболочка EMUI, на мой взгляд, самая удобная из всех предустановленных.",neutral,positive,"Excellent combination of price/quality. He has no obvious flaws. The EMUI shell, in my opinion, is the most convenient of all preinstalled.",True,neutral->positive,0.625,majority,neutral->positive|medium|majority,,,,,,,,positive,5.0,0.0,positive,5.0,0.9989796280860901,positive,5.0,0.9853288531303406,positive,5.0,0.9989945292472839,positive,5.0,0.5221829414367676,neutral,3.0,0.722639028592199,neutral,3.0,0.0,neutral,3.0,0.4628089596969086
176,0,"Приобрел данный аппарат в качестве резервной связи. Основным телефоном был iPhone. В таком сочетании Philips меня вполне устраивал. Но стоило мне перейти на него как на основной телефон, так все недостатки расцвели багровым цветом.Вывод: Покупать можно либо как запасной телефон, либо суровым мужикам, которым нужно просто звонить с него приятелям, имеющим короткие клички вместо имен.",neutral,negative,"I purchased this device as a backup link. The main phone was the iPhone. In this combination, Philips suited me well. But as soon as I switched to it as the main phone, so all the shortcomings blossomed with a crimson color.The conclusion: You can buy either as a spare phone, or harsh men who just need to call friends with short nicknames instead of names from it.",True,neutral->negative,0.25,majority,neutral->negative|low|majority,,,,,,,,positive,3.0,0.0,neutral,3.0,0.999537467956543,neutral,3.0,0.8189295530319214,neutral,3.0,0.6548438668251038,neutral,3.0,0.5358467102050781,neutral,3.0,0.4911627782766809,negative,1.0,0.0,negative,1.0,0.48
186,0,берите этот телефон и вы не пожелеете!!!,positive,neutral,Take this phone and you won't want to!!,True,positive->neutral,0.25,split,positive->neutral|low|split,,,,,,,,negative,3.0,0.0,positive,5.0,0.9972986578941345,neutral,3.0,0.7839365005493164,positive,5.0,0.9917859435081482,positive,5.0,0.6211290955543518,negative,1.0,0.5186447773944411,negative,1.0,0.0,neutral,3.0,0.8125219257521015
187,0,"Модель хорошая, функциональная, с большим потенциалом, но очень сложная и недоделанная. Требует существенных доработок (первым делом грешу на операционную систему), утешаю себя тем, что можно сделать перепрошивку, но руки пока не доходят. Чехол, кстати, вполне нормальный, меня  вполне устраивает.В целом моделью довольна, несмотря на все его глюки и заморочки.",neutral,positive,"The model is good, functional, with great potential, but very complex and unfinished. Requires significant improvements (first of all, I sin on the operating system), I console myself with the fact that I can do a flashing, but my hands do not reach yet. The cover, by the way, is quite normal, I am quite satisfied. In general, the model is satisfied, despite all its glitches and problems.",True,neutral->positive,0.375,majority,neutral->positive|low|majority,,,,,,,,positive,5.0,0.0,neutral,3.0,0.9700143933296204,neutral,3.0,0.4957616925239563,positive,5.0,0.8466770052909851,positive,5.0,0.8913059830665588,neutral,3.0,0.6872113232624472,neutral,3.0,0.0,neutral,3.0,0.63
190,0,для тех кому нужны 2 сим карты и просто позвонить. кстати крышка сдвигается вверх.,neutral,negative,"For those who need 2 sim cards and just call. by the way, the cover moves up.",True,neutral->negative,0.5,split,neutral->negative|low|split,,,,,,,,neutral,3.0,0.0,negative,1.0,0.9975009560585022,neutral,3.0,0.8020070791244507,neutral,3.0,0.6721130609512329,neutral,3.0,0.8890956044197083,negative,1.0,0.5485398599976103,negative,1.0,0.0,negative,1.0,0.5771793863251621
191,0,"Нормальный смартфон за свои деньги. Батарею держит, связь не теряет, 4G. Радует качество фото, но к видео это не относиться.",neutral,positive,"A normal smartphone for your money. Battery holds, communication does not lose, 4G. Pleasure photo quality, but video is not relevant.",True,neutral->positive,0.25,majority,neutral->positive|low|majority,,,,,,,,neutral,3.0,0.0,neutral,3.0,0.824296772480011,positive,5.0,0.8761519193649292,positive,5.0,0.8563833236694336,neutral,3.0,0.5758396983146667,neutral,3.0,0.6870094676096393,neutral,3.0,0.0,neutral,3.0,0.54
193,0,"Купил на смену галакси s2, который имеет очень удобный размер телефона для повседневного пользования, прежде всего именно как телефона, поэтому на современные 5 дюймовые лопаты как то уже не тянет, хотя перед покупкой ""мотора"" приглядовался к сони ZL (z - это вообще лопата, еще очень неудобно сидящая в руке из-за острых граней).",positive,negative,"I bought to replace the galaxy s2, which has a very convenient size of the phone for everyday use, primarily as a phone, so the modern 5-inch shovels somehow does not pull, although before buying the ""motor"" I looked at the ZL sleepy (z is generally a shovel, still very uncomfortable sitting in the hand due to sharp edges).",True,positive->negative,0.25,majority,positive->negative|low|majority,,,,,,,,neutral,3.0,0.0,neutral,3.0,0.9001946449279785,neutral,3.0,0.8816365003585815,negative,1.0,0.9053747653961182,negative,1.0,0.5147790312767029,neutral,3.0,0.7607580960640392,neutral,3.0,0.0,neutral,3.0,0.42
194,0,связь не пропадает.симку можно обменять у оператора.,positive,neutral,communication is not lost. the SIM can be exchanged with the operator.,True,positive->neutral,0.625,majority,positive->neutral|medium|majority,,,,,,,,positive,3.0,0.0,neutral,3.0,0.9811168313026428,neutral,3.0,0.7054948806762695,positive,5.0,0.999422550201416,neutral,3.0,0.747359037399292,neutral,3.0,0.5662474838954791,neutral,3.0,0.0,negative,1.0,0.7380486878558038
196,0,"Подарил такой племяннице, 12 лет. Шикарная, как выяснилось, альтернатива, типа ""топовым"" смартам в ценовой категории выше среднего даже. Они там с подружками устраивали какие-то соревнования, типа чей телефон быстрее пооткрывает страницы или что-то такое. Спарк легко уделывал телефоны в два-три раза дороже. Судя по всему из-за того, что из него выкинули все эти современные навороты и ""псевдоулучшения"", за счет чего смогли поставить быстрое железо. В общем очень интересный смарт, хорошее решение.",neutral,positive,"I gave it to a niece, 12 years old. Elegant, as it turned out, an alternative, such as ""top"" smarts in the price category above average even. He and his girlfriends were having some kind of competition, like whose phone would open pages faster or something. Spark easily made phones two to three times more expensive. Apparently, due to the fact that all these modern bells and whistles and “pseudo-improvements” were thrown out of it, due to which they were able to put fast iron. In general, a very interesting smart, a good solution.",True,neutral->positive,0.5,split,neutral->positive|low|split,,,,,,,,positive,5.0,0.0,neutral,3.0,0.9600211381912231,neutral,3.0,0.8339734077453613,positive,5.0,0.9957084655761719,positive,5.0,0.8828214406967163,neutral,3.0,0.4887976833804094,neutral,3.0,0.0,positive,5.0,0.43
197,0,"Брал не ростест преднамеренно, экспериментировать с погружением в воду не планирую. Из интернет магазина привезли не распечатанную коробку. Порадовала комплектация в которой помимо самого телефона и зарядного устройства (евровилка нашего стандарта) к нему в комплекте присутствовала защитная пленка (2 шт.) и гарнитура. Гарантия сервисного центра от интернет магазина.  Дополнение от 28-07-2016   Хотел поделиться своим мнением о продукции.",negative,positive,"I did not grow intentionally, I do not plan to experiment with immersion in water. An unprinted box came from the online store. I was pleased with the configuration in which, in addition to the phone and charger (euro fork of our standard), a protective film (2 pieces) and a headset were present in the kit. Guarantee service center from the online store. Supplement from 28-07-2016 I wanted to share my opinion about the products.",True,negative->positive,0.375,split,negative->positive|low|split,,,,,,,,positive,5.0,0.0,positive,5.0,0.8751780390739441,neutral,3.0,0.8179457783699036,positive,5.0,0.9193717241287231,negative,1.0,0.41105443239212036,neutral,3.0,0.6843019309254529,neutral,3.0,0.0,neutral,3.0,0.46581518853194614
198,0,обычный телефон для звонков.,negative,neutral,A regular phone.,True,negative->neutral,0.875,majority,negative->neutral|high|majority,,,,,,,,neutral,3.0,0.0,neutral,3.0,0.8561559915542603,neutral,3.0,0.8339299559593201,positive,5.0,0.7168017625808716,neutral,3.0,0.926745593547821,neutral,3.0,0.595746784018656,neutral,3.0,0.0,neutral,3.0,0.5702144157148363
200,0,"камера конечно же супер, при правильной настройке. батарею хотелось бы по мощнее. А если играть в игру и подсоединить зарядное устройство, на смартфоне можно яичницу жарить. греется конкретно. Ну и  два интернет приложения садят батарею на ура. вообщем все отлично на 5 КРОМЕ БАТАРЕИ!!!!!!",neutral,positive,"The camera is super, of course, with the right setup, the battery would like more powerful. And if you play the game and connect the charger, on a smartphone you can fry eggs. Well, two Internet applications put the battery on hurrah. in general, everything is great on 5 except the battery!!!!!!",True,neutral->positive,0.75,majority,neutral->positive|medium|majority,,,,,,,,positive,5.0,0.0,positive,5.0,0.9747359752655029,positive,5.0,0.9736918210983276,neutral,3.0,0.4003264904022217,negative,1.0,0.3714844286441803,positive,5.0,0.8594015498625229,positive,5.0,0.0,positive,5.0,0.84
204,0,Отличный телефон просто для звонков! Не каждый кнопочный тел имеет синхронизацию с телефонной книгой при прочих равных характеристиках.,neutral,positive,"Great phone just for calling! Not every push-button body is synchronized with a phone book, all other things being equal.",True,neutral->positive,1.0,unanimous,neutral->positive|high|unanimous,,,,,,,,positive,5.0,0.0,positive,5.0,0.9980711340904236,positive,5.0,0.9456670880317688,positive,5.0,0.9517956376075745,positive,5.0,0.6426446437835693,positive,5.0,0.916536840639937,positive,5.0,0.0,positive,5.0,0.7428248820542627
205,0,"Может мне такой попался, но рекомендую с осторожностью покупать",neutral,negative,"Maybe I got one, but I recommend buying it carefully.",True,neutral->negative,0.625,majority,neutral->negative|medium|majority,,,,,,,,positive,5.0,0.0,positive,5.0,0.9688208699226379,neutral,3.0,0.5705282092094421,negative,1.0,0.8570087552070618,negative,1.0,0.5105896592140198,negative,1.0,0.5046348950276189,negative,1.0,0.0,negative,1.0,0.5219773776992337
206,0,"Смартфон для большой руки. В итоге как телефон использую старую люмиа 620, она удобная и эргономичная. Большая красивая нокиа 3 подходит для просмотра видео, фото, чтения в интернете. Также делает неплохие селфи, а для хороших фотографий у меня есть фотоаппарат. Так что устройство 3 в 1 явно не для меня.",neutral,positive,"Smartphone for the big hand. As a result, the phone uses the old lumia 620, it is comfortable and ergonomic. Big beautiful Nokia 3 is suitable for watching videos, photos, reading on the Internet. She also takes good selfies and has a camera for good photos. So the 3-in-1 device is clearly not for me.",True,neutral->positive,0.375,majority,neutral->positive|low|majority,,,,,,,,positive,5.0,0.0,positive,5.0,0.7122576236724854,neutral,3.0,0.8287304043769836,neutral,3.0,0.5396268367767334,positive,5.0,0.4430943429470062,neutral,3.0,0.7254851618145469,neutral,3.0,0.0,neutral,3.0,0.64
207,0,"хорошая модель, даже очень... но проблемная.",neutral,positive,"It's a good model, even a very... but a problem.",True,neutral->positive,0.5,split,neutral->positive|low|split,,,,,,,,negative,1.0,0.0,positive,5.0,0.9981876015663147,positive,5.0,0.9611791968345642,positive,5.0,0.76263028383255,positive,5.0,0.5325998663902283,neutral,3.0,0.690956436684084,neutral,3.0,0.0,neutral,3.0,0.5740410911730787
208,0,"Пользуюсь телефоном чуть больше года. Купила потому как срочно нужен был новый телефон по оптимальной цене. На тот момент 20к - не совсем дешево, но и не заоблачно дорого. По параметрам подходил. Плюс предыдущий телефон тоже был Sony и работал прекрасно. Проблемы начались чуть ли не сразу. Начало катастрофически не хватать памяти. А перенести большинство приложений на карту памяти нельзя. Удалить встроенные приложения тоже нельзя.",negative,neutral,"I've been using my phone for a little over a year. I bought it because I needed a new phone at the best price. At that time, 20k - not quite cheap, but also not sky-highly expensive. I matched the parameters. Plus, the previous phone was also Sony and worked fine. The problems started almost immediately. The beginning is a catastrophic lack of memory. And transfer most applications to the memory card is impossible. It is also impossible to remove embedded applications.",True,negative->neutral,0.625,majority,negative->neutral|medium|majority,,,,,,,,negative,1.0,0.0,neutral,3.0,0.9673029780387878,neutral,3.0,0.6190666556358337,negative,1.0,0.9967633485794067,positive,5.0,0.4000907242298126,neutral,3.0,0.6349440578222716,neutral,3.0,0.0,neutral,3.0,0.44
209,0,"В общем покупкой я доволен аппарат прекрасный.Все его достоинства с лихвой окупают недостатки.При покупке я искал аппарат до 8000 рублей, днями в течении месяца не вылазил из маркета, пока мой взор в конце концов остановился на C5-00.И я рад что выбрал именно его.",neutral,positive,"In general, I am pleased with the purchase of the device is excellent. All his advantages more than pay for the shortcomings. When buying, I was looking for a device up to 8000 rubles, days for a month did not get out of the market, until my eyes finally stopped at the C5-00.",True,neutral->positive,0.75,majority,neutral->positive|medium|majority,,,,,,,,positive,5.0,0.0,positive,5.0,0.9994137287139893,positive,5.0,0.8493324518203735,positive,5.0,0.993337869644165,positive,5.0,0.874111533164978,neutral,3.0,0.48891954695506196,positive,5.0,0.0,neutral,3.0,0.7141254827624127
210,0,"Чтобы акк не садился как бешеный - включайте 2G и отключайте обмен данными - тогда телефон три-четыре дня держится.Резистивный экран нормальной чувствительности, плюс - зимой можно в перчатках работать :).В целом стоит своих денег. Бюджетный тач с андроидом. Не айфон, не попонтуешься :).",neutral,positive,"So that the ACC does not sit like a rabid - turn on 2G and turn off data exchange - then the phone lasts three or four days. Resistive screen of normal sensitivity, plus - in winter you can wear gloves to work :. Budget android touch. Not an iPhone, you won't be poked :.",True,neutral->positive,0.25,majority,neutral->positive|low|majority,,,,,,,,negative,3.0,0.0,neutral,3.0,0.9998418092727661,neutral,3.0,0.7043238282203674,positive,5.0,0.9660223722457886,positive,5.0,0.6236781477928162,neutral,3.0,0.6832121904377938,neutral,3.0,0.0,neutral,3.0,0.63
212,0,"Похоже аналог Нокии 3310, орехи колоть сойдет, но очень дорого. До этого был Филипс 816 тот три месяца проработал отлично, без нареканий и просто умер, не смогли в сервисе сделать вернули деньги, желание нет брать с этой фирмы.",negative,neutral,"Looks like a Nokia 3310, nuts will do, but very expensive. Before that was Philips 816 that three months worked perfectly, without complaints and just died, could not make the service returned the money, no desire to take from this company.",True,negative->neutral,0.5,split,negative->neutral|low|split,,,,,,,,positive,5.0,0.0,neutral,3.0,0.8642200231552124,neutral,3.0,0.5840438604354858,neutral,3.0,0.4829074740409851,negative,1.0,0.8217262625694275,neutral,3.0,0.38754138209641853,negative,1.0,0.0,positive,5.0,0.7149762137978861
213,0,Здоровье дороже.Можно конечно проводную гарнитуру использовать...,negative,positive,"Health is more expensive. Of course, you can use a wired headset ...",True,negative->positive,0.375,split,negative->positive|low|split,,,,,,,,neutral,3.0,0.0,neutral,3.0,0.9904995560646057,neutral,3.0,0.770352840423584,neutral,3.0,0.9593129754066467,positive,5.0,0.9199199080467224,positive,5.0,0.44394768362308235,positive,5.0,0.0,negative,1.0,0.6262022480169018
214,0,"До этого телефона была Sony Xperia SP (потерял):диагональ у Е4 побольше, камера разочаровала.Надеялся на то что при сравнительно одинаковой цене и свежем годе выпуска, в Е4 будет если не намного лучше, то хотя бы на том же уровне. Однако кроме процессора ни чего хорошего не обнаружил.",neutral,negative,"Before this phone was Sony Xperia SP (lost): diagonal E4 larger, the camera disappointed. I hoped that with a relatively similar price and a fresh year of production, E4 will be if not much better, then at least at the same level. However, apart from the processor, nothing good was found.",True,neutral->negative,0.5,split,neutral->negative|low|split,,,,,,,,negative,1.0,0.0,negative,1.0,0.9923092126846313,neutral,3.0,0.7428635358810425,negative,1.0,0.9746894240379333,negative,1.0,0.8898207545280457,neutral,3.0,0.8433603997810597,neutral,3.0,0.0,neutral,3.0,0.7893294131458518
216,0,"Телефон отличный, мне очень нравится, но до ""пятерки"" ему недостает какой-нибудь фишечки.",neutral,positive,"The phone is great, I really like it, but it lacks a chip to the top five.",True,neutral->positive,0.5,split,neutral->positive|low|split,,,,,,,,positive,5.0,0.0,neutral,3.0,0.9511619210243225,positive,5.0,0.5311973690986633,positive,5.0,0.9419413805007935,negative,1.0,0.5277074575424194,neutral,3.0,0.5337002623472074,neutral,3.0,0.0,positive,5.0,0.76
218,0,"замечательное создание, абсолютно не жалею о приобретении. Единственное, платить за него 30-25т. это конечно не вариант. Однако мир не лишен способов адекватного приобретения, и при таком условии аппарат замечателен в соотношении цены / качества /  удовольствия от использования.Ах, да, там еще есть свайп, очень очень ""вкусная"" штучка!!",positive,neutral,"This is a wonderful creation and I have no regrets about acquiring it. Paying $30 to $25 is not an option. However, the world is not without ways of adequate acquisition, and under this condition, the device is remarkable in the ratio of price / quality / pleasure from use.",True,positive->neutral,0.0,split,positive->neutral|low|split,,,,,,,,positive,5.0,0.0,positive,5.0,0.9988190531730652,positive,5.0,0.960602343082428,positive,5.0,0.9966244697570801,negative,1.0,0.8129640817642212,negative,1.0,0.5077472900754159,negative,1.0,0.0,negative,1.0,0.46
221,0,"Конечно есть телефоны и покруче за эти деньги,но я не желею что купил этот телефон)))",neutral,negative,"Of course there are phones and cooler for this money, but I do not want to buy this phone.",True,neutral->negative,0.5,split,neutral->negative|low|split,,,,,,,,neutral,3.0,0.0,neutral,3.0,0.9985274076461792,neutral,3.0,0.6620568037033081,negative,1.0,0.7348124384880066,negative,1.0,0.4327748417854309,negative,1.0,0.5186447773944411,negative,1.0,0.0,neutral,3.0,0.8125219257521015
225,0,"Простой и приятный аппарат для тех, кто хочет смартфон, но не понимает что это значит. Это вариант для поклонников марки, или же случайная покупка, первый для человека смартфон.",neutral,positive,"Simple and pleasant device for those who want a smartphone, but do not understand what it means. This is an option for fans of the brand, or a random purchase, the first smartphone for a person.",True,neutral->positive,0.5,split,neutral->positive|low|split,,,,,,,,positive,3.0,0.0,neutral,3.0,0.9052377343177795,neutral,3.0,0.7957475185394287,positive,5.0,0.9945135116577148,positive,5.0,0.46545132994651794,neutral,3.0,0.6305529303155549,neutral,3.0,0.0,positive,5.0,0.48055226623327035
232,0,"В целом телефон нормальный, особенно для людей с ограниченным бюджетом-быстрый, яркий, стильный, описанные недостатки не слишком мешают использовать телефон, но бесят порой сильно, особенно тач в 2 касания и проблемы с google маркетом. Брать можно, но если есть возможность выложить побольше денег, лучше взять что-то другое, с меньшим количеством странностей.",neutral,negative,"In general, the phone is normal, especially for people on a budget – fast, bright, stylish, described flaws do not interfere too much with the use of the phone, but sometimes infuriate a lot, especially the touch of 2 touches and problems with the Google market. You can take it, but if you can shell out more money, it's better to take something else with less weirdness.",True,neutral->negative,0.375,split,neutral->negative|low|split,,,,,,,,negative,1.0,0.0,neutral,3.0,0.9828826785087585,neutral,3.0,0.8233783841133118,negative,1.0,0.857900083065033,negative,1.0,0.6914445161819458,neutral,3.0,0.4952991782161484,positive,5.0,0.0,neutral,3.0,0.62
235,0,"В общем как звонилка с двумя симками использовать можно. Если полностью отключить блютус и закрыть глаза на лаги - то телефон отличный. Сравниваю с lenovo P1m который был до этого, и это просто космос по сравнению с этим куском стекла пластика и железа. куплен был в интернет-магазине за 12 500р.",negative,positive,"In general, a call with two SIMs can be used. If you completely turn off the bluetus and close your eyes to the lags, the phone is great. Compare to the lenovo P1m that was before, and it’s just space compared to this piece of glass plastic and iron. bought in an online store for 12 500R.",True,negative->positive,0.625,majority,negative->positive|medium|majority,,,,,,,,positive,5.0,0.0,neutral,3.0,0.9910426139831543,neutral,3.0,0.6139025092124939,positive,5.0,0.9807717204093933,neutral,3.0,0.852188766002655,positive,5.0,0.4018849163371519,positive,5.0,0.0,positive,5.0,0.66
242,0,"Куплена в ноябре 2010. Чехлами не пользуюсь, потому как некогда - разговоров очень много. скайпами/аськами не пользуюсь, браузерные игрушки - да (не флешки) и кстати удобно с сенсором! Яндекс-карты, яндекс-пробки и тд.",neutral,positive,"Purchased in November 2010. I do not use covers, because once - there are a lot of conversations. I do not use Skypes / Isks, browser toys - yes (not flash drives) and by the way, it is convenient with a sensor! Yandex - maps, Yandex traffic jams, etc.",True,neutral->positive,0.5,split,neutral->positive|low|split,,,,,,,,positive,5.0,0.0,neutral,3.0,0.9615638256072998,neutral,3.0,0.8738062381744385,positive,5.0,0.9985698461532593,negative,1.0,0.5217303037643433,positive,5.0,0.6569179636763085,positive,5.0,0.0,neutral,3.0,0.45
244,0,В целом свои деньги смартфон оправдывает,neutral,positive,"In general, the smartphone justifies its money",True,neutral->positive,0.5,split,neutral->positive|low|split,,,,,,,,neutral,3.0,0.0,positive,5.0,0.6062665581703186,positive,5.0,0.5603351593017578,positive,5.0,0.9934606552124023,positive,5.0,0.9179682731628418,neutral,3.0,0.5298840322374212,neutral,3.0,0.0,neutral,3.0,0.47536645372567543
247,0,"емкость аккумулятора ниже чем заявленные 2,07 а/ч. Сутки в режиме ожидания, без звонков и интернета и на выключение. Если индикатор батареи показывает 15 проц, то считайте, что это ноль. Мой    14 процентов ни разу не показал, сразу после 15 выключается.",neutral,negative,"The battery capacity is lower than the declared 2.07 a/h. Day in standby mode, without calls and the Internet and on shutdown. If the battery indicator shows 15 percent, then consider it zero. My 14 percent never showed up, it turns off right after 15.",True,neutral->negative,0.5,split,neutral->negative|low|split,,,,,,,,negative,3.0,0.0,neutral,3.0,0.6290856599807739,neutral,3.0,0.6141270399093628,negative,1.0,0.8853031992912292,neutral,3.0,0.8761864304542542,negative,1.0,0.6426821250627228,negative,1.0,0.0,neutral,3.0,0.6348582071215054
249,0,"Конечно, по функционалу смартфон уже явно устаревший. И как-то описывать его достоинства и недостатки уже не ко времени. Но в целом и по сей день он меня радует, и менять на что-нибудь китайское желания нет никакого! Единственное очень хотелось бы заказать где-нибудь корпус из металла.",positive,neutral,"Of course, the functionality of the smartphone is clearly outdated. And somehow describe its advantages and disadvantages is not in time. But in general, to this day, it pleases me, and there is no Chinese desire to change for anything! The only thing I would really like to order somewhere is a case of metal.",True,positive->neutral,0.625,majority,positive->neutral|medium|majority,,,,,,,,positive,5.0,0.0,neutral,3.0,0.9957780838012695,neutral,3.0,0.6957280039787292,positive,5.0,0.9919725656509399,negative,1.0,0.7371870875358582,neutral,3.0,0.6344453267451998,neutral,3.0,0.0,neutral,3.0,0.66
254,0,"Пожалела, что решив сэкономить, не стала брать модель с 32 Гб внутренней памяти, к тому же в тех моделях и оперативная память тоже больше. В целом, телефоном довольна. При интенсивном использовании заряжать аккумулятор надо каждый день (((",neutral,positive,"I regretted that having decided to save money, I did not take a model with 32 GB of internal memory, besides, in those models, RAM is also more. Overall, I'm happy with my phone. Recharge the battery every day (()",True,neutral->positive,0.5,split,neutral->positive|low|split,,,,,,,,positive,5.0,0.0,positive,5.0,0.7183355093002319,positive,5.0,0.6829341650009155,positive,5.0,0.972870409488678,negative,1.0,0.8087438941001892,neutral,3.0,0.5191364578250021,neutral,3.0,0.0,neutral,3.0,0.73
255,0,"Купил на замену HTC Sensation, сразу пожалел об этом. Не флагман а середнячок, на уровне LG-P970 (но тот стоит каждого рубля за него отданного). Если будете использовать телефон для звонков, серфинга по интернету, хотите обойтись стандартной прошивкой и приложениями, почувствовать немного роскоши в руках - берите HTC Sensation. SGS2 на мой взгляд не стоит и половины той цены что за него просят.",negative,neutral,"I bought a replacement for the HTC Sensation and regretted it. Not the flagship and the average, at the level of LG-P970 (but it is worth every ruble for it given). If you use your phone to make calls, surf the Internet, want to do with standard firmware and applications, feel a little luxury in your hands - take HTC Sensation. The SGS2 isn’t worth half the price you’re asking for.",True,negative->neutral,0.625,majority,negative->neutral|medium|majority,,,,,,,,neutral,3.0,0.0,neutral,3.0,0.9998145699501038,neutral,3.0,0.8165711760520935,neutral,3.0,0.47212907671928406,negative,1.0,0.7226341962814331,positive,5.0,0.49739466411488314,positive,5.0,0.0,neutral,3.0,0.47911597943414896
256,0,"пользовался 1,5 года, жалоб нет, теперь сломался, очень жалею что нечем его заменить потому что смартфон+расскладушка в продаже нет и не выпускают, отремонтировать в сервисном центре nokia не смогли нет нужных деталей, а так тел хороший и очень его жаль",neutral,negative,"used for 1.5 years, no complaints, now broke, very sorry that there is nothing to replace it because the smartphone + clamshell is not on sale and is not released, to repair in the service center nokia could not have the necessary parts, and so the body is good and very sorry for him",True,neutral->negative,0.5,split,neutral->negative|low|split,,,,,,,,negative,1.0,0.0,negative,1.0,0.9999220371246338,negative,1.0,0.8268005847930908,positive,5.0,0.7941411137580872,negative,1.0,0.8366330862045288,neutral,3.0,0.7535576160731543,neutral,3.0,0.0,neutral,3.0,0.72
260,0,"Проблема с потерей сим-карты телефоном возникает на недавно приобретенных симках, симки старых образцов не ""теряются"" никогда. Громкость динамика нормальная, главное найти, как её увеличивать. Если уж очень шумно вокруг, то я переворачиваю телефон обратной стороной к уху (с другими аппаратами такого фокуса не проделаешь). Симку никогда еще не терял.",positive,neutral,"The problem with the loss of a SIM card by a phone occurs on recently purchased SIMs, SIMs of old samples are never “lost”. The speaker volume is normal, the main thing is to find how to increase it. If it is very noisy around, then I turn the phone back to my ear (with other devices, such a focus can not do). I've never lost Simka before.",True,positive->neutral,0.625,majority,positive->neutral|medium|majority,,,,,,,,negative,1.0,0.0,neutral,3.0,0.6021483540534973,neutral,3.0,0.7119824290275574,positive,5.0,0.9598261713981628,positive,5.0,0.6770602464675903,neutral,3.0,0.6646678555094909,neutral,3.0,0.0,neutral,3.0,0.41
263,0,"Купил сей аппарат и остался очень доволен, камера не айс, но мне она и не нужна. Батарея держит хорошо, динамик не тихий - все слышно + можно в настройках поднять громкость. Цена за такой аппарат очень адекватная, брал за 9 рублей.",neutral,positive,"I bought this machine and was very pleased, the camera is not an ice, but I do not need it. The battery holds well, the speaker is not quiet - everything is audible + you can raise the volume in the settings. The price for such a device is very adequate, took for 9 rubles.",True,neutral->positive,0.5,split,neutral->positive|low|split,,,,,,,,positive,5.0,0.0,neutral,3.0,0.9800169467926025,positive,5.0,0.7098151445388794,positive,5.0,0.998151957988739,positive,5.0,0.9159464836120605,neutral,3.0,0.6453259265562143,neutral,3.0,0.0,neutral,3.0,0.83
264,0,"Жаль , что сняли с продаж.",positive,negative,It's a shame they're off the market.,True,positive->negative,0.75,majority,positive->negative|medium|majority,,,,,,,,negative,1.0,0.0,negative,1.0,0.9925048351287842,negative,1.0,0.49154311418533325,positive,5.0,0.793843150138855,negative,1.0,0.5899212956428528,neutral,3.0,0.44424837219319313,negative,1.0,0.0,negative,1.0,0.9363197842867492
265,0,"Хороший телефон с адекватной ценой. UPD. С толку сбивает индикатор уровня заряда батареи в процентах. Если оценивать по нему, то телефон должен разрядится за день. Отключил его, чтоб не путал. Телефон работает второй день без подзарядки.",neutral,positive,"A good phone with an adequate price. UPD. Baffling indicator battery level in percentage. If you evaluate it, the phone should run out in a day. I turned it off so I wouldn't confuse it. The phone works for the second day without recharging.",True,neutral->positive,0.375,majority,neutral->positive|low|majority,,,,,,,,positive,5.0,0.0,neutral,3.0,0.9923337697982788,neutral,3.0,0.5507350564002991,positive,5.0,0.7193694114685059,neutral,3.0,0.7194418907165527,neutral,3.0,0.5870970271174369,neutral,3.0,0.0,positive,5.0,0.6
268,0,"Очень приятный телефончик. На характеристики (слабый процессор и полтора гигабайт оперативки) не смотрите: там все сбалансировано и работает ради вашего удовольствия, а не ради бессмысленных измерителей быстродействия вроде антуту. ...Да вот еще: аппарат почему-то до сих пор не появился в обсуждении на форуме 4PDA. Может, кто-то возьмёт на себя труд создать отдельную ветку для этого замечательного гуглофона?",neutral,positive,"Very nice phone. Do not look at the characteristics (weak processor and one and a half gigabytes of RAM): everything is balanced there and works for your pleasure, not for the sake of meaningless speed meters like antoot. For some reason, the device has not yet appeared in the discussion on the 4PDA forum. Can someone take the trouble to create a separate branch for this wonderful googlophone?",True,neutral->positive,0.5,split,neutral->positive|low|split,,,,,,,,positive,5.0,0.0,neutral,3.0,0.9997171759605408,neutral,3.0,0.4931706488132477,positive,5.0,0.9936020970344543,positive,5.0,0.8841140270233154,neutral,3.0,0.5749387801596453,neutral,3.0,0.0,positive,5.0,0.55
270,0,"После того как побил экран на своём n7000 и поломал гнездо , понял что ремонт обойдется около 7000 и решил взять на какое то время лучше себе этот ZTE. В целом телефон - как телефон очень приятен. Очень хороший дисплей, яркостью не уступает ноуту первому нисколько , приятно лежит в руке, выглядит тоже симпатично. Но если вы хотите поиграть в игрушки - ищите что то более под них адаптированное т.к. здесь с этим беда.",neutral,positive,"After breaking the screen on his n7000 and breaking the nest, he realized that the repair would cost about 7000 and decided to take a better ZTE for a while. Overall, the phone is very nice. A very good display, the brightness is not inferior to the first laptop at all, it is pleasantly lying in your hand, it also looks cute. But if you want to play with toys - look for something more adapted for them.",True,neutral->positive,0.75,majority,neutral->positive|medium|majority,,,,,,,,positive,5.0,0.0,neutral,3.0,0.7206469178199768,neutral,3.0,0.8098883628845215,positive,5.0,0.9911603331565857,positive,5.0,0.9119183421134949,positive,5.0,0.480574944508778,positive,5.0,0.0,positive,5.0,0.75
271,0,"Ну что сказать, то что мне нужно чтобы работать с электронной почтой, не хотелось ради этого смарт брать - были в использовании пару смартов (И нокия и СЕ), устал я от них - тормозит, перезагружается когда не надо и т. д.Вай фай нормально работает, из за того, что до сих пор не смог настроить gprs пользуюсь пока только им, а то вап в копеечку влетает.",neutral,positive,"Well, what to say, what I need to work with email, I didn’t want to take smart for the sake of this – a couple of smarts were in use (And Nokia and CE), I am tired of them – slows down, reboots when not necessary, etc. Vai Fi works normally, due to the fact that so far I have not been able to configure gprs I use only him, and then the vap flies into a penny.",True,neutral->positive,0.375,split,neutral->positive|low|split,,,,,,,,positive,5.0,0.0,positive,5.0,0.5334955453872681,neutral,3.0,0.6281145215034485,positive,5.0,0.8731769919395447,negative,1.0,0.6100068092346191,neutral,3.0,0.7362801119406595,neutral,3.0,0.0,neutral,3.0,0.7033145728825387
272,0,"Намеренно обхожу тему фото и видео съемок. Фразы типа:""ищу телефон с хорошей камерой, потому что я люблю много снимать"", честное слово, ставят меня в тупик. Все познания такого ""фотографа"" сводятся к тому, что надо нажать какую-то кнопочку, что бы ""вылетела птичка"". Очередная жертва рекламных заклинаний о ""мегапикселях"", ""автофокусах"", ""зумах"" и т.д.",positive,neutral,"I deliberately avoid the topic of photos and videos. Phrases like “I’m looking for a phone with a good camera because I like to shoot a lot”, honestly, put me at a loss. All the knowledge of such a “photographer” boils down to the fact that you need to press a button to “fly a bird”. Another victim of advertising spells about ""megapixels"", ""autofocuses"", ""zooms"", etc.",True,positive->neutral,0.625,majority,positive->neutral|medium|majority,,,,,,,,positive,5.0,0.0,neutral,3.0,0.9999301433563232,neutral,3.0,0.7312327027320862,negative,1.0,0.995983362197876,negative,1.0,0.5683234930038452,neutral,3.0,0.5990937356718001,neutral,3.0,0.0,neutral,3.0,0.5647651647396824
280,0,"Эх, если бы не Android, взял бы Nokia Lumia лучше =)  p.s. При покупке стоит Android 2.7.3 и для прошивки на 4 надо скачать прогу Sony PC Companion.",neutral,positive,"If it wasn’t for Android, Nokia Lumia would be better. When buying Android 2.7.3 and for firmware on 4 you need to download Sony PC Companion.",True,neutral->positive,0.25,majority,neutral->positive|low|majority,,,,,,,,positive,5.0,0.0,neutral,3.0,0.9964550733566284,neutral,3.0,0.8587329387664795,neutral,3.0,0.4663870930671692,neutral,3.0,0.8197932839393616,neutral,3.0,0.5529278185423249,neutral,3.0,0.0,positive,5.0,0.7095388684015059
283,0,"Поначалу я радовался телефоном, думал что он такой крутой. Оказывается напрасно. Нет LG я себе больше не куплю.",negative,neutral,"At first I was happy with the phone, I thought it was so cool. It's in vain. I'm not buying LG anymore.",True,negative->neutral,0.125,split,negative->neutral|low|split,,,,,,,,positive,5.0,0.0,negative,1.0,0.9828280210494995,neutral,3.0,0.5995159149169922,negative,1.0,0.9803926348686218,negative,1.0,0.6069539785385132,positive,5.0,0.6944451584066443,positive,5.0,0.0,positive,5.0,0.7552360875663977
284,0,"Единственное что меня радует в этом телефоне - дисплей. В остальном очень неудобный телефон. Попользовалась месяц и решила продать - так и то никто не покупает, даже за копейки и даже учитывая что он почти новый и у него 3 года гарантии :) возвращаюсь к своей старой доброй Нокии Е50, которая прошла со мной огонь, воду и Вьетнам :)",neutral,negative,"The only thing that pleases me about this phone is the display. The rest is a very uncomfortable phone. I used a month and decided to sell - so no one buys, even for pennies and even considering that it is almost new and it has a 3-year warranty :) I go back to my good old Nokia E50, who passed with me fire, water and Vietnam :",True,neutral->negative,0.25,majority,neutral->negative|low|majority,,,,,,,,neutral,3.0,0.0,neutral,3.0,0.5175929069519043,neutral,3.0,0.7437154054641724,negative,1.0,0.9862779974937439,negative,1.0,0.5906726717948914,neutral,3.0,0.7164884081640163,neutral,3.0,0.0,neutral,3.0,0.48
285,0,"Очень долго готовилась морально слезть с N79, испытываю очень большую нелюбовь к тачам как виду ( и большую любовь к кнопчной ""классике""), но пришло время выбирать, и выбор был между кнопками и нормальной начинкой с функционалом.  Телефон отлично ""пошел"", как замена классичечкому кнопочному фону. Хотя для женской руки там без особых пробем можно пользоваться и полноэкранной (особенно в горизонтальном формате), но я сразу переключила на привычные ""блоки"" и все стало совсем-совсем хорошо.",neutral,positive,"For a very long time I was preparing to morally get off the N79, I have a very great dislike for the wheelbarrows as a species (and a great love for the button ""classics""), but it was time to choose, and the choice was between the buttons and the normal filling with functionality. The phone went well as a replacement for the classic button background. Although for a woman’s hand, you can use full-screen (especially in a horizontal format) without any special breaks, but I immediately switched to the usual “blocks” and everything became very, very good.",True,neutral->positive,0.75,majority,neutral->positive|medium|majority,,,,,,,,positive,5.0,0.0,positive,5.0,0.9912452101707458,neutral,3.0,0.8272315859794617,positive,5.0,0.9987266659736633,positive,5.0,0.9241530299186707,neutral,3.0,0.4442187595501387,positive,5.0,0.0,positive,5.0,0.5144209643103292
294,0,Этот телефон очень долек от идеальности!,negative,positive,This phone is far from perfect!,True,negative->positive,0.5,split,negative->positive|low|split,,,,,,,,positive,5.0,0.0,positive,5.0,0.9972473978996277,positive,5.0,0.9582030773162842,negative,1.0,0.5533165335655212,positive,5.0,0.6025339365005493,neutral,3.0,0.5075923843283742,neutral,3.0,0.0,neutral,3.0,0.555623160746793
295,0,"А теперь советы по сбережению этого аппарата :D И все же, если ты хочешь что бы у тебя ничего не царапалось - этого не избежать ни на одном устройстве, а тем более на мобильном, которым пользуешься каждый день! Если хочешь чтобы на задней крышке не было царапин и потертостей со временем, то можно нацепить на него тонкую, но прочную и что бы она ровно ложилась на плавные изгибы, ну короче чтоб ровно легла, обтекала всю крышку! И тема закрыта!",positive,neutral,"Here are some tips for saving this machine :D And yet, if you want nothing to get scratched, you can not avoid it on any device, and especially on the mobile that you use every day! If you want to the back cover was not scratches and scuffs with time, you can put on it a thin, but durable and that it would exactly fall on the smooth curves, well in short, so that it lay flat, flowed around the entire cover! And the subject is closed!",True,positive->neutral,0.5,split,positive->neutral|low|split,,,,,,,,positive,5.0,0.0,negative,1.0,0.9992063641548157,neutral,3.0,0.8038881421089172,positive,5.0,0.9346240758895874,negative,1.0,0.7104862928390503,neutral,3.0,0.6061819017372622,neutral,3.0,0.0,neutral,3.0,0.68
297,0,"За свою цену это хорошо. Игры тянет на ура. Карту памяти можно совместить с внутренней и тогда памяти становится еще больше. Камера средняя, но при хорошем освещении получаются неплохие фотографии, что можно сказать и про фронтальную камеру.",neutral,positive,"For its price, it's good. Games are hurried. The memory card can be combined with the internal memory and then the memory becomes even more. The camera is average, but with good lighting, good photos are obtained, which can be said about the front camera.",True,neutral->positive,0.875,majority,neutral->positive|high|majority,,,,,,,,positive,5.0,0.0,positive,5.0,0.9279953241348267,positive,5.0,0.9326989650726318,positive,5.0,0.9434494376182556,positive,5.0,0.9338685870170593,positive,5.0,0.3959258731733502,positive,5.0,0.0,neutral,3.0,0.45
300,0,"Телефон упал в подъезде, пролетел 2 пролета и ни одной царапины. Железная часть великолепна.",neutral,positive,"The phone fell in the entrance, flew 2 flights and no scratches. The iron part is great.",True,neutral->positive,0.25,majority,neutral->positive|low|majority,,,,,,,,positive,5.0,0.0,neutral,3.0,0.8588349223136902,neutral,3.0,0.7132569551467896,positive,5.0,0.99733966588974,neutral,3.0,0.6691652536392212,neutral,3.0,0.5259688448708558,neutral,3.0,0.0,neutral,3.0,0.8244337346125883
301,0,"Для 2010 года тел просто сказка, поменял лишь месяц назад на ТХ. А поменял лишь потому, что об голову одного человека ударил. И теперь он при малейшем нажатии в любое место отключается и ремонт около 9 тыс.",positive,negative,"For 2010, the body is just a fairy tale, changed only a month ago to TX. The only reason I changed was because I hit one person on the head. And now, at the slightest press, it shuts down and repairs about 9,000.",True,positive->negative,0.625,majority,positive->negative|medium|majority,,,,,,,,positive,5.0,0.0,negative,1.0,0.972112774848938,negative,1.0,0.5214380621910095,negative,1.0,0.8386141061782837,negative,1.0,0.541882336139679,negative,1.0,0.4588758819584601,neutral,3.0,0.0,neutral,3.0,0.49
311,0,"В первый год службы телефон радовал , но сейчас один сплошной негатив",neutral,negative,"In the first year of service, the phone was happy, but now one continuous negative",True,neutral->negative,0.5,split,neutral->negative|low|split,,,,,,,,negative,1.0,0.0,negative,1.0,0.998091995716095,neutral,3.0,0.5064341425895691,negative,1.0,0.988059937953949,negative,1.0,0.8646058440208435,neutral,3.0,0.6372046977318814,neutral,3.0,0.0,neutral,3.0,0.42115807137934136
312,0,"Телефон уже год и не разу ещё не подвёл, целый год без глюков и тормозов ронял десятков раз и ему всё равно",positive,neutral,"The phone has been a year and has not failed many times, dropped dozens of times without glitches and brakes for a whole year and it does not matter.",True,positive->neutral,0.125,split,positive->neutral|low|split,,,,,,,,positive,5.0,0.0,negative,1.0,0.6248245239257812,negative,1.0,0.5368697643280029,positive,5.0,0.9978654980659485,negative,1.0,0.7951745390892029,positive,5.0,0.41179008296179553,positive,5.0,0.0,neutral,3.0,0.42212232655961174
313,0,"Сначала очень боялся покупать данную модель, начитался много плохих отзывов. Много брака. Решился и остался доволен покупкой. Аппарат можно полностью настроить под себя. Все глюки лечатся, главное чтобы руки росли не из попы.--------------Не рекомендую покупать его людям, которые хотят все и сразу, для них предусмотрены дебильные аппараты на базе закрытых ОС - МАС или Симбиан. Немного пошарив в инете и написав простенький скрипт установил Андроид ОС.",positive,neutral,"At first I was very afraid to buy this model, I read a lot of bad reviews. A lot of marriage. I decided and was satisfied with the purchase. The device can be fully customized for itself. All glitches are treated, the main thing is that the hands do not grow from the ass.---------I do not recommend buying it for people who want everything at once, they have debilitating devices based on closed OS - MAS or Simbian. A little browsing in the Internet and writing a simple script installed Android OS.",True,positive->neutral,0.375,split,positive->neutral|low|split,,,,,,,,negative,1.0,0.0,negative,1.0,0.9554142951965332,neutral,3.0,0.5491036176681519,positive,5.0,0.997846245765686,negative,1.0,0.5493836998939514,positive,5.0,0.4869437983047136,neutral,3.0,0.0,neutral,3.0,0.4609948604483229
314,0,"И так.. все было хорошо, быстрый, удобный, звук нормальный. Но через месяц после покупки стал сильно греться, при том, что установлено минимум софта. Смотришь ролик в ютубе на 720p и телефон прям аж раскаляется. Далее пошло так. Включаешь игру или видео - минут 5, дикий нагрев и потом пишет ""заряд аккамулятора 0%"" и вырубается, какой бы не был заряд - пишет одно. Нагрев в верхней части телефона.",negative,neutral,"So, everything was fine, fast, comfortable, sound normal. But a month after the purchase began to warm up, despite the fact that installed a minimum of software. You watch a 720p YouTube video and the phone gets hot. Then it went like this. Turn on the game or video - 5 minutes, wild heating and then writes ""charge of the battery 0%"" and knocks out, no matter what the charge - writes one. Heat at the top of the phone.",True,negative->neutral,0.625,majority,negative->neutral|medium|majority,,,,,,,,positive,5.0,0.0,neutral,3.0,0.9995453953742981,neutral,3.0,0.7656933665275574,negative,1.0,0.9682090878486633,neutral,3.0,0.5224310159683228,neutral,3.0,0.6640722787497971,neutral,3.0,0.0,positive,5.0,0.5587702630045853
317,0,"Раньше всегда пользовалась телефонами этой марки. Больше никогда не куплю телефон Nokia, слава богу их основной офис закрылся/продался/подробностей не знаю. Этим чудом пользуюсь два года только потому, что жалко тратиться снова на другую модель. Глючный, любящий самопроизвольно перезагружаться, неудобный для нахождения в интернете телефон. Купила его, клюнув на отличную камеру и приятный дизайн.",negative,positive,"I've always used this brand's phones before. I will never buy a Nokia phone again, thank goodness their main office is closed/sold/I don't know the details. I have been using this miracle for two years because it is a pity to spend money on another model. A buggy, loving to spontaneously reboot, inconvenient to be on the Internet phone. I bought it with a great camera and a nice design.",True,negative->positive,0.5,split,negative->positive|low|split,,,,,,,,positive,5.0,0.0,positive,5.0,0.9672446250915527,neutral,3.0,0.6513623595237732,positive,5.0,0.9960518479347229,negative,1.0,0.4015512764453888,neutral,3.0,0.5384834675137348,neutral,3.0,0.0,positive,5.0,0.581989259676183
322,0,"Это мой 5й HTC (Diamond->DesireHD->Sensation->Senastion XE), размеры наконец-то сделали именно такими как мне хотелось бы, экран отличный, разрешение высокое, стекло антивандальное, в руке лежит удобно. При своих размерах не тяжелый, не выпускаю из рук по 3 часа и более, руки не устают.  Не поняла, что с цветами экрана, об этом никто не пишет. Значит, или я гиперчувствительна, или у меня брак. По ср.",neutral,positive,"This is my 5th HTC (Diamond->DesireHD->Sensation->Senastion XE), the dimensions finally made exactly as I would like, the screen is excellent, the resolution is high, the glass is anti-vandal, in the hand is comfortable. With its size is not heavy, do not let go of hands for 3 hours or more, hands do not get tired. I didn't realize that with the colors of the screen, nobody writes about it. So either I'm hypersensitive or I'm married. Sr.",True,neutral->positive,0.75,majority,neutral->positive|medium|majority,,,,,,,,positive,5.0,0.0,neutral,3.0,0.6524538397789001,neutral,3.0,0.7365038990974426,positive,5.0,0.9991174340248108,positive,5.0,0.5988470911979675,positive,5.0,0.683906959289264,positive,5.0,0.0,positive,5.0,0.62
323,0,"Ломался уже три раза!Горантия у него год, а прослужил с момента покупки всего 2 месяца. Отвезли в сервисный центр, починили, через месяц снова сломался.Отвезли в сервисный центр, починили, через 2 месяца сломался. Больше им пользоваться не буду. Первый месяц я восторгалась этим телефоном. Потом начал глючить.",negative,neutral,"He has a year of horantia, and has served since the purchase only 2 months. Taken to the service center, repaired, a month later broke again.Transferred to the service center, repaired, after 2 months broke down. I won't use it again. For the first month, I was excited about this phone. Then he started to glitch.",True,negative->neutral,0.125,split,negative->neutral|low|split,,,,,,,,negative,1.0,0.0,negative,1.0,0.9998377561569214,negative,1.0,0.7243419885635376,negative,1.0,0.9385697841644287,positive,5.0,0.44923242926597595,positive,5.0,0.5293716310582147,positive,5.0,0.0,neutral,3.0,0.5055790356896707
324,0,"Начну с того, что сейчас себе и родным стараюсь покупать телефоны топовой линейки Самсунга и Сони. Когда-то давно из-за нехорошей жизни купил себе китайфон и за 1,5 года он мне очень много нервов потрепал. Топовые линейки от бюджетных телефонов отличаются разительно. Кто ими пользовался на бюджетные не перейдет. Нет никакого внимания к деталям. Асусами, Самсунгами серии J, HTC и LG просто неприятно пользоваться.",positive,negative,"Let me start with the fact that now I try to buy phones of the top line of Samsung and Sony. When - That long ago, because of a bad life, I bought a Chinese phone, and for 1.5 years, he touched me very much nerves. Top lines from budget phones differ dramatically. Who used them on the budget will not pass. There's no attention to detail. Asusami, Samsung series J, HTC and LG just unpleasant to use.",True,positive->negative,0.375,majority,positive->negative|low|majority,,,,,,,,negative,1.0,0.0,neutral,3.0,0.7103467583656311,neutral,3.0,0.7521817684173584,negative,1.0,0.9590463638305664,negative,1.0,0.7356240749359131,neutral,3.0,0.4317343878373787,neutral,3.0,0.0,neutral,3.0,0.45
326,0,Впринципе неплохой телефон. Он стал как родной и когда я его поменяю его на новый мне будет трудно с ним расстаться(,neutral,positive,"It's basically a good phone. He became like a native, and when I change him to a new one, it will be difficult for me to part with him.",True,neutral->positive,0.375,majority,neutral->positive|low|majority,,,,,,,,positive,5.0,0.0,neutral,3.0,0.9998844861984253,neutral,3.0,0.6502536535263062,positive,5.0,0.9985823631286621,positive,5.0,0.93982994556427,neutral,3.0,0.7769517707104019,neutral,3.0,0.0,neutral,3.0,0.73
330,0,"для своих денег не плохой аппарат, купил чисто случайно... Разбил более респектабельный смартфон, совсем не далеко от салона связи. Ну оочень нужна была телефонная связь. Зашел, говорю - :нужен отличный телефон не дороже 5000 т.р. это оказался лучший вариант на эти деньги... Поюзал пару месяцев и придарил знакомой... А так в принципе для своей цены не плохая модель, правда притормаживает слегка...",neutral,positive,"For your money is not a bad machine, bought purely by accident. Broke a more respectable smartphone, not far from the communication salon. I really needed a phone connection. I came in, I say - : we need a great phone no more than 5000 rubles. it turned out to be the best option for this money ... I spent a couple of months and gave a friend... And so in principle for its price is not a bad model, the truth slows down slightly.",True,neutral->positive,0.5,split,neutral->positive|low|split,,,,,,,,positive,5.0,0.0,neutral,3.0,0.9747340679168701,neutral,3.0,0.5224836468696594,neutral,3.0,0.6089844703674316,negative,1.0,0.39753857254981995,positive,5.0,0.49273519257235737,positive,5.0,0.0,positive,5.0,0.43
332,0,"Вообще шла за Sony z3, и даже купила. Стала дома юзать, а экран как ""дети подземелья"".... ничего не видно. Яркость выкручена уже была изначально на максимум. И никакие танцы с бубном мне не помогли. И это был для меня решающий фактор, так как глаза от такого тусклого экрана устают сразу же. Пошла меня на что то другое. Яблоко не куплю из принципа никогда))) Консультант посоветовал хуавейку. Сказал, что та же сонька, только стоит меньше, так как за бренд не надо переплачивать.",positive,negative,"I went for the Sony Z3 and even bought it. Became at home, and the screen is like “children of the dungeon.” The brightness was already at its maximum. And no amount of drum dancing helped me. And that was the deciding factor for me, because the eyes of such a dim screen get tired immediately. Fuck me for something else. I will never buy an apple on principle. Consultant advised Huawei. He said that the same drowsy, but it costs less, since you do not need to overpay for the brand.",True,positive->negative,0.875,majority,positive->negative|high|majority,,,,,,,,negative,3.0,0.0,negative,1.0,0.9987810254096985,neutral,3.0,0.7165546417236328,negative,1.0,0.9937463998794556,negative,1.0,0.7783345580101013,negative,1.0,0.5559101286598014,negative,1.0,0.0,negative,1.0,0.66
334,0,В остальном смартфоном был доволен.,neutral,positive,The rest of the smartphone was happy.,True,neutral->positive,0.5,split,neutral->positive|low|split,,,,,,,,positive,5.0,0.0,neutral,3.0,0.9529692530632019,positive,5.0,0.8195112347602844,positive,5.0,0.975243091583252,positive,5.0,0.9066556096076965,neutral,3.0,0.5298840322374212,neutral,3.0,0.0,neutral,3.0,0.47536645372567526
336,0,Другие впечатления померкли,negative,neutral,Other impressions faded.,True,negative->neutral,0.75,majority,negative->neutral|medium|majority,,,,,,,,positive,3.0,0.0,neutral,3.0,0.999982476234436,neutral,3.0,0.8770655989646912,neutral,3.0,0.7302582263946533,negative,1.0,0.7604564428329468,neutral,3.0,0.5298840322374212,neutral,3.0,0.0,neutral,3.0,0.47536645372567543
337,0,"После покупки телефон был прошит последней официально прошивкой и переключен на английский язык. После этого его настройка заняла почти три дня, в основном из-за того что был непривычен к 6 андроиду. По началу пропускал важные уведомления, пока не настроил правильно все разрешения для приложений. На сегодняшний день телефон работает практически идеально, смущает только батарея.",neutral,positive,"After the purchase, the phone was stitched with the latest official firmware and switched to English. After that, it took almost three days to set up, mostly due to being unaccustomed to the 6 android. At first, I skipped important notifications until I configured all permissions for apps correctly. To date, the phone works almost perfectly, only the battery confuses.",True,neutral->positive,0.625,majority,neutral->positive|medium|majority,,,,,,,,positive,5.0,0.0,negative,1.0,0.6406419277191162,neutral,3.0,0.8156741261482239,positive,5.0,0.9976502060890198,positive,5.0,0.3855053186416626,neutral,3.0,0.47588893216032635,positive,5.0,0.0,positive,5.0,0.47
341,0,"в принципе ничего телефон. я брал его в декабре 2011 за 9990р, и это был просто ""вау"" аппарат.. сейчас, конечно, уже не очень.. за последние 2 месяца вообще стал разваливаться, сначала захрипел один динамик, теперь другой, музыку уже не послушаешь, расшатался разъем наушников. батарейка держит не очень, это да.  задумываюсь над покупкой нового аппарата и всё больше склоняюсь к китайцам.. и недорого и качественно, в последнее время",neutral,negative,"In principle, nothing phone. I took it in December 2011 for 9990r, and it was just a ""wow"" device.. now, of course, not very.. over the past 2 months generally began to fall apart, first one speaker hoarsed, now another, the music will not listen, the headphone jack shattered. the battery does not hold very, this is yes. I am thinking about buying a new device and increasingly leaning towards the Chinese..",True,neutral->negative,0.5,split,neutral->negative|low|split,,,,,,,,neutral,3.0,0.0,neutral,3.0,0.9997338652610779,neutral,3.0,0.7598147392272949,negative,1.0,0.6512643694877625,negative,1.0,0.609653890132904,neutral,3.0,0.40088356132726805,negative,1.0,0.0,negative,1.0,0.47
342,0,Если бы не брак то впечатления от телефона положительные.с повседневными задачами справляется полудше моего старого Nokia5.жене нравится.а это главное))),neutral,positive,"If it were not for marriage, the impression of the phone is positive. with everyday tasks copes half as much as my old Nokia5.",True,neutral->positive,0.5,split,neutral->positive|low|split,,,,,,,,positive,5.0,0.0,positive,5.0,0.9995142221450806,positive,5.0,0.5685936808586121,neutral,3.0,0.789442241191864,positive,5.0,0.9205961227416992,neutral,3.0,0.47157925123308947,neutral,3.0,0.0,neutral,3.0,0.4656626954416316
343,0,"Все, что заложено в телефон - работает хорошо и приятно. Оптимальный вариант, если телефон нужен для звонков и общения по асе и не требуется бОльшая функциональность (MP3 плеер, и т. д.).",neutral,positive,"Everything in the phone works well and pleasantly. The best option is if the phone is needed for calls and communication on the ace and does not require more functionality (MP3 player, etc.).",True,neutral->positive,0.875,majority,neutral->positive|high|majority,,,,,,,,positive,5.0,0.0,positive,5.0,0.9926170706748962,positive,5.0,0.8214503526687622,positive,5.0,0.9982251524925232,positive,5.0,0.8874940276145935,neutral,3.0,0.49872458367387257,positive,5.0,0.0,positive,5.0,0.54
349,0,"Покупала маме в подарок, в итоге через полгода возникли 2 проблемы:1. Стал самопроизвольно отключаться прямо в руках. При наборе номера, либо когда просто лежал в сумке.2. Часто терял связь с сим картой и абоненту нередко не могли дозвониться, потом сама собой через какое то время связь вновь появлялась.В итоге успели по гарантии отремонтировать, заменили материнскую плату, посмотрим насколько еще хватит.",neutral,negative,"I bought my mother as a gift, as a result, after six months there were 2 problems: 1. He spontaneously turned off in his hands. When dialing or just lying in the bag 2. Often lost contact with the SIM card and the subscriber often could not get through, then the connection reappeared after some time. As a result, we managed to repair the guarantee, replaced the motherboard, we will see how much more is enough.",True,neutral->negative,0.5,split,neutral->negative|low|split,,,,,,,,negative,1.0,0.0,negative,1.0,0.9996569156646729,neutral,3.0,0.7195006608963013,negative,1.0,0.5099853873252869,neutral,3.0,0.7976639866828918,positive,5.0,0.4909265194007725,positive,5.0,0.0,negative,1.0,0.63
356,0,за 12к лучший аппарат - брать самсунг i9003 без трекбола и с 3мя кнопками - не лучшее решение. Удобство на первом месте(но i5700 намного удобнее был... ех мощность desire бы в него и цены бы не было),neutral,positive,"For 12k, the best device is to take a Samsung i9003 without trackball and with 3 buttons - not the best solution. Convenience comes first (but the i5700 was much more convenient... the power of desire would be in it and the price would not be)",True,neutral->positive,0.5,split,neutral->positive|low|split,,,,,,,,positive,5.0,0.0,positive,5.0,0.982433557510376,positive,5.0,0.9401642680168152,negative,1.0,0.559810221195221,negative,1.0,0.5254995226860046,neutral,3.0,0.35068481473347707,positive,5.0,0.0,neutral,3.0,0.6590306357947808
360,0,"Металлический корпус вызывает неприятные ощущения. 1,5 дня - для заявленной мощности батареи МАЛО. В результате телефон передарен.",neutral,negative,"The metal body causes unpleasant sensations. 1.5 days - for the declared power of the battery. As a result, the phone is handed over.",True,neutral->negative,0.25,majority,neutral->negative|low|majority,,,,,,,,negative,1.0,0.0,neutral,3.0,0.9999358654022217,neutral,3.0,0.7575322389602661,negative,1.0,0.9430750012397766,neutral,3.0,0.6470271944999695,neutral,3.0,0.6107851301745939,neutral,3.0,0.0,neutral,3.0,0.6366099687096404
363,0,"выбором вполне доволен, за время пользование нареканий не вызвал, советовать покупать не буду - у каждого свой вкус!",neutral,positive,"The choice is quite satisfied, during the use of complaints did not cause, I will not advise to buy - everyone has their own taste!",True,neutral->positive,0.625,majority,neutral->positive|medium|majority,,,,,,,,positive,3.0,0.0,positive,5.0,0.9663110375404358,positive,5.0,0.8211982846260071,neutral,3.0,0.793034553527832,positive,5.0,0.9351274967193604,negative,1.0,0.3654001542366657,positive,5.0,0.0,negative,1.0,0.6
366,0,"В начале марта цена зависела от цвета, причём в продаже были только варианты с белой передней панелью.",neutral,negative,"In early March, the price depended on the color, and only options with a white front panel were on sale.",True,neutral->negative,0.5,split,neutral->negative|low|split,,,,,,,,neutral,3.0,0.0,negative,1.0,0.9993282556533813,neutral,3.0,0.7729775905609131,neutral,3.0,0.9918844699859619,negative,1.0,0.5336730480194092,negative,1.0,0.42320987358016965,negative,1.0,0.0,neutral,3.0,0.8471622349429109
371,0,"первый год телефон не вызывал никаких нареканий, лишь восторг. Потом начался отклеиваться дисплей, расшатался разъем под наушники, заметно ухудшились качества фотографии на основной камере(похоже что-то со стеклом камеры). При учете, что телефон все время был в чехле, очень слабые показатели надежности.  Худшее качество сборки из всех аппаратов, которыми когда-либо пользовался",negative,neutral,"The first year, the phone did not cause any complaints, only delight. Then the display began to peel off, the headphone jack shattered, the quality of the photo on the main camera significantly deteriorated (similar to something with the camera glass). Considering that the phone was in the case all the time, very weak reliability indicators. The worst build quality of any machine ever used",True,negative->neutral,0.375,split,negative->neutral|low|split,,,,,,,,negative,1.0,0.0,neutral,3.0,0.995884358882904,neutral,3.0,0.6544846892356873,negative,1.0,0.9989539384841919,negative,1.0,0.6905460953712463,neutral,3.0,0.4382205025870706,positive,5.0,0.0,positive,5.0,0.41
372,0,"Купила эту модель в ноябре прошлого года. Была просто в восторге от нее. Но к сожалению что то случилось с моим девайсом и он просто перестал работать. Видимо был какой то глюк. Ну или это моя карма (телефоны всегда ломаются в начале сами) Далее следовали месяцы использования, пока я в один прекрасный день не уронила его на асфальт. Но ладно бы он упал с высоты 1.5 метра. Он просто соскользнул с колен, когда вылезала из машины. В итоге: царапина незаметная, но сенсор не работает.",neutral,negative,"I bought this model last November. I was just excited about her. But unfortunately something happened to my device and it just stopped working. There must have been a glitch. Or it's my karma (phones always break in the beginning) Months of use followed until one day I dropped it on the pavement. But it would have fallen from a height of 1.5 meters. He just slipped off his knees as he got out of the car. As a result, the scratch is invisible, but the sensor does not work.",True,neutral->negative,0.5,split,neutral->negative|low|split,,,,,,,,negative,1.0,0.0,neutral,3.0,0.9967965483665466,negative,1.0,0.5073450803756714,negative,1.0,0.7089877128601074,negative,1.0,0.5107560157775879,neutral,3.0,0.4716194368601428,neutral,3.0,0.0,positive,5.0,0.57
374,0,"У меня он уже пол года. Некоторые не довольны сетью, но надо понимать что у них две модификации а3000 и а3003, для нашего региона вторая модификация, проблем с сетью не знаю, наоборот ловит там где другие телефоны мертвые были. Даже сеть 4g показывает, надо симку сменить, посмотреть как пулять будет.",positive,neutral,"I've had it for half a year. Some are not happy with the network, but we must understand that they have two modifications of the A3000 and A3003, for our region the second modification, I do not know problems with the network, on the contrary, catches where other phones were dead. Even the 4G network shows you need to change the SIM, see how the bullet will work.",True,positive->neutral,0.625,majority,positive->neutral|medium|majority,,,,,,,,negative,1.0,0.0,neutral,3.0,0.9998010993003845,neutral,3.0,0.786003053188324,positive,5.0,0.9956492781639099,negative,1.0,0.7710685133934021,neutral,3.0,0.8047820015408196,neutral,3.0,0.0,neutral,3.0,0.6231284699090724
378,0,"Конечно время работы это очень большое преимущество этого телефона, тут без претензий, у меня он работал 5 дней в обычном режиме с двумя симками, включенными вафлей, блютуз и максимальной подсветкой экрана. Звоню я много и пользуюсь мессенджерами, плюс стабильно 3-4 часа в день аудиокниги с трансляцией через БТ на магнитолу. Иногда напрямую с нета через 3Г. Ну и андроид, тут говорить много бессмысленно, все его преимущества реализованы.",negative,positive,"Of course, the working time is a very big advantage of this phone, there are no complaints, I have it worked 5 days in normal mode with two SIMs, waffles, bluetooth and maximum screen illumination. I call a lot and use instant messengers, plus consistently 3-4 hours a day audiobook with broadcast via BT to the tape. Sometimes directly from net through 3G. Well, android, there is much pointless to say, all its advantages are realized.",True,negative->positive,0.375,majority,negative->positive|low|majority,,,,,,,,positive,3.0,0.0,neutral,3.0,0.6255483031272888,neutral,3.0,0.6629859209060669,positive,5.0,0.9956041574478149,positive,5.0,0.5463334321975708,neutral,3.0,0.8198403324679405,neutral,3.0,0.0,neutral,3.0,0.6
379,0,"Просто при покупке внимательно изучите аппарат, возможно дефекты сборки присутствуют не во всех моделях. Описывать камеру, качество звучания, меню, цену смысла не вижу т.к. все более чем стандартно. Здесь модель сюрпризов не преподносит. Наконец-то до ума довели операционную систему (в сравнении со ""стабильным"" nokia n82) - лично у меня глюков практически никаких - почти все работает БЫСТРО и корректно.",neutral,positive,"Just when buying, carefully examine the device, perhaps assembly defects are not present in all models. To describe the camera, the sound quality, the menu, the price of meaning I do not see. There's no surprise model here. Finally brought to mind the operating system (in comparison with the ""stable"" nokia n82) - personally I have almost no glitches - almost everything works quickly and correctly.",True,neutral->positive,0.25,majority,neutral->positive|low|majority,,,,,,,,positive,5.0,0.0,neutral,3.0,0.9999842643737793,neutral,3.0,0.8814877867698669,positive,5.0,0.9882297515869141,neutral,3.0,0.4503004252910614,neutral,3.0,0.6124305102773986,neutral,3.0,0.0,neutral,3.0,0.54
380,0,"не купил бы второй раз. хотя до этого ксениумы брал постоянно была б возможность сдал , но уже чуток покоцал сбоку",negative,neutral,"I would not have bought it a second time, although before that the xenium took it constantly would have been an opportunity to pass, but already a little shaky sideways.",True,negative->neutral,0.875,majority,negative->neutral|high|majority,,,,,,,,neutral,3.0,0.0,neutral,3.0,0.9982312321662903,neutral,3.0,0.6579644680023193,neutral,3.0,0.7285407185554504,negative,1.0,0.7843001484870911,neutral,3.0,0.5444822793533306,neutral,3.0,0.0,neutral,3.0,0.76
383,0,Перед этим было Нокиа735. Сравнивать нельзя- совершенно разные уровни. Xiaomi Redmi 4 Prime великолепен.,positive,neutral,Before that was Nokia735. It is impossible to compare completely different levels. The Xiaomi Redmi 4 Prime is great.,True,positive->neutral,0.625,majority,positive->neutral|medium|majority,,,,,,,,positive,5.0,0.0,neutral,3.0,0.9327138066291809,neutral,3.0,0.6927251219749451,positive,5.0,0.9953135251998901,neutral,3.0,0.8642286062240601,neutral,3.0,0.5871927685460329,neutral,3.0,0.0,negative,1.0,0.7561652240512073
384,0,"Повелась на 8мп и вспышку, ожидание не оправдались. Ползуюсь больше месяца,разочаровал с первых часов использования. Д",neutral,negative,"I fell on 8mp and flash, the expectation was not justified. I've been crawling for over a month, disappointed since the first hours of use. D.",True,neutral->negative,0.5,split,neutral->negative|low|split,,,,,,,,negative,1.0,0.0,negative,1.0,0.8689307570457458,neutral,3.0,0.5068782567977905,negative,1.0,0.942943811416626,negative,1.0,0.7068898677825928,neutral,3.0,0.6488239454236685,neutral,3.0,0.0,neutral,3.0,0.752388709828488
385,0,"Я очень часто меняю телефоны. Сони был исключением, к сожалению аппарат очень сильно потерял в цене да и впечатления оставил мягко говоря странные. Дизайн , функционал на самом высшем уровне но как телефон.....Качество связи ужасное. Голоса особенно женские искажает до невозможности часть  звуков вообще пропадает. Спасло пользование гарнитурой. Продал с потерей в 2 тысячи рублей. Может партия такая была но почитав отзывы понял что модель такая - неудачная. Покупал на байоне.",neutral,negative,"I change phones very often. Sony was an exception, unfortunately, the device very much lost in price and the impression left to put it mildly strange. Design, functionality at the highest level, but as a phone. ... The quality of communication is terrible. Voices especially women distort to the impossibility of some sounds disappear altogether. Saved using the headset. Sold with a loss of 2 thousand rubles. Maybe the party was like that, but after reading the reviews, I realized that the model was such a failure. I bought it on a bayon.",True,neutral->negative,0.75,majority,neutral->negative|medium|majority,,,,,,,,negative,1.0,0.0,negative,1.0,0.8015434145927429,negative,1.0,0.7807311415672302,negative,1.0,0.9148392081260681,negative,1.0,0.47618502378463745,neutral,3.0,0.7077631353994542,neutral,3.0,0.0,negative,1.0,0.43
386,0,"пользуюсь с момента выхода. Ни разу не разочаровывал меня этот телефон. Сменил уже 1 корпус и 2 батареи. Живучий опять же, сколько я ег ораз не ронял - ему хоть бы хны. Для текущих задач хватает сполна. Управляется одной рукой! не то что нынешние ""мобильные"" телефоны, у которых до верхней шторки одной рукой не дотянуться. В общем, была бы нужда в смене телефона, купил бы его ещё раз.",positive,neutral,"I've been using since I left. I have never been disappointed by this phone. I have already changed 1 body and 2 batteries. Again, as long as I haven't dropped his oracle, he's got hens. There is enough for current tasks. Controlled with one hand! not like the current ""mobile"" phones, which can not reach the top curtain with one hand. I would need to change my phone and buy it again.",True,positive->neutral,0.625,majority,positive->neutral|medium|majority,,,,,,,,positive,5.0,0.0,neutral,3.0,0.9998912811279297,neutral,3.0,0.6420485973358154,positive,5.0,0.9996762275695801,negative,1.0,0.608256995677948,neutral,3.0,0.5324359934769677,neutral,3.0,0.0,neutral,3.0,0.564560504454901
389,0,"Выбирал компактный телефон на замену Samsung S4 mini В конкурентах этого А3 был только сони Z3 compact  Долго думал - какой лучше, но при подсчёте плюсов и минусов лично для меня - самсунг выиграл с заметным перевесом. У него лучше: дисплей, внешний вид, цена, защита экрана, звук - скорее лучше, чем хуже, удобная форма и наличие клавиш под экраном, которые у сони съедают и без того маленькое полезное пространство.  Телефон хороший, приятный.",neutral,positive,"Choosing a compact phone to replace the Samsung S4 mini The competitors of this A3 was only Sony Z3 compact Long thought - which is better, but when calculating the pros and cons for me personally - Samsung won by a noticeable margin. It has better: display, appearance, price, screen protection, sound - rather better than worse, convenient shape and the presence of keys under the screen, which eat up the already small useful space. The phone is nice, nice.",True,neutral->positive,0.625,majority,neutral->positive|medium|majority,,,,,,,,positive,5.0,0.0,neutral,3.0,0.9990211725234985,neutral,3.0,0.5690813660621643,positive,5.0,0.9105095267295837,positive,5.0,0.9299324154853821,neutral,3.0,0.47580954406140324,positive,5.0,0.0,positive,5.0,0.6544209643103294
391,0,"Не знаю, как у вас, но у меня и моих знакомых телефоны леново больше полугода или года не живут. Очень расстроена.",neutral,negative,"I don’t know about you, but my friends and I don’t have phones for more than six months or a year. Very upset.",True,neutral->negative,0.5,split,neutral->negative|low|split,,,,,,,,neutral,3.0,0.0,negative,1.0,0.9306797981262207,negative,1.0,0.5391180515289307,negative,1.0,0.8550435304641724,negative,1.0,0.7316816449165344,neutral,3.0,0.6896656062400399,neutral,3.0,0.0,neutral,3.0,0.5464574092258728
392,0,"Бюджетная модель, до флагманов топовых марок не дотягивает. Зато и стоит в 3 раза дешевле. Была бы отличным вариантом, если бы не общая ""болезнь"" китайцев - брак.",negative,neutral,"Budget model, to the flagships of top brands does not reach. But it costs 3 times cheaper. It would be a great option if it were not for the common Chinese disease - marriage.",True,negative->neutral,0.625,majority,negative->neutral|medium|majority,,,,,,,,positive,5.0,0.0,neutral,3.0,0.999805748462677,neutral,3.0,0.8183040022850037,neutral,3.0,0.5793277025222778,negative,1.0,0.8077706098556519,neutral,3.0,0.5285596350955087,neutral,3.0,0.0,negative,1.0,0.4259863893598941
394,0,"Что тут сказать, отличный бюджетный телефон, брал за 2куска, остался доволен, отличный перевод(Для китайца).",neutral,positive,"What to say, an excellent budget phone, took for 2 pieces, was satisfied, excellent translation (For Chinese).",True,neutral->positive,0.875,majority,neutral->positive|high|majority,,,,,,,,positive,5.0,0.0,neutral,3.0,0.6571053862571716,positive,5.0,0.5667245984077454,positive,5.0,0.9989066123962402,positive,5.0,0.8077842593193054,positive,5.0,0.8445474882609284,positive,5.0,0.0,positive,5.0,0.74
395,0,за эту цену топ аппарат,positive,neutral,price tag,True,positive->neutral,0.625,majority,positive->neutral|medium|majority,,,,,,,,neutral,3.0,0.0,neutral,3.0,0.805356502532959,neutral,3.0,0.5407012701034546,negative,1.0,0.4832865297794342,neutral,3.0,0.7462483644485474,positive,5.0,0.3605338400420006,positive,5.0,0.0,neutral,3.0,0.40147963879519255
402,0,"1. Аккумулятор продержался около года. Зарядку начал терять очень быстро. Доходило до того, что на холоде при температуре около 0, совершив звонок около 1-й минуты терял 40% зарядки. В дальнейшем подводил часто разряжаясь мгновенно в самый неподходящий момент. 2. Периодические проблемы с соединением. Сбросы вызовов во время разговора. Пробовал и МТС и Мегафон. Без разницы. Иногда по 2 раза во время одного разговора. 3. Периодически собеседник перестаёт меня слышать.",neutral,positive,"1. The battery lasted about a year. The charger started to lose very quickly. It got to the point that in the cold at a temperature of about 0, making a call about the 1st minute lost 40% of charging. In the future, he failed often discharging instantly at the most inopportune moment. 2. Periodic connection problems. Call drops during a conversation. I tried both MTS and MegaFon. Whatever. Sometimes 2 times during a conversation. 3 Periodically, the interlocutor ceases to hear me.",True,neutral->positive,0.5,split,neutral->positive|low|split,,,,,,,,negative,1.0,0.0,positive,5.0,0.565126895904541,neutral,3.0,0.7778516411781311,negative,1.0,0.9636794328689575,neutral,3.0,0.8959828615188599,positive,5.0,0.5571435160106829,positive,5.0,0.0,positive,5.0,0.49
403,0,"Телефон купил супруге в качестве подарка, купил белый La fleur, он ей очень приглянулся. Она от телефона в восторге, к нему еще розовую меховушку приобрели и розовый чехол, в общем полный набор для девушки. Для меня было важно оснащение и качество. Про качество нареканий нет, за 2 месяца ни одного люфта или скрипа. Но вот оснащение очень страдает.",neutral,positive,"The phone was bought by his wife as a gift, bought a white La fleur, she really liked it. She is delighted with the phone, a pink fur coat was also purchased for him, in general a full set for the girl. For me, equipment and quality were important. There are no complaints about the quality, for 2 months not a single backlash or creak. But the equipment is suffering.",True,neutral->positive,0.375,split,neutral->positive|low|split,,,,,,,,negative,3.0,0.0,positive,5.0,0.9671647548675537,neutral,3.0,0.6429874300956726,positive,5.0,0.9160284996032715,positive,5.0,0.8071077466011047,neutral,3.0,0.49384221380155174,neutral,3.0,0.0,neutral,3.0,0.43
405,0,"при активном использовании от розеток лучше не отходить, ночной зарядки хватает максимум до обеда. При использовании навигатора автомобильной зарядки уже не хватает, примерно через час начинает отключаться. Виснет не реже двух раз в день. За год намучался так, что теперь продаю.",negative,neutral,"with active use, it is better not to move away from the outlets, night charging is enough until lunch. When using the navigator, car charging is no longer enough, after about an hour it begins to turn off. Hangs at least twice a day. Over the past year, I’ve been selling so much.",True,negative->neutral,0.75,majority,negative->neutral|medium|majority,,,,,,,,positive,5.0,0.0,neutral,3.0,0.9989933371543884,neutral,3.0,0.767238199710846,negative,1.0,0.8425185680389404,neutral,3.0,0.8411136269569397,neutral,3.0,0.6119722309884055,neutral,3.0,0.0,neutral,3.0,0.7055790356896706
406,0,"Данное устройство приобреталось для безопасности ребенка: чтобы он мог позвонить, отправить сообщение, можно было сделать фото обстановки, видеть историю перемещения.По факту в реальных условиях можно в основном только звонить.Сигнал SOS часы отправляют, но в приложении он приходит редко за 10 минут, в основном это 30-90 минут, один раз шло 6 часов.",negative,neutral,"This device was purchased for the safety of the child: so that he could call, send a message, you could take a photo of the situation, see the history of movement. The SOS clock is sent, but in the application it rarely comes in 10 minutes, mostly 30-90 minutes, once went 6 hours.",True,negative->neutral,0.5,split,negative->neutral|low|split,,,,,,,,positive,3.0,0.0,neutral,3.0,0.6301745176315308,neutral,3.0,0.7956947684288025,positive,5.0,0.5739561319351196,neutral,3.0,0.9196614027023315,negative,1.0,0.5448895864330762,negative,1.0,0.0,neutral,3.0,0.47
407,0,"Модель хороша за свои деньги и придираться не стоит, но все же неприятно ходить с телефоном с расфигаченным корпусом и с зарядом на критическом уровне.",neutral,negative,"The model is good for its money and is not worth picking on, but it is still unpleasant to walk with a phone with a broken case and a charge at a critical level.",True,neutral->negative,0.375,majority,neutral->negative|low|majority,,,,,,,,negative,1.0,0.0,neutral,3.0,0.9879533052444458,neutral,3.0,0.6643962860107422,negative,1.0,0.9144396185874939,negative,1.0,0.8061025142669678,neutral,3.0,0.8323668288037902,neutral,3.0,0.0,neutral,3.0,0.6043845640698907
408,0,Люди он не облазиет относится надо правельно,positive,negative,People don't care about it properly.,True,positive->negative,0.375,majority,positive->negative|low|majority,,,,,,,,negative,1.0,0.0,neutral,3.0,0.9986536502838135,neutral,3.0,0.8576187491416931,negative,1.0,0.9743552207946777,negative,1.0,0.6043612360954285,neutral,3.0,0.5298840322374212,neutral,3.0,0.0,neutral,3.0,0.4753664537256753
410,0,коментария нету но этот телефон рекомендую я всей семье купил по 1-оу они очень рады думают что он такой дорогой а я его купил моей жене захотелось я ей купил потом сын старший попросил я и ему купил потом средняя дочь и у неё теперь смартфон только младший не хочет ему 2 года,positive,neutral,No comment but this phone I recommend the whole family bought 1 oh they are very happy to think that it is so expensive and I bought it my wife wanted to buy her then the eldest son asked me and he bought then the middle daughter and she now has a smartphone only the younger does not want him 2 years,True,positive->neutral,0.375,split,positive->neutral|low|split,,,,,,,,positive,5.0,0.0,negative,1.0,0.9670828580856323,neutral,3.0,0.4793679416179657,positive,5.0,0.9855865240097046,positive,5.0,0.4925163984298706,negative,1.0,0.39624949469686,neutral,3.0,0.0,neutral,3.0,0.5
411,0,"Брал в январе 2010 года за 15к, серого цвета.В целом, телефоном доволен, хотя на момент покупки, цена была явно завышена. Но мне был нужен мультимедиа комбайн с кверти - и я его таки взял! Покупать сейчас бы не советовал, лучше взять что-нибудь типа Nokia C6 за 6-8 тыщ.",positive,neutral,"I took in January 2010 for 15k, gray. In general, the phone is happy, although at the time of purchase, the price was clearly overpriced. But I needed a multimedia harvester with a quilt - and I got it! Buy now would not advise, it is better to take something like Nokia C6 for 6-8 thousand.",True,positive->neutral,0.625,majority,positive->neutral|medium|majority,,,,,,,,positive,5.0,0.0,neutral,3.0,0.746252179145813,neutral,3.0,0.7656082510948181,positive,5.0,0.907086968421936,negative,1.0,0.6863129138946533,neutral,3.0,0.6999783225569427,neutral,3.0,0.0,neutral,3.0,0.47
412,0,"если бы не неожиданная поломка, то я бы сказал что он идеален, но теперь есть сомнения... UPD 15.02.2014 : Аппарат сдал в ремонт за неделю до нового года, на сегодняшний момент он побывал в трёх!",negative,neutral,"If it weren't for the unexpected breakdown, I'd say it's perfect, but now there are doubts. UPD 15.02.2014 : The device was repaired a week before the new year, so far it has visited three!",True,negative->neutral,0.625,majority,negative->neutral|medium|majority,,,,,,,,negative,3.0,0.0,neutral,3.0,0.9445856213569641,neutral,3.0,0.6896775960922241,positive,5.0,0.9772627949714661,negative,1.0,0.7789916396141052,neutral,3.0,0.7081256045263612,neutral,3.0,0.0,neutral,3.0,0.8936948243781027
414,0,"девайс стоит денег,но вот мне кажется что его щас тяжело найти.думаю что написал о нем все.мало написал хорошего,но поверьте на слово-хорошего в нем дофига.",positive,negative,"The device costs money, but it seems to me that it is now difficult to find.I think I wrote everything about it.I wrote little good, but believe the word-good in it a lot.",True,positive->negative,0.5,split,positive->negative|low|split,,,,,,,,neutral,3.0,0.0,positive,5.0,0.5080429911613464,neutral,3.0,0.5876737833023071,positive,5.0,0.6593114137649536,negative,1.0,0.5278375148773193,negative,1.0,0.5113696966008027,negative,1.0,0.0,negative,1.0,0.833435433619886
416,0,"Если есть возможность купите лучше sony-ericsson или nokia, уж эти телефоны не подведут!!!",neutral,negative,"If you can buy better sony-ericsson or Nokia, these phones will not fail!!!",True,neutral->negative,0.375,split,neutral->negative|low|split,,,,,,,,positive,5.0,0.0,negative,1.0,0.9999097585678101,neutral,3.0,0.8968912959098816,negative,1.0,0.4689061939716339,negative,1.0,0.431491494178772,neutral,3.0,0.45722822212810127,neutral,3.0,0.0,neutral,3.0,0.6333665535650767
419,0,"если им пользоваться как просто телефоном, то впечатления положительные. но стоит на него поставить такие приложения как Whatsapp, Сбербанк Онлайн и начать ими пользоваться, то начинаешь понимать, что производительности толком не хватает. Точнее скорее всего проблема в объёме памяти оперативной в 1гб, который не дает нормально работать телефону при наличии множества фоновых процессов.",neutral,negative,"If you use it as just a phone, the impressions are positive, but if you put such applications as Whatsapp, Sberbank Online on it and start using them, then you begin to understand that performance is not enough. More precisely, the problem is most likely in the amount of RAM in 1 GB, which does not allow the phone to work normally in the presence of many background processes.",True,neutral->negative,0.75,majority,neutral->negative|medium|majority,,,,,,,,negative,1.0,0.0,neutral,3.0,0.9929302334785461,neutral,3.0,0.8442227244377136,negative,1.0,0.987555205821991,negative,1.0,0.8792686462402344,negative,1.0,0.5245955369608979,negative,1.0,0.0,negative,1.0,0.51
420,0,отличный за свои деньги,neutral,positive,good-for-good,True,neutral->positive,0.875,majority,neutral->positive|high|majority,,,,,,,,neutral,3.0,0.0,positive,5.0,0.8609210252761841,positive,5.0,0.9872363209724426,positive,5.0,0.7466559410095215,positive,5.0,0.7332553267478943,positive,5.0,0.9986494349508016,positive,5.0,0.0,positive,5.0,1.0
421,0,"Телефон хороший, но до М8, в свое время, не дотягивает. Купил т.к. нет альтернатив с таким экраном, быстродействием и объемом памяти.",neutral,positive,"The phone is good, but it does not reach the M8. I bought it because there are no alternatives with such a screen, speed and memory.",True,neutral->positive,0.625,majority,neutral->positive|medium|majority,,,,,,,,negative,1.0,0.0,positive,5.0,0.9965925812721252,neutral,3.0,0.5574240684509277,positive,5.0,0.8925816416740417,negative,1.0,0.8857362866401672,positive,5.0,0.556211595565917,positive,5.0,0.0,positive,5.0,0.79
423,0,"камера тупо унылая.  что бы из нее что то вытянуть нужно приложить не мало усилий.  либо пойти путем настройки ручного режима,  либо пойти на крайние меры  - вносить изменения в прошивку и менять алгоритмы работы камеры. а на старом самсунге С3 я получал адекватные сочные снимки просто нажав кнопку.....",neutral,negative,"The camera is dull dull. that something should be pulled out of it, you need to make a lot of effort. either go by setting up the manual mode, or go to extreme measures - make changes to the firmware and change the algorithms of the camera. and on the old Samsung C3 I received adequate juicy pictures just by pressing a button.",True,neutral->negative,0.5,split,neutral->negative|low|split,,,,,,,,negative,1.0,0.0,negative,1.0,0.997043788433075,neutral,3.0,0.8132292628288269,negative,1.0,0.6625583171844482,negative,1.0,0.6838463544845581,neutral,3.0,0.635477137028725,neutral,3.0,0.0,neutral,3.0,0.55
425,0,"Расстроена. Очень долго ждала этого смартфона, не критично, но очень неприятны данные мелочи",neutral,negative,"I'm upset. Very long waited for this smartphone, not critical, but very unpleasant data trifles",True,neutral->negative,0.375,majority,neutral->negative|low|majority,,,,,,,,negative,1.0,0.0,neutral,3.0,0.9970309734344482,neutral,3.0,0.7048555016517639,negative,1.0,0.7709112763404846,negative,1.0,0.4696573317050934,neutral,3.0,0.7882647766945112,neutral,3.0,0.0,neutral,3.0,0.714734474467731
427,0,"При зарядке телефон сильно нагревается, из-за чего начал отклеиваться экран, потому что клей, на котором держится экран, не рассчитан на такую температуру. Через пол года использования телефон начал сильно подвисать. Очень плохой сканер отпечатка пальцев, который срабатывает о редких случаях",neutral,negative,"When charging, the phone gets very hot, which is why the screen began to peel off, because the glue on which the screen is held is not designed for this temperature. After half a year of use, the phone began to hang. Very bad fingerprint scanner that works on rare cases",True,neutral->negative,0.75,majority,neutral->negative|medium|majority,,,,,,,,negative,1.0,0.0,neutral,3.0,0.8899907469749451,neutral,3.0,0.5768511891365051,negative,1.0,0.9682969450950623,negative,1.0,0.661962628364563,negative,1.0,0.6293566176413362,negative,1.0,0.0,negative,1.0,0.73
428,0,"Ну и в выводах про главную придирку народа к нему - про батарею. Как бы не была удобна функция быстрой зарядки, от нее батарея только страдает - сильно уменьшается ее ресурс (и еще куча случаев, когда она вздувалась от нее). Я ее сразу отключил. Это раз. Также повыключал все ненужное, перевел телефон в средний режим экономии, запретил программам в спящем режиме лезть в сеть (кроме мессенджеров и почты).",positive,negative,"Well, in the conclusions about the main nagging of the people to him - about the battery. No matter how convenient the fast charging function is, the battery only suffers from it - its resource is greatly reduced (and a lot of cases when it swelled from it). I turned it off right away. This one. Also turned off all unnecessary, transferred the phone to medium saving mode, banned programs in sleep mode to climb into the network (except messengers and mail).",True,positive->negative,0.375,split,positive->negative|low|split,,,,,,,,negative,1.0,0.0,neutral,3.0,0.999113142490387,neutral,3.0,0.7219974398612976,positive,5.0,0.748030960559845,negative,1.0,0.5045174956321716,neutral,3.0,0.768419179236163,neutral,3.0,0.0,negative,1.0,0.44
430,0,Радио и плеер работают вроде нормально.Видеоплеер пока не проверял.Боковую кнопку нужно удерживать для переключения между симками - исходящего вызова.Для Входящих все три симки в режиме ожидания одновременно работают.Сразу на две не звонит-приемник один. Что-то с разьемом наушников не хочется время терять подогнул но.... .Как сглазил менеджер навязывая платные услуги по проверке телефона перед продажей.А теперь у них отговорка-сам виноват не заплатил.Пустяк а неприятно.,positive,neutral,Radio and player work kind of normal.Video player has not checked yet.Side button should be held to switch between SIMs - outgoing call.For Incoming all three SIMs in standby mode simultaneously work. What? I don’t want to lose time with the headphones but... How the manager jinxed imposing paid phone check services before selling. And now they have an excuse - he did not pay himself.,True,positive->neutral,0.875,majority,positive->neutral|high|majority,,,,,,,,neutral,3.0,0.0,neutral,3.0,0.9999001026153564,neutral,3.0,0.5252482891082764,negative,1.0,0.9514954090118408,neutral,3.0,0.4026613235473633,neutral,3.0,0.7868344970246457,neutral,3.0,0.0,neutral,3.0,0.6533145728825387
434,0,"В целом за 60000р этот телефон я бы не купил, даже не смотря на то, что я фанат марки LG. Но мне он достался за 22390р, в хорошей версии еще, за эту цену к нему претензий даже сейчас 05.2018 нет. Аналогов за эти деньги вы не найдете. В машине подцепляю к головному устройству Denon, играет на много интереснее iphone 7, Фото делаю со штатива в мануальном режиме на выдержке, достойно телефона, разница с зеркалом конечно есть, но не такая, чтобы взять чемодан с зеркалкой на променад или покатушки.",neutral,positive,"I wouldn’t buy this phone for 60,000 rubles, even though I’m a fan of the LG brand. But I got it for 22390r, in a good version still, for this price to him claims even now 05.2018 no. You will not find analogues for this money. In the car, I hook up to the Denon head unit, play much more interesting than the iPhone 7, I take photos from a tripod in manual mode at shutter speed, worthy of the phone, there is a difference with the mirror of course, but not so much as to take a suitcase with a DSLR on the promenade or a ride.",True,neutral->positive,0.5,split,neutral->positive|low|split,,,,,,,,positive,5.0,0.0,neutral,3.0,0.9999337196350098,positive,5.0,0.6779654026031494,positive,5.0,0.9909204244613647,positive,5.0,0.532493531703949,negative,1.0,0.6088348081111168,negative,1.0,0.0,neutral,3.0,0.61
435,0,"Люди у кого есть еще проблема с всплывающим уведомлением посоветуйте что можно сделать, меня это просто уже доконало, как отключить его не знаю, при наборе текста или если включения приложения опускается шторка уведомления, может у меня что то с дисплеем??? Глючить начал сравнительно не давно, до этого было такое но это не так напрягало(((",neutral,negative,"People who still have a problem with pop-up notification advise what can be done, I just finished how to turn it off I don’t know, when typing or if the app turns on the notification curtain, maybe I have something with the display??? It was a long time ago, but it wasn’t that hard.",True,neutral->negative,0.625,majority,neutral->negative|medium|majority,,,,,,,,negative,1.0,0.0,negative,1.0,0.9992814660072327,negative,1.0,0.564508855342865,positive,5.0,0.9668972492218018,negative,1.0,0.709540843963623,neutral,3.0,0.7685375072932705,neutral,3.0,0.0,negative,1.0,0.5080134923372324
442,0,"до этого у меня был и есть nokia e71, пользовался около 3х лет, пришло время менять..., после 610 думаю заменить нокию раз и навсегда на известный всем телефон...",negative,neutral,"Before that I had and still have nokia e71, used for about 3 years, it’s time to change... after 610 I think to replace Nokia once and for all on the well-known phone.",True,negative->neutral,0.5,split,negative->neutral|low|split,,,,,,,,neutral,3.0,0.0,negative,1.0,0.9605857729911804,neutral,3.0,0.7056477069854736,positive,5.0,0.8876928091049194,positive,5.0,0.7843078970909119,neutral,3.0,0.494139908054464,neutral,3.0,0.0,negative,1.0,0.54
443,0,"Я им пользуюсь почти 2 года, служит мне верой и правдой. Не самый лучший телефон в моей жизни, не буду скрывать) Я брала его только из-за ""такой"" клавиатуры, сейчас же можно найти и по-лучше)",negative,positive,"I have been using it for almost 2 years, serving me faithfully. Not the best phone of my life, I won’t hide it. I only took it because of the keyboard, now you can find better.",True,negative->positive,0.5,split,negative->positive|low|split,,,,,,,,positive,3.0,0.0,positive,5.0,0.9507407546043396,neutral,3.0,0.610554575920105,neutral,3.0,0.6304740309715271,positive,5.0,0.6816331744194031,negative,1.0,0.42516181678947257,positive,5.0,0.0,neutral,3.0,0.4623982553271519
445,0,"Буду немногословен: Вообщем, как обычно, у Nokia получился вполне достойный телефон с великолепной ценой.",neutral,positive,"In general, as usual, Nokia turned out quite a decent phone with a great price.",True,neutral->positive,0.75,majority,neutral->positive|medium|majority,,,,,,,,positive,5.0,0.0,positive,5.0,0.9969281554222107,positive,5.0,0.9597507119178772,positive,5.0,0.984586238861084,positive,5.0,0.7936568856239319,neutral,3.0,0.551999044515243,neutral,3.0,0.0,positive,5.0,0.38
447,0,"Ничего особенного. Буду рассматривать ""китайцев"". Давно хотел, пришло время.",negative,neutral,"Nothing special. I'll look at the Chinese. I've wanted to, it's time.",True,negative->neutral,0.375,split,negative->neutral|low|split,,,,,,,,negative,3.0,0.0,neutral,3.0,0.9896697402000427,neutral,3.0,0.8115565776824951,negative,1.0,0.9821895360946655,negative,1.0,0.508422315120697,positive,5.0,0.5250166830357523,positive,5.0,0.0,neutral,3.0,0.8009173137743433
448,0,"Покупала телефон, чтобы не быть привязанной к зарядному устройству, Филипс заявляет до месяца  в режиме ожидания. Все хвалят, вот и купила. Но, это все хорошо, и спасибо, но я не слышу собеседника и он меня. Конечно, говорить по такому телефону не охота, поэтому и режим ожидания большой. шутка, конечно, но... через 5 звонков я вернула свою симку в старый телефон, да, бегаю с зарядкой, но я по нему слышу!так жаль, он красивый.. всего лишь.буду возвращать",neutral,negative,"Buying a phone to avoid being tied to a charger, Philips claims up to a month in standby mode. Everyone praises me, so I bought it. But, that's all good, and thank you, but I can't hear the interlocutor and he's me. Of course, talking on such a phone is not a hunt, so the waiting mode is big. joke, of course, but ... after 5 calls I returned my SIM to the old phone, yes, running with a charger, but I hear it! so sorry, it is beautiful.",True,neutral->negative,0.5,split,neutral->negative|low|split,,,,,,,,positive,5.0,0.0,neutral,3.0,0.7575695514678955,neutral,3.0,0.6701469421386719,negative,1.0,0.9074043035507202,negative,1.0,0.7309789657592773,negative,1.0,0.49111380181207986,negative,1.0,0.0,positive,5.0,0.61
449,0,"Телефону год и тут началось!Постоянно сам открывает меню с настройками в верхней части экрана,хаотично меняет симки и остальные настройки,делает что хочет.Обновление ПО,форматирование и все остальное не помогло.Несколько раз в день пропадает сигнал на первую симку.Бывает,что невозможно отключить будильник,только после выключения телефона!Для установки приложений 1 ГБ памяти,а по факту чуть больше 100 мб,остальное занято системой!",neutral,negative,"The phone is a year and it started!Constantly opens the menu with settings at the top of the screen, randomly changes the SIMs and other settings, does what he wants.Software update, formatting and everything else did not help.Several times a day the signal for the first SIM disappears.It happens that it is impossible to turn off the alarm clock only after turning off the phone!To install applications 1 GB of memory, but in fact a little more than 100 MB, the rest is occupied by the system!",True,neutral->negative,0.625,majority,neutral->negative|medium|majority,,,,,,,,negative,3.0,0.0,negative,1.0,0.9909605383872986,neutral,3.0,0.5982445478439331,negative,1.0,0.9973157048225403,negative,1.0,0.7075605988502502,neutral,3.0,0.5275081076811303,neutral,3.0,0.0,negative,1.0,0.51
453,0,"К таким отзывам меня побудило написать опыт использования этого устройства. Выбор пал на Nokia в надежде, что качество будет соответствовать бренду и ""первый"" выход на рынок требует ответственного подхода. Сменил я свой Зенфон1, который послужил мне верой и правдой, но батарея выработала свой ресурс, на этот ""дивный девайс"". Что не понравилось сразу и бросалось в глаза, открытие приложение камеры приводило к задержкам и существенным, качество съемки не очень, наличие артефактов...",negative,neutral,"To such reviews, I was prompted to write an experience of using this device. The choice fell on Nokia in the hope that the quality will be consistent with the brand and the “first” entry into the market requires a responsible approach. I changed my Zenfon1, which served me faithfully, but the battery has exhausted its resource, on this ""brave device"". What did not like immediately and was striking, the opening of the camera application led to delays and significant, the quality of shooting is not very, the presence of artifacts ...",True,negative->neutral,0.625,majority,negative->neutral|medium|majority,,,,,,,,positive,5.0,0.0,neutral,3.0,0.6625586748123169,neutral,3.0,0.9126750230789185,negative,1.0,0.7812262177467346,negative,1.0,0.6580338478088379,neutral,3.0,0.7150083543620781,neutral,3.0,0.0,neutral,3.0,0.41
457,0,Для людей с маленькими ладонями будет не совсем удобно пользоваться телефоном),positive,neutral,People with small hands will not be comfortable using the phone.,True,positive->neutral,0.25,split,positive->neutral|low|split,,,,,,,,negative,1.0,0.0,neutral,3.0,0.9967193007469177,neutral,3.0,0.8767621517181396,negative,1.0,0.6891711950302124,negative,1.0,0.9129796624183655,positive,5.0,0.7782639005583973,positive,5.0,0.0,positive,5.0,0.66
458,0,"До этого были разные сони эриксоны, поменял и не жалею . Последний Z хорош, но веры нет, да и великоват, из кармана торчит рубашки и даже заднего кармана, а этот в обрез. Настроек в меню излишне много. Батареи на день хватает на пределе, нужна запасная и сложно ее найти. Надо было еще раньше к Самсунгу присмотреться, когда первые Гэлэкси пошли. PS Пишу череэ два месяца. Исправил на 5 звезд .Падал на асфальт- следов не видно .",positive,neutral,"Before that, there were different sleepy Ericksons, I changed and do not regret. The last Z is good, but there is no faith, and it is too big, shirts and even a back pocket sticking out of his pocket, and this one is cut off. There are too many settings on the menu. Batteries for the day are at the limit, you need a spare and it is difficult to find it. We should have taken a closer look at Samsung before the first Galaxy arrived. PS I've been writing for two months. Corrected for 5 stars.Falled on asphalt - no traces are visible.",True,positive->neutral,0.625,majority,positive->neutral|medium|majority,,,,,,,,negative,1.0,0.0,neutral,3.0,0.9997137188911438,neutral,3.0,0.8162672519683838,positive,5.0,0.9984171390533447,negative,1.0,0.5456345677375793,neutral,3.0,0.7288068874580335,neutral,3.0,0.0,neutral,3.0,0.65
462,0,Все весьма терпимо за свою цену! Тем более что больше половины можно списать на нестабильность андроида. а с динамиком и микро возможно просто не повезло.... хотя подобные комменты находил на форумах.,neutral,negative,"Everything is very tolerant for its price! Moreover, more than half can be attributed to the instability of the android, and with a speaker and a micro, perhaps just unlucky... although I found similar comments on the forums.",True,neutral->negative,0.375,split,neutral->negative|low|split,,,,,,,,positive,5.0,0.0,negative,1.0,0.9903928637504578,neutral,3.0,0.739255428314209,negative,1.0,0.771628737449646,negative,1.0,0.6950402855873108,neutral,3.0,0.523599028434446,neutral,3.0,0.0,neutral,3.0,0.64
463,0,"Перематывает он песни: просто щелкайте не на линейку прогресса, а на ""следующий трек"" с задержкой  - нажмите и держите, будет мотать.",neutral,positive,"He rewinds the songs: just click not on the line of progress, but on the ""next track"" with a delay - press and hold, it will roll.",True,neutral->positive,0.5,split,neutral->positive|low|split,,,,,,,,negative,3.0,0.0,negative,1.0,0.9971356391906738,neutral,3.0,0.7612298130989075,positive,5.0,0.6740548610687256,positive,5.0,0.4000765383243561,positive,5.0,0.3429519244138474,positive,5.0,0.0,negative,1.0,0.48165637523615346
466,0,Телефон не плохой покупайте ))),positive,neutral,The phone is not a bad buy.),True,positive->neutral,0.375,split,positive->neutral|low|split,,,,,,,,positive,5.0,0.0,neutral,3.0,0.9816303849220276,neutral,3.0,0.9218546152114868,positive,5.0,0.9849575757980347,negative,1.0,0.4520658850669861,negative,1.0,0.707855375006696,negative,1.0,0.0,neutral,3.0,0.4360803219327575
469,0,"Пользуюсь телефоном уже года 3-4. Покупала-была счастлива, сейчас хочу сменить его на новый. Бада и есть бада....Не знаю, есть ли он сейчас в продаж, но тем,кто собирался его купить могу сказать- телефон только для того, чтобы звонить и отправлять смс...Лучше подкопить денег и купить нормальный телефон",neutral,positive,"I've been using my phone for 3-4 years. - I was happy, now I want to change it to a new one. I don’t know if it is now in sales, but those who were going to buy it I can say – the phone only to call and send SMS...",True,neutral->positive,0.5,split,neutral->positive|low|split,,,,,,,,positive,5.0,0.0,positive,5.0,0.9794926047325134,positive,5.0,0.5028348565101624,positive,5.0,0.9477981328964233,neutral,3.0,0.7087692618370056,neutral,3.0,0.5629854325019793,neutral,3.0,0.0,negative,1.0,0.51
470,0,"купил Алюминиевую рамку, хоть немного вес увеличил. Стекло настолько гладкое, что наклеил плёнку защитную, чтобы хоть не так чувствовалась гладкость.Заряд держит не более полдня, при активном использовании, можно и день продержать, если использовать для звонков и то не долгих. Обычно разговариваю по телефону несколько часов ежедневно, именно часов.",neutral,positive,"I bought an aluminium frame, at least slightly increased the weight. The glass is so smooth that it has put a protective film on it so that it does not feel so smooth. The charge keeps no more than half a day, with active use, you can hold a day if used for calls and then not long. I usually talk on the phone for several hours a day.",True,neutral->positive,0.625,majority,neutral->positive|medium|majority,,,,,,,,positive,3.0,0.0,neutral,3.0,0.889825165271759,positive,5.0,0.7637054324150085,negative,1.0,0.6480385065078735,positive,5.0,0.8747953176498413,positive,5.0,0.6488719367608835,positive,5.0,0.0,neutral,3.0,0.5548624747749991
471,0,"Я бы не взял его из за батарей,сколько раз он уже подвел из нее,пока менять не буду, а там видно будет.",neutral,negative,"I wouldn't take it out of the batteries, how many times he's already let it out, until I change it, and you'll see.",True,neutral->negative,0.375,majority,neutral->negative|low|majority,,,,,,,,neutral,3.0,0.0,negative,1.0,0.9746359586715698,neutral,3.0,0.7462061047554016,negative,1.0,0.8028486967086792,negative,1.0,0.7167484760284424,neutral,3.0,0.5109117710584805,neutral,3.0,0.0,neutral,3.0,0.7784106397269751
472,0,"Вчера продал, как гора с плеч. Не буду подробно описывать проблемы - все проблемы описаны другими пользователями. Хочу только сделать заметку для НОКИИ - прошли годы когда НОКИЯ была хорошим аппаратом для использования. Все , что осталось - это имя. Остальное - это житье по накатанной без развития!!! Пользовался НОКИЕЙ 12 лет, были 3310,3510,6600(очень классный и особенно дизайн), Е72,Н8,515, и последнее ""чудо"". Последние два - тщетная попытка свернуть с ""колеи"" вниз. А жаль.",negative,positive,"I sold it off my shoulders yesterday. I will not describe the problems in detail - all the problems are described by other users. I just want to make a note for NOKIA - years have passed when NOKIA was a good machine to use. All that's left is a name. The rest is living on a rolled-up basis without development!!! Used NOKIA 12 years, there were 3310,3510,6600 (very cool and especially design), E72, H8,515, and the last ""miracle"". The last two are a futile attempt to turn off the rut. Sorry.",True,negative->positive,0.625,majority,negative->positive|medium|majority,,,,,,,,positive,5.0,0.0,positive,5.0,0.8917698860168457,negative,1.0,0.688681960105896,negative,1.0,0.997307300567627,negative,1.0,0.6560547947883606,positive,5.0,0.786161856681205,positive,5.0,0.0,positive,5.0,0.51
473,0,"Это мой первый и последний телефон от мейзу, купленный на замену почившему китайцу из той же ценовой категории. В сравнении с прошлым аппаратом, этот проигрывает ему во всем, кроме автономности. При довольно интенсивном использовании зарядку держит около 10 часов, но при определенных манипуляциях.Т.к. из коробки телефон был абсолютно неработоспособен, держал зарядку 3 часа, очень сильно грелся и не установились   гуглсервисы, плеймаркете и приложения.",neutral,negative,"This is my first and last Meizu phone to replace a deceased Chinese man in the same price range. Compared to the previous machine, this one loses to it in everything but autonomy. With quite intensive use, charging holds about 10 hours, but with certain manipulations.T. from the box, the phone was absolutely inoperable, kept charging for 3 hours, was very warmed and Google services, playmarket and applications were not installed.",True,neutral->negative,0.75,majority,neutral->negative|medium|majority,,,,,,,,positive,5.0,0.0,negative,1.0,0.9577875733375549,neutral,3.0,0.7430425882339478,negative,1.0,0.6131437420845032,negative,1.0,0.8412929773330688,negative,1.0,0.5889373568435853,negative,1.0,0.0,negative,1.0,0.5033521467262879
475,0,"за свои деньги, пожалуй, самый качественный телефон.",neutral,positive,"For your money, perhaps the best phone.",True,neutral->positive,1.0,unanimous,neutral->positive|high|unanimous,,,,,,,,positive,5.0,0.0,positive,5.0,0.9772242307662964,positive,5.0,0.9429256319999695,positive,5.0,0.9966251850128174,positive,5.0,0.490881085395813,positive,5.0,0.6809576001792252,positive,5.0,0.0,positive,5.0,0.64
478,0,"Мой четвертый Sony Ericsson (причем третий из серии Walkman), и единственный, который меня разочаровал. Пользовался два года, теперь с радостью заменю на какой-нибудь смартфон, м.б. Sony Xperia. Сенсор радовал первые несколько недель, потом я почувствовал неудобства (нельзя управлять телефоном, не смотря на экран, или не сняв перчатки на морозе). И в то же время операционная система как у обычного телефона, функций минимум.",negative,neutral,"My fourth Sony Ericsson (the third in the Walkman series), and the only one that disappointed me. I’ve been using it for two years, and now I’m happy to replace it with a smartphone, M.B. Sony Xperia. The sensor was happy for the first few weeks, then I felt uncomfortable (you can’t control the phone without looking at the screen, or without taking off your gloves in the cold). And at the same time, the operating system, like a regular phone, functions are minimal.",True,negative->neutral,0.625,majority,negative->neutral|medium|majority,,,,,,,,positive,5.0,0.0,neutral,3.0,0.9997372031211853,neutral,3.0,0.7104620337486267,negative,1.0,0.8503263592720032,negative,1.0,0.7455979585647583,neutral,3.0,0.5331878881451037,neutral,3.0,0.0,neutral,3.0,0.75
480,0,"Очень жаль, что замечательная корейская фирма Samsung перестала выпускать бюджетные кнопочные телефоны.",positive,negative,It’s a shame that the wonderful Korean firm Samsung has stopped making budget push-button phones.,True,positive->negative,0.625,majority,positive->negative|medium|majority,,,,,,,,neutral,3.0,0.0,positive,5.0,0.66251540184021,negative,1.0,0.5228714346885681,negative,1.0,0.7185692191123962,negative,1.0,0.5144466757774353,negative,1.0,0.5151328764738148,negative,1.0,0.0,neutral,3.0,0.7039797273033941
481,0,"камера не очень, особенно в темное время суток. Будем надеяться, что будущие прошивки это исправят. Хотя для ценника до 25к - камера вполне даже. В остальном доволен аппаратом как слон",positive,neutral,"The camera is not very good, especially in the dark. Let’s hope that the future will fix this. Although for a price tag up to 25k - the camera is quite even. I am happy with the machine as an elephant.",True,positive->neutral,0.625,majority,positive->neutral|medium|majority,,,,,,,,positive,5.0,0.0,neutral,3.0,0.9653599262237549,neutral,3.0,0.6928536891937256,positive,5.0,0.8793162107467651,negative,1.0,0.7171424031257629,neutral,3.0,0.6779709290091179,neutral,3.0,0.0,neutral,3.0,0.67
482,0,"полтора года хожу с этим телефоном, одел его в дымчатый силиконовый чехол, теперь падения не критичны, по крайней мере до сего момента обходилось. Почему-то само по себе отваливается три джи, значок есть, а его нет. Дозвониться куда-то или зайти в интернет - нереально; при плохом или слишком хорошем покрытии, когда несколько вышек вблизи - тоже глючит сеть. Помогает выключение вручную. Слегка раздражает, но не смертельно. В остальном все нравится - красиво, просто, удобно и интуитивно понятно.",neutral,negative,"I spent a year and a half with this phone, dressed it in a smoky silicone case, and now the falls are not critical, at least until now I have managed. Why? Three G's fall off by themselves, there's a badge, and there's none. Calling somewhere or accessing the Internet is unrealistic; with poor or too good coverage, when several towers are nearby, the network also glides. Manual shutdown helps. A little annoying, but not fatal. Everything else likes - beautiful, simple, convenient and intuitive.",True,neutral->negative,0.375,split,neutral->negative|low|split,,,,,,,,positive,5.0,0.0,neutral,3.0,0.9266515970230103,neutral,3.0,0.8069445490837097,negative,1.0,0.35233408212661743,negative,1.0,0.731494665145874,neutral,3.0,0.5175024289546406,neutral,3.0,0.0,negative,1.0,0.49
483,0,"Проходил с телефоном 2 года, в принципе за цену 8-12 тысяч он что надо, камера на уровне бюджетных-средних телефонов, корпус крепкий-ходил без стекол, пленок, чехлов и ронял его на плитку, металлические поверхности и тд. По итогу только мелкие царапины шероховатости, вмятины на задней крышке и все на этом. Заряд держал хорошо и за два года если и потерял в обьеме то не много. В общем красивый стильный телефон и рабочая лошадка в одном.",neutral,positive,"Passed with the phone for 2 years, in principle for the price of 8-12 thousand it is what you need, the camera at the level of budget-medium phones, the body is strong - walked without glass, films, covers and dropped it on tile, metal surfaces, etc. As a result, only small scratches of roughness, dents on the back cover and all on that. The charge kept well and for two years, if he lost in the volume, then not much. In general, a beautiful stylish phone and a workhorse in one.",True,neutral->positive,0.375,majority,neutral->positive|low|majority,,,,,,,,positive,5.0,0.0,neutral,3.0,0.9998664855957031,neutral,3.0,0.8589791059494019,positive,5.0,0.9995100498199463,neutral,3.0,0.5181306600570679,neutral,3.0,0.47731953222688744,neutral,3.0,0.0,positive,5.0,0.4175912977453877
487,0,"Был он у меня з недели, потом продал по обявлению (неужели избавился!), купил Самсунг i900. И КПК, и не тормозит, хотя и проигрывает немного в дизайне. Но по мойму лучше i900",negative,positive,"He was with me for a week, then sold on the application (did he get rid of it!), bought a Samsung i900. And the PDA, and does not slow down, although it loses a little in design. But I think it's better than the i900.",True,negative->positive,0.375,split,negative->positive|low|split,,,,,,,,positive,5.0,0.0,negative,1.0,0.7532123923301697,neutral,3.0,0.5835109949111938,positive,5.0,0.86544269323349,positive,5.0,0.7757454514503479,neutral,3.0,0.7954647462906975,neutral,3.0,0.0,neutral,3.0,0.6640904615898597
488,0,"хочу сказать,что телефон еще сыроват,да можно его купить ради понтов,но не более,тем более цена не маленькая!выполняет классные функции,но иногда они не работают,особенно сенсор зависал,а за такую цену сенсор не должен зависать,так что не советую покупать этот аппарат.",neutral,negative,"I want to say that the phone is still damp, but you can buy it for the sake of ponts, but no more, the more the price is not small! performs cool functions, but sometimes they do not work, especially the sensor hovered, and for such a price the sensor should not hang, so I do not advise buying this device.",True,neutral->negative,0.625,majority,neutral->negative|medium|majority,,,,,,,,negative,1.0,0.0,neutral,3.0,0.9507713317871094,neutral,3.0,0.762137234210968,negative,1.0,0.7322964072227478,negative,1.0,0.7572213411331177,negative,1.0,0.6148016320886578,negative,1.0,0.0,neutral,3.0,0.5652618916625174
490,0,"Аппарат очень хороший!  За такую цену конкуренты просто отдыхают. Из Китайских смартфонов признаю только Xiaomi, Meizu, остальное шлак. Рекомендую, хороший аппарат. Например Samsung c такими характеристиками будет уже стоить около 25.000 рублей.",neutral,positive,"The machine is very good! At this price, competitors just relax. Of the Chinese smartphones recognize only Xiaomi, Meizu, the rest of the slag. I recommend a good machine. For example, Samsung with such characteristics will already cost about 25.000 rubles.",True,neutral->positive,0.875,majority,neutral->positive|high|majority,,,,,,,,positive,5.0,0.0,neutral,3.0,0.9867510795593262,positive,5.0,0.8286147117614746,positive,5.0,0.9982353448867798,positive,5.0,0.6651915311813354,positive,5.0,0.575747611314252,positive,5.0,0.0,positive,5.0,0.76
491,0,беритене серый и не пожалеете,positive,neutral,You'll never regret it.,True,positive->neutral,0.5,split,positive->neutral|low|split,,,,,,,,positive,3.0,0.0,positive,5.0,0.9869664907455444,neutral,3.0,0.7567585706710815,positive,5.0,0.9592125415802002,negative,1.0,0.5918200612068176,neutral,3.0,0.61365191667052,neutral,3.0,0.0,neutral,3.0,0.723085468020906
492,0,"Смартфоном доволен как слон, все те недостатки, которые я указал, это придирки! Выбирал между Samsung Galaxy S3 и LG Optimus G. Выбор пал на LG т.к у всех вижу все эти S3, а мне хочется выделиться:) + процессор Qualcomm стабильнее, чем Exynos. Вывод: За 11000 (брал евротест) аналогов просто НЕТ! И мой совет: купите для него чехол или клип-кейс на заднюю крышку, иначе стекло долго не проживёт, хоть и Gorilla Glass 2",positive,neutral,"The smartphone is as happy as an elephant, all those flaws I pointed out are nitpicking! Choose between Samsung Galaxy S3 and LG Optimus G. The choice fell on LG because I see all these S3s, and I want to stand out: Qualcomm processor is more stable than Exynos. Conclusion: For 11000 (took the Eurotest) analogues simply NO! And my advice: buy him a case or clip case on the back cover, otherwise the glass will not live long, even though Gorilla Glass 2.",True,positive->neutral,0.5,split,positive->neutral|low|split,,,,,,,,positive,5.0,0.0,neutral,3.0,0.9998486042022705,neutral,3.0,0.6616724729537964,negative,1.0,0.5767029523849487,positive,5.0,0.5644434690475464,neutral,3.0,0.46786711380160345,negative,1.0,0.0,neutral,3.0,0.42
495,0,Люди прислушайтесь не покупайте этот телефон за10 тыс он этого не стоит я его ели ели за 7 тыс продал.Потом поднакопил и купиk Sensation-сейчас оченьдоволен им!Ну вот вроде бы и всё!,negative,neutral,People listen don't buy this phone for 10 thousand it's not worth it I ate it for 7 thousand sold.Then saved up and buy Sensation-now very pleased with them!,True,negative->neutral,0.375,split,negative->neutral|low|split,,,,,,,,positive,5.0,0.0,negative,1.0,0.9998648166656494,negative,1.0,0.6257409453392029,negative,1.0,0.8448923826217651,positive,5.0,0.494495153427124,neutral,3.0,0.3954471262108097,neutral,3.0,0.0,neutral,3.0,0.6712519417260902
496,0,"Учитывая контраст между моим старым Fly Evo Chik3, смартфон действительно топовый)",positive,neutral,"Given the contrast between my old Fly Evo Chik3, the smartphone is really top-of-the-line.",True,positive->neutral,0.75,majority,positive->neutral|medium|majority,,,,,,,,neutral,3.0,0.0,neutral,3.0,0.9897246360778809,neutral,3.0,0.5789043307304382,positive,5.0,0.998742401599884,neutral,3.0,0.7149012684822083,neutral,3.0,0.491808884498138,neutral,3.0,0.0,negative,1.0,0.56600400725845
497,0,"Сначала выбирала себе телефон нокиа или сониэрик,но потом как то разочаровалась в них немножко!В итоге после месяца активных поисков, изучения и чтения отзывов и обзоров в инете, выбрала этот телефон и не прогадала!",positive,neutral,"At first, I chose a Nokia phone or sonieric, but then somehow I was disappointed in them a little!As a result, after a month of active searches, studying and reading reviews and reviews in the Internet, I chose this phone and did not lose!",True,positive->neutral,0.375,split,positive->neutral|low|split,,,,,,,,positive,5.0,0.0,neutral,3.0,0.9939820170402527,neutral,3.0,0.8025056719779968,positive,5.0,0.999197781085968,negative,1.0,0.5334241390228271,negative,1.0,0.4461835048586452,negative,1.0,0.0,neutral,3.0,0.7983069924448349
499,0,"Пропользовалась 3 года, с 5 этажа летал, в унитаз падал, в ванну и живой еще.",neutral,negative,"Used 3 years, from the 5th floor flew, fell into the toilet, in the bath and still alive.",True,neutral->negative,0.625,majority,neutral->negative|medium|majority,,,,,,,,positive,5.0,0.0,neutral,3.0,0.9809607267379761,negative,1.0,0.6289552450180054,negative,1.0,0.7449712157249451,neutral,3.0,0.4156535565853119,negative,1.0,0.6087313044733677,negative,1.0,0.0,negative,1.0,0.5351385123664211
500,0,"Не могу в приложении Яндекс. Карты и т. п. скачать карты, чтобы обходиться без инета — нету памяти. В телефоне установил SD карту на 2 ГБ, при этом перенес все приложения на SD карту и все равно памяти для скачивания карт мало. Это очень-очень печалит.В остальном телефон этот — мой первый смартфон и я очень доволен, что не приходится жить один день от компа до компа (как делает это мой брат), чтобы зарядить его. Спокойно живу и забываю, что его надо вообще заряжать =)",neutral,negative,"I can't use the Yandex app. Maps, etc. to download cards to do without Internet - there is no memory. The phone installed an SD card for 2 GB, while transferring all applications to an SD card and still there is little memory for downloading cards. It's very, very sad. Otherwise, this phone is my first smartphone and I’m very happy that you don’t have to live one day from computer to computer (as my brother does) to charge it. I live quietly and forget that I have to charge it at all.",True,neutral->negative,0.375,split,neutral->negative|low|split,,,,,,,,negative,1.0,0.0,neutral,3.0,0.938422679901123,neutral,3.0,0.6330039501190186,positive,5.0,0.818535327911377,negative,1.0,0.6647775173187256,neutral,3.0,0.520340129935082,neutral,3.0,0.0,negative,1.0,0.54
501,0,"Приобрела телефон меньше недели, пока жду заказ: чехол и защитное стекло, пытаюсь беречь как могу. Стекло не надежное через пару дней как купила стала замечать царапины на стекле, хотя только ложу на стол. Затем телефон выпал с небольшого расстояния и сильно поцарапался корпус где пластик, такое ощущение как будто я со всего размаха его швырнула(((. Поэтому не жалейте денег, сразу рекомендую защитную пленку и чехол!!!",neutral,negative,"I bought a phone for less than a week while I wait for the order: a case and protective glass, trying to protect as much as I can. Glass is not reliable after a couple of days as bought began to notice scratches on the glass, although only a bed on the table. Then the phone fell out from a short distance and the case was badly scratched where the plastic is, it feels as if I threw it from the full scope (((().) So don’t waste your money, I immediately recommend a protective film and cover!!!",True,neutral->negative,0.375,majority,neutral->negative|low|majority,,,,,,,,negative,1.0,0.0,neutral,3.0,0.871525228023529,neutral,3.0,0.7280241847038269,negative,1.0,0.9970601201057434,negative,1.0,0.769055962562561,neutral,3.0,0.6921999852836487,neutral,3.0,0.0,neutral,3.0,0.4516549578596074
502,0,"Нормальный аппарат. Для ""просто звонить"" лучше не придумаешь (чего, однако, не скажешь об СМС))). Снимать на нём тоже одно удовольствие. Меломаны, однако, могут столкнуться с сюрпризами программного обеспечения: не все файлы читает. И корпус у него скользковат. Если это не принципиально - берите, радуйтесь :)",neutral,positive,"It's a normal machine. For “just call” you can not think of better (which, however, can not be said about SMS). It's a pleasure to shoot on it, too. Music lovers, however, may face software surprises: not all files are read. And his body is slippery. If it is not important, take it, rejoice :",True,neutral->positive,0.5,split,neutral->positive|low|split,,,,,,,,positive,5.0,0.0,neutral,3.0,0.9694036245346069,positive,5.0,0.9529971480369568,positive,5.0,0.9936333894729614,positive,5.0,0.404509574174881,neutral,3.0,0.608047444201625,neutral,3.0,0.0,negative,1.0,0.47
503,0,"Не берите эту модель ,лучше под копить  и купить получше .",negative,neutral,"Do not take this model, it is better to save and buy better.",True,negative->neutral,0.625,majority,negative->neutral|medium|majority,,,,,,,,positive,5.0,0.0,neutral,3.0,0.5894398093223572,neutral,3.0,0.8346607089042664,negative,1.0,0.9582258462905884,negative,1.0,0.6790920495986938,neutral,3.0,0.6135557611009977,neutral,3.0,0.0,neutral,3.0,0.7578813114181042
506,0,"Я не спец по гаджетам, но после RedMi 6А , этот Mi А3 мне не нравится совсем. Меню совершенно другое, для меня непривычное и неудобное. Нет привычной галереи, чтобы смотреть фото. Не знаю как почистить быстро кэш. Фото быстро обрезать не знаю как. На фотографировании тупит ужасно!!! По меню - однозначно хуже!",neutral,negative,"I'm not a gadget expert, but after the RedMi 6A, I don't like this Mi A3 at all. The menu is completely different, unusual and uncomfortable for me. There is no gallery to watch photos. I don't know how to clean the cache fast. I don't know how to cut it fast. It's so stupid in photography!! Definitely worse on the menu!",True,neutral->negative,0.75,majority,neutral->negative|medium|majority,,,,,,,,negative,1.0,0.0,negative,1.0,0.7306742668151855,neutral,3.0,0.7033725380897522,negative,1.0,0.9659103751182556,negative,1.0,0.6262722611427307,neutral,3.0,0.4152492219829385,negative,1.0,0.0,negative,1.0,0.39
510,0,"Не запускайте смартфон без возможности сразу войти и активировать аккаунт гугл и другие прелести. А то промучаетесь и все равно придется сбрасывать до заводских настроек, благо- не особо потерялось что - за 3 дня.",neutral,negative,"Do not launch a smartphone without the ability to immediately log in and activate a Google account and other charms. And then you suffer and still have to reset to the factory settings, good - not much lost that - in 3 days.",True,neutral->negative,0.375,split,neutral->negative|low|split,,,,,,,,positive,3.0,0.0,negative,1.0,0.9897420406341553,neutral,3.0,0.8514306545257568,negative,1.0,0.9974250793457031,negative,1.0,0.7150965332984924,neutral,3.0,0.66437207796071,neutral,3.0,0.0,neutral,3.0,0.63
513,0,"Хороший телефон, если бы не косяк с экраном для моих потребностей был бы самое то",neutral,positive,"A good phone, if it weren't for a joint with a screen for my needs, would be the right thing to do.",True,neutral->positive,0.875,majority,neutral->positive|high|majority,,,,,,,,positive,5.0,0.0,positive,5.0,0.9670048952102661,positive,5.0,0.5040400624275208,positive,5.0,0.9567679166793823,positive,5.0,0.7895404100418091,neutral,3.0,0.4697352513643226,positive,5.0,0.0,positive,5.0,0.78
515,0,"последний раз я покупаю Сони, взяд z1 у него от перегрева повело корпус - он согнулся. Продал его за бесценок взял z3, через неделю у него лопнула в хлам задняя крышка. Одел чехол, через две недели упал со стола на мягкий линолеум в чехле - лопнуло переднее стекло. Это падение пережили бы 99% телефонов,но это Сони. Теперь буду брать только китайцев. Ремонт с оригинальным экраном оценили в 5400руб, это мне теперь раз в месяц менять экран- два месяца один нормальный китаец.",negative,neutral,"The last time I buy Sonya, the z1 he overheated his body - he bent. Sold it for a pittance took the z3, a week later his back lid burst into rubbish. I put on a case, two weeks later fell from the table on a soft linoleum in a case - the front window burst. 99% of the phones would have survived the drop, but it's Sony. Now I'll only take the Chinese. Repair with the original screen was estimated at 5400 rubles, it is now me once a month to change the screen - two months one normal Chinese.",True,negative->neutral,0.75,majority,negative->neutral|medium|majority,,,,,,,,positive,5.0,0.0,neutral,3.0,0.9685741066932678,neutral,3.0,0.7410241961479187,negative,1.0,0.972655713558197,neutral,3.0,0.6008545756340027,neutral,3.0,0.5289887359898175,neutral,3.0,0.0,neutral,3.0,0.5366478532737121
517,0,"Собственно, первым что повлияло на выбор телефона это его характеристики именно те параметры что описаны в достоинствах, до этого был ViewSonic V500, но увы там был андроид 4.4 и многие приложения уже работали на нем не корректно, особенно банковские, ну и динамик именно на разговор был тихий, у nokia 5.1 таких проблем на текущий момент нет, была проблема с качеством связи но после двух обновлений данная проблема исчезла.",positive,neutral,"Actually, the first thing that affected the choice of the phone is its characteristics are exactly those parameters that are described in the advantages, before that was ViewSonic V500, but alas there was Android 4.4 and many applications already worked on it incorrectly, especially banking, well, the speaker was quiet, the nokia 5.1 has no such problems at the moment, there was a problem with the quality of communication but after two updates this problem disappeared.",True,positive->neutral,0.5,split,positive->neutral|low|split,,,,,,,,negative,1.0,0.0,positive,5.0,0.9843209981918335,neutral,3.0,0.8491358757019043,positive,5.0,0.9941290616989136,negative,1.0,0.4853686988353729,neutral,3.0,0.728589763183376,neutral,3.0,0.0,neutral,3.0,0.6133145728825388
519,0,"В целом телефоном доволен, брал его сознательно, после ознакомления с другими аппаратами. Проявившиеся недостатки несколько испортили общее впечатление, но если после ремонта все станет на свои места, буду дальше им пользоваться.",neutral,positive,"In general, I was happy with the phone, took it consciously, after getting acquainted with other devices. The manifested shortcomings somewhat spoiled the overall impression, but if after the repair everything will fall into place, I will continue to use it.",True,neutral->positive,0.5,split,neutral->positive|low|split,,,,,,,,positive,5.0,0.0,positive,5.0,0.6636847257614136,neutral,3.0,0.7525579333305359,positive,5.0,0.985995352268219,positive,5.0,0.8760855793952942,neutral,3.0,0.5273954681627189,neutral,3.0,0.0,neutral,3.0,0.51
520,0,"брал телефон как экстренную замену внезапно умершему sony z (маленький сынишка разбил экран). в декабре бюджет был достаточный, но искал модель подешевле в расчете поменять через полгода. После долгого поиска и сравнений решил брать эту модель. Конечно это не топовая модель, это скорее плохенький среднячок! слабый во всем - быстродействие - тормозит при штатном использовании - телефон, смс, почта, хотя откровенных зависаний не было. Плохая камера и ужасный автофокус.",neutral,negative,"He took the phone as an emergency replacement for the suddenly deceased sony z (the little son broke the screen). in December, the budget was sufficient, but he was looking for a cheaper model in the hope of changing it in six months. After a long search and comparison, I decided to take this model. Of course, this is not a top model, it is rather a bad average! weak in everything - speed - slows down when used normally - phone, SMS, mail, although there were no frank hangings. Bad camera and terrible autofocus.",True,neutral->negative,0.625,majority,neutral->negative|medium|majority,,,,,,,,negative,1.0,0.0,neutral,3.0,0.9066755771636963,neutral,3.0,0.5488718152046204,neutral,3.0,0.5025790929794312,negative,1.0,0.8107371926307678,negative,1.0,0.5240034556624037,negative,1.0,0.0,negative,1.0,0.67
524,0,"Взял на время пока своя Nokia в ремонте, но ущербности пока не ощутил, аппарат порадовал. Доступной памяти 150 Кб, и в отличии от E71 TV производитель память как мог сэкономил. Главное меню - без анимации, вспомогательные меню - все текстовые... хотя шрифты качественные и без ошибок. Видеокамера - ни о чём, фото при хорошем освещении - на уровне среднестатистической телефонной камеры.",neutral,positive,"I took my Nokia in repair for a while, but I did not feel the defects yet, the device pleased. Available memory 150 KB, and unlike the E71 TV manufacturer memory as could save. The main menu is without animation, auxiliary menus are all textual... although the fonts are quality and error-free. Video camera - nothing, photo in good light - at the level of the average phone camera.",True,neutral->positive,0.5,split,neutral->positive|low|split,,,,,,,,positive,5.0,0.0,neutral,3.0,0.9906009435653687,positive,5.0,0.5276191234588623,positive,5.0,0.9786983728408813,positive,5.0,0.4373764395713806,neutral,3.0,0.6821330791083653,neutral,3.0,0.0,neutral,3.0,0.7011580713793413
527,0,2 дня держитмне кажется не слышно другим,neutral,negative,2 days I don’t seem to hear anyone else.,True,neutral->negative,0.25,majority,neutral->negative|low|majority,,,,,,,,neutral,3.0,0.0,neutral,3.0,0.9998817443847656,neutral,3.0,0.8424618244171143,negative,1.0,0.8862931728363037,negative,1.0,0.5684970021247864,neutral,3.0,0.5298840322374212,neutral,3.0,0.0,neutral,3.0,0.47536645372567526
528,0,"Берите - не пожелеете. Для интернета, активной съемки как видео - так и фото, звонков. Внутреньнюю память заполняйте программами:                           1. Navitel - навигатор.2. CM launcher.3. Any cut.А на карте памяти(что в комплекте) на фото и видео места хватит)",neutral,positive,"You won't get yellow. For the Internet, active shooting of both video and photos, calls. Fill the internal memory with programs: 1. Navitel - navigator 2. CM launcher.3. Any cut.And on the memory card (which is included) in the photo and video space enough",True,neutral->positive,0.25,majority,neutral->positive|low|majority,,,,,,,,positive,5.0,0.0,neutral,3.0,0.9999927282333374,neutral,3.0,0.9207198023796082,positive,5.0,0.9196106195449829,neutral,3.0,0.9322301745414734,neutral,3.0,0.7601897266897026,neutral,3.0,0.0,neutral,3.0,0.8589791479307906
530,0,"Всем Привет. Начитался я отзывов на маркете, насмотрелся обзоров и решил-все беру! НО-сразу же пошли неприятный моменты, по порядку:1)Тыловая камера прямо не обрадовала, долгий фокус, четкие снимки далеко не всегда получается(с фронталкой все норм), так она еще снимает фотографии только в формате 4:3.",neutral,negative,"Hey, everybody. I read reviews on the market, watched reviews and decided to take everything! NO - immediately went unpleasant moments, in order: 1 The rear camera did not directly please, a long focus, clear pictures do not always work out (with frontal all normal), so it still takes photos only in 4: 3 format.",True,neutral->negative,0.375,split,neutral->negative|low|split,,,,,,,,negative,1.0,0.0,positive,5.0,0.49682682752609253,neutral,3.0,0.8532355427742004,negative,1.0,0.8312552571296692,negative,1.0,0.3840014934539795,neutral,3.0,0.5757054402278104,neutral,3.0,0.0,neutral,3.0,0.508992407889617
531,0,"дизайн,меню и все остальное очень хорошее,единственное нет наушников в комплекте",neutral,positive,"design, menu and everything else is very good, only no headphones in the kit",True,neutral->positive,0.5,split,neutral->positive|low|split,,,,,,,,positive,3.0,0.0,neutral,3.0,0.8113027215003967,positive,5.0,0.8827943801879883,positive,5.0,0.7039917707443237,positive,5.0,0.6614178419113159,neutral,3.0,0.6896656062400399,neutral,3.0,0.0,neutral,3.0,0.5464574092258726
532,0,При всех недостатков этого телефона(смартфона!!) это очень классный телефон)) Но думаю его продать.,neutral,positive,For all the drawbacks of this phone (smartphone!!) it's a very cool phone. But I'm thinking of selling it.,True,neutral->positive,0.75,majority,neutral->positive|medium|majority,,,,,,,,positive,5.0,0.0,positive,5.0,0.9869003891944885,neutral,3.0,0.6951490044593811,positive,5.0,0.7986904382705688,negative,1.0,0.5631576180458069,positive,5.0,0.4767150005479378,positive,5.0,0.0,positive,5.0,0.77
536,0,купила его себе в замен Самсунга а30. вроде по характеристикам тут камера должна быть больше.но не каких отличий я не вижу. постоянно пропадают номера из записной книги.разбираюсь в причине. звук громкий. не каких модных примочек типа nfc и быстрой зарядки. хотя стоят одинаково что Самсунг брала за 14 что за этот заплатила 14.,neutral,negative,"I bought it to replace the Samsung A30. It looks like the camera should be bigger here. But I don't see any differences. the numbers from the notebook are constantly disappearing. I understand the reason. the sound is loud. not some fashionable lotions like nfc and fast charging. although they cost the same thing that Samsung took for 14, what for this one I paid 14.",True,neutral->negative,0.375,majority,neutral->negative|low|majority,,,,,,,,negative,3.0,0.0,negative,1.0,0.9410547614097595,neutral,3.0,0.7814363837242126,neutral,3.0,0.5239353179931641,negative,1.0,0.8299784660339355,neutral,3.0,0.6169270507156294,neutral,3.0,0.0,neutral,3.0,0.87
537,0,кому надо обычный телефон берите этот!!!!!!!!!1,neutral,positive,Who needs a regular phone take this!!!!!! 1,True,neutral->positive,0.375,majority,neutral->positive|low|majority,,,,,,,,neutral,3.0,0.0,positive,5.0,0.8380570411682129,neutral,3.0,0.8773243427276611,positive,5.0,0.7108860611915588,positive,5.0,0.7575560808181763,neutral,3.0,0.595746784018656,neutral,3.0,0.0,neutral,3.0,0.5702144157148363
538,0,"Данный вещь за свои деньги не просто телефон, а чудо, минусы закрывает мощное железо и достаточно маленькая цена. Я брал в 2014 за 18 тысяч. Так что советую, ведь вряд-ли вы найдете телефон лучше даже за 25.000",positive,neutral,"This thing for your money is not just a phone, but a miracle, the minuses are covered by powerful iron and a fairly small price. I took $18,000 in 2014. So I advise you, because I don't think you'll find a better phone for even $25,000.",True,positive->neutral,0.375,split,positive->neutral|low|split,,,,,,,,positive,5.0,0.0,negative,1.0,0.7383222579956055,neutral,3.0,0.6070619821548462,positive,5.0,0.9985656142234802,negative,1.0,0.5165367126464844,neutral,3.0,0.49427416729279683,neutral,3.0,0.0,negative,1.0,0.4
543,0,"До этого у меня был самс с5212, Выбирал между gx300 и gx500.Телефон отличный. Всё удобно, всё грамотно. Есть мелки косячки, но это в ПО. Не понравилась адресная книга, выводит всё кучей: набранные принятые, прошущенные. Фильтр можно ставить, но только до выхода из книги.  В телефон вшиты точки доступа, прежде чем пользоваться инетом, необходимо проверить настройки браузера, а там стоит по умолчанию WAP. Стоит карточка на 4 гига, всё нормально. Диктофон может писать телофонный звонок.",neutral,positive,"Before that I had a sams C5212, I chose between gx300 and gx500. It's comfortable, it's literate. There's crayons, but it's in the PO. I did not like the address book, displays everything in a pile: recruited accepted, requested. The filter can be installed, but only before leaving the book. Access points are sewn into the phone before using the Internet, you need to check the browser settings, and there is WAP by default. It costs a 4 gig card, it's okay. The recorder can write a phone call.",True,neutral->positive,0.625,majority,neutral->positive|medium|majority,,,,,,,,negative,1.0,0.0,neutral,3.0,0.9493820667266846,neutral,3.0,0.8539402484893799,positive,5.0,0.9951856732368469,positive,5.0,0.8619290590286255,positive,5.0,0.6887197094645964,positive,5.0,0.0,positive,5.0,0.59
544,0,Я доволен покупкой. Если денег нету на дорогие бренды то этот телефон точно вам подойдёт.,neutral,positive,"I'm happy with the purchase. If there is no money for expensive brands, then this phone will definitely suit you.",True,neutral->positive,0.5,split,neutral->positive|low|split,,,,,,,,positive,5.0,0.0,positive,5.0,0.9781867861747742,neutral,3.0,0.601740300655365,positive,5.0,0.998465895652771,positive,5.0,0.9112361073493958,negative,1.0,0.5179049572575029,negative,1.0,0.0,neutral,3.0,0.53
546,0,"Вообщем тем, кто любит всякие навороты-совсем не плохой телефон. Тем кто любит качество и безотказность работы-купите себе что то другое.",neutral,negative,"Anyone who likes a phone is not a bad phone. For those who love quality and reliability, buy something else.",True,neutral->negative,0.5,split,neutral->negative|low|split,,,,,,,,positive,5.0,0.0,neutral,3.0,0.6246679425239563,neutral,3.0,0.7419310212135315,negative,1.0,0.49356070160865784,negative,1.0,0.6913120746612549,negative,1.0,0.5812000131921733,negative,1.0,0.0,neutral,3.0,0.5955263899946595
547,0,Хочу андроид вместо этого,neutral,negative,I want an android instead,True,neutral->negative,0.5,split,neutral->negative|low|split,,,,,,,,neutral,3.0,0.0,neutral,3.0,0.9981209635734558,neutral,3.0,0.5847179293632507,negative,1.0,0.8178883194923401,neutral,3.0,0.6278829574584961,negative,1.0,0.7914068984140982,negative,1.0,0.0,negative,1.0,0.8286253186659757
554,0,"Да да да!!!! Я с этим телефоном проходил три года, а так я был 3-им хозяином. Он был 2008 года выпуска. В итоге я его поменял на самсунг, и та Нокиа ушла по рукам((Но не жалею о том что был такой телефон.",positive,neutral,"Yes, yes!!! I've been with this phone for three years, and I was the 3rd owner. It was in 2008. In the end, I changed it to Samsung, and that Nokia left hands (but I don’t regret that there was such a phone).",True,positive->neutral,0.125,split,positive->neutral|low|split,,,,,,,,positive,5.0,0.0,negative,1.0,0.9998664855957031,negative,1.0,0.7795416116714478,positive,5.0,0.9996638298034668,positive,5.0,0.3140507638454437,negative,1.0,0.5186447773944411,negative,1.0,0.0,neutral,3.0,0.8125219257521015
555,0,"При использовании телефона в течении 10 мес.телефон значительно быстро начал разряжаться, если звук сразу был очень хороший, то за этот период времени он стал значительно тише, даже в наушниках на полной громкости слышимость %40 стала.при полной зарядки телефона при открытии видео в соц.",negative,positive,"When using the phone for 10 months, the phone quickly began to discharge, if the sound was immediately very good, then during this period of time it became much quieter, even in headphones at full volume, the audibility of %40 became.",True,negative->positive,0.5,split,negative->positive|low|split,,,,,,,,positive,5.0,0.0,positive,5.0,0.892215371131897,positive,5.0,0.5949795246124268,negative,1.0,0.9583914875984192,neutral,3.0,0.5830075740814209,neutral,3.0,0.7043697970249283,neutral,3.0,0.0,positive,5.0,0.88
560,0,"Если вам не нужно скрывать ваши разговоры от окружающих, и вам не страшны электромагнитные излучения телефона, которые будут всегда максимальными, если вы попытаетесь закрыть задний динамик, чтобы не так слышно было окружающим вашего собеседника, тогда этот телефон стоит покупать.",negative,neutral,"If you do not need to hide your conversations from others, and you are not afraid of the electromagnetic radiation of the phone, which will always be maximum, if you try to close the rear speaker so that it is not so audible to the surroundings of your interlocutor, then this phone is worth buying.",True,negative->neutral,0.375,split,negative->neutral|low|split,,,,,,,,positive,5.0,0.0,neutral,3.0,0.9770973920822144,neutral,3.0,0.8127201199531555,positive,5.0,0.5928914546966553,neutral,3.0,0.6543006300926208,negative,1.0,0.7337595155471572,negative,1.0,0.0,negative,1.0,0.41668542711746126
561,0,"Телефон иногда меня не узнает и это раздражает. За день разрядилось на 60 процентов, оставалось 40, больше не проверял. Заставку и тему сделал черными для экономии заряда. С AirPlay не знаю, что делать. Теперь с телефона не могу слушать музыку на домашней акустике и это большой облом для меня. Самсунг S8 стоит на 25 тыс дешевле, дают подарок на 7тыс (колонка), экран лучше, нет дурацкого выреза вверху. Если бы не MacBook и не негативный опыт с первым сумсунгом galaxy S, то взял бы опять самсунг.",neutral,negative,"Sometimes my phone doesn’t recognize me and it’s annoying. The day was discharged by 60 percent, remained 40, no more check. The screensaver and theme were made black to save charge. I don't know what to do with AirPlay. Now I can't listen to home acoustics from my phone and that's a big bummer for me. Samsung S8 costs 25 thousand cheaper, give a gift for 7 thousand (column), the screen is better, there is no stupid cutout at the top. If it weren’t for the MacBook and the negative experience with the Galaxy S’s first sumsung, it would be Samsung again.",True,neutral->negative,0.5,split,neutral->negative|low|split,,,,,,,,negative,1.0,0.0,negative,1.0,0.9590228199958801,neutral,3.0,0.7264091968536377,negative,1.0,0.8463973999023438,negative,1.0,0.680188775062561,neutral,3.0,0.4333125105112943,neutral,3.0,0.0,neutral,3.0,0.45
562,0,в принцепи я довольна телефоном хотя очень много минусов. сейчас собираюсь купить вместо телефона камуникатор. на протяжении 2 лет использования ни разу не подвёл. особых проблем не было. надёжный и стильый телефон. очень прост и удобен в использовании,neutral,positive,"I'm happy with the phone in the Prince, although there are a lot of disadvantages, now I'm going to buy a camunicator instead of a phone. for 2 years of use I have never failed. there were no special problems. reliable and stylish phone. very simple and easy to use.",True,neutral->positive,0.625,majority,neutral->positive|medium|majority,,,,,,,,positive,5.0,0.0,positive,5.0,0.9982545971870422,positive,5.0,0.61453777551651,positive,5.0,0.9708841443061829,positive,5.0,0.919058084487915,neutral,3.0,0.5918913175062909,neutral,3.0,0.0,neutral,3.0,0.6
566,0,Не отображает фото контакта при входящем вызове (как и redmi 5). А так всё супер.,neutral,positive,It does not display a photo of the contact when the call is in (as does Redmi 5). It's great.,True,neutral->positive,0.625,majority,neutral->positive|medium|majority,,,,,,,,positive,5.0,0.0,negative,1.0,0.9525742530822754,neutral,3.0,0.7436280250549316,positive,5.0,0.9602161049842834,negative,1.0,0.8249151706695557,positive,5.0,0.8109704912176491,positive,5.0,0.0,positive,5.0,0.95
568,0,"Умер на 7 день эксплуатации. Изображение закрылось радужными точками. Такой же точно не возьму, буду брать смартфон. Нужна прямая синхронизация с Office и поле Отчество в контактах. На этот бы аппарат WM или Simbian хотя бы, цены бы ему не было.",neutral,negative,"He died on day 7. The image closed with rainbow dots. I will not take the same, I will take a smartphone. You need direct synchronization with Office and the Patrimony field in contacts. For this device WM or Simbian at least, the price it would not be.",True,neutral->negative,0.5,split,neutral->negative|low|split,,,,,,,,negative,1.0,0.0,negative,1.0,0.9999339580535889,neutral,3.0,0.8432705998420715,negative,1.0,0.6534442901611328,negative,1.0,0.667754590511322,neutral,3.0,0.5158965766862805,neutral,3.0,0.0,neutral,3.0,0.71
572,0,"Клава начала отклеиватся сверху, когда начал таскать  в кармане - зацепилась и отвалилась кнопка вызова. Пришлось отправить его на пенсию:)Хоть и можно было бы приклеить новую.Купил уже лопату: SONY XPERIA Acro S. Если бы не клава  протаскал бы ещё долго. Отличный телефон!",neutral,positive,"Klava began to peel off from above when he began to drag in his pocket - caught and fell off the call button. I had to send him to retirement: ) Although it would be possible to glue a new one. If it weren't for the klava, he'd be dragging around for a long time. Nice phone!",True,neutral->positive,0.625,majority,neutral->positive|medium|majority,,,,,,,,positive,3.0,0.0,neutral,3.0,0.9990925788879395,neutral,3.0,0.7761257290840149,neutral,3.0,0.5236613750457764,positive,5.0,0.42472484707832336,positive,5.0,0.39158938807552046,positive,5.0,0.0,positive,5.0,0.6
573,0,"Брал телефон в подарок, в целом он хорош, очень. Из недостатков: заметил кусочек клея на кромке рядом с экраном (оттёр), двух красивых болтов снизу как в релизе не заметил, просто углубления. И самая главная часть - нужно брать международную версию аппарата. Поясню, я взял китайскую версию (т.к. дешевле), на ней стояла прошивка 4.5.2.5A (последнияя буквы как я понимаю означает Asia), а так же куча софта на китайском языке, голосовой поискових на китайском и тд,. После обновления до 4.5.2.",neutral,positive,"I took the phone as a gift, in general it is good, very good. Of the shortcomings: I noticed a piece of glue on the edge next to the screen (wipe), two beautiful bolts from the bottom as in the release did not notice, just a depression. And the most important part is to take an international version of the device. To be clear, I took the Chinese version (because it is cheaper), it had firmware 4.5.2.5A (the last letters I understand means Asia), as well as a lot of software in Chinese, voice search in Chinese, etc. After upgrading to 4.5.2.",True,neutral->positive,0.375,majority,neutral->positive|low|majority,,,,,,,,positive,5.0,0.0,neutral,3.0,0.9996410608291626,neutral,3.0,0.8886952996253967,positive,5.0,0.9508931040763855,positive,5.0,0.39487066864967346,neutral,3.0,0.5369390565045117,neutral,3.0,0.0,neutral,3.0,0.42
575,0,"В целом практичный такой, норм.",neutral,positive,"Generally practical, normal.",True,neutral->positive,0.375,majority,neutral->positive|low|majority,,,,,,,,neutral,3.0,0.0,positive,5.0,0.6953136324882507,positive,5.0,0.8607723712921143,neutral,3.0,0.788586437702179,positive,5.0,0.890549898147583,neutral,3.0,0.5298840322374212,neutral,3.0,0.0,neutral,3.0,0.47536645372567526
585,0,"Красивый,удобный,практичный)))  P.S.в переднюю панельку оч здорово смотреться..)))",neutral,positive,"Beautiful, comfortable, practical)) P.S. in the front panel of the eye look great.",True,neutral->positive,1.0,unanimous,neutral->positive|high|unanimous,,,,,,,,positive,5.0,0.0,positive,5.0,0.9971314668655396,positive,5.0,0.9924775958061218,positive,5.0,0.991976797580719,positive,5.0,0.566909909248352,positive,5.0,0.4167138836045299,positive,5.0,0.0,positive,5.0,0.8719111942940481
586,0,"Мой первый Apple аппарат, до этого был и htc, и флагманские samsumg s-серии.  Задумывалась сменить телефон на IPhone и раньше, но читала сравнения того же SGS6 и IPhone6/6s, очевидно было, что до корейского аппарата яблоку далеко по многим параметрам. Очень долго противилась IPhone из-за всех этих штампов владельцев яблока, со всеми вытекающими и тд. Последней каплей в чаше терпения касаемо использования android-аппаратов стало ожидание ответа по 2-3 секунды и разрядка аккумулятора за пол-дня.",positive,neutral,"My first Apple device, before that was both htc and flagship Samsung S-series. I was thinking about changing the phone to an iPhone before, but I read comparisons of the same SGS6 and iPhone6/6s, it was obvious that the apple is far from the Korean device in many ways. For a very long time resisted the iPhone because of all these stamps of the owners of the apple, with all the ensuing etc. The last straw in the cup of patience regarding the use of android devices was the expectation of a response of 2-3 seconds and battery discharge in half a day.",True,positive->neutral,0.625,majority,positive->neutral|medium|majority,,,,,,,,neutral,3.0,0.0,negative,1.0,0.9994235038757324,neutral,3.0,0.6944988369941711,positive,5.0,0.7078306674957275,negative,1.0,0.5702553391456604,neutral,3.0,0.8333813755916254,neutral,3.0,0.0,neutral,3.0,0.48
588,0,"Поначалу я радовался телефоном, думал что он такой крутой. Оказывается напрасно. Нет LG я себе больше не куплю.",negative,neutral,"At first I was happy with the phone, I thought it was so cool. It's in vain. I'm not buying LG anymore.",True,negative->neutral,0.125,split,negative->neutral|low|split,,,,,,,,positive,5.0,0.0,negative,1.0,0.9828280210494995,neutral,3.0,0.5995159149169922,negative,1.0,0.9803926348686218,negative,1.0,0.6069539785385132,positive,5.0,0.6944451584066443,positive,5.0,0.0,positive,5.0,0.7552360875663977
593,0,"Крепкий середняк, на 4ку",neutral,positive,"Strong middle man, on 4K",True,neutral->positive,0.625,majority,neutral->positive|medium|majority,,,,,,,,positive,5.0,0.0,neutral,3.0,0.9978098273277283,positive,5.0,0.753044843673706,positive,5.0,0.9793084263801575,positive,5.0,0.8155513405799866,neutral,3.0,0.5728693603941918,neutral,3.0,0.0,positive,5.0,0.5114748434917002
594,0,"Это уже вторая модель Sony Xperia. До этого пользовалась Z3, с тем же успехом - проработал 4 месяца и начались практически такие же проблемы (но у Z3 еще отказывала камера)",negative,neutral,"This is the second Sony Xperia model. Before that, the Z3 was used, with the same success - it worked for 4 months and began almost the same problems (but the Z3 still failed the camera).",True,negative->neutral,0.5,split,negative->neutral|low|split,,,,,,,,negative,3.0,0.0,negative,1.0,0.9997383952140808,neutral,3.0,0.5948130488395691,negative,1.0,0.7588284015655518,positive,5.0,0.5266566872596741,neutral,3.0,0.5506316921800161,neutral,3.0,0.0,neutral,3.0,0.45485820712150543
596,0,Покупал жене на новый год. Как звонилка очень даже не плох. Через месяц выяснилось что смс послать с него невозможно и при этом непонятно в чем причина данного недостатка.,neutral,negative,"I bought my wife for the new year. It's not a bad call. A month later, it turned out that it was impossible to send an SMS from him and at the same time it is unclear what the cause of this deficiency is.",True,neutral->negative,0.875,majority,neutral->negative|high|majority,,,,,,,,positive,3.0,0.0,negative,1.0,0.9986745119094849,negative,1.0,0.6629825234413147,negative,1.0,0.8769243955612183,negative,1.0,0.8405783772468567,negative,1.0,0.7112283325205946,negative,1.0,0.0,negative,1.0,0.44
600,0,"Всем доброго времени суток,хочу дать свой отзыв этому телефону,так как я,как и вы сейчас, раньше читал отзывы,надеюсь мой отзыв поможет в выборе телефона,и так приступим....",positive,neutral,"Good day to everyone, I want to give my feedback to this phone, as I, like you now, have read reviews before, I hope my review will help in choosing a phone, and so we will begin.",True,positive->neutral,0.125,split,positive->neutral|low|split,,,,,,,,positive,5.0,0.0,neutral,3.0,0.9953931570053101,positive,5.0,0.5571683049201965,positive,5.0,0.9668121933937073,positive,5.0,0.6689385175704956,negative,1.0,0.4821492089692199,negative,1.0,0.0,negative,1.0,0.5117332169767509
602,0,"Ну можно так сказать что хорошие деньги на ветер, через полгода сломался динамик, ремонт-3200 руб.              Короче не советую.",neutral,negative,"Well, we can say that good money for the wind, six months broke the speaker, repair 3200 rubles. I don't recommend that.",True,neutral->negative,0.625,majority,neutral->negative|medium|majority,,,,,,,,neutral,3.0,0.0,negative,1.0,0.9988885521888733,neutral,3.0,0.5398290753364563,negative,1.0,0.7759752869606018,negative,1.0,0.5618855357170105,negative,1.0,0.5879000654011562,negative,1.0,0.0,neutral,3.0,0.7216267180285638
608,0,"В целом, если пользоваться как телефоном и не претендовать на какой-то объем больше 5 Gb памяти, то вполне сносно...",neutral,positive,"In general, if you use as a phone and do not claim any amount of more than 5 GB of memory, it is quite tolerable.",True,neutral->positive,0.25,majority,neutral->positive|low|majority,,,,,,,,neutral,3.0,0.0,neutral,3.0,0.9691631197929382,neutral,3.0,0.7240965962409973,positive,5.0,0.9756146669387817,positive,5.0,0.44764426350593567,neutral,3.0,0.6743673177725482,neutral,3.0,0.0,neutral,3.0,0.6395698596008613
609,0,Аккумулятора хватает на три дня,negative,positive,The battery lasts for three days.,True,negative->positive,0.25,majority,negative->positive|low|majority,,,,,,,,neutral,3.0,0.0,positive,5.0,0.8282016515731812,positive,5.0,0.7870908975601196,neutral,3.0,0.6608492732048035,neutral,3.0,0.7620812058448792,neutral,3.0,0.5298840322374212,neutral,3.0,0.0,neutral,3.0,0.47536645372567526
613,0,"Скоро будет 2 года, как купила. Не жалею. Через несколько месяцев после покупки сменила прошивку с 6.1 на 6.5. Для удобства работы всем рекомендую ставить оболочку SPB Mobile Shell - она здорово компенсирует все то, чего может не хватать даже самым искушенным и требовательным пользователям. Экран отличный, выдерживает неоднократное воздействие разных острых предметов - начиная от пилочки для ногтей и карандашей и заканчивая моими когтями.",neutral,positive,"It'll be 2 years since I bought it. No regrets. A few months after the purchase, the firmware changed from 6.1 to 6.5. For ease of work, I recommend you to put the SPB Mobile Shell shell - it perfectly compensates for everything that even the most sophisticated and demanding users may lack. The screen is excellent, withstands repeated exposure to various sharp objects - from nail file and pencils to my claws.",True,neutral->positive,0.75,majority,neutral->positive|medium|majority,,,,,,,,positive,5.0,0.0,neutral,3.0,0.65866619348526,positive,5.0,0.8968823552131653,positive,5.0,0.9992758631706238,neutral,3.0,0.8290104866027832,positive,5.0,0.7420078335709717,positive,5.0,0.0,positive,5.0,0.66
616,0,"В целом телефоном доволен, хорошее устройство, пользоваться им удобно и приятно, а экран вообще супер (положите рядом с включенными экранами этот телефон и любой другой телефон и вы сразу увидите разницу). Правда хорошо, если цена была бы поменьше.) Но в связи с тем, что есть ограничения по видимости телефона по bluetooth, а для меня это сейчас важно, уже думаю о его замене (если бы этого ограничения не было, еще годик можно было бы подождать с заменой).",neutral,positive,"In general, the phone is happy, a good device, it is convenient and pleasant to use, and the screen is generally super (put this phone and any other phone next to the screens turned on and you will immediately see the difference). It would be nice if the price was lower. But due to the fact that there are restrictions on the visibility of the phone on bluetooth, and for me this is important now, I am already thinking about replacing it (if this restriction was not, another year could wait with a replacement).",True,neutral->positive,0.875,majority,neutral->positive|high|majority,,,,,,,,positive,5.0,0.0,positive,5.0,0.8032270669937134,neutral,3.0,0.6941009163856506,positive,5.0,0.9681957960128784,positive,5.0,0.8415640592575073,positive,5.0,0.8874821341984674,positive,5.0,0.0,positive,5.0,0.47
621,0,пользуюсь я этим телефоном уже больше пол года за это время по мимо багов на которые я закрывал глаза он уже успел побывать в сервисе по гарантии! была потеряна абсолютно вся информация! что лично для меня важней самого телефона! мой вывод прост! ИЩУ ДРУГОЙ ТЕЛЕФОН!,neutral,negative,"I have been using this phone for more than half a year during this time, past the bugs I closed my eyes to he has already managed to visit the service under warranty! absolutely all information was lost! Looking for another phone!",True,neutral->negative,0.75,majority,neutral->negative|medium|majority,,,,,,,,negative,1.0,0.0,positive,5.0,0.9672608971595764,negative,1.0,0.7033064961433411,negative,1.0,0.9978381991386414,positive,5.0,0.883863627910614,negative,1.0,0.8321319130946259,negative,1.0,0.0,negative,1.0,0.65
622,0,"Как по мне у телефона два минуса. Первый - вышеуказанный, второй - не статусный бренд. Хотя те кто в теме, знают, что производитель, вообще говоря, довольная серьезная компания. В остальном не забивайте себе голову: если вы просто хотите отлично сбалансированный телефон за адекватные деньги - этот в первых рядах.",positive,neutral,"I think the phone has two minuses. The first is the above, the second is not a status brand. Although those who are in the subject know that the manufacturer, generally speaking, is a satisfied serious company. For the rest, don’t worry: if you just want a perfectly balanced phone for adequate money, this one is in the front row.",True,positive->neutral,0.25,split,positive->neutral|low|split,,,,,,,,positive,5.0,0.0,neutral,3.0,0.8793042302131653,neutral,3.0,0.502707839012146,positive,5.0,0.9938084483146667,negative,1.0,0.4892596900463104,negative,1.0,0.3908786905418849,negative,1.0,0.0,positive,5.0,0.48
623,0,Телефон бомбовский. Перешла на него с айфона,positive,neutral,Bomber's phone. Switched to it from an iPhone.,True,positive->neutral,0.5,split,positive->neutral|low|split,,,,,,,,neutral,3.0,0.0,neutral,3.0,0.9999279975891113,neutral,3.0,0.7586688995361328,positive,5.0,0.7560785412788391,positive,5.0,0.369616836309433,negative,1.0,0.5186447773944411,negative,1.0,0.0,neutral,3.0,0.8125219257521015
625,0,"1. Нет, телефон не поддельный. Да, купил его в салоне Нокиа.  2. Нет, не сломан мой конкретно телефон, иначе бы его заменили по гарантии.  3. Да, у меня был опыт общения с другими телефонами, других производителей, со всеми, включая Сименсы )",negative,positive,"1. No, the phone's not fake. Yeah, I bought it at a Nokia salon. 2. No, my phone wasn't broken, otherwise it would have been replaced under warranty. 3 Yes, I've had experience with other phones, other manufacturers, everyone, including Simens.",True,negative->positive,0.25,majority,negative->positive|low|majority,,,,,,,,positive,5.0,0.0,neutral,3.0,0.9999194145202637,neutral,3.0,0.8287460207939148,positive,5.0,0.7241833209991455,neutral,3.0,0.45149147510528564,neutral,3.0,0.5568429067148326,neutral,3.0,0.0,neutral,3.0,0.684703081743878
628,0,"Еще из особенностей.Заметил,что когда стоит режим экономии энергии,тот который ""Системный"" экран реагирует на стилус с подтормаживанием,т.е. время отклика с приличной задержкой,да и вобще,когда стоит режим экономии,аппарат заметно медленнее работает,понятно,что это выводы КО,но я выделил именно работу со стилусом.Вобще,все управление стилусом все какое-то не интуитивно-понятное,понятно что это дело привычки,но по началу вобще жесть как все неудобно.",negative,neutral,"I noticed that when there is an energy saving mode, the one that the ""System"" screen reacts to the stylus with braking, i.e. response time with a decent delay, and in general, when there is a saving mode, the device works noticeably slower, it is clear that these are the conclusions of KO, but I singled out exactly the work with the stylus.In general, all the management of the stylus is somehow not intuitive, it is clear that this is a matter of habit, but at first it is really uncomfortable.",True,negative->neutral,0.75,majority,negative->neutral|medium|majority,,,,,,,,neutral,3.0,0.0,neutral,3.0,0.9826656579971313,neutral,3.0,0.8190969824790955,positive,5.0,0.524272620677948,negative,1.0,0.7517465353012085,neutral,3.0,0.6450134567673591,neutral,3.0,0.0,neutral,3.0,0.65
631,0,"1) Почитайте сначала acer-club.ru Там страшно :) Но оказалось, не всё так плохо. Пятен на экране, о которых часто упоминается, на моем экземпляре нет. Прошивка оказалась сразу какая надо: 2.003.00_RU 2) Когда перед покупкой просмотривал отзывы, увидел, что кто-то предпочел приобрести Samsung i8000, нежели Acer neoTouch. В магазине я внимательно исследовал оба аппарата, и обнаружил, что экран у i8000 хуже: точки нечеткие, справа с красной каемкой, а слева с сине-зеленой.",positive,neutral,"1) Read first acer-club.ru It's scary out there : But it turns out it's not that bad. The spots on the screen that are often mentioned are not on my copy. When I looked at the reviews before buying, I saw that someone preferred to buy a Samsung i8000 rather than Acer neoTouch. In the store, I carefully examined both devices, and found that the screen of the i8000 is worse: the dots are fuzzy, on the right with a red border, and on the left with a blue-green.",True,positive->neutral,0.5,split,positive->neutral|low|split,,,,,,,,negative,3.0,0.0,neutral,3.0,0.9995137453079224,neutral,3.0,0.8561980128288269,negative,1.0,0.45081827044487,negative,1.0,0.5632174015045166,neutral,3.0,0.46196529333341535,positive,5.0,0.0,neutral,3.0,0.5738686980770589
636,0,"Взял поиграться на день. У самого имеется HTC Desire и Samsung Wave. Теперь, подержав три аппарата, выдаю рецепт идеального коммуникатора: корпус, дизайн, камера как у Samsung Wave; механическая клавиатура, оптический трекбол, софт-оболочка, разъем, кнопка блокировки - HTC Desire, экран, щедрый софт - Galaxy S. Кто бы воплотил?) Да, и в комплект гарнитуру как у SONY-Ericsson Aino)",neutral,positive,"To play for the day. It has the HTC Desire and Samsung Wave. Now, holding three devices, I give a recipe for the perfect communicator: case, design, camera like the Samsung Wave; mechanical keyboard, optical trackball, soft shell, connector, lock button - HTC Desire, screen, generous software - Galaxy S. Who would? Yeah, and it comes with a Sony-Ericsson Aino headset.",True,neutral->positive,0.5,split,neutral->positive|low|split,,,,,,,,positive,5.0,0.0,positive,5.0,0.9985911250114441,positive,5.0,0.7440971732139587,positive,5.0,0.9843446612358093,neutral,3.0,0.8786011338233948,neutral,3.0,0.6404422841481066,neutral,3.0,0.0,neutral,3.0,0.8195534718874508
637,0,"Продолжаю недостатки:6. Ужасные внешние динамики. Слушал музыку на всех 3х телефонах, оценка iPhone/Galaxy/Nokia = 10:5:10. Динамик, по ходу один, т. е. звук моно. Громкая связь ни разу не громкая, хотелось бы громче раза в 1,5, плюс телефон дребезжит, о чем производитель честно пишет в инструкции. В наушниках не слушал, но жена говорит, что звук хуже чем в iPhone, но в целом неплохой.7. Оперативная память. Это отдельная история.",neutral,negative,"Continuing flaws: 6. Terrible external speakers. Listened to music on all 3 phones, iPhone/Galaxy/Nokia scored 10:5:10. Speaker, in the course of one, i.e. sound mono. The speakerphone is never loud, I would like to louder than 1.5 times, plus the phone rattles, about which the manufacturer honestly writes in the instructions. I didn’t listen to the headphones, but my wife says the sound is worse than the iPhone, but it’s generally not bad.7 RAM. It's a separate story.",True,neutral->negative,0.375,majority,neutral->negative|low|majority,,,,,,,,negative,1.0,0.0,neutral,3.0,0.991302490234375,neutral,3.0,0.7584241032600403,negative,1.0,0.8759002685546875,negative,1.0,0.6901134252548218,neutral,3.0,0.6305610098727141,neutral,3.0,0.0,neutral,3.0,0.58
638,0,"Пользуюсь уже полтора года. Очень и очень недоволен! Купил чисто из-за интереса функции 3D, но очень скоро настало разочерование... выше всё сказано! Теперь как присмотрю модель Samsung с 4g так сразу поменяю!!!!!! LG больше НИКОГДА!!!",negative,neutral,"I've been using it for a year and a half. Very, very unhappy! Purchased purely because of the interest of the 3D function, but very soon came the decomposition ... above all! Now, when I look at the Samsung model with 4G, I will immediately change it!!!!! LG ever again!!!",True,negative->neutral,0.5,split,negative->neutral|low|split,,,,,,,,negative,3.0,0.0,neutral,3.0,0.9877299666404724,negative,1.0,0.6455957293510437,negative,1.0,0.9862564206123352,positive,5.0,0.42834416031837463,neutral,3.0,0.5297551205983155,neutral,3.0,0.0,neutral,3.0,0.4549788647548516
639,0,"Если покупаете из-за Bluetooth, избегайте любой ценой!",negative,neutral,"If you buy because of Bluetooth, avoid it at all costs.",True,negative->neutral,0.25,split,negative->neutral|low|split,,,,,,,,negative,3.0,0.0,negative,1.0,0.9993351101875305,neutral,3.0,0.9116047620773315,negative,1.0,0.9980291724205017,neutral,3.0,0.768921971321106,positive,5.0,0.7220407034817402,positive,5.0,0.0,positive,5.0,0.8385630200947033
642,0,"Если вам нужен бюджетный вариант ""звонилки"" и среднего плеера, берите и не сомневайтесь))",positive,neutral,"If you need a budget version of the ""caller"" and medium player, take and do not hesitate)",True,positive->neutral,0.875,majority,positive->neutral|high|majority,,,,,,,,neutral,3.0,0.0,neutral,3.0,0.7636317610740662,neutral,3.0,0.8732278347015381,positive,5.0,0.8366309404373169,neutral,3.0,0.8520782589912415,neutral,3.0,0.8111721877293007,neutral,3.0,0.0,neutral,3.0,0.6403943584574014
643,0,"Пользуюсь телефоном 1,5 года. Нареканий почти нет, кроме батареи. При активном использовании хватает на 1 день. Греется батарея. А в общем телефон отличный, иногда приложения вылетают, но это наверное не в телефоне дело. Не глючит, не зависает. Телефон отличный. Если купить усиленную батарею то цены ему нет.",neutral,positive,"I've been using my phone for 1.5 years. There are almost no complaints except the battery. With active use, it lasts for 1 day. The battery is warming. And in general, the phone is great, sometimes apps fly out, but it's probably not about the phone. It doesn't glitch, it doesn't hang. The phone's great. If you buy a reinforced battery, there is no price.",True,neutral->positive,0.5,split,neutral->positive|low|split,,,,,,,,positive,5.0,0.0,neutral,3.0,0.9415445327758789,neutral,3.0,0.6928330659866333,positive,5.0,0.9849387407302856,neutral,3.0,0.6527754068374634,neutral,3.0,0.45589798693171474,positive,5.0,0.0,positive,5.0,0.52
644,0,"Телефон  достойный,  всех  друзей  забавило  то -  что  он  полусенсорный: D Но  всё  денег  он  своих  не  стоит,  но  всё  таки  качество  наивысшее.  Покупал  в  2012,  Ситилинк.",neutral,positive,"The phone is decent, all friends were amused by the fact that it is semi-sensory: D But all the money it is not worth its own, but still the highest quality. I bought it in 2012, Citilink.",True,neutral->positive,0.875,majority,neutral->positive|high|majority,,,,,,,,positive,3.0,0.0,positive,5.0,0.9550171494483948,positive,5.0,0.7813031077384949,positive,5.0,0.9892892837524414,positive,5.0,0.7241824269294739,positive,5.0,0.4658485956155032,positive,5.0,0.0,negative,1.0,0.4121723323424324
650,0,"надо устанавлить программы, в начальной комплектации все ужасно: в плеере плейлистов создавать нельзя, камера даже не приближает... но все решается, программ, как замечено выше, дофига и больше выключайте траффик данных, иначе деньги с телефона будут пропадать не по дням, а по часам. и установите какой-нибудь таск киллер, ибо некоторые приложения не выключаются,а переходят в фоновой режим камера без приближения хорошая, но начинаешь приближать - пиксели видны невооруженным глазом.",positive,negative,"It is necessary to install programs, everything is terrible in the initial configuration: you can not create playlists in the player, the camera does not even approach ... but everything is solved, programs, as noted above, are a lot and turn off data traffic more, otherwise money from the phone will disappear not by days, but by hours. and install some killer drag, because some applications do not turn off, but go into the background camera without approximation is good, but you begin to zoom in - the pixels are visible to the naked eye.",True,positive->negative,0.5,split,positive->negative|low|split,,,,,,,,negative,1.0,0.0,negative,1.0,0.9999216794967651,neutral,3.0,0.6701170206069946,positive,5.0,0.8490579724311829,negative,1.0,0.5509862899780273,neutral,3.0,0.5534768584234643,neutral,3.0,0.0,negative,1.0,0.77
652,0,"в целостном телефон хороший,  мощный и цена в полне удовлетворяет",neutral,positive,"In a complete phone good, powerful and the price is quite satisfactory",True,neutral->positive,0.875,majority,neutral->positive|high|majority,,,,,,,,positive,5.0,0.0,positive,5.0,0.9751442074775696,positive,5.0,0.9643176794052124,positive,5.0,0.9988718628883362,positive,5.0,0.9026421308517456,neutral,3.0,0.49510446703188105,positive,5.0,0.0,positive,5.0,0.76
653,0,"Приобрел этот телефон пару месяцев назад. Конечно сначала мнения о нем у меня сложились не очень. Купил по совету друга. Попользовался. И честно вам скажу мнение поменялось. Камера отличная. А про динамики я вообще молчу. Музыку на весь двор слышно. Конечно классно было бы чтобы этот телефон был сенсорный, ну да ладно. Только вот плохо что корпус не очень надёжный. И царапается много. Приходится менять. И про батарею тоже скажу. Держит не много. Мне хватает на день. Ну кому как но мне это мало.",positive,negative,"I bought this phone a couple of months ago. Of course, at first I did not have very good opinions about him. I bought it on a friend's advice. Used it. And to be honest, my opinion has changed. The camera is great. I'm not talking about the speakers. You can hear music all over the yard. Of course, it would be cool if this phone was touch-sensitive, but come on. The only problem is that the body is not very reliable. And scratches a lot. I have to change. I'll tell you about the battery. He doesn't hold much. I have enough for a day. It's not enough for me.",True,positive->negative,0.375,split,positive->negative|low|split,,,,,,,,neutral,3.0,0.0,negative,1.0,0.9079720973968506,neutral,3.0,0.5813924670219421,positive,5.0,0.9047182202339172,negative,1.0,0.7528181672096252,neutral,3.0,0.5255390890053608,neutral,3.0,0.0,negative,1.0,0.49
654,0,"Прекрасная камера, приятный софт, отсутствие лагов, 2 симки, хорошая производительность, большой объем памяти, среднее время работы и яркий экран дают знать, что этот смартфон - чудо. Хороший выбор за свои деньги.",neutral,positive,"A beautiful camera, pleasant software, no lags, 2 SIMKS, good performance, a large amount of memory, average operating time and a bright screen let you know that this smartphone is a miracle. Good choice for your money.",True,neutral->positive,1.0,unanimous,neutral->positive|high|unanimous,,,,,,,,positive,5.0,0.0,positive,5.0,0.9859802722930908,positive,5.0,0.98530513048172,positive,5.0,0.9992177486419678,positive,5.0,0.8814496397972107,positive,5.0,0.5798719101414532,positive,5.0,0.0,positive,5.0,0.71
655,0,"Хочу написать этот отзыв для тех кто хочет приобрести данный телефон. У него есть одна особенность - он из Китая) Если вы будете преобретать его не у официального диллера, а в интернет магазинах или а алиэкспресса, то будте готовы что в место официальной прошивки на него будет установлена так называемая Кастомная прошивка. Кастомные прошивки любят ставить поставщики телефонов из Китая.",neutral,negative,"I want to write this review for those who want to buy this phone. He has one thing in common: he is from China. If you buy it not from the official dealer, but in online stores or aliexpress, then be prepared that the so-called Custom firmware will be installed on it at the place of official firmware. Custom firmware likes to put phone suppliers from China.",True,neutral->negative,0.625,majority,neutral->negative|medium|majority,,,,,,,,positive,5.0,0.0,negative,1.0,0.9615827202796936,neutral,3.0,0.8570946455001831,negative,1.0,0.813822865486145,neutral,3.0,0.5025219917297363,negative,1.0,0.6733920106521221,negative,1.0,0.0,negative,1.0,0.5355998772814226
657,0,"Старый, его время прошло",neutral,negative,"Old, his time has passed.",True,neutral->negative,0.375,majority,neutral->negative|low|majority,,,,,,,,neutral,3.0,0.0,neutral,3.0,0.5641502737998962,neutral,3.0,0.6393070816993713,negative,1.0,0.7622292637825012,neutral,3.0,0.29102468490600586,negative,1.0,0.5009336859110444,neutral,3.0,0.0,negative,1.0,0.51
659,0,"Вобщем хорошая звонилка для тех кому надо 2 симки. Через год использования полетел сенсор. По гарантии заменили. Это у Нокиа серьезная проблема.  Если нужна неплохая звонилка то он вам подойдет, а в основном поисчите лучше что-нить на андройде",negative,neutral,"This is a good call for those who need 2 SIMs. After a year of use, the sensor flew. Guaranteed replacement. That's Nokia's problem. If you need a good caller, then it will suit you, and basically you will find better something on the Android.",True,negative->neutral,0.75,majority,negative->neutral|medium|majority,,,,,,,,positive,5.0,0.0,neutral,3.0,0.9021574258804321,neutral,3.0,0.8152390122413635,neutral,3.0,0.9009392261505127,negative,1.0,0.7022861838340759,neutral,3.0,0.5333651457499237,neutral,3.0,0.0,neutral,3.0,0.7186303215232422
661,0,купил около года назад за 4500р и за всё время не заметил не одной технической поломки довольно качественный телефон жаль только не поддерживает 4G,neutral,negative,I bought it about a year ago for 4500r and for all the time I did not notice a technical breakdown quite high-quality phone pity only does not support 4G,True,neutral->negative,0.375,split,neutral->negative|low|split,,,,,,,,negative,1.0,0.0,negative,1.0,0.986201822757721,neutral,3.0,0.5087624192237854,positive,5.0,0.9988827109336853,negative,1.0,0.7517327666282654,neutral,3.0,0.5853526619549131,neutral,3.0,0.0,neutral,3.0,0.36
663,0,Свои деньги телефон отрабатывает на все 100%. Моя личная оценка 5 баллов (по 5-ти балльной шкале).,positive,neutral,The phone makes 100% of its money. My personal score is 5 points (on a 5-point scale).,True,positive->neutral,0.875,majority,positive->neutral|high|majority,,,,,,,,neutral,3.0,0.0,neutral,3.0,0.7808554172515869,neutral,3.0,0.8340447545051575,positive,5.0,0.9976145029067993,neutral,3.0,0.9077017307281494,neutral,3.0,0.5031472483359046,neutral,3.0,0.0,neutral,3.0,0.6133851093956352
664,0,"про размер писать ничего не буду для меня + для кого это ""-"" не берите его и все мне он заменяет и планшет и телефон. я доволен. после снижения цены стал очень интересным вариантом",positive,negative,"I will not write anything about the size for me + for whom it is ""-"" do not take it and it replaces everything for me and the tablet and phone.",True,positive->negative,0.375,split,positive->negative|low|split,,,,,,,,neutral,3.0,0.0,neutral,3.0,0.5569678544998169,neutral,3.0,0.777228593826294,negative,1.0,0.7717475295066833,positive,5.0,0.8933098912239075,negative,1.0,0.4695268541832461,negative,1.0,0.0,neutral,3.0,0.47725672634218363
665,0,Покупал в июле 2012 сейчас уже появились новые аппараты в том числе и от самсунг но все же советую и никаких прошивок на него не ставьте только испортите..,positive,negative,I bought in July 2012 now there are new devices including from Samsung but still advise and no firmware on it just spoil.,True,positive->negative,0.5,split,positive->negative|low|split,,,,,,,,negative,1.0,0.0,neutral,3.0,0.9788269996643066,negative,1.0,0.679577112197876,negative,1.0,0.9706535339355469,negative,1.0,0.9016852974891663,neutral,3.0,0.5298840322374212,neutral,3.0,0.0,neutral,3.0,0.47536645372567526
667,0,"Красотка, даже с супер навороченными гаджетами выглядит достойно.",neutral,positive,"Beautiful, even with super fancy gadgets looks decent.",True,neutral->positive,1.0,unanimous,neutral->positive|high|unanimous,,,,,,,,positive,5.0,0.0,positive,5.0,0.9985585808753967,positive,5.0,0.9834986329078674,positive,5.0,0.9337682723999023,positive,5.0,0.9215775728225708,positive,5.0,0.9390888849354878,positive,5.0,0.0,positive,5.0,0.96
670,0,"Для своей ценовой категории очень хороший смартфон. Были затруднения с установкой мелодии на звонок, ответ здесь http://club.dns-shop.ru/expert/234397/. Недавно начал глючить, но пока не напрягает. Камера действительно очень хорошая. Много бесплатного софта на Play Market, все очень доступно и понятно. В эксплуатации пол года, пока особых нареканий нет. Выглядит, кстати, дорого, так что если денег немного, а выпендриться хочется, то эта моделька для вас.",neutral,positive,"For its price category is a very good smartphone. There were difficulties with setting the melody on the call, the answer here http://club.dns-shop.ru/expert/234397/. Recently began to glittle, but not yet tense. The camera is really very good. A lot of free software on the Play Market, everything is very affordable and understandable. In operation for half a year, while there are no special complaints. It looks, by the way, expensive, so if there is little money, and you want to show off, then this model is for you.",True,neutral->positive,0.875,majority,neutral->positive|high|majority,,,,,,,,positive,5.0,0.0,neutral,3.0,0.8170109987258911,positive,5.0,0.7892995476722717,positive,5.0,0.9943299293518066,positive,5.0,0.8821517825126648,positive,5.0,0.5444229642126197,positive,5.0,0.0,positive,5.0,0.62
672,0,"В общем телефон достойный, и по функционалу и по качеству. Батарея не очень долго держит при постоянном использовании, но это относительно - 2 дня За год использования крышка не расшаталась, что радует. Работает также как и раньше.",neutral,positive,"In general, the phone is decent, both in functionality and quality. The battery does not hold for a very long time with constant use, but this is relative - 2 days For a year of use, the lid did not loosen, which is pleasing. It's still working.",True,neutral->positive,0.5,split,neutral->positive|low|split,,,,,,,,positive,5.0,0.0,neutral,3.0,0.9799398183822632,positive,5.0,0.5022315382957458,positive,5.0,0.9841318726539612,positive,5.0,0.943471372127533,neutral,3.0,0.6761384045917216,neutral,3.0,0.0,neutral,3.0,0.39
675,0,"В итоге отказался от покупки. Я привык к htc с его sense, выбирал только htc на андроид. На данный момент достойных телефонов у htc для меня нету. На горизонте только лопаты 4.7. Старые линейки desire брать уже не хочется, их поддержка и обновления можно сказать закончились. Sensation не оправдал надежд, как и htc в целом. Я расстроен.",neutral,negative,"In the end, he refused to buy. I was used to htc with its sense, choosing only htc on Android. At the moment, there are no decent HTC phones for me. There's only 4.7 shovels on the horizon. Old lines of desire to take no longer want, their support and updates can be said to be over. Sensation did not live up to expectations, as did htc in general. I'm upset.",True,neutral->negative,0.875,majority,neutral->negative|high|majority,,,,,,,,negative,1.0,0.0,negative,1.0,0.9989707469940186,negative,1.0,0.6175432205200195,negative,1.0,0.9352549910545349,negative,1.0,0.8033643364906311,negative,1.0,0.4026913119231388,negative,1.0,0.0,neutral,3.0,0.6174841149927865
678,0,"Замечательный телефон, радует глаз. Очень удобно лежит в руке, не зависимо от возраста потребителя. Помимо эргономичной формы, трубка сделана из качественных на мой взгляд материалов, приятный на ощупь, не выскальзывает. Сенсоры работают вполне приемлемо, хотя и требуется небольшое усилие, но это мелочи. У камеры имеется вспышка, ее можно использовать в качестве фонарика, если скачать специальное приложение. Безупречное качество звука, как в наушниках, так и без. Пользуюсь уже 2,5 года.",neutral,positive,"It's a wonderful phone, pleasing to the eye. It is very comfortable in the hand, regardless of the age of the consumer. In addition to the ergonomic shape, the tube is made of high-quality materials, pleasant to the touch, does not slip. Sensors work quite well, although it takes a little effort, but these are small things. The camera has a flash, it can be used as a flashlight if you download a special application. Perfect sound quality, both in headphones and without. I've been using it for 2.5 years.",True,neutral->positive,1.0,unanimous,neutral->positive|high|unanimous,,,,,,,,positive,5.0,0.0,positive,5.0,0.9534962177276611,positive,5.0,0.9662591814994812,positive,5.0,0.9995891451835632,positive,5.0,0.9135720729827881,positive,5.0,0.7487980497912292,positive,5.0,0.0,positive,5.0,0.57
679,0,"Телефон хороший, но многие очень висячие",neutral,positive,"The phone is good, but many are very hanging.",True,neutral->positive,0.625,majority,neutral->positive|medium|majority,,,,,,,,positive,3.0,0.0,neutral,3.0,0.9854971766471863,neutral,3.0,0.7010505795478821,positive,5.0,0.6988155245780945,negative,1.0,0.4977383315563202,positive,5.0,0.6538640040310578,positive,5.0,0.0,positive,5.0,0.62
680,0,"Всем хорошь зараза. Но звук все перечеркнул. Сравнивал с другим китайцем жены, ну прям небо и земля. Да еще в придачу не каждый миниджек нормально подходит к гнезду. Т.к. оч. люблю музыку - одно расстройство.",neutral,negative,"Don't be a bitch. But the sound blew it off. He compared his wife to another Chinese, like heaven and earth. And in addition, not every minijack fits the nest normally. Because I love music, there's one disorder.",True,neutral->negative,0.375,split,neutral->negative|low|split,,,,,,,,positive,5.0,0.0,negative,1.0,0.6787860989570618,neutral,3.0,0.6803734302520752,negative,1.0,0.8895796537399292,negative,1.0,0.5431217551231384,neutral,3.0,0.5932410199917979,neutral,3.0,0.0,neutral,3.0,0.57
681,0,"хорошего много, но все таки хотелось что бы производители Sony Ericcson, делали их по надёжнее",neutral,positive,"There are a lot of good things, but I still want Sony Ericcson manufacturers to make them more reliable.",True,neutral->positive,0.375,split,neutral->positive|low|split,,,,,,,,positive,5.0,0.0,neutral,3.0,0.506568431854248,positive,5.0,0.6368193626403809,positive,5.0,0.9212542772293091,negative,1.0,0.6384425759315491,neutral,3.0,0.7393823638296422,neutral,3.0,0.0,neutral,3.0,0.6953144046981916
682,0,"прошло больше 1,5 года, естественно начал подтормаживать. Понимаю что это решается руками, но решил глянуть замену ему. Так нет ее!! либо обмылки c плохим железом, либо лопаты.",positive,negative,"More than 1.5 years later, naturally began to slow down. I know it's a hands-on thing, but I decided to look at his replacement. No, no, no, no, no, no, no, no, no, no, no, no, no.",True,positive->negative,0.625,majority,positive->negative|medium|majority,,,,,,,,negative,1.0,0.0,negative,1.0,0.9989547729492188,negative,1.0,0.6160434484481812,positive,5.0,0.6685196161270142,negative,1.0,0.6913926005363464,negative,1.0,0.504779094267711,neutral,3.0,0.0,neutral,3.0,0.8
683,0,"Я не бабушка столетняя, слух по жизни хороший! Слышу как ребенок во сне посапывает из другой комнаты, а вот когда мне звонят - не слышно ВООБЩЕ!",negative,positive,"I'm not a hundred-year-old grandmother, my hearing is good. I hear a child in a dream snooping from another room, but when I get a call, I can’t hear it!",True,negative->positive,0.625,majority,negative->positive|medium|majority,,,,,,,,positive,5.0,0.0,positive,5.0,0.9516550302505493,negative,1.0,0.6354320049285889,negative,1.0,0.8488609790802002,positive,5.0,0.6146831512451172,positive,5.0,0.49818048013588223,positive,5.0,0.0,neutral,3.0,0.39
687,0,"давно ищу звонилку без ненужных понтов - таких, как оказалось нет...лично мне камеры-интернеты-цветные дисплеи никуда не стучат, если в телефоне элементарный функционал, как оказалось, не предусмотрен. по сравнению с тройкой - налицо деградация бюджетного сегмента, но как и раньше, лучшее предложение на рынке",neutral,negative,"I have long been looking for a call without unnecessary ponts - such as it turned out not to be... Personally, I camera-internet-color displays do not knock anywhere, if the phone elementary functionality, as it turned out, is not provided. compared to the three - there is a degradation of the budget segment, but as before, the best offer on the market",True,neutral->negative,0.625,majority,neutral->negative|medium|majority,,,,,,,,positive,5.0,0.0,negative,1.0,0.9826613068580627,negative,1.0,0.6158767342567444,positive,5.0,0.9966451525688171,negative,1.0,0.6139357686042786,negative,1.0,0.6163659819320246,negative,1.0,0.0,neutral,3.0,0.5009511532363624
688,0,"через 3 месяца после покупки отказал виброзвонок - отдал в гарантийный ремонт - ремонтируют уже месяц. Не нормально работаю Яндекс.карты - через некоторое время обрывается интернет и выпадает ошибка ""Сбой DNS"" (инет не работает ни в одном приложении) - лечится перезагрузкой телефона. Не нашёл ни одного решения этой проблемы. А в целом модель отличная - я ей полностью доволен и могу рекомендовать тем. кто хочет много возможностей за небольшие деньги!",positive,negative,"3 months after the purchase refused vibrating - gave in warranty repair - repair for a month. Yandex.cards do not work normally - after a while the Internet breaks off and the error ""DNS failure"" falls out (the Internet does not work in any application) - is treated by restarting the phone. I have not found a single solution to this problem. In general, the model is great – I am completely satisfied with it and can recommend it to those who want a lot of opportunities for a little money!",True,positive->negative,0.625,majority,positive->negative|medium|majority,,,,,,,,positive,3.0,0.0,negative,1.0,0.9998213648796082,neutral,3.0,0.7009955048561096,negative,1.0,0.6084831953048706,negative,1.0,0.7507879137992859,negative,1.0,0.42720648995877736,neutral,3.0,0.0,negative,1.0,0.69
694,0,"Сдал обратно, т.к. плохой микрофон перечеркивает все достоинства, а жаль.",neutral,negative,"I gave it back, because a bad microphone crosses all the advantages, and it's a pity.",True,neutral->negative,1.0,unanimous,neutral->negative|high|unanimous,,,,,,,,negative,1.0,0.0,negative,1.0,0.9380640983581543,negative,1.0,0.5076291561126709,negative,1.0,0.8369842171669006,negative,1.0,0.7124179601669312,negative,1.0,0.7597075183895277,negative,1.0,0.0,negative,1.0,0.6403632293992851
696,0,"Не советую брать данную модель, да и наверное остальные модели этого производителя (могут попадаться удачные могут нет). Алкатель как мы знаем - это китайский бренд TCL , отсюда видимо и проблемы. В общем лучше не рисковать и брать что-то проверенное. Upd: может кому пригодится - проблему с кодировкой смс решает сброс к заводским установкам.",negative,neutral,"I do not recommend taking this model, and probably other models of this manufacturer (may come across successful may not). Alcatel as we know it is a Chinese brand TCL, hence the problems. In general, it is better not to take risks and take something proven. Upd: may be useful to anyone - the problem with the encoding of SMS solves reset to factory installations.",True,negative->neutral,0.75,majority,negative->neutral|medium|majority,,,,,,,,positive,5.0,0.0,neutral,3.0,0.41045740246772766,neutral,3.0,0.7696794271469116,neutral,3.0,0.48795148730278015,negative,1.0,0.7949483394622803,neutral,3.0,0.7081524412686618,neutral,3.0,0.0,neutral,3.0,0.61
698,0,"Неубиваемый смарт, я его постирал, он работает как часы, я его ронял и бронестекло с алика спасло за 200 р. Работоспособность полная. Если зарядил на полную то с включенным блютуз, GPS, интернетом и просмотром ютуба на работу и на работе прослушиванием музыки все ок, шикарно просто. Открывать 10 вкладок гугля-легко, ничего не тормозит. Камера конечно не ахти, но в целом снимает. Денег своих стоит.",neutral,positive,"Unkillable smart, I washed it, it works like a watch, I dropped it and the armored glass from the alik saved for 200 r. Full work capacity. If charged to full that with the included bluetooth, GPS, the Internet and watching YouTube at work and at work listening to music all right, chicly simple. Opening 10 Google tabs is easy, nothing slows down. The camera is not good, but it shoots in general. It's worth your money.",True,neutral->positive,0.625,majority,neutral->positive|medium|majority,,,,,,,,positive,5.0,0.0,neutral,3.0,0.953469455242157,positive,5.0,0.659152626991272,positive,5.0,0.9996932744979858,positive,5.0,0.6608022451400757,neutral,3.0,0.41413557348327756,positive,5.0,0.0,neutral,3.0,0.45
699,0,"Не скажу, что я фанат новинок или патриот, но при моем бюджете мог взять с такими параметрами или эту модель, или неизвестной китайской марки. Решил все-таки этот телефон взял, как-то надежней и гарантия побольше, причем есть куда обратиться, а не как в случае с китайским смартом. Итак, включился быстро, никаких глюков. Поставил сразу же карту памяти, т. к. встроенные 8гб – это вообще ни о чем.",positive,negative,"I will not say that I am a fan of novelties or a patriot, but with my budget I could take either this model or an unknown Chinese brand with such parameters. I decided after all, this phone took, somehow more reliable and a larger warranty, and there is somewhere to turn, and not as in the case of the Chinese smart phone. All right, let's go fast, no glitches. I immediately put a memory card, because the built-in 8GB is nothing at all.",True,positive->negative,0.5,split,positive->negative|low|split,,,,,,,,positive,5.0,0.0,neutral,3.0,0.9998955726623535,neutral,3.0,0.8908791542053223,positive,5.0,0.9933038353919983,negative,1.0,0.4914073646068573,negative,1.0,0.4436741143510739,negative,1.0,0.0,negative,1.0,0.58
700,0,"Спасибо Сони!) Ешьте сами! Жалко только ,что альтернатив нет. Посматриваю в сторону фруктов. Хотя не люблю я их)",negative,positive,"Thank you, Sonya! Eat yourself! It's a pity there are no alternatives. Looking towards the fruit. I don't like them though.",True,negative->positive,0.625,majority,negative->positive|medium|majority,,,,,,,,negative,1.0,0.0,positive,5.0,0.9781186580657959,positive,5.0,0.5961738228797913,positive,5.0,0.5690091848373413,negative,1.0,0.5850632190704346,negative,1.0,0.3921719583800997,positive,5.0,0.0,positive,5.0,0.7919491649848766
701,0,"Пользуюсь пол года. Очень расстроилась, что так не повезло. Телефон нужен был для звонков, смс, навигатора в пробках и все.",negative,neutral,"I use it for half a year. I was very disappointed that I was so unlucky. The phone was needed for calls, SMS, navigator in traffic and that's all.",True,negative->neutral,0.5,split,negative->neutral|low|split,,,,,,,,negative,1.0,0.0,negative,1.0,0.9669419527053833,neutral,3.0,0.6153139472007751,positive,5.0,0.6506838202476501,positive,5.0,0.8807666897773743,neutral,3.0,0.528591538816655,neutral,3.0,0.0,neutral,3.0,0.72
702,0,И тел. то финский был. Nokia больше никогда не приобрету.,negative,neutral,And the body was Finnish. I will never buy Nokia again.,True,negative->neutral,0.5,split,negative->neutral|low|split,,,,,,,,neutral,3.0,0.0,neutral,3.0,0.9798087477684021,neutral,3.0,0.8499305248260498,negative,1.0,0.8304875493049622,negative,1.0,0.6371917724609375,positive,5.0,0.5104369504449023,positive,5.0,0.0,neutral,3.0,0.37612699482687534
704,0,чисто женский телефон,negative,neutral,female-only,True,negative->neutral,0.75,majority,negative->neutral|medium|majority,,,,,,,,neutral,3.0,0.0,neutral,3.0,0.8428071737289429,neutral,3.0,0.8762385249137878,negative,1.0,0.9348035454750061,positive,5.0,0.2866379916667938,neutral,3.0,0.5628658959500896,neutral,3.0,0.0,neutral,3.0,0.67
706,0,"через какое то время стала подглючивать клавиша сброса звонка, нужно сильно жать чтоб сработала. Модель хорошая, за пол года подвисал всего несколько раз, особо не подводил)",positive,neutral,"After some time, I began to tap the key to reset the call, you need to press hard to work. The model is good, for half a year hung only a few times, not particularly let down.",True,positive->neutral,0.625,majority,positive->neutral|medium|majority,,,,,,,,positive,5.0,0.0,neutral,3.0,0.9999854564666748,neutral,3.0,0.6169658899307251,positive,5.0,0.9493365287780762,negative,1.0,0.7134276628494263,neutral,3.0,0.852931790627203,neutral,3.0,0.0,neutral,3.0,0.7233145728825388
707,0,"Красивый, маленький, телефончик - почти смартфончик розового цвета))). У меня лично он вызывает приятные эмоции.Я его использую, в основном, для звонков и прослушивания музыки, а так же сижу в аське и скайпе. При таком активном использовании батареи хватает на сутки, если только звонить - на 2-3 дня.Почти не тупит. Только иногда (2 раза)без внешних причин, до меня не могли дозвониться. При разговоре слышу собеседника нормально, да и он меня тоже.",neutral,positive,"Beautiful, small, phone - almost a pink smartphone). I use it mainly for calls and listening to music, as well as sitting in an Ice and Skype. With such active use, the battery is enough for a day, if only to call - for 2-3 days. Only sometimes (2 times) without external reasons, they could not reach me. When I talk, I hear the other person normally, and he also hears me.",True,neutral->positive,0.625,majority,neutral->positive|medium|majority,,,,,,,,positive,5.0,0.0,positive,5.0,0.9962910413742065,positive,5.0,0.5679800510406494,positive,5.0,0.9996098875999451,positive,5.0,0.9283092617988586,negative,1.0,0.5119105068134899,negative,1.0,0.0,negative,1.0,0.4
708,0,"телефон постоянно лагает. то сенсор виснит, то ещё что-нибудь, иногда нужно перезагружать",neutral,negative,"The phone is always laying down. The sensor is hanging, then something else, sometimes you need to restart.",True,neutral->negative,0.25,majority,neutral->negative|low|majority,,,,,,,,neutral,3.0,0.0,neutral,3.0,0.9968536496162415,neutral,3.0,0.8138056993484497,negative,1.0,0.9595524668693542,negative,1.0,0.7564416527748108,neutral,3.0,0.4571171847248192,neutral,3.0,0.0,neutral,3.0,0.7192519953891598
710,0,"Итак решил написать о Nokia 3310. Купил телефон из самой первой партии, использую с середины мая. В руках телефон лежит приятно, крепкий корпус и отличная сборка, с батареей тоже нет проблем, но! За 3990 если брать именно звонилку - хотелось бы адекватно работающей блокировки, а точнее разблокировки. По стандарту - разблокировка 2-мя разными кнопками, но они так близко, что у меня 9/10 он сам разблокировался в кармане, а дальше или шёл вызов кому то или я листал меню.",neutral,positive,"So I decided to write about the Nokia 3310. I bought a phone from the very first batch, I have been using it since mid-May. In the hands of the phone lies nice, strong body and excellent build, with the battery too no problems, but! For 3990 if you take the call - I would like to adequately work lock, or rather unlock. According to the standard - unlock 2 different buttons, but they are so close that I have 9/10 it unlocked in my pocket, and then there was a call to someone or I flipped through the menu.",True,neutral->positive,0.375,split,neutral->positive|low|split,,,,,,,,positive,5.0,0.0,neutral,3.0,0.9983086585998535,neutral,3.0,0.8360965847969055,positive,5.0,0.9430612325668335,neutral,3.0,0.6800523996353149,neutral,3.0,0.44041504080781674,positive,5.0,0.0,negative,1.0,0.3758890999735624
712,0,"Пользуюсь уже 4 года. Поначалу радовал... пока не началась катастрофическая нехватка памяти и тупняки, при том, что игры не ставил вообще, а пользуюсь только Вайбером, Вотсаппом, тестерама мобильныйх сетей, Evernote, аудио и книго-читалками. Понимаю, что мессенджеры загаживают память сообщениями и мультимедиями, поэтому постоянно чищу ненужный хлам, но - НЕ помогает.  Давно уже думаю его выкинуть и взять нормально китайца с немерянным объёмом памяти и аккумулятором.",neutral,negative,"I've been using it for 4 years. At first, I was happy... until the catastrophic lack of memory and dumb people began, despite the fact that I did not put games at all, but only use Viber, Votsapp, mobile network testers, Evernote, audio and book readers. I understand that messengers spoil the memory with messages and multimedia, so I constantly clean unnecessary junk, but it does not help. I have long been thinking of throwing it away and taking a normal Chinese with an unmeasured amount of memory and a battery.",True,neutral->negative,0.875,majority,neutral->negative|high|majority,,,,,,,,negative,1.0,0.0,negative,1.0,0.9914160370826721,neutral,3.0,0.6988436579704285,negative,1.0,0.9883744716644287,negative,1.0,0.605780303478241,negative,1.0,0.4373902093983066,negative,1.0,0.0,negative,1.0,0.59
714,0,Симпатичный развод на месячную зарплату исключительно ради понтов,negative,neutral,Nice divorce on a monthly salary solely for the sake of pontage,True,negative->neutral,0.375,split,negative->neutral|low|split,,,,,,,,positive,5.0,0.0,negative,1.0,0.9999291896820068,positive,5.0,0.5096532702445984,neutral,3.0,0.3862389624118805,neutral,3.0,0.8190812468528748,neutral,3.0,0.4778737956630686,negative,1.0,0.0,negative,1.0,0.6758057922476663
716,0,"ну камера просто глаз радует, жаль что нет фонарика, в магазине не чего полезного, ну передняя камера тоже слабовата, ну а что вы хотите за такие деньги? в общем телефон выполнен на твёрдую чётвйрку",neutral,negative,"well, the camera just pleases the eye, it's a pity that there is no flashlight, there is nothing useful in the store, well, the front camera is also weak, well, what do you want for such money?",True,neutral->negative,0.5,split,neutral->negative|low|split,,,,,,,,neutral,3.0,0.0,neutral,3.0,0.9652224183082581,neutral,3.0,0.713331937789917,neutral,3.0,0.8230543732643127,negative,1.0,0.6830060482025146,negative,1.0,0.5672915484263699,negative,1.0,0.0,negative,1.0,0.58
718,0,"Не советую брать эту модель. Разве что бюджетная модель для ""черепах"".",negative,neutral,I don't recommend this model. Unless it's a budget model for turtles.,True,negative->neutral,0.5,split,negative->neutral|low|split,,,,,,,,negative,3.0,0.0,neutral,3.0,0.7984169125556946,neutral,3.0,0.6878207921981812,negative,1.0,0.6813912987709045,negative,1.0,0.8101497292518616,neutral,3.0,0.5819495644017477,neutral,3.0,0.0,positive,5.0,0.576304087204206
721,0,кто сравнивает android смартфоны по antutu 11500 баллов набрал,positive,neutral,Who compares Android smartphones on antutu 11500 points scored,True,positive->neutral,1.0,unanimous,positive->neutral|high|unanimous,,,,,,,,neutral,3.0,0.0,neutral,3.0,0.8692640066146851,neutral,3.0,0.8525534868240356,neutral,3.0,0.8583667278289795,neutral,3.0,0.9373627305030823,neutral,3.0,0.5298840322374212,neutral,3.0,0.0,neutral,3.0,0.47536645372567526
726,0,"брал телефон а не игрушку но похоже телефоном тут не пахнет, будем искать из старых добрых и проверенных...",negative,neutral,"I took the phone and not a toy but it looks like the phone here does not smell, we will look for the good old and proven ones.",True,negative->neutral,0.625,majority,negative->neutral|medium|majority,,,,,,,,positive,5.0,0.0,neutral,3.0,0.92113196849823,neutral,3.0,0.7546448707580566,negative,1.0,0.9071075916290283,negative,1.0,0.5082012414932251,neutral,3.0,0.500837736985072,neutral,3.0,0.0,neutral,3.0,0.8036178297349988
728,0,"не выдержал скрипа, решил сразу продать, продал, очень рад.",negative,neutral,"I couldn’t stand the squeak, decided to sell, sold, very happy.",True,negative->neutral,0.375,split,negative->neutral|low|split,,,,,,,,positive,5.0,0.0,negative,1.0,0.9981770515441895,positive,5.0,0.8871698379516602,positive,5.0,0.9697360992431641,negative,1.0,0.5463845133781433,neutral,3.0,0.5956310793894867,neutral,3.0,0.0,neutral,3.0,0.87
733,0,"В целом отличная модель в своей ценовой категории.понятный, простой, удобный, за 2 дня обращения с ним полностью привык несмотря на то что это первый андройд у меня.дефектов как пишут не имеет. просто внимательнее выбирайте и тестируйте при покупке.",neutral,positive,"In general, an excellent model in its price category.clear, simple, convenient, for 2 days of handling it is completely accustomed despite the fact that this is the first Android I have.",True,neutral->positive,1.0,unanimous,neutral->positive|high|unanimous,,,,,,,,positive,5.0,0.0,positive,5.0,0.9970236420631409,positive,5.0,0.8468341827392578,positive,5.0,0.9984799027442932,positive,5.0,0.803263247013092,positive,5.0,0.5921318624652152,positive,5.0,0.0,positive,5.0,0.39
734,0,"после более полутора лет использования и более полугода мучений разбил это ""чудо"" об стену со 2й попытки ( при чем ранее он стабильно летал об стену из-за своих косяков ( не видел симку или наушники отпадывали) и ВСЕГДА(!!!) экран оставался целый и невредимый ( все таки хороший у этого смартфона экран....БЫЛ..). перешел обратно на свой старый добрый нокиа люмиа который столько лет служил верой и правдой. И снова послужит",negative,positive,"After more than a year and a half of use and more than six months of torture, he smashed this “miracle” against the wall with the 2nd attempt (and earlier he stably flew against the wall because of his shoals (he did not see the SIM or the headphones fell off) and ALWAYS (!!!) the screen remained intact (still a good screen for this smartphone... WAS.). And it will serve again.",True,negative->positive,0.75,majority,negative->positive|medium|majority,,,,,,,,negative,3.0,0.0,positive,5.0,0.9830884337425232,neutral,3.0,0.6539214253425598,positive,5.0,0.973571240901947,positive,5.0,0.7516027092933655,positive,5.0,0.41116065820752984,positive,5.0,0.0,positive,5.0,0.5
738,0,"Читая комменты по смартфону, создалось стойкое впечатление, что те кто пишет - SATIO плохой телефон, с глюками и остальной хренью, или покупали дешёвую подделку, или только что поменяли старые дешёвые кнопочные аппараты, на шикарный смартфон и просто не знают что с ним делать... Вот и жалуются! Искренне всем рекомендую!!! Вот только серебристый! Чёрный ему реально проигрывает в имидже.",positive,negative,"Reading the comments on the smartphone, it was a strong impression that those who write - SATIO bad phone, with glitches and the rest of the crap, or bought a cheap fake, or just changed the old cheap push-button devices, on a smart smartphone and just do not know what to do with it ... They complain! I sincerely recommend it to everyone!!! Only silver! Black really loses his image.",True,positive->negative,0.5,split,positive->negative|low|split,,,,,,,,negative,1.0,0.0,negative,1.0,0.9978299736976624,negative,1.0,0.6534450054168701,positive,5.0,0.9980108141899109,positive,5.0,0.48874327540397644,neutral,3.0,0.45051568418352855,neutral,3.0,0.0,negative,1.0,0.44
741,0,Аппарат превышает возможности за такие деньги,positive,neutral,The machine exceeds the possibilities for such money,True,positive->neutral,0.75,majority,positive->neutral|medium|majority,,,,,,,,neutral,3.0,0.0,neutral,3.0,0.9816890954971313,neutral,3.0,0.7043265700340271,positive,5.0,0.9503241181373596,negative,1.0,0.41082122921943665,neutral,3.0,0.5033215722314291,neutral,3.0,0.0,neutral,3.0,0.5543785388694819
744,0,"Долго выбирал телефон для себя, сперва разрывался между дорогущими HTC One X и SGS 3, в итоге наткнулся на ебее на этот девайс. Почитал отзывы - понравилось, но стремно было брать.. ибо хуавей.. Спустя пару месяцев борьбы с собой и жадностью я решился и приобрел в онлайн магазине за 12,7к. Радуюсь до сих пор. Уж какой я придирчивый пользователь, а телефон цепляет только батареей.. но к этому я привык. слишком много требую просто =) Экран - бомба.",neutral,positive,"For a long time, he chose a phone for himself, at first he was torn between the expensive HTC One X and SGS 3, as a result he stumbled upon the fuck on this device. I liked it, but I liked it, because Huawei. After a couple of months of struggling with myself and greed, I decided to buy in an online store for 12.7k. I'm still happy. I'm such a picky user, and the phone only catches the battery, but I'm used to this. I demand too much just =) The screen is a bomb.",True,neutral->positive,0.375,split,neutral->positive|low|split,,,,,,,,neutral,3.0,0.0,positive,5.0,0.9936437606811523,positive,5.0,0.8311225771903992,positive,5.0,0.993023157119751,negative,1.0,0.4423660635948181,neutral,3.0,0.5009095755116082,neutral,3.0,0.0,neutral,3.0,0.46
749,0,"Первый андройдофон. До этого юзал венду на Acer E101. ""Выбрал"" его по характеристикам еще за 3 месяца до появления в магазинах. Дождался. Юзал сабж меньше недели, так что отзыв будет обновляться.",positive,negative,"First androidophone. Before that, I used the Acer E101. ""Selected"" it according to the characteristics 3 months before the appearance in stores. Waited. Uzal sabzh less than a week, so the review will be updated.",True,positive->negative,0.375,split,positive->negative|low|split,,,,,,,,neutral,3.0,0.0,neutral,3.0,0.7690269351005554,neutral,3.0,0.599577784538269,positive,5.0,0.9971498847007751,neutral,3.0,0.6578866839408875,negative,1.0,0.4139032592358956,negative,1.0,0.0,negative,1.0,0.5243342763564104
750,0,"Я купила китайский за 4800 руб. В принципе, нормально за такую цену.",negative,neutral,"I bought Chinese for 4800 rubles. In principle, it is normal for such a price.",True,negative->neutral,0.875,majority,negative->neutral|high|majority,,,,,,,,neutral,3.0,0.0,neutral,3.0,0.97320955991745,positive,5.0,0.8673486113548279,neutral,3.0,0.529353678226471,neutral,3.0,0.9132193922996521,neutral,3.0,0.7412491721937874,neutral,3.0,0.0,neutral,3.0,0.7747690610129366
752,0,"Качество сборки нормальное, ничего не люфтит, щелей и зазоров нет. Смартфоном можно пользоваться для серфа по интернету, чтения, или приложений. Ёмкость батареи позволяет делать это день-полтора не беспокоясь о заряде. На улице, даже если вы стоите в чистом поле при безветренной погоде, вы не услышите, что вам звонят и не почувствуете вибровызов. Они в устройстве ОЧЕНЬ слабые.",negative,neutral,"The build quality is normal, there is nothing backlash, there are no gaps and gaps. The smartphone can be used for surfing the Internet, reading, or applications. Battery capacity allows you to do this for a day and a half without worrying about the charge. Outside, even if you are standing in a clear field in windless weather, you will not hear that you call and do not feel the vibration call. They're very weak in the device.",True,negative->neutral,0.75,majority,negative->neutral|medium|majority,,,,,,,,negative,3.0,0.0,neutral,3.0,0.9991540908813477,neutral,3.0,0.7844378352165222,positive,5.0,0.5253496766090393,neutral,3.0,0.8347611427307129,neutral,3.0,0.4907469841587306,neutral,3.0,0.0,neutral,3.0,0.5779772910168226
756,0,За такую цену впринципе хороший мобильник 8),neutral,positive,"For this price in principle, a good mobile phone 8",True,neutral->positive,0.875,majority,neutral->positive|high|majority,,,,,,,,positive,5.0,0.0,neutral,3.0,0.9866048693656921,positive,5.0,0.9447256326675415,positive,5.0,0.8972950577735901,positive,5.0,0.695543646812439,positive,5.0,0.9777398884888093,positive,5.0,0.0,positive,5.0,0.7073065543222006
760,0,"Самый первый мой телефон. Был куплен 5 лет назад. Отслужил 2,5 года. От постоянного дрыганья крышкой слайдера, он начал шататься и в конце концов вывалилась спица, которая держала экран и клавиатуру. Позднее стал отходить и сам экран. Так ему собственно и пришел конец. Заряд держал прилично. 2 дня если слушать целыми сутками музыку. При падении только царапался. В целом телефон был не плох",neutral,positive,"My very first phone. It was bought 5 years ago. Served 2.5 years. From the constant shaking of the slider lid, it began to stagger and eventually a spoke that held the screen and keyboard fell out. Later, the screen itself began to move away. That's how he ended up. The charge was decent. 2 days if you listen to music all day long. He just scratched himself when he fell. Overall, the phone wasn't bad.",True,neutral->positive,0.375,majority,neutral->positive|low|majority,,,,,,,,positive,3.0,0.0,neutral,3.0,0.993990421295166,neutral,3.0,0.7206876873970032,positive,5.0,0.9051698446273804,positive,5.0,0.5057603120803833,neutral,3.0,0.64294225553322,neutral,3.0,0.0,neutral,3.0,0.64
762,0,"Установил кучу нужных для себя программ, сделал рут, калибровку батареи.. благодаря руту удалось отключить уведомления об установлении/отключении соединения 3g, отключить авторегулирование яркости экрана, убрать рекламу в некоторых бесплатных приложениях и самое главное удалить фейсбук!",positive,neutral,"Installed a lot of necessary programs, routed, calibrated the battery.. thanks to rut managed to disable notifications about the establishment / disabling of the connection 3g, disable autoregulation of the brightness of the screen, remove ads in some free applications and most importantly delete Facebook!",True,positive->neutral,0.5,split,positive->neutral|low|split,,,,,,,,positive,5.0,0.0,neutral,3.0,0.9999876022338867,neutral,3.0,0.8396437764167786,negative,1.0,0.9971451163291931,positive,5.0,0.5786725878715515,neutral,3.0,0.5140142573207266,neutral,3.0,0.0,negative,1.0,0.37934190065873674
763,0,"Разочарован временем автономной работы аккумулятора, при средней нагрузке держит заряд четыре часа. Вообщем разговоры о мощной батарее просто фейк. Кому нужен телефон с мощной батареей, посмотрите в сторону Филипс или Леново.",neutral,negative,"Disappointed with the battery life, with an average load holds a charge of four hours. In general, talk about a powerful battery is just fake. If you need a phone with a powerful battery, look towards Philips or Lenovo.",True,neutral->negative,0.625,majority,neutral->negative|medium|majority,,,,,,,,negative,3.0,0.0,neutral,3.0,0.9949461817741394,neutral,3.0,0.7701640129089355,negative,1.0,0.6453329920768738,neutral,3.0,0.7314603328704834,negative,1.0,0.5475966480716312,negative,1.0,0.0,negative,1.0,0.4337098534060019
766,0,"У друзей игрался с ЙаТелефон яблоко, с HTC не сравниться, ЙаТелефон уже баян и попса. Многие пишут мол цена завышена, не знаю не знаю, не такая уж и большая цена по сравнению и Эплем. Итог, кто думает что брать или выбирает между HTC или каким то другим телефоном, не парьте мозги берите HTC D, сам долго выбирал но в итоге купил и радуюсь.",positive,negative,"Friends played with Yatelphon apple, with HTC can not be compared, Yatelphon is already bayan and pop. Many write that the price is inflated, I don't know, not so much price compared to Apple. The result, who thinks that to take or choose between HTC or some other phone, do not mind take HTC D, he chose for a long time but in the end bought and rejoice.",True,positive->negative,0.625,majority,positive->negative|medium|majority,,,,,,,,positive,5.0,0.0,negative,1.0,0.924821674823761,neutral,3.0,0.880116879940033,positive,5.0,0.995211660861969,negative,1.0,0.5583310127258301,negative,1.0,0.45054612722792026,negative,1.0,0.0,negative,1.0,0.63
767,0,"До этого и у меня и у всей моей семьи были только сони, и я думала, что это эталон. После асуса НИКОГДА больше не куплю себе сони. Когда те глючили и тупили, этот работает как часы. Часто роняю телефоны, по этому не покупаю дорогих и без горилагласс, самый неубиваемый оказался асус. Ронялся на асфальт и кафель раз 5-7 (про паркет/ковролин вообще молчу), потрескалась на углах задняя крышка и кажется в двух местах микротрещины в корпусе. Работает, как новый, пользуюсь почти год.",positive,neutral,"Before that, I and my entire family had only sleepy dreams, and I thought that was the standard. After the asus, I'll never buy sleepy again. When they glitched and dulled, this one works like a clock. I often drop phones, so I do not buy expensive and without gorillaglasses, the most invincible was the asus. I fell on the asphalt and tile 5-7 times (I am generally silent about parquet / carpet), the back cover cracked at the corners and seems to be in two places of microcracks in the body. It works like new and I have been using it for almost a year.",True,positive->neutral,0.625,majority,positive->neutral|medium|majority,,,,,,,,positive,5.0,0.0,neutral,3.0,0.8179156184196472,neutral,3.0,0.7477014660835266,positive,5.0,0.9990099668502808,negative,1.0,0.5125687718391418,neutral,3.0,0.4688584627767973,neutral,3.0,0.0,neutral,3.0,0.4888475628319105
773,0,"Начитавших хвалебных деферамб этому телефону решил себе купить. Требования у меня к телефону были следующие: Компактный размер, но при этом отличная производительность и хорошая камера. По параметрам этим очень подошел СЕ... Ну я так думал пока не купил его. Помимо совершенно не большого списка достоинств в аппарате десятки недостатков! Телефон очень удобно лежит в руке и набор текста одно удовольствие, но в остальном он меня полностью разочаровал.",negative,positive,"Reading praise deferambs this phone decided to buy. My phone requirements were as follows: Compact size, but with excellent performance and a good camera. In terms of parameters, this is very suitable for CE... Well, I thought so until I bought it. In addition to a very small list of advantages in the device dozens of shortcomings! The phone is very comfortable in the hand and typing is a pleasure, but otherwise it completely disappointed me.",True,negative->positive,0.5,split,negative->positive|low|split,,,,,,,,positive,5.0,0.0,neutral,3.0,0.9984110593795776,neutral,3.0,0.7170194983482361,negative,1.0,0.9722121357917786,negative,1.0,0.4901714026927948,positive,5.0,0.5054611438384029,positive,5.0,0.0,positive,5.0,0.45
775,0,"Купил на замену старине Диаманду.Андройд 2.2 был уже предустановлен. С маркета скачал все, что мне нужно для работы. Правда потратил на это несколько дней - слишком много программ-пустышек.Неприятно удивила просто дикая интернет-болтливость стандартных и загруженных приложений. К тому же, программки живут сам по себе, не спрашивая меня. И Таск-киллер им не указ.Рут права (super user)для собственного телефона это, по моему, перебор!!!Но пришлось эти права добывать под бубны шамана. И ради чего!?",neutral,negative,"I bought it to replace the old Diamanda.Androyd 2.2 was already preinstalled. From the market downloaded everything I need for work. The truth spent a few days on this - too many programs are dummy.Unpleasantly surprised just wild Internet chatter standard and downloaded applications. Besides, the programs live on their own without asking me. Ruth is right (super user) for his own phone is, in my opinion, too much!!! But I had to get these rights under the shaman's tambourines. And for what?",True,neutral->negative,0.375,split,neutral->negative|low|split,,,,,,,,positive,5.0,0.0,negative,1.0,0.9650998115539551,neutral,3.0,0.7440139651298523,negative,1.0,0.8736484050750732,negative,1.0,0.5533992648124695,neutral,3.0,0.777853973833665,neutral,3.0,0.0,neutral,3.0,0.5382211549283628
781,0,"Может я и привереда но после использования lg g2 и lg  g3 (погибших утоплением)- решил попробовать что то типа флагмана за более бюджетные килорубли,либо я привиреда(что скорее всего),либо ещё что.., но асус не дотягивает до обалденного смарта(новинки от lg тоже печальные),радость от покупки проходит в течении недели,а дольше это уже обыкновенная, убогая,серая звонилка-не радующая глаз",negative,neutral,"Maybe I'm picky but after using lg g2 and lg g3 (dead by drowning) - decided to try something like a flagship for more budgetary kilorubles, or I'm privireda (which is most likely), or something else.., but the asus does not reach the awesome smart (news from lg is also sad), the joy of buying passes within a week, and longer it is already an ordinary, poor, gray call-not pleasing to the eye.",True,negative->neutral,0.625,majority,negative->neutral|medium|majority,,,,,,,,positive,5.0,0.0,neutral,3.0,0.9824358224868774,neutral,3.0,0.5285700559616089,negative,1.0,0.8946524858474731,negative,1.0,0.40193384885787964,neutral,3.0,0.5502201128874942,neutral,3.0,0.0,neutral,3.0,0.5639788134670958
782,0,"За пару месяцев нареканий нет, как исключение это наверное больше к андройдам в целом, к примеру при пользованием навигатором постепенно засоряется кеш, приходится подчищать клин мастером, ну и наверное к недостаткам добавлю ПО камеры, расфокусировка фона к примеру срабатывает крайне редко. в целом телефон хороший, ввиду отзывов про хрупкость сразу приобрел стекло и силиконовый чехол.",positive,neutral,"For a couple of months, there are no complaints, as an exception it is probably more to androids in general, for example, when using the navigator, the cache is gradually clogged, you have to clean the wedge by the master, and probably I will add camera software to the disadvantages, defocusing the background, for example, works extremely rarely. in general, the phone is good, because of reviews about the fragility, I immediately acquired glass and a silicone case.",True,positive->neutral,0.625,majority,positive->neutral|medium|majority,,,,,,,,negative,3.0,0.0,neutral,3.0,0.9994575381278992,neutral,3.0,0.8772541880607605,positive,5.0,0.9945386052131653,negative,1.0,0.3540544807910919,neutral,3.0,0.5147555337818513,neutral,3.0,0.0,neutral,3.0,0.37
784,0,"Владею этим аппаратом неделю, впечатления положительные, за исключением досадных минусов, о которых расскажу подробнее. Материалы корпуса - пластиковая глянцевая рамка корпуса не слишком удачный выбор. Сегодня случайно выскользнул из кармана пиджака и спланировал на пол в транспорте, как результат замялся уголок. Обидно ужасно, так как аппарат новый и до этого никогда телефонов не ронял, а этот грохнул сразу...",neutral,negative,"I own this device for a week, the impressions are positive, except for the annoying minuses, which I will tell you more about. The materials of the case - a plastic glossy frame of the case is not a very good choice. Today, accidentally slipped out of his jacket pocket and planned on the floor in the transport, as a result of hushed up the corner. It’s a shame, because the device is new and has never dropped a phone before, and this one crashed immediately.",True,neutral->negative,0.625,majority,neutral->negative|medium|majority,,,,,,,,negative,1.0,0.0,neutral,3.0,0.999987006187439,neutral,3.0,0.7685887813568115,negative,1.0,0.9209262132644653,negative,1.0,0.6797614693641663,negative,1.0,0.5726719959890563,negative,1.0,0.0,neutral,3.0,0.5
785,0,"Брал как долгожителя.Был в прошлом (2),был счастлив,в режиме все включено работал 8ч,а в режиме ожидания где то 1 неделю,но умерла подсистема для наушников,звук стал оч. тихий как из унитаза,нужно было менять материнку телефона.В (1) задолбала беготня от розетки к розетке,повер банк не хотел таскать в другом кармане. В этом телефоне энергоемкость похожа на (2). Камера посредственная,то снимает невнятно,то очень хорошо.Особо любит светлое время.",positive,neutral,"Taken like a long-lived. Was in the past (2), was happy, in the all-inclusive mode worked 8 hours, and in standby mode for about 1 week, but the subsystem for headphones died, the sound became very quiet as from the toilet, it was necessary to change the motherboard of the phone.In (1) the running from the socket to the outlet, over the bank did not want to drag in another pocket. In this phone, the energy intensity is similar to (2). The camera is mediocre, it shoots indistinctly, but very well. He especially likes light time.",True,positive->neutral,0.625,majority,positive->neutral|medium|majority,,,,,,,,positive,5.0,0.0,neutral,3.0,0.9998626708984375,neutral,3.0,0.8640459179878235,positive,5.0,0.9512833952903748,negative,1.0,0.6215201020240784,neutral,3.0,0.5829596703232991,neutral,3.0,0.0,neutral,3.0,0.58
787,0,"Пишу отзыв через три месяца после использования. Устраивает все, за сутки ни разу не удалось посадить батарею в ноль. Есть опыт использования Samsung и Apple, но зачем тратить в десять раз больше денег за эти бренды, когда есть Xiaomi.",positive,negative,"I write a review three months after use. It suits everything, for a day never managed to put the battery in zero. There’s experience using Samsung and Apple, but why spend ten times as much money on these brands when there’s Xiaomi.",True,positive->negative,0.625,majority,positive->negative|medium|majority,,,,,,,,neutral,3.0,0.0,negative,1.0,0.9897185564041138,neutral,3.0,0.8050170540809631,positive,5.0,0.9589589834213257,negative,1.0,0.49549490213394165,negative,1.0,0.7210300988204258,negative,1.0,0.0,negative,1.0,0.6312382386522917
794,0,"Телефоном я доволен, так как он отрабатывает все свои основные функции на отлично.",neutral,positive,"I am happy with the phone, as it performs all its basic functions perfectly.",True,neutral->positive,1.0,unanimous,neutral->positive|high|unanimous,,,,,,,,positive,5.0,0.0,positive,5.0,0.9977293610572815,positive,5.0,0.9730111956596375,positive,5.0,0.9995032548904419,positive,5.0,0.9312207698822021,positive,5.0,0.9663065948741832,positive,5.0,0.0,positive,5.0,0.859262375250281
795,0,"Телефон украли! А так бы ни за что с ним не рассталась годик-два. Если вам нужен флагман, но не особо дорогой, то берите любой серийный honor без всяких приставок и буковок (ну разве что premium можно ещё брать), и вы останетесь довольны.",positive,negative,"The phone was stolen! I don't think he's been apart for a year or two. If you need a flagship, but not very expensive, then take any serial honor without any prefixes and beeches (well, except that premium can still be taken), and you will be satisfied.",True,positive->negative,0.375,split,positive->negative|low|split,,,,,,,,positive,5.0,0.0,negative,1.0,0.9998818635940552,neutral,3.0,0.7165588140487671,negative,1.0,0.9754917025566101,negative,1.0,0.4079999029636383,neutral,3.0,0.5652632807312384,neutral,3.0,0.0,neutral,3.0,0.52
798,0,"Телефон очень хороший, у меня упал со 2 этажа и не разбился, только  царапина на пленке была,  и он был без чехла, а так в целом телефон очень хороший и выигрывает эску 3, камера 8 мп",neutral,positive,"The phone is very good, I fell from the 2nd floor and did not crash, only a scratch on the film was, and it was without a case, and so in general the phone is very good and wins Escu 3, camera 8 MP",True,neutral->positive,0.75,majority,neutral->positive|medium|majority,,,,,,,,positive,5.0,0.0,neutral,3.0,0.7997422218322754,neutral,3.0,0.6926250457763672,positive,5.0,0.9857844710350037,positive,5.0,0.7604641914367676,positive,5.0,0.6647371189128121,positive,5.0,0.0,positive,5.0,0.88
801,0,"Кто-то поставил крепкую 2 за чувствительность FM-приемника, а я ставлю 5. У меня прекрасно принимает все станции. Не люфтит. Ничего не отваливается. Так что за качество сборки 5. Кто-то сказал, что нижняя планка приклеена клеем, а что она должна быть прибита гвоздями или крепиться на болтах? Теперь о GPS-приемнике. Я сразу включил вместе с самим приемником A-GPS. ""Холодный старт"" при этом происходит секунд за 30. Не знаю как будет дальше, но пока лично я телефоном очень доволен!",neutral,positive,"Whoa - I put a strong 2 for the sensitivity of the FM receiver, and I put a 5. I have a great reception for all stations. Not a luft. Nothing falls off. So for build quality 5. Whoa Did you say that the lower bar is glued with glue, and that it should be nailed or attached to bolts? Now, the GPS receiver. I immediately switched on with the A-GPS receiver. A cold start occurs in 30 seconds. I don’t know what will happen next, but I am very happy with my phone.",True,neutral->positive,0.5,split,neutral->positive|low|split,,,,,,,,positive,5.0,0.0,neutral,3.0,0.998393714427948,positive,5.0,0.7609206438064575,positive,5.0,0.35066893696784973,positive,5.0,0.5446596741676331,neutral,3.0,0.6095360137200103,neutral,3.0,0.0,neutral,3.0,0.55
805,0,"Покупал телефон пол года назад, брал на страх и риск, раньше не пользовался продуктами этой фирмы, но телефон не подвел. Единственный минус это камера, могла бы быть и лучше. До этого был alcatel 5035  там камера была 5 мп так вот на лениво снимки получаются как раз на эти пять мп, а в целом аппарат порадовал, правда после первого серьёзного падения отслоился экран. Теперь ищу замену телефону.",neutral,positive,"I bought a phone half a year ago, took it at risk, had not used the products of this company before, but the phone did not fail. The only downside is the camera, it could have been better. Before that was alcatel 5035 there was a camera was 5 mp so lazily the pictures are obtained just for these five mp, and in general the device pleased, however, after the first serious fall, the screen detached. Now I'm looking for a replacement phone.",True,neutral->positive,0.375,split,neutral->positive|low|split,,,,,,,,positive,5.0,0.0,neutral,3.0,0.9999657869338989,neutral,3.0,0.7691279053688049,positive,5.0,0.9946408271789551,negative,1.0,0.6811482906341553,neutral,3.0,0.49968826394538746,positive,5.0,0.0,neutral,3.0,0.5138686980770589
808,0,"при покупке стоил 6 или 7 тысяч, чего не стоит телефон, сейчас же цена более-менее приличная. Глючит иногда, но это все-таки случается, камера обычная, ничего особенного. Инет работает отлично в oper'e как через wi-fi, так и через 3g. Диспетчер задач открываю постоянно, чтобы не тратил батарею и не подвисал. Можно скачать приятные шрифты для телефона. Можно скачать java oper'у.",negative,positive,"When buying it cost 6 or 7 thousand, which is not worth the phone, now the price is more or less decent. Sometimes it bugs, but it still happens, the camera is ordinary, nothing special. The Internet works perfectly in the Opera, both through wi-fi and through 3g. Task Manager opens constantly so that it does not waste the battery and does not hang. You can download nice fonts for the phone. You can download java opera.",True,negative->positive,0.625,majority,negative->positive|medium|majority,,,,,,,,positive,5.0,0.0,neutral,3.0,0.9809054136276245,neutral,3.0,0.6065137982368469,positive,5.0,0.9250687956809998,positive,5.0,0.5918058156967163,neutral,3.0,0.44628213363346747,positive,5.0,0.0,positive,5.0,0.52
809,0,"Брала в слепую, отзывов не читала. В целом пользоваться можно. Но вернула бы в магазин, но там не берут. Очень расстроилась из-за камеры, так как нужно по делам.",neutral,negative,"I went blind, I didn't read reviews. In general, you can use it. But I would return to the store, but they don't. Very upset about the camera, because you need to do business.",True,neutral->negative,0.25,majority,neutral->negative|low|majority,,,,,,,,positive,3.0,0.0,negative,1.0,0.9959427714347839,neutral,3.0,0.7476357221603394,neutral,3.0,0.4667843282222748,negative,1.0,0.713200569152832,neutral,3.0,0.518998351757657,neutral,3.0,0.0,neutral,3.0,0.6270544602633933
813,0,"5+ цена функционал качество, брал за 6200, амр 7 проблем с играми не будет,спокойно держит 2 дня, ну и андрюша почти последний 4.0.4 из коробки,гоняю его по полной: серфинг, видеорегистратор, навигатор, игры, музыка. связь не обламывается",positive,neutral,"5+ price functional quality, took for 6200, amr 7 problems with games will not, calmly holds 2 days, well, and Andrew almost the last 4.0.4 out of the box, chasing him to the fullest: surf, DVR, navigator, games, music.",True,positive->neutral,0.875,majority,positive->neutral|high|majority,,,,,,,,negative,1.0,0.0,neutral,3.0,0.9775829315185547,neutral,3.0,0.5029265880584717,neutral,3.0,0.3851017951965332,neutral,3.0,0.8357118368148804,neutral,3.0,0.6085440483451429,neutral,3.0,0.0,neutral,3.0,0.49246297974763814
817,0,"Почему-то многим не нравится батарея, хотя смартфон живет около суток(а то и больше) при среднем использовании(музыка, интернет-серфинг и чуть-чуть игрушек), и это при батарее в 2300мАч, мне кажется, это хороший результат. Очень радует практически стоковый андроид (оболочка от сони, на мой взгляд, самая красивая, не считая чистого андроида, и без всяких ненужных свистоперделок, за исключением пары приложений, которые нельзя удалить, но мне они никакого дискомфорта не приносят).",neutral,positive,"Why? Many people do not like the battery, although the smartphone lives about a day (or even more) with average use (music, Internet surfing and a little toys), and this with a battery of 2300mAh, I think this is a good result. Very pleasing almost stock Android (shell from sleep, in my opinion, the most beautiful, not counting the pure android, and without any unnecessary whistling, except for a couple of applications that can not be removed, but they do not bring me any discomfort).",True,neutral->positive,0.375,majority,neutral->positive|low|majority,,,,,,,,positive,5.0,0.0,neutral,3.0,0.9998456239700317,neutral,3.0,0.8313159346580505,positive,5.0,0.9995219707489014,positive,5.0,0.7490622997283936,neutral,3.0,0.4050327437067909,neutral,3.0,0.0,neutral,3.0,0.47
818,0,"В целом, неплохой аппарат - мне нравится Sony, но при некоторых глюках портится впечатление. Перезагрузила, включила, опять стандартная клавиатура, приходится возвращать на ту, которая нравится. Установленная мелодия бывает слетает, но не критично. Особенно напрягает, что невозможно установить виджеты на экран, они устанавливаются, но нет их ярлыков в ""Добавить/виджет"" - это не нравится. Камера, , как уже здесь писали, оставляет желать лучшего.",positive,negative,"Overall, it's not a bad device - I like Sony, but with some glitches, the impression is spoiled. Rebooted, turned on, again the standard keyboard, you have to return to the one you like. The set melody can fly, but not critically. It is especially stressful that it is impossible to install widgets on the screen, they are installed, but there are no shortcuts to add / widget - this is not like. The camera, as already written here, leaves much to be desired.",True,positive->negative,0.375,split,positive->negative|low|split,,,,,,,,negative,1.0,0.0,neutral,3.0,0.9996621608734131,neutral,3.0,0.8469676971435547,positive,5.0,0.5577377676963806,negative,1.0,0.7938292026519775,neutral,3.0,0.638822736822515,neutral,3.0,0.0,negative,1.0,0.51
819,0,"так как пользуюсь этой трубкой уже больше 5 лет и до сих пор тоскаю, могу сказать что это обычный аппарат для того чтобы позвонить, написать смску поставить будильник или в плеере песни послушать в этом случае он меня не подводит, не надо там чего то большего искать так как это простое средство связи со всем необходимым, покупал я его по причине моего тогдашнего материального положения без возможности какой то альтернативы, так что если хотите отличную камеру, чистый звук и мощную.",negative,neutral,"Since I have been using this tube for more than 5 years and I still miss it, I can say that this is an ordinary device to call, write an alarm clock or listen to the player of the song in this case it does not let me down, do not look there for anything more because it is a simple means of communication with everything necessary, I bought it because of my then financial situation without the possibility of any alternative, so if you want a great camera, clean sound and powerful.",True,negative->neutral,0.125,split,negative->neutral|low|split,,,,,,,,positive,5.0,0.0,positive,5.0,0.9933375120162964,neutral,3.0,0.630558967590332,positive,5.0,0.9569239616394043,negative,1.0,0.48966696858406067,negative,1.0,0.5563070828702074,negative,1.0,0.0,negative,1.0,0.52
820,0,"Брал на Али. X5 pro основную функцию телефона выполняет плохо, часто срываются звонки, не устойчивый сигнал. Звук на максимуме в соседней комнате можно и не услышать, если сильно занят. WI-FI на троечку, слабоват. 4G пока не использовал. Был бы игроманом поставил бы 4, а так твердый трояк.",neutral,negative,"The X5 pro performs the main function of the phone poorly, calls are often disrupted, not a stable signal. The sound at maximum in the next room can not be heard if you are busy. WITH -FI on three, a little weak. I haven't used 4G yet. If I were a gambler, I would put a 4, and so a solid three.",True,neutral->negative,0.375,majority,neutral->negative|low|majority,,,,,,,,negative,1.0,0.0,neutral,3.0,0.942726731300354,neutral,3.0,0.8591853380203247,negative,1.0,0.9057610630989075,negative,1.0,0.38294732570648193,neutral,3.0,0.7647803876094816,neutral,3.0,0.0,neutral,3.0,0.7338686980770589
822,0,"Для тех кому приятнее ощущать под пальцем резиновые кнопочки, а не вечно тупящий сенсор:)Очень умный и рациональный. Все под рукой. Ну а Qwerty-клавиатура просто превращает его в записную книжку, которая всегда под рукой. Дела-сразу на ""рабочем столе"", полезная штука скажу я вам. Когда покупал было жалко денег, пользуюсь почти месяц-думаю он себя окупает. Вначале немного непривычно лежит в руке-сейчас обычный мобильник кажется мягко говоря ""худоватым"".",positive,neutral,"For those who are more pleasant to feel the rubber buttons under the finger, rather than the ever-stupid sensor: Everything's on hand. Well, the Qwerty-keyboard simply turns it into a notebook that is always at hand. Business. - Right on the desk, I'll tell you something useful. When I bought it, I used it for almost a month, I think it pays off. At first, it is a little unusual in the hand - now a regular cell phone seems to put it mildly ""thin"".",True,positive->neutral,0.5,split,positive->neutral|low|split,,,,,,,,positive,5.0,0.0,neutral,3.0,0.997002899646759,neutral,3.0,0.541949987411499,positive,5.0,0.9958689212799072,negative,1.0,0.6060012578964233,neutral,3.0,0.4070201764218714,negative,1.0,0.0,neutral,3.0,0.53
823,0,"Поменял свой iPhone 4 на этого монстра. Было страшно везти до дома, вдруг упаду на него. На второй день начал с ним полноценно передвигаться, купил чехол. Все время в руках. Кстати, очень удобен для двух рук.",neutral,positive,"I changed my iPhone 4 to this monster. It was scary to drive home when I fell on it. On the second day he started to move around fully, bought a case. All the time. Very comfortable for two hands, by the way.",True,neutral->positive,0.375,majority,neutral->positive|low|majority,,,,,,,,neutral,3.0,0.0,positive,5.0,0.9993569254875183,neutral,3.0,0.47792160511016846,positive,5.0,0.9946422576904297,positive,5.0,0.8045787215232849,neutral,3.0,0.6181842549012467,neutral,3.0,0.0,neutral,3.0,0.58
824,0,"Удобный телефон, в принципе, соответствует моим потребностям, но две поломки за гарантийный период, на мой взгляд, многовато.",negative,neutral,"A convenient phone, in principle, meets my needs, but two breakdowns in the warranty period, in my opinion, a lot.",True,negative->neutral,0.5,split,negative->neutral|low|split,,,,,,,,neutral,3.0,0.0,neutral,3.0,0.9904804825782776,positive,5.0,0.5061261653900146,negative,1.0,0.8781755566596985,negative,1.0,0.6739122271537781,neutral,3.0,0.6098716479606973,neutral,3.0,0.0,positive,5.0,0.51
825,0,"Телефон прочный, много раз падал с приличной высоты (примерно 1 м). Это телефон для бизнеса, поэтому не жалуйтесь на то, что оперативки мало. Кому надо играть, купили бы себе мощный планшет. Экран для игр очень маленький. Этот телефон хорош для общения, но нет фронтальной камеры. Из-за этого и 4.",neutral,positive,"The phone is strong, many times fell from a decent height (about 1 m). This is a phone for business, so don’t complain that RAM is not enough. Who needs to play, would buy a powerful tablet. The game screen is very small. This phone is good for communication, but there is no front-facing camera. From - for that and 4.",True,neutral->positive,0.375,majority,neutral->positive|low|majority,,,,,,,,positive,3.0,0.0,neutral,3.0,0.981904923915863,neutral,3.0,0.7640520930290222,positive,5.0,0.778259813785553,positive,5.0,0.8886911273002625,neutral,3.0,0.7776664896311934,neutral,3.0,0.0,neutral,3.0,0.68
826,0,"Благо работаю сервисником и без труда это устраню,но рядовому пользователю это отказ в гарантии и 4-6 тыс затрат на восстановление (если и экран менять). Редми 4 в этом плане посерьезнее,там сборка намного более высокого уровня. К покупке модели 3\3Pro\3S не рекомендую.",neutral,negative,"Fortunately, I work as a serviceman and easily eliminate this, but for the average user it is a denial of warranty and 4-6 thousand costs for recovery (if the screen is changed). Redmi 4 in this regard is more serious, there is an assembly of a much higher level. I do not recommend buying a 3\3Pro\3S model.",True,neutral->negative,0.625,majority,neutral->negative|medium|majority,,,,,,,,negative,1.0,0.0,negative,1.0,0.9933237433433533,neutral,3.0,0.658193826675415,negative,1.0,0.9773390889167786,neutral,3.0,0.578113853931427,negative,1.0,0.5296310407228546,negative,1.0,0.0,neutral,3.0,0.7048582071215054
830,0,"Хороший громкий ""аккумулятор"" с функциями телефона! Мне понравился!Обнаружил интересную функцию в телефоне, но может повторюсь! Поиск в телефонной книге можно вести по клавиатуре не заходя в записную книгу, по принципу Т9, причем поиск можно вести по любому записанному слову в имени.",neutral,positive,"A good “battery” with phone functions! I found an interesting feature in the phone, but maybe I will repeat! Search in the phone book can be conducted on the keyboard without going into the notebook, on the principle of T9, and the search can be conducted by any written word in the name.",True,neutral->positive,0.625,majority,neutral->positive|medium|majority,,,,,,,,positive,5.0,0.0,negative,1.0,0.7045482993125916,positive,5.0,0.8691799640655518,positive,5.0,0.9693328142166138,positive,5.0,0.8300704956054688,neutral,3.0,0.5759145319720335,neutral,3.0,0.0,positive,5.0,0.7
832,0,"Купил в 2016, до сих пор использую. Но крайние два месяца сплошные мучения. Греется и высаживается батарея, приходится по два-три раз за день заряжать. Всякие оптимизаторы энерго потребления не помогают. Приложений не мало, но все используемые, лишние удалил. Если бы не это, был бы отличный телефон.",negative,neutral,"I bought it in 2016 and still use it. But for the last two months, it's been a torment. The battery is heated and planted, you have to charge two or three times a day. All energy optimizers do not help. Applications are not small, but all used, unnecessary removed. If it weren't for that, it would be a great phone.",True,negative->neutral,0.5,split,negative->neutral|low|split,,,,,,,,positive,5.0,0.0,neutral,3.0,0.6954532265663147,neutral,3.0,0.5437712669372559,negative,1.0,0.8541811108589172,negative,1.0,0.7852880358695984,neutral,3.0,0.6574706968109993,neutral,3.0,0.0,positive,5.0,0.65
833,0,"Хотел купить себе флагман SONY, потом запросил на работе смарт и мне купили этот. Теперь вот вообще не понимаю, чтобы мне дал телефон за 25000р если я не делаю селфи и не играю в игрушки?!",positive,negative,"I wanted to buy a flagship Sony, then asked for a smart at work and I bought this one. Now I don’t know if I’m going to get a phone for 25000 if I don’t take a selfie and play with toys.",True,positive->negative,0.625,majority,positive->negative|medium|majority,,,,,,,,positive,5.0,0.0,negative,1.0,0.9995920062065125,neutral,3.0,0.8209555149078369,positive,5.0,0.9605016112327576,negative,1.0,0.6560594439506531,negative,1.0,0.7884389067241908,negative,1.0,0.0,negative,1.0,0.6770624550797182
835,0,"Хороший телефон, доступен по цене.",neutral,positive,"Nice phone, affordable.",True,neutral->positive,1.0,unanimous,neutral->positive|high|unanimous,,,,,,,,positive,5.0,0.0,positive,5.0,0.9635964035987854,positive,5.0,0.9630167484283447,positive,5.0,0.9989583492279053,positive,5.0,0.9278989434242249,positive,5.0,0.6274789257384711,positive,5.0,0.0,positive,5.0,0.7093642143916286
836,0,"Сдавать в ремонт пока не спешу, лень, да и не факт, что заметят неисправность, тк она появляется очень рандомно. Но из-за нее советовать телефон не буду. Возможно, это только мне так ""повезло"".",neutral,negative,"To hand over for repair is not in a hurry, laziness, and not the fact that they notice the malfunction, because it appears very randomly. But because of her, I won't recommend the phone. Maybe it's just me who's so lucky.",True,neutral->negative,0.75,majority,neutral->negative|medium|majority,,,,,,,,positive,5.0,0.0,negative,1.0,0.9833475947380066,neutral,3.0,0.6445457935333252,negative,1.0,0.9624533653259277,negative,1.0,0.48618343472480774,negative,1.0,0.5485001833925949,negative,1.0,0.0,negative,1.0,0.5953926880623951
843,0,"Решился я на покупку данного девайса. Ребята - это прорыв) Это реальный прорыв. Одни плюсы, минусов нет. Это Айфон 7 на андроиде =) Я так ждал его) Отпечаток плохо работает? Да он откликается за сотую долю секунды, НЕ НАЖИМАЯ на кнопку хоум. Вы засаленые руки чаще протирайте, и будет вам счастье. Камера без стабилизации? Воу воу, у нас тут общество анонимных алкоголиков с трясущимися руками? Я селфи с женой делал и днем и ночью капельку спокойствия во время съемки и успех гарантирован.",positive,negative,"I decided to buy this device. Guys are a breakthrough. It's a real breakthrough. One plus, no minus. This is an iPhone 7 on Android = I was waiting for him. Is the print not working well? It responds in a hundredth of a second without pressing the home button. Rub your hands more often and you will be happy. A camera without stabilization? Whoa, we got Alcoholics Anonymous with shaking hands here? I took a selfie with my wife day and night with a little peace during the shoot and success is guaranteed.",True,positive->negative,0.5,split,positive->negative|low|split,,,,,,,,positive,5.0,0.0,neutral,3.0,0.9999600648880005,negative,1.0,0.4674781858921051,positive,5.0,0.9764053821563721,negative,1.0,0.8147732615470886,negative,1.0,0.5326775780246404,negative,1.0,0.0,neutral,3.0,0.48891063275345414
844,0,"Купил почти месяц назад, сомнения о необходимости его приобретения и его потребительских свойствах отпадают сразу-же, когда берешь после него в руки 4S, он теперь не воспринимается всерьез и кажется в руке детской игрушкой.",neutral,negative,"I bought it almost a month ago, doubts about the need to purchase it and its consumer properties disappear immediately, when you pick up the 4S after it, it is now not taken seriously and seems to be a toy in your hand.",True,neutral->negative,0.25,majority,neutral->negative|low|majority,,,,,,,,positive,3.0,0.0,neutral,3.0,0.9928372502326965,neutral,3.0,0.6994314789772034,negative,1.0,0.952560305595398,negative,1.0,0.8446075320243835,neutral,3.0,0.5467725570309485,neutral,3.0,0.0,neutral,3.0,0.599838926911463
850,0,"В целом очень круто за 900 р!! Но лучше бы сделали больше пикселей, камера 0.3 вобще не нужна, вобщем сделали бы покачественнее - подороже лучше за 1990 но чтобы все было круто",neutral,positive,"In general, it is very cool for 900 r!! But it would be better to make more pixels, the 0.3 camera is not needed at all, in general, would make it more powerful - more expensive than in 1990 but that everything was cool.",True,neutral->positive,0.625,majority,neutral->positive|medium|majority,,,,,,,,positive,5.0,0.0,negative,1.0,0.9948659539222717,neutral,3.0,0.5187066793441772,positive,5.0,0.9886683821678162,negative,1.0,0.4936698079109192,positive,5.0,0.6994437902254691,positive,5.0,0.0,positive,5.0,0.8
851,0,Вобщем был раньше явным нокиа-маном....сколько себя помню только со смартами и ходил начиная с 6600. Когда купил Х6 знал на что иду но не до такой же степени... Разочарован весьма и весьма!!!  Всерьез думаю продать и взять себе HTC. Хорош в том случае если кроме звонков вы больше вообще ничего делать не будете...ито будет глючить все равно...,negative,neutral,"In general, I used to be a clear Nokia-man...as long as I can remember only with smarts and went since 6600. When I bought the X6 I knew what I was going for, but not to the same degree. Disappointed very, very much!! I am looking forward to buying and selling HTC. Good in the event that except for calls you do nothing else at all ... it will glitch anyway ...",True,negative->neutral,0.625,majority,negative->neutral|medium|majority,,,,,,,,positive,5.0,0.0,neutral,3.0,0.7877251505851746,neutral,3.0,0.5164787173271179,negative,1.0,0.9252952933311462,negative,1.0,0.34410035610198975,neutral,3.0,0.5735077364733652,neutral,3.0,0.0,neutral,3.0,0.5101933244255291
853,0,Если вас устраивает такой срок службы. Можете брать))).,negative,positive,If you are satisfied with this service life. You may take)).,True,negative->positive,0.625,majority,negative->positive|medium|majority,,,,,,,,positive,5.0,0.0,positive,5.0,0.991928219795227,positive,5.0,0.6348459720611572,positive,5.0,0.921272873878479,neutral,3.0,0.8545449376106262,neutral,3.0,0.4079912190865856,neutral,3.0,0.0,positive,5.0,0.5856571077878532
854,0,"Купила телефон за 7 тысяч рублей рст! Очевидно, что аналогов ему за такую цену нет, при этом телефон отвечает всем требованиям хорошего смартфона...  основные его конкуренты в данном ценовом диапазоне-wildfire htc и cosmo hihgscreen, но у первого медленнее проц, нет ускорителя и отвратный экран...с таким по сети не полазаешь и все глаза сломаешь,если попытаешься прочесть хотя бы какой-нибудь документ, просто себя жаль, а стоит он при этом дороже на несколько тысяч, второй же...",positive,negative,"I bought a phone for 7 thousand rubles. Obviously, there are no analogues for such a price, while the phone meets all the requirements of a good smartphone... its main competitors in this price range are Wildfire htc and cosmo hihgscreen, but the first one has a slower rate, no accelerator and a disgusting screen ... with such a network you do not climb and all your eyes will break if you try to read at least some document, just yourself, but it costs more than a few thousand, the second one.",True,positive->negative,0.625,majority,positive->negative|medium|majority,,,,,,,,negative,1.0,0.0,neutral,3.0,0.9657125473022461,neutral,3.0,0.6376553773880005,positive,5.0,0.5227943062782288,negative,1.0,0.5639986395835876,negative,1.0,0.8046032794127682,negative,1.0,0.0,negative,1.0,0.51
855,0,"Телефон очень нравится! Все функции работают хорошо, без накладок. Главное замечание - без домашнего Wi-Fi смыла в коммуникаторах нет, так как все программы, обновления и пр. в основном только через инет, а на мобильный денег не напасешься. Сам Wi-Fi работает стабильно. Многие жалуются на прожорливость трафика, но вопрос решается выводом выключателей на панель и никто больше ваши деньги без спроса не съест. GPS, по крайней мере в Москве, показывает местоположение очень точно.",neutral,positive,"I really like the phone! All functions work well, without overlap. The main note is that without home Wi-Fi, there is no flush in communicators, since all programs, updates, etc. are mainly only through the Internet, and you will not get enough money for mobile money. Wi-Fi itself is stable. Many complain about the voraciousness of traffic, but the issue is solved by the output of switches on the panel and no one else will eat your money without demand. GPS, at least in Moscow, is very accurate.",True,neutral->positive,0.375,majority,neutral->positive|low|majority,,,,,,,,positive,5.0,0.0,neutral,3.0,0.9932536482810974,neutral,3.0,0.8066115975379944,positive,5.0,0.9992786049842834,positive,5.0,0.8766998052597046,neutral,3.0,0.6604363479539214,neutral,3.0,0.0,neutral,3.0,0.38
856,0,"К сожалению не успел оформить предзаказ, поэтому Buds в комплекте получить не смог, однако купил не за 56, а за 44 тыр, что не так уж и плохо. Хотя, если призадуматься, то сейчас уже за 49 можно купить iPhone XS ( эхх... был бы он на андроид и без этой ужасной челки...мечты-мечты...",neutral,negative,"Unfortunately, I did not have time to pre-order, so I could not get Buds in the kit, but I bought it not for 56, but for 44 tir, which is not so bad. Although, if you think about it, now for 49 you can buy an iPhone XS (ehh... it would be on android and without this terrible bangs...dream-dream...).",True,neutral->negative,0.5,split,neutral->negative|low|split,,,,,,,,positive,5.0,0.0,negative,1.0,0.9922411441802979,negative,1.0,0.6326320171356201,neutral,3.0,0.40138930082321167,negative,1.0,0.6178520321846008,neutral,3.0,0.6503950385787988,neutral,3.0,0.0,negative,1.0,0.54
857,0,"раньше были нокиа и самсунги, последний f210 как раз по моей ручке, очень удобно, но снят с продажи, так что к Fly отношение прохладное им надо дорабатывать свои телефоны, дизайн хороший а качество так себе",neutral,positive,"We used to have Nokia and Samsung, the last f210 is right on my handle, very convenient, but removed from sale, so to Fly attitude cool they need to refine their phones, the design is good and the quality is so good.",True,neutral->positive,0.75,majority,neutral->positive|medium|majority,,,,,,,,positive,5.0,0.0,neutral,3.0,0.9984338879585266,neutral,3.0,0.6291405558586121,positive,5.0,0.9826194047927856,positive,5.0,0.791937530040741,positive,5.0,0.7893312068715639,positive,5.0,0.0,positive,5.0,0.69
860,0,"Если честно то я им бл доволен когда мне подарили его на ДР 1.5 года назад. а сейчас мне его в руки страшно брать. Разваливаеться находу.. Задняя хрышка не закрепляется и отваливается, после чего и батарей вываливаеться. Сеноный жкран работает но через гд его использования его прилось менять, он завис и неначто не реагировал.а сейчас он раьотает но подтупливает.",negative,neutral,"To be honest, I'm happy with it when I got it on the DR 1.5 years ago, and now I'm afraid to take it into my hands. It's falling apart. The back cover is not fixed and falls off, after which the batteries fall off. The hay tap works, but when it's used, it had to be changed, it's stuck, it doesn't react, and now it's rattling, but it's swelling.",True,negative->neutral,0.625,majority,negative->neutral|medium|majority,,,,,,,,positive,3.0,0.0,neutral,3.0,0.964669406414032,neutral,3.0,0.5044178366661072,neutral,3.0,0.6730476021766663,negative,1.0,0.7116712927818298,neutral,3.0,0.5503859487681096,neutral,3.0,0.0,positive,5.0,0.38379950952631425
862,0,"Тут некоторые говорят, что телефон непрочный.На самом деле всё наоборот! Когда вытаскивала телефон из чехла на улице, я его уронила(телефон).При чём упал он НА АСФАЛЬТ с немалой силой.Я испугалась, крышка отлетела.....Но с ним ничего не случилось!Никаких повреждений.В общем телефон советую всем)))",positive,negative,"Some people say that the phone is not strong. When I pulled the phone out of the cover on the street, I dropped it (phone).What it fell to Asphalt with considerable force.I was scared, the lid flew away. ... But nothing happened to him! In general, I recommend the phone to everyone.)",True,positive->negative,0.375,split,positive->negative|low|split,,,,,,,,positive,3.0,0.0,negative,1.0,0.999041736125946,negative,1.0,0.6322764754295349,positive,5.0,0.9985389709472656,negative,1.0,0.6146857738494873,neutral,3.0,0.463535317113019,neutral,3.0,0.0,neutral,3.0,0.69
864,0,"Естественно, знал бы про брак, в жизни бы не потратил деньги на данный дивайс.",neutral,negative,"Of course, if I knew about marriage, I would not spend money on this device in my life.",True,neutral->negative,0.625,majority,neutral->negative|medium|majority,,,,,,,,neutral,3.0,0.0,neutral,3.0,0.992892861366272,neutral,3.0,0.6719465851783752,negative,1.0,0.9698792695999146,negative,1.0,0.5111374258995056,negative,1.0,0.7981069042370107,negative,1.0,0.0,negative,1.0,0.48939691943143854
867,0,"В своей семье всех подсадил на самсунг. Нареканий никогда не было. Я всегда восхищался и рекомендовал всем купить именно этот бренд. Пожалуй самой любимой моделей из телефонов стал абсолютно неубиваемый SGH-E250, до сих пор, а это года 4 минимум все 3 телефона работают как часы, за исключением пары замененных шлейфов, но это копейки. Жизнь ускоряется и требуется всё чаще разговаривать и пользоваться интернетом. Купил сей девайс.",negative,neutral,"In his family, he put everyone on Samsung. There's never been any complaints. I have always admired and recommended that everyone buy this brand. Perhaps the most favorite model of the phones became absolutely indestructible SGH-E250, so far, and this year 4 at least all 3 phones work like a clock, except for a couple of replaced plumes, but this is a penny. Life is speeding up and you need to talk and use the Internet more often. I bought this device.",True,negative->neutral,0.125,split,negative->neutral|low|split,,,,,,,,positive,5.0,0.0,neutral,3.0,0.9997267127037048,positive,5.0,0.6316988468170166,positive,5.0,0.999170184135437,negative,1.0,0.5116134881973267,negative,1.0,0.4242468386899788,negative,1.0,0.0,negative,1.0,0.4250211352451484
868,0,Лучше альтернатив за свои деньги нет. Ну если только Xiaomi c AliExpress.,positive,neutral,"There are no better alternatives for your money. Well, if only Xiaomi c AliExpress.",True,positive->neutral,0.625,majority,positive->neutral|medium|majority,,,,,,,,positive,5.0,0.0,neutral,3.0,0.8988627791404724,neutral,3.0,0.6875075101852417,positive,5.0,0.7690985202789307,negative,1.0,0.6917783617973328,neutral,3.0,0.5298840322374212,neutral,3.0,0.0,neutral,3.0,0.47536645372567526
869,0,"Купил за 12к. Работал прекрасно, пока не выпустили обновление андрюши. сразу проц не тянет и начинает подвисать. Нажимаешь на меню, через 0.4 секунды только реагирует. Но это типичный андроид. Поэтому продал к чертям за 4к( хоть что-то) и собираюсь купить 5s . У Apple таких проблем нет. Жаль, что так поздно это понял.",neutral,negative,"I bought it for 12k. Worked perfectly until they released an update andriushka. immediately does not pull and begins to hang. You click on the menu, after 0.4 seconds, it only reacts. But it's a typical android. So I sold it to hell for 4K and I’m going to buy 5S. Apple doesn't have that problem. I'm sorry I realized that so late.",True,neutral->negative,0.5,split,neutral->negative|low|split,,,,,,,,negative,1.0,0.0,negative,1.0,0.9898014664649963,neutral,3.0,0.700514018535614,negative,1.0,0.9302296042442322,negative,1.0,0.7677795886993408,neutral,3.0,0.6472568403072493,neutral,3.0,0.0,neutral,3.0,0.45
870,0,"Купил 11.2012г за 9200 руб, критерием выбора была в основном цена до 10 тыс. руб. Ронял 3 раза - 2 раза на пол, 1 раз на асфальт, едва заметные сколы рядом с местом для шнурка и только раз отлетала задняя крышка, но аккумулятор даже не шелохнулся.Отключите автоматическую синхронизацию и установите приложение Clean Master - батарея намного дольше проживет.Если вам не жалко на телефон 15 тыс руб, то я бы советовал купить Xperia SP - интересная модель с наворотами от флагманов.",positive,neutral,"I bought 11.2012 for 9200 rubles, the criterion of choice was mainly the price up to 10 thousand rubles. Ronal 3 times - 2 times on the floor, 1 time on the asphalt, barely noticeable chips next to the place for the lace and only once flew back cover, but the battery did not even move. Turn off automatic sync and install the Clean Master app - the battery will live much longer. If you are not sorry for the phone 15 thousand rubles, I would advise you to buy Xperia SP - an interesting model with bells and whistles from the flagships.",True,positive->neutral,0.375,split,positive->neutral|low|split,,,,,,,,positive,5.0,0.0,positive,5.0,0.8235337138175964,neutral,3.0,0.9011152386665344,negative,1.0,0.6867591142654419,neutral,3.0,0.9052406549453735,negative,1.0,0.5236005717434129,negative,1.0,0.0,neutral,3.0,0.5
871,0,"Купил так как такой же набор характеристик у сопоставимых брендов будет дороже, также решил попробовать какая прошивка у Samsung, китайские телефоны берут ценой (точнее сказать - брали) но их прошивки и перевод на русский оставляют желать лучшего. Работает плавно, приятно, экран хороший, нет авторегулировки яркости. но это в свою очередь продлевает срок до следующей зарядки акума, внешне выглядит приятно. Потребовалась перепрошивка в официальном сервисе для устранения недостатков.",neutral,positive,"I bought since the same set of characteristics from comparable brands will be more expensive, I also decided to try what firmware Samsung has, Chinese phones take the price (or rather, they took it) but their firmware and translation into Russian leave much to be desired. It works smoothly, pleasantly, the screen is good, there is no auto-regulation of brightness, but this in turn extends the period until the next charge of the acuma, looks nice. It took reflashing in the official service to eliminate the shortcomings.",True,neutral->positive,0.5,split,neutral->positive|low|split,,,,,,,,positive,5.0,0.0,neutral,3.0,0.9996578693389893,neutral,3.0,0.8870043158531189,positive,5.0,0.9947676658630371,negative,1.0,0.6196166276931763,positive,5.0,0.4752333893504927,positive,5.0,0.0,neutral,3.0,0.4
882,0,"У меня было несколько телефонов за мою жизнь, что сносили мне крышу и я могу назвать лучшим опытом. Это sony Ericsson t610. Nokia n70. iPhone 4.Теперь к ним добавился Google pixel 2.",positive,neutral,I've had a few phones in my life that have blown my roof off and I can call it the best experience. This is sony Ericsson t610. Nokia n70. iPhone 4.Now added Google pixel 2.,True,positive->neutral,0.5,split,positive->neutral|low|split,,,,,,,,positive,5.0,0.0,negative,1.0,0.9960854053497314,neutral,3.0,0.7910484075546265,positive,5.0,0.9948380589485168,neutral,3.0,0.8475887775421143,neutral,3.0,0.5902127154420822,neutral,3.0,0.0,negative,1.0,0.4552804372063406
883,0,"Владел телефон полтора года, честно сказать устал! Про нижний колпачок не говорю! Просто ужасная батарея, кто бы что не говорил, ну просто как можно было на 4 дюймовый экран и такой начинке поставить аккумулятор в 1230 ман.! при активном пользовании не хватает даже на день! Кроме внешнего вида этот телефон больше ничем не привлекает! Хотя еще один + это звук, как плеер очень хороший! Постоянно теряет связь!",neutral,negative,"I’ve owned a phone for a year and a half, I’m really tired. I'm not talking about the bottom cap! Just a terrible battery, no matter what anyone says, well, just how could it be on a 4-inch screen and such a filling to put the battery in 1230 man! with active use is not enough even for a day! Apart from the appearance, this phone is no longer attractive! Although another + is the sound as a player is very good! He's constantly losing touch!",True,neutral->negative,0.5,split,neutral->negative|low|split,,,,,,,,negative,1.0,0.0,negative,1.0,0.9993079900741577,neutral,3.0,0.4815254211425781,negative,1.0,0.8737765550613403,negative,1.0,0.6564582586288452,neutral,3.0,0.5237747671240289,neutral,3.0,0.0,positive,5.0,0.48
885,0,"ВНИМАНИЕ!!!САМАЯ ГЛАВНАЯ ПРОБЛЕМА, КОТОРАЯ МЕНЯ УДИВИЛА!!при неиспользовании телефона НЕдолгое время (2-4 часа, ночь) наблюдаем такую вещь: снимаем с блокировки телефон, включаем  wi-fi, заходим в Меню-Приложения-Opera Mini, при загрузке странице выводит чёрный экран и телефон ПЕРЕЗАГРУЖАЕТСЯ, ПРИ ЭТОМ ВСЕ НАСТРОЙКИ СБИВАЮТСЯ!! иногда произошло такое, что я его разблокировал с утра, целую ночь не используя, отвлёкся секунд на 15 и он сам перезагрузился, при чём все приложения были закрыты.",neutral,negative,"WARNING!!!! the main problem that surprised me!! when not using the phone for a short time (2-4 hours, night) we see this thing: we remove the phone from the lock, turn on wi-fi, go to the menu-Apps-Opera Mini, when loading the page displays a black screen and the phone overloads, despite this, all the devices are knocked down, sometimes I was blocked for 15 seconds, and then I used it for a whole night!",True,neutral->negative,0.375,majority,neutral->negative|low|majority,,,,,,,,negative,1.0,0.0,neutral,3.0,0.9933713674545288,neutral,3.0,0.5183115005493164,negative,1.0,0.5757610201835632,negative,1.0,0.46360233426094055,neutral,3.0,0.5415892558295534,neutral,3.0,0.0,neutral,3.0,0.61
887,0,Стоит ли этот смартфон 5 тысяч? Сомнительно...,neutral,negative,"Is this smartphone worth $5,000? Doubtful...",True,neutral->negative,0.25,majority,neutral->negative|low|majority,,,,,,,,positive,3.0,0.0,neutral,3.0,0.9952724575996399,neutral,3.0,0.8579115867614746,negative,1.0,0.747266411781311,negative,1.0,0.354411780834198,neutral,3.0,0.5298840322374212,neutral,3.0,0.0,neutral,3.0,0.47536645372567526
888,0,"юзаю 8 месяцев, изначально хотел покупать запасной акум, но штатный пока справляется, от частых падений задняя крышка в сколах, не удобно печатать нужен спец стилус или пальцы годовалого ребенка (((, как телефон вполне приличный аппарат, как разобраться с навигахой так и не понял гоняет но так определить где же мы не может. не ожидал от флая такой живучести есть в планах взять модель поновей, соотношение цена качество в его пользу",negative,positive,"I have 8 months, originally wanted to buy a spare acum, but the staff is still coping, from frequent falls the back cover in chips, it is not convenient to print a special stylus or fingers of a one-year-old child (((as the phone is quite a decent device, how to deal with navigha and did not understand but so determine where we can not.",True,negative->positive,0.375,split,negative->positive|low|split,,,,,,,,positive,5.0,0.0,neutral,3.0,0.9983093738555908,neutral,3.0,0.8463554382324219,positive,5.0,0.9167534112930298,negative,1.0,0.7914009094238281,neutral,3.0,0.5367546380053583,positive,5.0,0.0,neutral,3.0,0.44
890,0,"Заказал телефон на Али, получил 04.11.17 г. Обошелся примерно в 12 000 р. Достоинства и недостатки описал выше, заострятся на этом не буду. По общим впечатлениям могу сказать одно, что свою цену он отрабатывает с лихвой. Фотографии на этом аппарате можно делать качественные: с рук только при хорошем освещении, со штатива - при плохом освещении (или самому жестко зафиксироваться). Очень классные фотки получаются в режиме HDR (но там тоже свои нюансы и снимать лучше со штатива).",neutral,positive,"Ordered a phone for Ali, got it on 04.11.17. It cost about 12,000 r. The advantages and disadvantages described above, I will not focus on this. According to my general impressions, I can say one thing that he works his price with interest. Photos on this device can be made of high quality: with hands only in good lighting, with a tripod - in poor lighting (or hard to fix). Very cool photos are obtained in HDR mode (but there are also their nuances and it is better to shoot from a tripod).",True,neutral->positive,0.5,split,neutral->positive|low|split,,,,,,,,positive,5.0,0.0,positive,5.0,0.9635046720504761,positive,5.0,0.6933484077453613,positive,5.0,0.9995909333229065,neutral,3.0,0.8953829407691956,neutral,3.0,0.649128857934629,neutral,3.0,0.0,neutral,3.0,0.5
898,0,"До сих пор желание вернуться на Мейзу МХ2, но он не тянет ЛТЕ, а без него ни как. Камера от Сони стоит и в Мейзу, но снимки, пусть и на 8мп, получались на Мейзу лучше по цветам, экспозиции, фокусировке, все на автомате.",negative,neutral,"So far, the desire to return to Maisa MX2, but he does not pull LTE, and without it, nothing. The camera from Sonya is also in Maisa, but the pictures, albeit at 8mp, turned out on Maisa better in colors, exposure, focus, all on the machine.",True,negative->neutral,0.625,majority,negative->neutral|medium|majority,,,,,,,,positive,5.0,0.0,neutral,3.0,0.9633153676986694,neutral,3.0,0.7244307398796082,positive,5.0,0.5002859830856323,negative,1.0,0.6786493062973022,neutral,3.0,0.44401654080505476,neutral,3.0,0.0,neutral,3.0,0.748944486939587
901,0,"Купила в сентябре, сразу установила Symbian Anna, стал работать по шустрее. За три месяца использования частенько зависал, а сегодня отключился и все. Различные варианты его реанимации ни к чему не привели, пришлось везти его в СЦ. Разочарована в Нокии полностью.",neutral,negative,"I bought it in September, immediately installed Symbian Anna, began to work faster. For three months of use often hovered, and today disconnected and all. Various options for his resuscitation did not lead to anything, I had to take him to the SC. Disappointed at Nokia.",True,neutral->negative,0.5,split,neutral->negative|low|split,,,,,,,,negative,1.0,0.0,neutral,3.0,0.9996067881584167,negative,1.0,0.49944666028022766,negative,1.0,0.9631766676902771,negative,1.0,0.7447450757026672,neutral,3.0,0.39854528102809156,neutral,3.0,0.0,neutral,3.0,0.5542637515905584
902,0,"Есть с чем сравнивать, 2 года пользовался iphone 3GS и 4S, 6 мес аппаратом на android, WP8 не без недостатков, сыроватая, но со временем все поправят. Уже после покупки сравнивали с друзьями lumia 920, iphone 5 и SGS3, люмия проиграла только по чистоте звука айфону, по офису, камере, экрану и вау эффекту оставила всех позади.",neutral,positive,"There is something to compare, 2 years used the iPhone 3GS and 4S, 6 months of the device on Android, WP8 is not without drawbacks, raw, but over time everything will be corrected. After the purchase was compared with friends lumia 920, iPhone 5 and SGS3, lumia lost only in the purity of sound iPhone, office, camera, screen and wow effect left everyone behind.",True,neutral->positive,0.625,majority,neutral->positive|medium|majority,,,,,,,,positive,5.0,0.0,neutral,3.0,0.9994053840637207,negative,1.0,0.5632176399230957,positive,5.0,0.9854963421821594,positive,5.0,0.4559879004955292,neutral,3.0,0.43032071476468375,positive,5.0,0.0,positive,5.0,0.5499670527962064
904,0,"До него использовал N958GB и N73XM. По сравнению с этими аппаратами хуже только качество звука при разговоре. В остальном показался намного шустрее. Если стоит выбор между 5800 и 5530 советую взять последний (несмотря на то, что в нем отсутствует GPS).",positive,neutral,"He used the N958GB and N73XM. Compared to these devices, only the sound quality when talking is worse. The rest seemed a lot faster. If you have to choose between 5800 and 5530, you should take the latter one (despite the fact that it does not have GPS).",True,positive->neutral,0.625,majority,positive->neutral|medium|majority,,,,,,,,negative,1.0,0.0,neutral,3.0,0.999729335308075,neutral,3.0,0.7789039015769958,positive,5.0,0.9962006211280823,negative,1.0,0.42552775144577026,neutral,3.0,0.7898487438841084,neutral,3.0,0.0,neutral,3.0,0.5766478532737122
906,0,"Купил неделю назад за 5т. р. Боже, что это за аппарт! Это просто чудо, все что нужно! Андроид не глючит, все программы без бубна и плясок встают, Ну а батарея! Ребят, 2 дня нагрузки - постоянная музыка в наушниках, 3g интернет и просмотра вконтакте, + ася, на автоматической яркости  осталось 15%. Если вам нужен коммуникатор по умеренной цене, на 4 андроиде, который оооочень долго РАБОТАЕТ то берите и не сомневайтесь",positive,neutral,"I bought it a week ago for $5. Oh, my God, what an apartment! It's a miracle, all you need! Android does not glitch, all programs without tambourine and dance stand up, Well, the battery! Guys, 2 days of load - constant music in headphones, 3G Internet and viewing Vkontakte, + asya, 15% remained on automatic brightness. If you need a communicator at a reasonable price, on 4 androids that work for a very long time, then take and do not hesitate.",True,positive->neutral,0.375,split,positive->neutral|low|split,,,,,,,,positive,5.0,0.0,negative,1.0,0.9994316697120667,neutral,3.0,0.7049397230148315,positive,5.0,0.999519944190979,positive,5.0,0.7127326726913452,neutral,3.0,0.7453739013885444,neutral,3.0,0.0,negative,1.0,0.42
909,0,"Покупали телефон маме, ну а ей не важно андроид или нет, главное чтобы звонил.Так динамик при звонке рычит и странным образом булькает)",negative,neutral,"We bought a phone for my mom, and she didn’t care about the android or not, as long as he called. So the speaker growls when ringing and gurgles in a strange way.",True,negative->neutral,0.375,split,negative->neutral|low|split,,,,,,,,positive,5.0,0.0,neutral,3.0,0.9888057708740234,neutral,3.0,0.8395448327064514,negative,1.0,0.980243444442749,negative,1.0,0.5276459455490112,positive,5.0,0.4224814869240401,positive,5.0,0.0,neutral,3.0,0.6233470757786523
911,0,С небольшого падения может треснуть дисплей. И зап. Частей на него не найдёте. Как у меня это случилось. Надеюсь в скором времени для него всё будет . Мой совет при покупке сразу клейте стекло от простого хрн3п и не ждите когда придёт оригинал.,neutral,negative,"With a small fall, the display can crack. And buck. You won't find any parts on it. How did it happen to me? I hope everything will happen to him soon. My advice when buying immediately glue glass from a simple hrn3p and do not wait for the original to come.",True,neutral->negative,0.375,split,neutral->negative|low|split,,,,,,,,positive,5.0,0.0,negative,1.0,0.9992929697036743,neutral,3.0,0.6668838858604431,negative,1.0,0.7071918845176697,negative,1.0,0.5618307590484619,neutral,3.0,0.4806731011071191,neutral,3.0,0.0,neutral,3.0,0.6312519417260901
913,0,"Была проблема, постоянно сам перезагружался, после загрузки обновлений стал работать просто идеально!",neutral,positive,"There was a problem, constantly rebooted itself, after downloading the updates began to work just perfectly!",True,neutral->positive,1.0,unanimous,neutral->positive|high|unanimous,,,,,,,,positive,5.0,0.0,positive,5.0,0.989470362663269,positive,5.0,0.8843115568161011,positive,5.0,0.9772257208824158,positive,5.0,0.33002617955207825,positive,5.0,0.7214060790925291,positive,5.0,0.0,positive,5.0,0.73
917,0,"всегда пользовался смартами, эту трубку взял как второй телефон и честно говоря не ожидал что за 5к все будет на уровне, меня телефон приятно удивил, поэтому твердый зАЧОт)!",neutral,positive,"I always used smart phones, I took this phone as a second phone and honestly did not expect that for 5k everything will be at the level, I was pleasantly surprised by the phone, so I am a solid subscriber!",True,neutral->positive,0.75,majority,neutral->positive|medium|majority,,,,,,,,positive,5.0,0.0,positive,5.0,0.5582672357559204,positive,5.0,0.9693389534950256,positive,5.0,0.9995731711387634,positive,5.0,0.5257424712181091,neutral,3.0,0.6761920516282888,neutral,3.0,0.0,positive,5.0,0.46
919,0,"Брал из-за любви к бренду и дизайна. В такой ценовой категории можно взять получше аппарат того же сегмента, mi, honor, meizu",neutral,positive,"I took it out of a love of brand and design. In this price category, you can take a better device of the same segment, mi, honor, meizu.",True,neutral->positive,0.375,split,neutral->positive|low|split,,,,,,,,positive,5.0,0.0,positive,5.0,0.9267041087150574,positive,5.0,0.9080193638801575,negative,1.0,0.6457682251930237,neutral,3.0,0.391758531332016,neutral,3.0,0.4966691181937605,neutral,3.0,0.0,neutral,3.0,0.7670021998230809
921,0,Телефон у меня тоже 2.5 года)) доволен)) много раз падал ему хоть бы что))просто царапины по корпусу... нет дефектов с экраном(как у некоторых Sony Ericsson)! Все что нужно есть) Хочу купить себе на следующей недели 6233.....,neutral,positive,"My phone is also 2.5 years old)) is satisfied with it many times fell to him at least, just scratches on the body ... no defects with the screen (like some Sony Ericsson)! Everything you need to eat I want to buy 6233 next week.",True,neutral->positive,0.375,split,neutral->positive|low|split,,,,,,,,negative,3.0,0.0,positive,5.0,0.9988143444061279,positive,5.0,0.5916412472724915,positive,5.0,0.9986066222190857,negative,1.0,0.5024768710136414,neutral,3.0,0.5922658365584348,neutral,3.0,0.0,neutral,3.0,0.7518764448613033
922,0,"Это то, что я хотел! Посмотрите на цену и на то, что вы за нее получаете! Кому нужен качественный, крепкий, надежный телефон для разговоров - это Philips X622. Аналогов нет. Мне 28 лет. По работе активно разговариваю. Много командировок (от 1 до 10 дней). теперь в командировку зарядку никогда не беру. Устал от громоздких хрупких телефонов, коммуникаторов и смартфонов, которые держат батарею в основном 1-2 дня, а с командировками и полдня не выдерживают. Повсюду зарядки.",positive,neutral,"That's what I wanted! Look at the price and what you get for it! Who needs a high-quality, strong, reliable phone for conversations is the Philips X622. No analogues. I'm 28. I'm very active at work. Lots of business trips (from 1 to 10 days), now on a business trip I never take charging. Tired of bulky fragile phones, communicators and smartphones, which hold the battery for 1-2 days, and with business trips and half a day can not withstand. Charging everywhere.",True,positive->neutral,0.375,split,positive->neutral|low|split,,,,,,,,positive,5.0,0.0,neutral,3.0,0.7968940734863281,neutral,3.0,0.6859903335571289,positive,5.0,0.999586284160614,negative,1.0,0.4391714632511139,neutral,3.0,0.3818662301480976,negative,1.0,0.0,positive,5.0,0.4
925,0,Не ожидал такого качества от Самсунга...,negative,neutral,I didn’t expect this quality from Samsung.,True,negative->neutral,0.75,majority,negative->neutral|medium|majority,,,,,,,,neutral,3.0,0.0,neutral,3.0,0.8019201755523682,neutral,3.0,0.8591710925102234,positive,5.0,0.941422164440155,negative,1.0,0.5712921023368835,neutral,3.0,0.5298840322374212,neutral,3.0,0.0,neutral,3.0,0.47536645372567526
927,0,За 10000 лучше не найдёшь...,positive,neutral,"You can't find it for 10,000.",True,positive->neutral,0.75,majority,positive->neutral|medium|majority,,,,,,,,neutral,3.0,0.0,neutral,3.0,0.9941317439079285,neutral,3.0,0.8758447170257568,positive,5.0,0.8055306673049927,negative,1.0,0.3949219882488251,neutral,3.0,0.5298840322374212,neutral,3.0,0.0,neutral,3.0,0.4753664537256753
930,0,"телефоном владею неделю)на 4ый день оч сильно нагрелся в кармане и када вытащил телефон разрядился полностью, вечером вставленный шнур питания зарядки не воскресил тело, решил зарядить батарею у коллеги с аналогичным аппаратом. после зарядки телефон проснулся и так же грелся, быстро садил акб. за это время выполнил хардресет не помогло. када вставлял заряник иконка зарядки была активной и вроде бы тело заряжалось но толку никакого грелся как пирожок весь аппарат.",neutral,negative,"On the 4th day, the eye was very heated in the pocket and the kada pulled out the phone completely discharged, in the evening the inserted charging cord did not resurrect the body, decided to charge the battery from a colleague with a similar device. after charging, the phone woke up and warmed up as well, quickly sat down the acc. during this time, the hardress did not help. the kada inserted the zaryanikon charging was active and it seemed like the body was charged but no sense to warm up like a pie the whole apparatus.",True,neutral->negative,0.5,split,neutral->negative|low|split,,,,,,,,positive,5.0,0.0,negative,1.0,0.9980055689811707,positive,5.0,0.5705780982971191,negative,1.0,0.8552164435386658,negative,1.0,0.5470983386039734,neutral,3.0,0.5237258317317284,neutral,3.0,0.0,negative,1.0,0.36
931,0,"Телефон в моих руках с марта месяца 2015 года, и, откровенно говоря, первые года два я была в совершенном восторге, но как уже прописано в минусах, последние пару месяцев просто свет клином сошелся.  Телефон в целом хороший, два года не приносил ничего кроме радости, рекомендовала бы друзьям, но только очень аккуратным.   Криворуким товарищам как я настоятельно рекомендуется модель менее нежная.",neutral,positive,"The phone has been in my hands since March 2015, and frankly, the first two years I was absolutely delighted, but as already spelled out in the minuses, the last couple of months just came together. The phone is generally good, for two years brought nothing but joy, would recommend friends, but only very careful. Creeky comrades like me strongly recommend a less gentle model.",True,neutral->positive,0.5,split,neutral->positive|low|split,,,,,,,,positive,5.0,0.0,neutral,3.0,0.9984875917434692,neutral,3.0,0.6113754510879517,positive,5.0,0.9817017316818237,positive,5.0,0.8351272940635681,neutral,3.0,0.5512716162158778,neutral,3.0,0.0,positive,5.0,0.53
933,0,"Хороший телефон и для звонков, и для лёгкого интернет-сёрфа. Не вызывает ощущения ущербности даже после 2 лет пользования исключительно смартфонами.",neutral,positive,A good phone for both calls and easy internet surfing. It does not cause a feeling of inferiority even after 2 years of using only smartphones.,True,neutral->positive,0.75,majority,neutral->positive|medium|majority,,,,,,,,positive,5.0,0.0,negative,1.0,0.7934163212776184,positive,5.0,0.4400917887687683,positive,5.0,0.9988148212432861,positive,5.0,0.9010669589042664,neutral,3.0,0.4070183223760256,positive,5.0,0.0,positive,5.0,0.76
934,0,"Когда подключил наушники не работали, хотел нести в ремонт оказывается надо было посильнее вставить штекер до конца пока щелкнет. У меня до этого были телефоны четырёх разных производителей, сравнивая скажу что этот мой первый Nokia C2-01 нравится мне больше всех.",positive,neutral,"When connected headphones did not work, I wanted to carry in the repair turns out it was necessary to insert the plug more forcefully until the end until it clicked. I used to have phones from four different manufacturers before, and I like this first Nokia C2-01 the best.",True,positive->neutral,0.625,majority,positive->neutral|medium|majority,,,,,,,,positive,5.0,0.0,neutral,3.0,0.9998817443847656,neutral,3.0,0.5941221714019775,negative,1.0,0.5071237683296204,negative,1.0,0.7926945686340332,neutral,3.0,0.7888926004966544,neutral,3.0,0.0,neutral,3.0,0.7355790356896708
935,0,"Сдесь вы переплачиваете за бренд, которой никому не нужен. Не советую для покупки и считаю, что за эти деньги можно купить нечто большое... Без чехла он, как будто так и хочет выскользнуть из рук. Что могу отметить при многочисленных падениях плашмя он выживал неоднократно оставляя незабываемые глубокие царапины.",neutral,negative,"Here you are overpaying for a brand that nobody wants. I do not recommend buying and I believe that with this money you can buy something big. Without a cover, he seems to want to slip out of his hands. What can be noted with numerous falls flat, he survived repeatedly leaving unforgettable deep scratches.",True,neutral->negative,0.5,split,neutral->negative|low|split,,,,,,,,positive,5.0,0.0,negative,1.0,0.9968366622924805,negative,1.0,0.8298146724700928,negative,1.0,0.842871367931366,negative,1.0,0.5561962723731995,neutral,3.0,0.4386369701008977,neutral,3.0,0.0,neutral,3.0,0.6606802248244015
936,0,"отличный телефон за нормальную цену. к 5 дюймам можно привыкнуть и найти сумку-чехол можно. для своих размеров не тяжелый. есть эквалайзер. не нагревается. батареи хватает на 2 дня(2% батареи разряжала вкл. на полную мощность музыкой, вырубился через 45 минут).",neutral,positive,"excellent phone for a normal price. to 5 inches you can get used to and find a bag-case you can. for its size is not heavy. there is an equalizer. does not heat up. the battery lasts for 2 days (2% of the battery discharged incl. at full power with music, passed out after 45 minutes).",True,neutral->positive,0.875,majority,neutral->positive|high|majority,,,,,,,,positive,5.0,0.0,positive,5.0,0.9931858777999878,positive,5.0,0.9618263840675354,positive,5.0,0.9984616041183472,neutral,3.0,0.6306139230728149,positive,5.0,0.7934577927685472,positive,5.0,0.0,positive,5.0,0.73
937,0,"Приобрел по случаю. Для тех у кого маленькие дети незаменимая игруля!Можно стучать,облизывать,ронять. В общем не боится маленьких детишек а это особенно в дороге я считаю достоинством.Много раз помогал яркий фонарик,особенно на даче.На стройке неоднократно падал со 2 этажа на бетон,доски и т.п. Всё работает!!!!Использовать как модем не интересно.Интернет ну очень медленный,даже когда 3g ловит.Итог:телефон,просто телефон с не убиваемыми характеристиками для тех кому нужно средство связи.",neutral,positive,"Got it on occasion. For those who have small children, an indispensable play! You can knock, lick, drop. In general, is not afraid of small children and this is especially on the road I consider a virtue.Many times helped a bright flashlight, especially in the country.On the construction site repeatedly fell from the 2nd floor on concrete, boards, etc. Everything works!!!!! Use as a modem is not interesting.The Internet is very slow, even when 3g catches.So: phone, just a phone with non-killable characteristics for those who need a means of communication.",True,neutral->positive,0.625,majority,neutral->positive|medium|majority,,,,,,,,positive,5.0,0.0,neutral,3.0,0.9887839555740356,neutral,3.0,0.6370369791984558,positive,5.0,0.9185664653778076,positive,5.0,0.7686391472816467,positive,5.0,0.48909570011617093,positive,5.0,0.0,neutral,3.0,0.51
938,0,"Доволен аппаратом цена качество лучше не найти , брал 3 гб 32 гб из китая перепрошил и счастлив",positive,neutral,"Satisfied with the device, the price is better not to find, took 3 GB 32 GB from China overfished and happy",True,positive->neutral,0.5,split,positive->neutral|low|split,,,,,,,,positive,5.0,0.0,negative,1.0,0.870806872844696,neutral,3.0,0.7578026056289673,positive,5.0,0.997138261795044,negative,1.0,0.4407746493816376,neutral,3.0,0.70667856301023,neutral,3.0,0.0,neutral,3.0,0.49773739615411783
941,0,"батарея садиться очень быстро даже в режиме ожидания и без использования инета, зачастую телефон зависает при звонке на 2сим карту, ответить нет возможности минуты три, самое плохое что написав в поддержку компании узнал что данные проблемы известны, решаются только в сервисных центрах, телефон купил в Гонко́нге, поэтому решить данную проблемму можно только за деньги хотя гарантия еще действует. Может сам перезагрузиться, либо вообще выключиться. Была бы возможность вернул бы обратно",neutral,negative,"The battery sits very quickly even in standby mode and without using the Internet, often the phone freezes when calling the 2SIM card, there is no possibility to answer for a minute three, the worst thing is that writing in support of the company learned that these problems are known, are solved only in service centers, the phone was bought in Hong Kong, so you can solve this problem only for money although the warranty is still valid. It can reboot itself, or even turn off. It would be possible to bring it back.",True,neutral->negative,0.625,majority,neutral->negative|medium|majority,,,,,,,,negative,1.0,0.0,negative,1.0,0.9997157454490662,neutral,3.0,0.8117623925209045,negative,1.0,0.902621328830719,negative,1.0,0.5902023315429688,neutral,3.0,0.5260925145978536,neutral,3.0,0.0,negative,1.0,0.4
944,0,"пользуюсь телефон полтора года, выбрал эту модель исходя из цены - нужен был аппарат до 10000 и с 2симками. В пределах такой цены на момент покупки это был один из лучших вариантов. Изначально в телефон не установлено почти ничего, голый андройд, поэтому придется потратить некоторое время чтобы накачать приложений и виджетов под себя.",neutral,positive,"I used the phone for a year and a half, I chose this model based on the price - I needed a device up to 10,000 and with 2 sims. At the time of purchase, this was one of the best options. Initially, almost nothing is installed in the phone, naked android, so you will have to spend some time to pump apps and widgets for yourself.",True,neutral->positive,0.375,split,neutral->positive|low|split,,,,,,,,positive,5.0,0.0,positive,5.0,0.9402098655700684,neutral,3.0,0.853532075881958,positive,5.0,0.9956052899360657,neutral,3.0,0.824750542640686,neutral,3.0,0.49604234261040847,neutral,3.0,0.0,negative,1.0,0.5
949,0,"До этого 5 лет пользовался note 3. К нему привык и к его большим габаритам. На замену рассматривал lgv30+ или note8. По видео и обзорам никак не мог определяться что взять, думал приду в магазин подержу в руках и пойму что надо, но после того как подержал ясности не добавилось. Оба телефона шикарные, в итоге взял lg. Ребята note реально длинный, 183 мм добавьте еще сюда чехол без которого не рекомендуется пользоваться и аппарат выходит просто очень длинным.",positive,neutral,"I have used Note 3 for 5 years. He is also used to his large size. The replacement was lgv30+ or note8. According to the videos and reviews could not determine what to take, I thought I would come to the store to hold in my hands and understand what I need, but after holding the clarity did not add. Both phones are gorgeous, eventually taking the lg. Guys note is really long, 183 mm add a case without which it is not recommended to use and the device is simply very long.",True,positive->neutral,0.625,majority,positive->neutral|medium|majority,,,,,,,,positive,5.0,0.0,neutral,3.0,0.9996416568756104,neutral,3.0,0.9048647880554199,positive,5.0,0.9907872080802917,negative,1.0,0.35441893339157104,neutral,3.0,0.47038975356436363,neutral,3.0,0.0,neutral,3.0,0.46
952,0,В целом телефон неплохой. меня он устраивает,neutral,positive,"Overall, the phone is not bad, it suits me.",True,neutral->positive,0.5,split,neutral->positive|low|split,,,,,,,,positive,5.0,0.0,neutral,3.0,0.6003801226615906,positive,5.0,0.5883113741874695,positive,5.0,0.9963847398757935,positive,5.0,0.9455685019493103,neutral,3.0,0.8137282170463318,neutral,3.0,0.0,neutral,3.0,0.66
954,0,"Если вам нужен самый обычный телефон без игр и интернета,если вам не нужны фотки,то пожалуй этот телефон для вас. Я им пользуюсь 2 года,и на днях иду покупать андройд.",neutral,negative,"If you need the most ordinary phone without games and the Internet, if you do not need photos, then perhaps this phone is for you. I've been using it for 2 years, and I'm going to buy an android the other day.",True,neutral->negative,0.25,majority,neutral->negative|low|majority,,,,,,,,neutral,3.0,0.0,neutral,3.0,0.9558283686637878,neutral,3.0,0.9174600839614868,negative,1.0,0.9205232858657837,negative,1.0,0.44015491008758545,neutral,3.0,0.4555247082846092,neutral,3.0,0.0,neutral,3.0,0.6033145728825388
956,0,"1й год - хороший телефон без нареканий2й год - есть претензии, но в целом устраивает.3й год - самая большая мечта, выкинуть его из окна.",neutral,positive,"The 1st year - a good phone without complaints 2nd year - there are claims, but in general it suits the 3rd year - the biggest dream, to throw it out the window.",True,neutral->positive,0.5,split,neutral->positive|low|split,,,,,,,,positive,5.0,0.0,neutral,3.0,0.9723334908485413,neutral,3.0,0.5744265913963318,negative,1.0,0.6254646182060242,positive,5.0,0.6654055118560791,negative,1.0,0.3533639681222392,positive,5.0,0.0,positive,5.0,0.5311666297643524
957,0,"Рекомендую проверить недостатки в магазине ДО покупки (большинство минусов можно выявить до оплаты товара) Во время написания отзыва постоянно приходилось заходить во вкладку дополнительных символов, чтобы поставить тире или скобки - это не удобно!",negative,neutral,"I recommend checking the shortcomings in the store before the purchase (most of the disadvantages can be identified before paying for the goods) While writing a review, you constantly had to go to the tab of additional symbols to put a dash or brackets - this is not convenient!",True,negative->neutral,0.875,majority,negative->neutral|high|majority,,,,,,,,neutral,3.0,0.0,neutral,3.0,0.9994914531707764,neutral,3.0,0.6313794255256653,negative,1.0,0.7204543948173523,neutral,3.0,0.7254271507263184,neutral,3.0,0.5563800364381232,neutral,3.0,0.0,neutral,3.0,0.48
958,0,"Этот телефон у меня уже 2 года 3 месяца, телефоном доволен, но он уже устарел.2 года назад Nokia 5530 XM был офигенным, таким и остался лично для меня)))",positive,neutral,"This phone I have 2 years 3 months, the phone is happy, but it is already outdated.2 years ago Nokia 5530 XM was awesome, and it remained so for me personally)",True,positive->neutral,0.625,majority,positive->neutral|medium|majority,,,,,,,,positive,5.0,0.0,neutral,3.0,0.6296586990356445,positive,5.0,0.5653482675552368,neutral,3.0,0.43707239627838135,negative,1.0,0.7729135155677795,neutral,3.0,0.610033392693679,neutral,3.0,0.0,neutral,3.0,0.7118983572440297
960,0,"Я купила его 2 года назад за 12000.Буквально через 3 месяца после покупки стало невосможно дозвониться,не было соединения,приходилось выключать,а потом заново включать телефон,сейчас по экрану полосы,когда отходит экран,периодически отключается,скажи сейчас мне поменять его на нормальный простой телефон,согласилась бы не раздумываяТеперь понимаю поговорку""встречают по одёжке,провожают по уму!""",negative,neutral,"I bought it 2 years ago for 12000.Literally 3 months after the purchase it became impossible to call, there was no connection, I had to turn off, and then turn on the phone again, now on the screen of the strip, when the screen goes off, periodically shuts down, tell me now to change it to a normal simple phone, I would agree without thinking Now I understand the saying ""meet on clothes, see off the mind!""",True,negative->neutral,0.5,split,negative->neutral|low|split,,,,,,,,positive,3.0,0.0,neutral,3.0,0.9714515805244446,neutral,3.0,0.6961527466773987,negative,1.0,0.9877069592475891,negative,1.0,0.4988098442554474,neutral,3.0,0.682414243082555,neutral,3.0,0.0,positive,5.0,0.3901859278983209
962,0,"Модель нормальная, но пожалела, что взяла",neutral,negative,"The model was normal, but I regretted it.",True,neutral->negative,0.25,majority,neutral->negative|low|majority,,,,,,,,negative,1.0,0.0,neutral,3.0,0.7680190801620483,neutral,3.0,0.7054394483566284,neutral,3.0,0.6054575443267822,negative,1.0,0.7271934747695923,neutral,3.0,0.642728462734845,neutral,3.0,0.0,neutral,3.0,0.4027864946157419
963,0,Телефон купила в январе. уже неделю перестала держать батарея. до этого 2-е суток спокойно выдерживал( сейчас за полдня в режиме ожидания разряжается,neutral,negative,The phone bought in January. for a week stopped holding the battery. before that 2-th day calmly held (now for half a day in standby discharged).,True,neutral->negative,0.25,majority,neutral->negative|low|majority,,,,,,,,neutral,3.0,0.0,neutral,3.0,0.9838026762008667,neutral,3.0,0.6550036668777466,negative,1.0,0.9947729706764221,negative,1.0,0.8759005069732666,neutral,3.0,0.6484822164241059,neutral,3.0,0.0,neutral,3.0,0.5945452400871843
969,0,"В общем, пользуюсь 3 года и не очень довольна им",neutral,negative,I have been using it for 3 years and am not very happy with it.,True,neutral->negative,0.5,split,neutral->negative|low|split,,,,,,,,negative,1.0,0.0,negative,1.0,0.8298294544219971,neutral,3.0,0.6788702011108398,negative,1.0,0.865363597869873,negative,1.0,0.9293528199195862,neutral,3.0,0.6896656062400399,neutral,3.0,0.0,neutral,3.0,0.5464574092258727
975,0,"Очень долговечный телефон. Использую уже больше 2 лет и за это время ни раз ронял. Один раз менял стекло. В телефоне все отлично работает, только сильно тупит. Долго открывает приложения, иногда экран отказывается включаться на холоде, помогает только перезагрузка",neutral,positive,"Very durable phone. I have been using it for over 2 years and have never dropped it. Changed the glass once. Everything on the phone works fine, but it's pretty dumb. Long opens applications, sometimes the screen refuses to turn on in the cold, helps only reboot",True,neutral->positive,0.625,majority,neutral->positive|medium|majority,,,,,,,,positive,5.0,0.0,positive,5.0,0.9779065847396851,neutral,3.0,0.7073386907577515,positive,5.0,0.676790714263916,positive,5.0,0.5617486238479614,neutral,3.0,0.4820478563027508,neutral,3.0,0.0,positive,5.0,0.59
976,0,"В целом телефон не плохой за свою цену, редко лагает,и сам не перезагружается,очень советую за такие деньги телефон хороший",neutral,positive,"In general, the phone is not bad for its price, rarely lags, and does not reboot itself, I highly recommend for such money the phone is good.",True,neutral->positive,0.5,split,neutral->positive|low|split,,,,,,,,positive,5.0,0.0,neutral,3.0,0.7330597043037415,neutral,3.0,0.5176407694816589,positive,5.0,0.9854335784912109,positive,5.0,0.7454695701599121,neutral,3.0,0.4716951934165212,positive,5.0,0.0,neutral,3.0,0.57
977,0,"Ну сообственно сначала хотел себе купить АСЕ, но поюзав его и в особенности его экран, понял, что кроме Эппла никто нормальные экраны делать не может. Кароче однозначно отказался от покупки андроида.",neutral,negative,"Well, in fact, at first I wanted to buy myself an ACE, but after getting it and especially its screen, I realized that no one can do normal screens except Apple. Karoche refused to buy the android.",True,neutral->negative,0.375,split,neutral->negative|low|split,,,,,,,,negative,1.0,0.0,negative,1.0,0.7244746685028076,neutral,3.0,0.6655656099319458,positive,5.0,0.8055846691131592,negative,1.0,0.7213108539581299,neutral,3.0,0.5807263825367994,neutral,3.0,0.0,neutral,3.0,0.6066171350637152
979,0,"Как многие пишут - сладкая жизнь рушится, как только к вам постучится бутлуп - это вопрос времени. На сколько я понимаю, были дефекты производства у LG, и на зарубежных форумах пишут, что даже после истечения гарантии производитель заменял телефон и даже возвращались деньги, тут я воодушевился, но ненадолго.  ВАЖНО! Особое внимание при покупке обращайте на то, для какой страны произведен (и в какой стране продан) приобретаемый вами девайс (например, в моем случае, я обнаружил спец.",negative,positive,"As many write - the sweet life collapses as soon as a bootloop knocks on you - it's a matter of time. As far as I understand, there were defects in production at LG, and foreign forums write that even after the expiration of the warranty, the manufacturer replaced the phone and even returned the money, I was encouraged, but not for long. Important! Pay special attention to the country for which the device you purchase is manufactured (and in which country it is sold) (for example, in my case, I found a specialist).",True,negative->positive,0.5,split,negative->positive|low|split,,,,,,,,positive,5.0,0.0,neutral,3.0,0.9998432397842407,neutral,3.0,0.6982779502868652,neutral,3.0,0.4911840260028839,positive,5.0,0.7486963868141174,positive,5.0,0.4831823756154775,positive,5.0,0.0,neutral,3.0,0.54
980,0,"В целом - аппаратом довольна. На первый взгляд - слишком мудрёное меню (почти неделю искала, где настроить звук для смс :-)), но стоит разобраться и всё легко. Правда, иногда и в самом деле много лишних переподтверждений на ровном месте.По работе есть необходимость разделять личные контакты и прочие - это лучший вариант. Для меня телефон в первую очередь - средство коммуникации, так что все примочки типа плеера, игрушек, камер и т. п. - просто приятное дополнение, но не определяющее.",neutral,positive,"Overall, I'm happy with the machine. At first glance - too complicated menu (almost a week looking for where to adjust the sound for SMS :-), but it is worth to understand and everything is easy. True, sometimes there really is a lot of unnecessary reconfirmations on the spot. It is necessary to separate personal contacts and other contacts – this is the best option. For me, the phone is primarily a means of communication, so all lotions like a player, toys, cameras, etc. are just a nice addition, but not a defining one.",True,neutral->positive,0.5,split,neutral->positive|low|split,,,,,,,,positive,5.0,0.0,neutral,3.0,0.7663662433624268,positive,5.0,0.7677558660507202,positive,5.0,0.9993395209312439,positive,5.0,0.9011311531066895,neutral,3.0,0.8857338921824477,neutral,3.0,0.0,neutral,3.0,0.45
982,0,"подарила жена. ранее этим брэндом не пользовался. за такие деньги не вижу конкурентов этому смарту. падал уже несколько раз и даже не выключался. заливал всем чем только можно ( сок, водка, вода) после липких напитков пришлось немного помучаться засохший лэп оттирать и всё.",positive,negative,"This brand was not used before. for such money I do not see competitors to this smart, fell several times and did not even turn off. poured everything possible (juice, vodka, water) after sticky drinks had to suffer a little dried lap to wipe and all.",True,positive->negative,0.375,split,positive->negative|low|split,,,,,,,,neutral,3.0,0.0,negative,1.0,0.9999306201934814,negative,1.0,0.5707182288169861,positive,5.0,0.9433352947235107,negative,1.0,0.8084965944290161,neutral,3.0,0.5697593230474021,neutral,3.0,0.0,neutral,3.0,0.6480295135397088
984,0,"В целом очень доволен, если бы не дисплей",negative,positive,"Overall, I’m very happy if it wasn’t for the display.",True,negative->positive,0.5,split,negative->positive|low|split,,,,,,,,positive,5.0,0.0,positive,5.0,0.4576107859611511,neutral,3.0,0.5915142297744751,positive,5.0,0.8120800852775574,positive,5.0,0.9048587679862976,neutral,3.0,0.6896656062400399,neutral,3.0,0.0,neutral,3.0,0.5464574092258727
987,0,"Сколько заплатил за этот аппарат,на столько он и работает,без глюков никак.Вывод-снова бы не купил.",neutral,negative,"How much he paid for this device, so much he works, without glitches in no way.",True,neutral->negative,0.375,split,neutral->negative|low|split,,,,,,,,positive,3.0,0.0,negative,1.0,0.9998726844787598,negative,1.0,0.5088400840759277,positive,5.0,0.9987019300460815,negative,1.0,0.42819035053253174,neutral,3.0,0.4932260204648315,neutral,3.0,0.0,neutral,3.0,0.7339981441154056
990,0,"Когда телефон только появился его можно было расценивать как имиджевый!! Но теперь... Я купился на то, что в свое время шел фильм где у Бонда была такая трубка и было прикольно прийти в кинотеатр и так сказать не стыдно было достать телефон когда тебе позвонят(но это лирика...)Лично мне не нужен напичканный прогами аппара с сенсорным дисплеем! В телефоне мне в первую очередь нужна хорошая батарейка качественная сборка и в целом прикольный и достойный вид(можно сказать имидж или...).",negative,neutral,"When the phone first appeared, it could be regarded as image!! But now... I bought the fact that at one time there was a movie where Bond had such a pipe and it was fun to come to the theater and so to speak, it was not shameful to get your phone when you get a call (but this is the lyrics...) Personally I do not need a progam-filled device with a touch screen! In the phone, first of all, I need a good battery, high-quality assembly and generally cool and decent look (you can say image or ...).",True,negative->neutral,0.125,split,negative->neutral|low|split,,,,,,,,positive,5.0,0.0,neutral,3.0,0.60694420337677,positive,5.0,0.6827536821365356,negative,1.0,0.8481783866882324,positive,5.0,0.9108356833457947,negative,1.0,0.6382694133702528,negative,1.0,0.0,negative,1.0,0.6833521467262877
992,0,"В общем, впечатлений масса!",negative,positive,I'm so impressed!,True,negative->positive,0.5,split,negative->positive|low|split,,,,,,,,positive,5.0,0.0,neutral,3.0,0.4324333369731903,positive,5.0,0.886915385723114,positive,5.0,0.9816640615463257,positive,5.0,0.7873801589012146,negative,1.0,0.5123700319123787,negative,1.0,0.0,neutral,3.0,0.8077830166063393
993,0,"Тел. вообще хороший, но без минусов не обошлось.",neutral,positive,"The body is generally good, but without minuses was not done.",True,neutral->positive,0.625,majority,neutral->positive|medium|majority,,,,,,,,positive,3.0,0.0,positive,5.0,0.8181904554367065,neutral,3.0,0.5327617526054382,neutral,3.0,0.5719956755638123,positive,5.0,0.6784075498580933,positive,5.0,0.5779438974858278,positive,5.0,0.0,neutral,3.0,0.3774410718647493
995,0,"БРАТЬ!!! посмотрел отзывы с одной звёздочкой)))) ржал)))люди, яблокофон имеет гораздо больше минусов, а  уж в соотношении цена-качество, так гуглофон ваще ему не уступает, сравните характеристики))) Для меня выбор был сразу в сторону HTC, хотя бы потому, что он не такой гламурно-пафосный, да и бизнесмены европы своим выбором подтверждают то, что яблокофон это для тинейджеров, которым нужно чтобы блестело, а не работало.",positive,negative,"BRATE!!! looked at reviews with one star) ) ) People, the apple phone has much more disadvantages, and in the ratio of price-quality, so the googlophone is not inferior to him, compare the characteristics) For me, the choice was immediately in the direction of HTC, if only because it is not so glamorous and pathetic, and European businessmen confirm that the applephone is for teenagers who need to shine, not work.",True,positive->negative,0.375,split,positive->negative|low|split,,,,,,,,negative,1.0,0.0,positive,5.0,0.8735873699188232,neutral,3.0,0.662283182144165,negative,1.0,0.8779001235961914,negative,1.0,0.4547171890735626,neutral,3.0,0.8263647942299228,neutral,3.0,0.0,neutral,3.0,0.6
997,0,"в принципе хороший телефон он у меня почти 2 месяца, в плане приложений не очень, в ценовой категории норм своей",neutral,positive,"In principle, I have a good phone for almost 2 months, in terms of applications is not very, in the price category of its norms.",True,neutral->positive,0.75,majority,neutral->positive|medium|majority,,,,,,,,positive,5.0,0.0,neutral,3.0,0.9982910752296448,neutral,3.0,0.5609728097915649,positive,5.0,0.8396366238594055,positive,5.0,0.9300574064254761,positive,5.0,0.5699999533592258,positive,5.0,0.0,positive,5.0,0.61
998,0,"Почему то пропадает связь в микро слоте и с симкой Yota, пока в этом слоте стоял мтс, а  в макро Yota все было хорошо. Решил поставить sd карту и начались проблемы, замена симки не помогла. не понимаю в чем причина.",neutral,negative,"Why does the connection in the micro slot and with the Yota SIM disappear, while in this slot there was mts, and in the macro Yota everything was fine. I decided to put a sd card and problems began, replacing the sim did not help.",True,neutral->negative,0.375,split,neutral->negative|low|split,,,,,,,,negative,1.0,0.0,negative,1.0,0.9996633529663086,neutral,3.0,0.8350141644477844,negative,1.0,0.8224093914031982,positive,5.0,0.44497016072273254,neutral,3.0,0.48648195548603895,neutral,3.0,0.0,neutral,3.0,0.5873845484156128
