row_id,label,text,actual_sentiment,ensemble_sentiment,translated_text,translation_ok,error_direction,ensemble_confidence,agreement,cluster,annotation_id,annotation_name,divergence_level,cause,fixable,annotation_comment,culprit_model,vader_sentiment,vader_score,vader_confidence,flair_sentiment,flair_score,flair_confidence,rubert_sentiment,rubert_score,rubert_confidence,roberta_sentiment,roberta_score,roberta_confidence,distilbert_sentiment,distilbert_score,distilbert_confidence,logistic_regression_sentiment,logistic_regression_score,logistic_regression_confidence,svm_sentiment,svm_score,svm_confidence,random_forest_sentiment,random_forest_score,random_forest_confidence
2,0,"Хз где вы покупали эти телефоны что они у вас глючат,не включаются и т.д. за два года пользование нареканий нет.Ни разу не зависал до такой степени чтоб вытаскивать акб были канечн глюки но это из за китайской флехи.",positive,negative,"Where you bought these phones that they are buggy, do not turn on, etc. for two years, the use of complaints is not. Never hovered to the point of pulling out the akb was a fatal glitch, but that's because of the Chinese fluch.",True,positive->negative,0.375,,,,,,,,,,negative,1.0,0.0,negative,1.0,0.9995195865631104,neutral,3.0,0.49112847447395325,positive,5.0,0.8001971244812012,negative,1.0,0.606211245059967,neutral,3.0,0.5583517154854254,neutral,3.0,0.0,neutral,3.0,0.6763466914064239
7,0,"Я бы мог простить камеру в телефоне за 23к, но остальные моменты, которые, как мне кажется, можно было бы реализовать достойно, меня не устраивают. Получается, что телефон советовать я бы не стал и покупать, зная эти моменты, скорее всего тоже не стал бы.",neutral,negative,"I could forgive a 23k camera on a phone, but the other things I think could be done with dignity don’t suit me. It turns out that I would not advise the phone and buy, knowing these moments, most likely would not either.",True,neutral->negative,0.625,,,,,,,,,,positive,5.0,0.0,positive,5.0,0.8336114883422852,neutral,3.0,0.7971408367156982,negative,1.0,0.9810357093811035,negative,1.0,0.8031255006790161,negative,1.0,0.598691344770259,negative,1.0,0.0,negative,1.0,0.7028065540587305
13,0,"Имел удовольствие познакомится с данным аппаратом с помощью программы Microsoft: ""Тест-драйв смартфонов Lumia"" Аппарат вызвает крайне противоречивые чувства, в нём любой ""плюс"" легко становиться ""минусом"", но как ни странно со всеми этими минусами можно жить..Экран: да, изображение шикарное, картинка сочнейшая и реально радует глаз при просмотре фото и в играх, но..",neutral,positive,"I had the pleasure to get acquainted with this device with the help of Microsoft: ""Test Drive of Lumia smartphones"" The device causes extremely contradictory feelings, in it any ""plus"" is easy to become a ""minus"", but oddly enough, you can live with all these minuses.",True,neutral->positive,0.375,,,,,,,,,,positive,5.0,0.0,neutral,3.0,0.9998784065246582,neutral,3.0,0.5969221591949463,positive,5.0,0.9911938309669495,negative,1.0,0.4638289511203766,neutral,3.0,0.6155980683972158,neutral,3.0,0.0,positive,5.0,0.5216520305657902
16,0,Мой вердикт: зачетная звонилка. ничего лишнего. СУПЕР!!!,neutral,positive,"My verdict: a test call, nothing superfluous. Super!!",True,neutral->positive,0.625,,,,,,,,,,negative,1.0,0.0,neutral,3.0,0.8096356391906738,neutral,3.0,0.6509973406791687,positive,5.0,0.3811096251010895,positive,5.0,0.5991744995117188,positive,5.0,0.7434040651196012,positive,5.0,0.0,positive,5.0,0.94
18,0,"Хорошая модель и для девочки блондинки и для продвинутого юзера, можно абсолютно любому человеку найти в приложении Маркет все что угодно на его вкус",neutral,positive,"A good model for a blonde girl and for an advanced user, you can absolutely anyone find anything to his taste in the Market app.",True,neutral->positive,0.625,,,,,,,,,,positive,5.0,0.0,positive,5.0,0.9981368780136108,positive,5.0,0.9562132358551025,positive,5.0,0.8725183010101318,positive,5.0,0.6343115568161011,neutral,3.0,0.5457868305701642,neutral,3.0,0.0,negative,1.0,0.62
20,0,"Выбирал смартфон из нескольких вариантов китайских производителей, так как покупать не их, в нынешнее время считаю непозволительной роскошью. Но сомнений в китайских ""товарищах"" нет. До этого в семье было 2 смартфона Prestigio и оба показали себя отличными и надёжными аппаратами. Сам до этого ходил 2 с половиной года с Prestigio 5508 DUO. И очень доволен. Ни разу не ремонтировал. Он и сейчас полностью в рабочем состоянии, правда, конечно устарел морально.",neutral,positive,"I chose a smartphone from several variants of Chinese manufacturers, since I do not buy them, at the present time I consider an unacceptable luxury. But there is no doubt about the Chinese ""comrades"". Before that, the family had 2 Prestigio smartphones and both proved to be excellent and reliable devices. He had previously walked for 2 and a half years with the Prestigio 5508 DUO. And very pleased. Never repaired it. He is still in full working condition, though, of course, outdated morally.",True,neutral->positive,0.5,,,,,,,,,,positive,5.0,0.0,neutral,3.0,0.9900215268135071,positive,5.0,0.6279156804084778,positive,5.0,0.9615775346755981,negative,1.0,0.7631797790527344,positive,5.0,0.4129107990533165,neutral,3.0,0.0,neutral,3.0,0.47
26,0,"В общем, по началу все было неплохо. Кроме камеры. После Айфона, на котором, к слову сказать, стоят соньковские камеры, камера показалась конкретным тормозом. Там кадр был готов ещё при нажатии, этот призадумывается и щелкает в самый неподходящий момент, даже в режиме моментальной съемки эта беда не сильно преодолевается. В общем, яблоко реализовало их камеру в разы лучше. Ломаться начал быстро, опять же, в сравнение с айфоном не идёт, тот и в подъезде летал и на кафель падал и все пережил.",negative,positive,"Well, it was pretty good at first. Except the camera. After the iPhone, which, by the way, are Sonkov cameras, the camera seemed a specific brake. There, the frame was ready even when pressed, this one thinks and clicks at the most inopportune moment, even in the instant shooting mode, this trouble is not much overcome. In general, the apple realized their camera much better. Breaking began quickly, again, in comparison with the iPhone does not go, he and in the entrance flew and on the tile fell and survived.",True,negative->positive,0.375,,,,,,,,,,positive,5.0,0.0,negative,1.0,0.9993675351142883,neutral,3.0,0.7683448195457458,neutral,3.0,0.5500220656394958,positive,5.0,0.6824591159820557,neutral,3.0,0.6159938783970842,neutral,3.0,0.0,positive,5.0,0.48
30,0,"Как продвинутая звонилка и КПК, смартфон легко работает неделю от одной зарядки при условии отключения этих быстро сжирающих батарейку факторов:  * Яркость экрана на минимум * Датчик автоповорота выключен * BT, WiFi, GPS, EDGE/3G выключены * Виброзвонок и виброотклик интерфейса выключить * На ночь - режим ""в самолете"" автоматом  И даже толику сверх того (8-9 дней максимум), если вторую симку включать при реальной на то необходимости.",positive,neutral,"As an advanced bell and PDA, the smartphone easily works for a week from a single charge, provided that these fast-eating battery factors are turned off: * Screen brightness at a minimum * Autoturn Sensor is turned off * BT, WiFi, GPS, EDGE/3G are turned off * Vibrecall and vibre response to the interface turn off * At night - mode ""in the plane"" by the machine And even a little more than that (8-9 days maximum), if the second SIM is turned on at real need.",True,positive->neutral,0.625,,,,,,,,,,positive,5.0,0.0,negative,1.0,0.5638728141784668,neutral,3.0,0.8219578862190247,positive,5.0,0.9974541068077087,neutral,3.0,0.9408708810806274,neutral,3.0,0.7455949442313055,neutral,3.0,0.0,neutral,3.0,0.45557903568967073
37,0,"Как всегда LG впереди планеты всей))),задел на будущее или маркетинг не знаю. Столько всего сделать хорошего и обо..... На форуме 4pda его назвали умненький, да он просто умненький. Если вам нужна (рабочая лошадка) это он.",neutral,positive,"As always, LG is ahead of the rest of the planet), I don't know about the future or marketing. There are so many good things to do and... On the 4pda forum, he was called smart, but he was smart. If you need a (workhorse) it's him.",True,neutral->positive,0.5,,,,,,,,,,positive,5.0,0.0,positive,5.0,0.5215715169906616,neutral,3.0,0.5529791116714478,positive,5.0,0.9957948923110962,positive,5.0,0.8215247988700867,neutral,3.0,0.5945523584119186,neutral,3.0,0.0,negative,1.0,0.6071793863251621
40,0,поэтому они сбросили цену телефона с трех до двух тысяч атак очень понравился телефон очень хороший,negative,positive,So they dropped the price of the phone from three to two thousand attacks.,True,negative->positive,0.5,,,,,,,,,,negative,1.0,0.0,neutral,3.0,0.7271954417228699,neutral,3.0,0.6994439363479614,negative,1.0,0.7753901481628418,positive,5.0,0.8477479219436646,positive,5.0,0.628607627234557,positive,5.0,0.0,positive,5.0,0.6588316400568232
43,0,"Я купил эту модельAsus Zenfone 4GB RAM 64GB ZE551ML  в Таиланде сразу как приехал туда. Презентация в Европе была в Апреле этой обновлённой модели. Причём цена получилась как в России у самой младшей модели! А купил самую ""старшую"" и накрученую модель. Просто Гонконговские ребята сделали презентацию и скидки в Таиланде!!!У себя же в Гонконге они вообще продают младшую за 147 доллэ а старшую за 215 долл.Аппарат просто летает.Поверьте, просто недостатки есть у всех моделей  даже топовых .",positive,negative,"I bought this Asus Zenfone 4GB RAM 64GB ZE551ML in Thailand right after I got there. The presentation in Europe was in April of this updated model. And the price turned out as in Russia at the youngest model! And I bought the most ""old"" and twisted model. Just Hong Kong guys made a presentation and discounts in Thailand!!!! In Hong Kong, they generally sell the younger for $147 and the older for $215.",True,positive->negative,0.5,,,,,,,,,,neutral,3.0,0.0,neutral,3.0,0.9972748160362244,neutral,3.0,0.6159001588821411,negative,1.0,0.9018734097480774,positive,5.0,0.6818686127662659,negative,1.0,0.5394015524534929,negative,1.0,0.0,negative,1.0,0.55
51,0,"Хотелось бы, чтобы при интенсивном использовании телефон работал два дня (сейчас можно конечно чтобы телефон жил и три дня, но это при умеренном использовании), но тут уже явно телефон станет толще.",positive,negative,"I would like the phone to work for two days with heavy use (now you can of course have the phone live for three days, but this is with moderate use), but here the phone will clearly become thicker.",True,positive->negative,0.5,,,,,,,,,,positive,5.0,0.0,positive,5.0,0.9975695013999939,neutral,3.0,0.7699799537658691,negative,1.0,0.5573655962944031,negative,1.0,0.7441487908363342,negative,1.0,0.5415757269316505,negative,1.0,0.0,neutral,3.0,0.76
53,0,"Скомканные: отличный телефон, но то ли сделан плохо, то ли сырой, в общем при себе имею на всякий случай второй телефон, ибо этот в любой момент не зависимо от уровня заряда зависает, сеть выше 2-х делений никогда не ловит, греется сильно, автофокус оч.медленно работает. Не брать.",positive,neutral,"Broken: great phone, but whether it is made poorly, or raw, in general I have a second phone with me just in case, because this at any time, regardless of the level of charge, hangs, the network above 2 divisions never catches, warms up strongly, autofocus is very slow. Don't take.",True,positive->neutral,0.25,,,,,,,,,,positive,3.0,0.0,neutral,3.0,0.9888395667076111,neutral,3.0,0.7439075112342834,negative,1.0,0.9871909618377686,negative,1.0,0.7159936428070068,positive,5.0,0.40813034546005983,positive,5.0,0.0,positive,5.0,0.53
56,0,"За свои деньги отличный аппарат. После 3 месяцев использования: ну не такой уж он и маркий, отпечатки пальцев скорее создают узор, а не грязь. Из неприятного - перестала работать бесконтактная оплата через NFC, уж не знаю что там случилось. При попытке оплатить терминал просто ругается, что не может считать карту, а телефон сообщает об ошибке передачи данных или что-то такое.",positive,neutral,"It's a great machine for its money. After 3 months of use: well, it is not such a stamp, fingerprints rather create a pattern, not dirt. Contactless payment through NFC stopped working, I don’t know what happened there. When trying to pay, the terminal simply swears that it cannot count the card, and the phone reports a data transmission error or something.",True,positive->neutral,0.625,,,,,,,,,,neutral,3.0,0.0,neutral,3.0,0.999902606010437,neutral,3.0,0.5531129240989685,neutral,3.0,0.6726022362709045,negative,1.0,0.5160608887672424,neutral,3.0,0.4246994887818356,negative,1.0,0.0,positive,5.0,0.6
66,0,Честно сотовый так себе. Хоть мне очень нравится модель Apple iPhone. Есть лучше!,negative,positive,"Honestly, the cell phone is bad. I really like the Apple iPhone model. Eat better!",True,negative->positive,0.5,,,,,,,,,,positive,5.0,0.0,positive,5.0,0.9253624677658081,positive,5.0,0.9003724455833435,negative,1.0,0.9559054970741272,positive,5.0,0.8654308915138245,neutral,3.0,0.7528624077086004,neutral,3.0,0.0,neutral,3.0,0.6586955914746807
72,0,"Если захотели купить телефон для разговоров то лучше купить кнопочный, а про это лучше забудьте . давно есть мечта разбить об стену , но мама наругает( .",negative,neutral,"If you want to buy a phone for conversations, it is better to buy a push-button, and it is better to forget about it.",True,negative->neutral,0.625,,,,,,,,,,positive,5.0,0.0,neutral,3.0,0.5931738615036011,neutral,3.0,0.8353139758110046,negative,1.0,0.9634979367256165,negative,1.0,0.47078368067741394,neutral,3.0,0.47942028686365284,neutral,3.0,0.0,neutral,3.0,0.54
76,0,"Я являюсь давним поклонником MEIZU и это мой третий телефон от этой фирмы. Купил его, потому что денег на PRO 6 не нашлось. Взял, на тот период, что было. В принципе телефон весьма не плохой, но с одной оговоркой. Если вы раньше не пользовались флагманскими аппаратами (да хотя бы от той же самой MEIZU), то телефон вам понравится. Так как из конкурентов никто не предлагает, что то лучшее за эти деньги. НО, если вы придирчивы и цените качетсвенную камеру и звук, то это явно не ваш выбор.",neutral,negative,"I’m a longtime fan of MEIZU and this is my third phone. I bought it because there was no money for PRO 6. I did, for the period that was. The phone is not bad, but with one caveat. If you have not used a flagship device before (yes, at least from the same MEIZU), then you will like the phone. No one else is offering the best for the money. But if you are picky and appreciate a high-quality camera and sound, then this is clearly not your choice.",True,neutral->negative,0.625,,,,,,,,,,positive,5.0,0.0,negative,1.0,0.9938523769378662,neutral,3.0,0.872721791267395,positive,5.0,0.9800185561180115,negative,1.0,0.6254594326019287,negative,1.0,0.7429845663706275,negative,1.0,0.0,negative,1.0,0.47
77,0,"Подарили в июне на день рождения, с тоо времрни ни разу не глюканул!Графика отменная,на телефон не нарадуюсь.Люблю ездить в поездки по Россие и когда разряжается на помощь приходит телефон!!!",neutral,positive,"Gifted in June for his birthday, with that time never glitched!Graphics excellent, the phone is not happy.I love to travel around Russia and when discharged to help comes the phone!!!",True,neutral->positive,0.625,,,,,,,,,,negative,1.0,0.0,positive,5.0,0.9994004964828491,positive,5.0,0.8972246050834656,positive,5.0,0.9982288479804993,positive,5.0,0.495319128036499,neutral,3.0,0.41219497610428896,positive,5.0,0.0,neutral,3.0,0.63
80,0,Почему самсунг не делает линейку в данном направлении? батарейка хоть и хорошая но попользовался два месяца. продал. пока не поздно. Все таки катаец. Мало очень оперативки. Если вы установили приложения на телефон. потом вставили карточку. Приложения не перенесутся!!!! очень плохо Тормозит. Лучше не покупать.,neutral,negative,"Why does Samsung not make a ruler in this direction? the battery, although good, but used two months. sold. before it's too late. He's a Qatari. Very little RAM. If you installed apps on your phone, then inserted a card. Apps won't move!!!! very bad brakes. Better not buy.",True,neutral->negative,0.625,,,,,,,,,,positive,5.0,0.0,negative,1.0,0.9995182752609253,neutral,3.0,0.5390009880065918,negative,1.0,0.8357407450675964,negative,1.0,0.8044449687004089,negative,1.0,0.5284464695748045,negative,1.0,0.0,neutral,3.0,0.45
87,0,"Прошло чуть более года с момента покупки, и телефон подарил мне несколько неприятных сюрпризов. Во-первых, из-за того, что я не использую защитную пленку, экран к нынешнему времени довольно потерт и исцарапан. Во-вторых, задняя крышка, которая вначале не снималась, теперь слетает только так, даже когда я просто держу телефон в руке. И плюс к тому, она треснула возле камеры, и отпал кусочек в правом нижнем углу. В-третьих, недавно после одного из падений телефон совсем перестал вибрировать.",neutral,negative,"It's been a little over a year since I bought it and the phone has given me some nasty surprises. Wo First, because I don't use protective film, the screen is pretty worn and scratched by now. Wo Second, the back cover, which wasn't removed at first, now comes off just like that, even when I'm just holding the phone in my hand. And on top of that, it cracked near the camera, and it fell off in the lower right corner. In Third, recently after one of the falls, the phone stopped vibrating altogether.",True,neutral->negative,0.375,,,,,,,,,,positive,5.0,0.0,neutral,3.0,0.8771651387214661,negative,1.0,0.8514965176582336,negative,1.0,0.9642590284347534,negative,1.0,0.7826237082481384,neutral,3.0,0.5122931783491258,neutral,3.0,0.0,neutral,3.0,0.56
90,0,"Вобщем в качестве симпотичной трубочки использовать можно, но ничего большего от данной модели не ждите (как впрочем и от большинства других моделей филипса).",negative,neutral,"In general, you can use it as a sympathetic tube, but do not expect anything more from this model (as well as from most other models of the filip).",True,negative->neutral,0.75,,,,,,,,,,positive,5.0,0.0,neutral,3.0,0.9992334842681885,neutral,3.0,0.6980239748954773,neutral,3.0,0.8538351655006409,negative,1.0,0.9109429121017456,neutral,3.0,0.5034048789605867,neutral,3.0,0.0,neutral,3.0,0.9211979712227939
103,0,"Если и брать, то только для легких приложений (НЕ БОЛЬШЕ!), оочень глючный, много с ним проблем. Перезагружается. Пару раз перезагружался во время звонка!",negative,neutral,"If you take, it is only for light applications (NO MORE!), very buggy, a lot of problems with it. Rebooting. I rebooted a couple of times during the call!",True,negative->neutral,0.25,,,,,,,,,,negative,1.0,0.0,positive,5.0,0.7355071902275085,neutral,3.0,0.7200866341590881,negative,1.0,0.985663890838623,negative,1.0,0.7621744871139526,neutral,3.0,0.4004203654212247,positive,5.0,0.0,positive,5.0,0.42673201131479827
105,0,"начало эксплуатации - очень тихий динамик, меня постоянно переспрашивают. Неделя эксплуатации - периодически смещение изображения на экране вниз Две недели - периодически полэкрана плывёт изображение (цветная размазня, а не картинка с текстом) Три недели - начала стираться краска, при поступлении звонка на экране ничего не происходит (экран тёмный, соответственно кто звонит не известно) На предложение обменять или забрать сие чудо в ином ответили, что гарантия всё - отдайте в ремонт.",negative,neutral,"The start of operation is a very quiet speaker, I am constantly being questioned. Week of operation - periodically shifting the image on the screen down Two weeks - periodically half-screen floats the image (colored smear, not a picture with text) Three weeks - the paint began to wear off, when a call arrives on the screen, nothing happens (the screen is dark, respectively, who is calling is unknown) On the offer to exchange or take this miracle in another said that the guarantee everything - give for repair.",True,negative->neutral,0.5,,,,,,,,,,positive,5.0,0.0,negative,1.0,0.9930688142776489,neutral,3.0,0.8817351460456848,negative,1.0,0.9980666041374207,neutral,3.0,0.6669179797172546,neutral,3.0,0.3628473681174974,positive,5.0,0.0,neutral,3.0,0.49
108,0,"В принципе норм мобила, заряжать каждый день, камера не ахти, главное НО: в самсунговской оболочке не включается экран при приходе уведомлений!!",neutral,positive,"In principle, mobile, charge every day, the camera is not good, the main thing is BUT: the screen does not turn on in the Samsung shell when notifications arrive!!",True,neutral->positive,0.375,,,,,,,,,,negative,3.0,0.0,neutral,3.0,0.6002906560897827,neutral,3.0,0.8708693385124207,negative,1.0,0.9380619525909424,positive,5.0,0.29994261264801025,positive,5.0,0.437384524464088,positive,5.0,0.0,neutral,3.0,0.5555790356896706
109,0,"Ждал этот телефон,nfc заявлен был,заказал по предзаказу,потом убрали его ,у самого zenfone 2 и iphone 5s ,хотел взять для сопряжения экшен камер по nfc  и andoid pay,как  так,Карл?",neutral,negative,"Waited for this phone, nfc was declared, ordered on pre-order, then removed it, the zenfone 2 and iPhone 5s, wanted to take to pair action cameras on nfc and andoid pay, how so, Carl?",True,neutral->negative,0.625,,,,,,,,,,negative,1.0,0.0,negative,1.0,0.7565492391586304,negative,1.0,0.586664080619812,negative,1.0,0.9922913908958435,negative,1.0,0.5168723464012146,positive,5.0,0.35141354300656763,positive,5.0,0.0,neutral,3.0,0.714714816425862
112,0,"Купил на замену другому,защитному,использую как второй телефон.Хотелось бы конечно,чтобы такие телефоны довели до ума,что кнопочные ,что сенсорные.Приятно что с этим телефоном не боишься отстаться без связи.",neutral,positive,"I bought a replacement for another, protective, use as a second phone.I would certainly like such phones to bring to mind that the buttons that touch. It's nice that you're not afraid to lose touch with this phone.",True,neutral->positive,0.375,,,,,,,,,,positive,5.0,0.0,neutral,3.0,0.9802157282829285,neutral,3.0,0.6439718008041382,positive,5.0,0.9858102202415466,negative,1.0,0.67714923620224,neutral,3.0,0.679458308525098,neutral,3.0,0.0,positive,5.0,0.7282727013208523
123,0,"Брал пожилому человеку. После возврата в магазин,взял Нокию слышно хорошо, управление простое,а большего и не надо.",negative,neutral,"I took an old man. After returning to the store, I picked up Nokia well, the control is simple, and more is not necessary.",True,negative->neutral,0.5,,,,,,,,,,positive,3.0,0.0,negative,1.0,0.993133544921875,neutral,3.0,0.712466835975647,positive,5.0,0.9885473251342773,positive,5.0,0.8706574440002441,neutral,3.0,0.6039705391538532,neutral,3.0,0.0,neutral,3.0,0.4775831290882548
128,0,"Не знаю, похоже, у меня такой экзепляр попался, ибо такие глюки не у каждого. Над телефоном никаких экпериментов не ставила, не кидалась, вода/снег не попадали. Думаю в сервис сдать. Новый приобретать не собираюсь, привыкла уже к телефону.",neutral,negative,"I don't know, I think I've got one of these, because not everyone has these glitches. No experiments were made on the phone, no water or snow was thrown. I'm thinking of going to the service. I am not going to buy a new one, I am used to the phone.",True,neutral->negative,0.5,,,,,,,,,,negative,1.0,0.0,negative,1.0,0.962035596370697,neutral,3.0,0.7728673815727234,negative,1.0,0.8492783904075623,negative,1.0,0.5014622807502747,positive,5.0,0.46766492606157695,positive,5.0,0.0,neutral,3.0,0.7566478532737122
138,0,"Если использовать только как телефон, то отличная модель. А вот полноценного смартфона я в нем не нахожу. Если бы можно было выбрать bada или android, то не задумываясь ушел-бы к последнему.",neutral,positive,"If you only use it as a phone, it’s a great model. But I do not find a full smartphone in it. If you could choose bada or android, then without hesitation I would go to the latter.",True,neutral->positive,0.375,,,,,,,,,,positive,5.0,0.0,positive,5.0,0.9967474937438965,neutral,3.0,0.7062825560569763,positive,5.0,0.5736703276634216,negative,1.0,0.7972375154495239,neutral,3.0,0.521886068949531,neutral,3.0,0.0,neutral,3.0,0.61
142,0,"Честно я был в шоке купив этот телефон за 10250... Все летает. Оболочка приятная. Установка тем прям из оф магазина просто шик. Динамик что разговорный что громкоговорителя просто орет... Была заминка с сервисами гугл. Ибо их не было. Начал грузить с оф магазина приложения и сервисы сами подгрузились. Асфальт тормозит, причем в настройках поставил производительность максимум. Предыдущий телефон с меньшими заррактеристиками тянул без торозов. Что с этим не знаю. Но все остальное как по маслу.",positive,neutral,"Honestly, I was shocked to buy this phone for 10250. Everything flies. The shell is nice. Installing themes straight from the store is great. The speaker that speaks that loudspeaker just yells... There was a hitch with Google services. Because there were none. I started loading apps from the store and services themselves loaded. Asphalt brakes, and in the settings set the maximum performance. The previous phone with smaller narcharacteristics pulled without toroses. I don't know about that. But everything else is fine.",True,positive->neutral,0.5,,,,,,,,,,positive,5.0,0.0,neutral,3.0,0.999691367149353,neutral,3.0,0.7362307906150818,positive,5.0,0.8110520839691162,negative,1.0,0.6455971598625183,neutral,3.0,0.5533682629727107,neutral,3.0,0.0,negative,1.0,0.4471793863251621
146,0,"В общем не стоит этот телефон того, чтобы брать. Да, красивый, функциональный, но цена не оправдывает.",negative,neutral,"This phone is not worth taking. Yes, beautiful, functional, but the price does not justify.",True,negative->neutral,0.5,,,,,,,,,,neutral,3.0,0.0,neutral,3.0,0.9667354226112366,neutral,3.0,0.7327255606651306,negative,1.0,0.8052591681480408,negative,1.0,0.8357638716697693,positive,5.0,0.46774819395703443,positive,5.0,0.0,neutral,3.0,0.42240870225461236
147,0,"Не удержался от написания отзыва после того, как после восстановления контактов, все дополнительные номера из ячеек пропали! Как уже было написано, после этого живет, потому что ударопрочный. До 2010 года, с 1998-го у меня были исключительно нокии. Но она испортилась за последнее время (кто хорошо знает эту марку, поймут), а интенсивность звонков у меня возросла. Поэтому втыкать телефон в зарядку три раза на дню как-то неудобно.",negative,neutral,"I couldn’t resist writing a review after all the additional numbers from the cells disappeared after the contacts were restored! As already mentioned, he lives after that, because it is shockproof. Until 2010, since 1998, I had only Nokias. But it has deteriorated lately (who knows this brand well, they will understand), and the intensity of calls has increased. So sticking your phone into charging three times a day is kind of uncomfortable.",True,negative->neutral,0.5,,,,,,,,,,positive,5.0,0.0,negative,1.0,0.9706916809082031,neutral,3.0,0.5978198647499084,positive,5.0,0.9957832098007202,negative,1.0,0.8670821785926819,neutral,3.0,0.7924393340641275,neutral,3.0,0.0,neutral,3.0,0.6
150,0,телефон сейчас стоит своих денег но я бы рекомендовал купить элджи кп 500,neutral,negative,"The phone is worth your money now, but I would recommend buying an Elgi KP 500.",True,neutral->negative,0.5,,,,,,,,,,positive,5.0,0.0,negative,1.0,0.9902992248535156,neutral,3.0,0.664928138256073,positive,5.0,0.948016345500946,negative,1.0,0.6228170990943909,negative,1.0,0.580506471064556,negative,1.0,0.0,neutral,3.0,0.7898260858435185
152,0,"Телефон этот у меня уже больше года, первое время нарадоваться не могла. Стильно смотрится, удобно лежит в руке, да и характеристики устраивали. Но примерно через полгода телефон начал подтормаживать и зависать, и это не только моя проблема, у нескольких знакомых с такими же телефонами случилось то же самое. Считаю, что он будет служить долго тем, кому телефон нужен исключительно для звонков, и кто не закачивает в него много музыки и приложений.",neutral,positive,"I’ve had this phone for over a year now, and I couldn’t be happy at first. It looks stylish, lies comfortably in the hand, and the characteristics were arranged. But after about six months, the phone started to slow down and freeze, and it's not just my problem, a few people who know these phones have the same thing. I believe that it will serve for a long time those who only need the phone for calls, and who do not download a lot of music and applications into it.",True,neutral->positive,0.375,,,,,,,,,,positive,5.0,0.0,neutral,3.0,0.9950580596923828,neutral,3.0,0.8128864169120789,positive,5.0,0.43761858344078064,negative,1.0,0.852483332157135,neutral,3.0,0.46569150098387985,positive,5.0,0.0,neutral,3.0,0.53
153,0,"Выбирала этот телефон достаточно долго. Ориетировалась на отзывы. Мне необходим был телефон с хорошей батарейкой, так как надоело постоянно сидеть у розетки с зарядкой. Данный асус справился на 5 с этой задачей. Действительно заряд держит по 2-е суток (я активно использую интернет для работы, ну и так же телефон не смолкает от звонков). Заказывала его в интернет магазине. Распечатала коробку.",negative,neutral,"I have chosen this phone for a long time. I was looking for feedback. I needed a phone with a good battery, as I was tired of sitting at the charging socket all the time. This asus coped with 5 with this task. Indeed, the charge keeps for 2 days (I actively use the Internet for work, and the phone does not stop calling). I ordered it online. Printed out the box.",True,negative->neutral,0.125,,,,,,,,,,positive,5.0,0.0,negative,1.0,0.5204298496246338,positive,5.0,0.6149191856384277,positive,5.0,0.9978804588317871,positive,5.0,0.6015332937240601,negative,1.0,0.44665028794257694,negative,1.0,0.0,neutral,3.0,0.48
164,0,"Меня пугал размер - 5,2 дюйма. Покупал вслепую, но ничего, у меня руки большие :-)), писать смски могу одним пальцем. Из-за того, что тонкий, не ощущается лопатой. Даже в женских руках смотрятся нормально.",positive,neutral,"I was scared of 5.2 inches. I bought blindly, but nothing, my hands are big :-), I can text with one finger. From - because it's thin, it doesn't feel like a shovel. Even in women's hands they look normal.",True,positive->neutral,0.5,,,,,,,,,,negative,1.0,0.0,negative,1.0,0.9984763264656067,neutral,3.0,0.5887577533721924,positive,5.0,0.9915252327919006,positive,5.0,0.4297846555709839,neutral,3.0,0.6683622646074724,neutral,3.0,0.0,neutral,3.0,0.6517429412549121
171,0,"Телефон потрясный - опций много, но без излишеств. Мое пристрастие часто менять телефоны вдруг сменилось желанием обладания его одного,вот уже больше года, и мне не нужен другой:)",positive,neutral,"The phone is amazing - there are many options, but no frills. My addiction to changing phones often has suddenly changed to wanting to own one for over a year now, and I don't need another.",True,positive->neutral,0.75,,,,,,,,,,neutral,3.0,0.0,neutral,3.0,0.9287928342819214,neutral,3.0,0.7569925785064697,positive,5.0,0.9995050430297852,negative,1.0,0.886067807674408,neutral,3.0,0.5425704294787314,neutral,3.0,0.0,neutral,3.0,0.6593829504344147
176,0,"Приобрел данный аппарат в качестве резервной связи. Основным телефоном был iPhone. В таком сочетании Philips меня вполне устраивал. Но стоило мне перейти на него как на основной телефон, так все недостатки расцвели багровым цветом.Вывод: Покупать можно либо как запасной телефон, либо суровым мужикам, которым нужно просто звонить с него приятелям, имеющим короткие клички вместо имен.",neutral,negative,"I purchased this device as a backup link. The main phone was the iPhone. In this combination, Philips suited me well. But as soon as I switched to it as the main phone, so all the shortcomings blossomed with a crimson color.The conclusion: You can buy either as a spare phone, or harsh men who just need to call friends with short nicknames instead of names from it.",True,neutral->negative,0.25,,,,,,,,,,positive,3.0,0.0,neutral,3.0,0.999537467956543,neutral,3.0,0.8189295530319214,neutral,3.0,0.6548438668251038,neutral,3.0,0.5358467102050781,neutral,3.0,0.4911627782766809,negative,1.0,0.0,negative,1.0,0.48
186,0,берите этот телефон и вы не пожелеете!!!,positive,neutral,Take this phone and you won't want to!!,True,positive->neutral,0.25,,,,,,,,,,negative,3.0,0.0,positive,5.0,0.9972986578941345,neutral,3.0,0.7839365005493164,positive,5.0,0.9917859435081482,positive,5.0,0.6211290955543518,negative,1.0,0.5186447773944411,negative,1.0,0.0,neutral,3.0,0.8125219257521015
194,0,связь не пропадает.симку можно обменять у оператора.,positive,neutral,communication is not lost. the SIM can be exchanged with the operator.,True,positive->neutral,0.625,,,,,,,,,,positive,3.0,0.0,neutral,3.0,0.9811168313026428,neutral,3.0,0.7054948806762695,positive,5.0,0.999422550201416,neutral,3.0,0.747359037399292,neutral,3.0,0.5662474838954791,neutral,3.0,0.0,negative,1.0,0.7380486878558038
197,0,"Брал не ростест преднамеренно, экспериментировать с погружением в воду не планирую. Из интернет магазина привезли не распечатанную коробку. Порадовала комплектация в которой помимо самого телефона и зарядного устройства (евровилка нашего стандарта) к нему в комплекте присутствовала защитная пленка (2 шт.) и гарнитура. Гарантия сервисного центра от интернет магазина.  Дополнение от 28-07-2016   Хотел поделиться своим мнением о продукции.",negative,positive,"I did not grow intentionally, I do not plan to experiment with immersion in water. An unprinted box came from the online store. I was pleased with the configuration in which, in addition to the phone and charger (euro fork of our standard), a protective film (2 pieces) and a headset were present in the kit. Guarantee service center from the online store. Supplement from 28-07-2016 I wanted to share my opinion about the products.",True,negative->positive,0.375,,,,,,,,,,positive,5.0,0.0,positive,5.0,0.8751780390739441,neutral,3.0,0.8179457783699036,positive,5.0,0.9193717241287231,negative,1.0,0.41105443239212036,neutral,3.0,0.6843019309254529,neutral,3.0,0.0,neutral,3.0,0.46581518853194614
200,0,"камера конечно же супер, при правильной настройке. батарею хотелось бы по мощнее. А если играть в игру и подсоединить зарядное устройство, на смартфоне можно яичницу жарить. греется конкретно. Ну и  два интернет приложения садят батарею на ура. вообщем все отлично на 5 КРОМЕ БАТАРЕИ!!!!!!",neutral,positive,"The camera is super, of course, with the right setup, the battery would like more powerful. And if you play the game and connect the charger, on a smartphone you can fry eggs. Well, two Internet applications put the battery on hurrah. in general, everything is great on 5 except the battery!!!!!!",True,neutral->positive,0.75,,,,,,,,,,positive,5.0,0.0,positive,5.0,0.9747359752655029,positive,5.0,0.9736918210983276,neutral,3.0,0.4003264904022217,negative,1.0,0.3714844286441803,positive,5.0,0.8594015498625229,positive,5.0,0.0,positive,5.0,0.84
205,0,"Может мне такой попался, но рекомендую с осторожностью покупать",neutral,negative,"Maybe I got one, but I recommend buying it carefully.",True,neutral->negative,0.625,,,,,,,,,,positive,5.0,0.0,positive,5.0,0.9688208699226379,neutral,3.0,0.5705282092094421,negative,1.0,0.8570087552070618,negative,1.0,0.5105896592140198,negative,1.0,0.5046348950276189,negative,1.0,0.0,negative,1.0,0.5219773776992337
207,0,"хорошая модель, даже очень... но проблемная.",neutral,positive,"It's a good model, even a very... but a problem.",True,neutral->positive,0.5,,,,,,,,,,negative,1.0,0.0,positive,5.0,0.9981876015663147,positive,5.0,0.9611791968345642,positive,5.0,0.76263028383255,positive,5.0,0.5325998663902283,neutral,3.0,0.690956436684084,neutral,3.0,0.0,neutral,3.0,0.5740410911730787
208,0,"Пользуюсь телефоном чуть больше года. Купила потому как срочно нужен был новый телефон по оптимальной цене. На тот момент 20к - не совсем дешево, но и не заоблачно дорого. По параметрам подходил. Плюс предыдущий телефон тоже был Sony и работал прекрасно. Проблемы начались чуть ли не сразу. Начало катастрофически не хватать памяти. А перенести большинство приложений на карту памяти нельзя. Удалить встроенные приложения тоже нельзя.",negative,neutral,"I've been using my phone for a little over a year. I bought it because I needed a new phone at the best price. At that time, 20k - not quite cheap, but also not sky-highly expensive. I matched the parameters. Plus, the previous phone was also Sony and worked fine. The problems started almost immediately. The beginning is a catastrophic lack of memory. And transfer most applications to the memory card is impossible. It is also impossible to remove embedded applications.",True,negative->neutral,0.625,,,,,,,,,,negative,1.0,0.0,neutral,3.0,0.9673029780387878,neutral,3.0,0.6190666556358337,negative,1.0,0.9967633485794067,positive,5.0,0.4000907242298126,neutral,3.0,0.6349440578222716,neutral,3.0,0.0,neutral,3.0,0.44
210,0,"Чтобы акк не садился как бешеный - включайте 2G и отключайте обмен данными - тогда телефон три-четыре дня держится.Резистивный экран нормальной чувствительности, плюс - зимой можно в перчатках работать :).В целом стоит своих денег. Бюджетный тач с андроидом. Не айфон, не попонтуешься :).",neutral,positive,"So that the ACC does not sit like a rabid - turn on 2G and turn off data exchange - then the phone lasts three or four days. Resistive screen of normal sensitivity, plus - in winter you can wear gloves to work :. Budget android touch. Not an iPhone, you won't be poked :.",True,neutral->positive,0.25,,,,,,,,,,negative,3.0,0.0,neutral,3.0,0.9998418092727661,neutral,3.0,0.7043238282203674,positive,5.0,0.9660223722457886,positive,5.0,0.6236781477928162,neutral,3.0,0.6832121904377938,neutral,3.0,0.0,neutral,3.0,0.63
212,0,"Похоже аналог Нокии 3310, орехи колоть сойдет, но очень дорого. До этого был Филипс 816 тот три месяца проработал отлично, без нареканий и просто умер, не смогли в сервисе сделать вернули деньги, желание нет брать с этой фирмы.",negative,neutral,"Looks like a Nokia 3310, nuts will do, but very expensive. Before that was Philips 816 that three months worked perfectly, without complaints and just died, could not make the service returned the money, no desire to take from this company.",True,negative->neutral,0.5,,,,,,,,,,positive,5.0,0.0,neutral,3.0,0.8642200231552124,neutral,3.0,0.5840438604354858,neutral,3.0,0.4829074740409851,negative,1.0,0.8217262625694275,neutral,3.0,0.38754138209641853,negative,1.0,0.0,positive,5.0,0.7149762137978861
213,0,Здоровье дороже.Можно конечно проводную гарнитуру использовать...,negative,positive,"Health is more expensive. Of course, you can use a wired headset ...",True,negative->positive,0.375,,,,,,,,,,neutral,3.0,0.0,neutral,3.0,0.9904995560646057,neutral,3.0,0.770352840423584,neutral,3.0,0.9593129754066467,positive,5.0,0.9199199080467224,positive,5.0,0.44394768362308235,positive,5.0,0.0,negative,1.0,0.6262022480169018
216,0,"Телефон отличный, мне очень нравится, но до ""пятерки"" ему недостает какой-нибудь фишечки.",neutral,positive,"The phone is great, I really like it, but it lacks a chip to the top five.",True,neutral->positive,0.5,,,,,,,,,,positive,5.0,0.0,neutral,3.0,0.9511619210243225,positive,5.0,0.5311973690986633,positive,5.0,0.9419413805007935,negative,1.0,0.5277074575424194,neutral,3.0,0.5337002623472074,neutral,3.0,0.0,positive,5.0,0.76
232,0,"В целом телефон нормальный, особенно для людей с ограниченным бюджетом-быстрый, яркий, стильный, описанные недостатки не слишком мешают использовать телефон, но бесят порой сильно, особенно тач в 2 касания и проблемы с google маркетом. Брать можно, но если есть возможность выложить побольше денег, лучше взять что-то другое, с меньшим количеством странностей.",neutral,negative,"In general, the phone is normal, especially for people on a budget – fast, bright, stylish, described flaws do not interfere too much with the use of the phone, but sometimes infuriate a lot, especially the touch of 2 touches and problems with the Google market. You can take it, but if you can shell out more money, it's better to take something else with less weirdness.",True,neutral->negative,0.375,,,,,,,,,,negative,1.0,0.0,neutral,3.0,0.9828826785087585,neutral,3.0,0.8233783841133118,negative,1.0,0.857900083065033,negative,1.0,0.6914445161819458,neutral,3.0,0.4952991782161484,positive,5.0,0.0,neutral,3.0,0.62
242,0,"Куплена в ноябре 2010. Чехлами не пользуюсь, потому как некогда - разговоров очень много. скайпами/аськами не пользуюсь, браузерные игрушки - да (не флешки) и кстати удобно с сенсором! Яндекс-карты, яндекс-пробки и тд.",neutral,positive,"Purchased in November 2010. I do not use covers, because once - there are a lot of conversations. I do not use Skypes / Isks, browser toys - yes (not flash drives) and by the way, it is convenient with a sensor! Yandex - maps, Yandex traffic jams, etc.",True,neutral->positive,0.5,,,,,,,,,,positive,5.0,0.0,neutral,3.0,0.9615638256072998,neutral,3.0,0.8738062381744385,positive,5.0,0.9985698461532593,negative,1.0,0.5217303037643433,positive,5.0,0.6569179636763085,positive,5.0,0.0,neutral,3.0,0.45
249,0,"Конечно, по функционалу смартфон уже явно устаревший. И как-то описывать его достоинства и недостатки уже не ко времени. Но в целом и по сей день он меня радует, и менять на что-нибудь китайское желания нет никакого! Единственное очень хотелось бы заказать где-нибудь корпус из металла.",positive,neutral,"Of course, the functionality of the smartphone is clearly outdated. And somehow describe its advantages and disadvantages is not in time. But in general, to this day, it pleases me, and there is no Chinese desire to change for anything! The only thing I would really like to order somewhere is a case of metal.",True,positive->neutral,0.625,,,,,,,,,,positive,5.0,0.0,neutral,3.0,0.9957780838012695,neutral,3.0,0.6957280039787292,positive,5.0,0.9919725656509399,negative,1.0,0.7371870875358582,neutral,3.0,0.6344453267451998,neutral,3.0,0.0,neutral,3.0,0.66
254,0,"Пожалела, что решив сэкономить, не стала брать модель с 32 Гб внутренней памяти, к тому же в тех моделях и оперативная память тоже больше. В целом, телефоном довольна. При интенсивном использовании заряжать аккумулятор надо каждый день (((",neutral,positive,"I regretted that having decided to save money, I did not take a model with 32 GB of internal memory, besides, in those models, RAM is also more. Overall, I'm happy with my phone. Recharge the battery every day (()",True,neutral->positive,0.5,,,,,,,,,,positive,5.0,0.0,positive,5.0,0.7183355093002319,positive,5.0,0.6829341650009155,positive,5.0,0.972870409488678,negative,1.0,0.8087438941001892,neutral,3.0,0.5191364578250021,neutral,3.0,0.0,neutral,3.0,0.73
255,0,"Купил на замену HTC Sensation, сразу пожалел об этом. Не флагман а середнячок, на уровне LG-P970 (но тот стоит каждого рубля за него отданного). Если будете использовать телефон для звонков, серфинга по интернету, хотите обойтись стандартной прошивкой и приложениями, почувствовать немного роскоши в руках - берите HTC Sensation. SGS2 на мой взгляд не стоит и половины той цены что за него просят.",negative,neutral,"I bought a replacement for the HTC Sensation and regretted it. Not the flagship and the average, at the level of LG-P970 (but it is worth every ruble for it given). If you use your phone to make calls, surf the Internet, want to do with standard firmware and applications, feel a little luxury in your hands - take HTC Sensation. The SGS2 isn’t worth half the price you’re asking for.",True,negative->neutral,0.625,,,,,,,,,,neutral,3.0,0.0,neutral,3.0,0.9998145699501038,neutral,3.0,0.8165711760520935,neutral,3.0,0.47212907671928406,negative,1.0,0.7226341962814331,positive,5.0,0.49739466411488314,positive,5.0,0.0,neutral,3.0,0.47911597943414896
256,0,"пользовался 1,5 года, жалоб нет, теперь сломался, очень жалею что нечем его заменить потому что смартфон+расскладушка в продаже нет и не выпускают, отремонтировать в сервисном центре nokia не смогли нет нужных деталей, а так тел хороший и очень его жаль",neutral,negative,"used for 1.5 years, no complaints, now broke, very sorry that there is nothing to replace it because the smartphone + clamshell is not on sale and is not released, to repair in the service center nokia could not have the necessary parts, and so the body is good and very sorry for him",True,neutral->negative,0.5,,,,,,,,,,negative,1.0,0.0,negative,1.0,0.9999220371246338,negative,1.0,0.8268005847930908,positive,5.0,0.7941411137580872,negative,1.0,0.8366330862045288,neutral,3.0,0.7535576160731543,neutral,3.0,0.0,neutral,3.0,0.72
260,0,"Проблема с потерей сим-карты телефоном возникает на недавно приобретенных симках, симки старых образцов не ""теряются"" никогда. Громкость динамика нормальная, главное найти, как её увеличивать. Если уж очень шумно вокруг, то я переворачиваю телефон обратной стороной к уху (с другими аппаратами такого фокуса не проделаешь). Симку никогда еще не терял.",positive,neutral,"The problem with the loss of a SIM card by a phone occurs on recently purchased SIMs, SIMs of old samples are never “lost”. The speaker volume is normal, the main thing is to find how to increase it. If it is very noisy around, then I turn the phone back to my ear (with other devices, such a focus can not do). I've never lost Simka before.",True,positive->neutral,0.625,,,,,,,,,,negative,1.0,0.0,neutral,3.0,0.6021483540534973,neutral,3.0,0.7119824290275574,positive,5.0,0.9598261713981628,positive,5.0,0.6770602464675903,neutral,3.0,0.6646678555094909,neutral,3.0,0.0,neutral,3.0,0.41
264,0,"Жаль , что сняли с продаж.",positive,negative,It's a shame they're off the market.,True,positive->negative,0.75,,,,,,,,,,negative,1.0,0.0,negative,1.0,0.9925048351287842,negative,1.0,0.49154311418533325,positive,5.0,0.793843150138855,negative,1.0,0.5899212956428528,neutral,3.0,0.44424837219319313,negative,1.0,0.0,negative,1.0,0.9363197842867492
271,0,"Ну что сказать, то что мне нужно чтобы работать с электронной почтой, не хотелось ради этого смарт брать - были в использовании пару смартов (И нокия и СЕ), устал я от них - тормозит, перезагружается когда не надо и т. д.Вай фай нормально работает, из за того, что до сих пор не смог настроить gprs пользуюсь пока только им, а то вап в копеечку влетает.",neutral,positive,"Well, what to say, what I need to work with email, I didn’t want to take smart for the sake of this – a couple of smarts were in use (And Nokia and CE), I am tired of them – slows down, reboots when not necessary, etc. Vai Fi works normally, due to the fact that so far I have not been able to configure gprs I use only him, and then the vap flies into a penny.",True,neutral->positive,0.375,,,,,,,,,,positive,5.0,0.0,positive,5.0,0.5334955453872681,neutral,3.0,0.6281145215034485,positive,5.0,0.8731769919395447,negative,1.0,0.6100068092346191,neutral,3.0,0.7362801119406595,neutral,3.0,0.0,neutral,3.0,0.7033145728825387
272,0,"Намеренно обхожу тему фото и видео съемок. Фразы типа:""ищу телефон с хорошей камерой, потому что я люблю много снимать"", честное слово, ставят меня в тупик. Все познания такого ""фотографа"" сводятся к тому, что надо нажать какую-то кнопочку, что бы ""вылетела птичка"". Очередная жертва рекламных заклинаний о ""мегапикселях"", ""автофокусах"", ""зумах"" и т.д.",positive,neutral,"I deliberately avoid the topic of photos and videos. Phrases like “I’m looking for a phone with a good camera because I like to shoot a lot”, honestly, put me at a loss. All the knowledge of such a “photographer” boils down to the fact that you need to press a button to “fly a bird”. Another victim of advertising spells about ""megapixels"", ""autofocuses"", ""zooms"", etc.",True,positive->neutral,0.625,,,,,,,,,,positive,5.0,0.0,neutral,3.0,0.9999301433563232,neutral,3.0,0.7312327027320862,negative,1.0,0.995983362197876,negative,1.0,0.5683234930038452,neutral,3.0,0.5990937356718001,neutral,3.0,0.0,neutral,3.0,0.5647651647396824
283,0,"Поначалу я радовался телефоном, думал что он такой крутой. Оказывается напрасно. Нет LG я себе больше не куплю.",negative,neutral,"At first I was happy with the phone, I thought it was so cool. It's in vain. I'm not buying LG anymore.",True,negative->neutral,0.125,,,,,,,,,,positive,5.0,0.0,negative,1.0,0.9828280210494995,neutral,3.0,0.5995159149169922,negative,1.0,0.9803926348686218,negative,1.0,0.6069539785385132,positive,5.0,0.6944451584066443,positive,5.0,0.0,positive,5.0,0.7552360875663977
294,0,Этот телефон очень долек от идеальности!,negative,positive,This phone is far from perfect!,True,negative->positive,0.5,,,,,,,,,,positive,5.0,0.0,positive,5.0,0.9972473978996277,positive,5.0,0.9582030773162842,negative,1.0,0.5533165335655212,positive,5.0,0.6025339365005493,neutral,3.0,0.5075923843283742,neutral,3.0,0.0,neutral,3.0,0.555623160746793
295,0,"А теперь советы по сбережению этого аппарата :D И все же, если ты хочешь что бы у тебя ничего не царапалось - этого не избежать ни на одном устройстве, а тем более на мобильном, которым пользуешься каждый день! Если хочешь чтобы на задней крышке не было царапин и потертостей со временем, то можно нацепить на него тонкую, но прочную и что бы она ровно ложилась на плавные изгибы, ну короче чтоб ровно легла, обтекала всю крышку! И тема закрыта!",positive,neutral,"Here are some tips for saving this machine :D And yet, if you want nothing to get scratched, you can not avoid it on any device, and especially on the mobile that you use every day! If you want to the back cover was not scratches and scuffs with time, you can put on it a thin, but durable and that it would exactly fall on the smooth curves, well in short, so that it lay flat, flowed around the entire cover! And the subject is closed!",True,positive->neutral,0.5,,,,,,,,,,positive,5.0,0.0,negative,1.0,0.9992063641548157,neutral,3.0,0.8038881421089172,positive,5.0,0.9346240758895874,negative,1.0,0.7104862928390503,neutral,3.0,0.6061819017372622,neutral,3.0,0.0,neutral,3.0,0.68
301,0,"Для 2010 года тел просто сказка, поменял лишь месяц назад на ТХ. А поменял лишь потому, что об голову одного человека ударил. И теперь он при малейшем нажатии в любое место отключается и ремонт около 9 тыс.",positive,negative,"For 2010, the body is just a fairy tale, changed only a month ago to TX. The only reason I changed was because I hit one person on the head. And now, at the slightest press, it shuts down and repairs about 9,000.",True,positive->negative,0.625,,,,,,,,,,positive,5.0,0.0,negative,1.0,0.972112774848938,negative,1.0,0.5214380621910095,negative,1.0,0.8386141061782837,negative,1.0,0.541882336139679,negative,1.0,0.4588758819584601,neutral,3.0,0.0,neutral,3.0,0.49
312,0,"Телефон уже год и не разу ещё не подвёл, целый год без глюков и тормозов ронял десятков раз и ему всё равно",positive,neutral,"The phone has been a year and has not failed many times, dropped dozens of times without glitches and brakes for a whole year and it does not matter.",True,positive->neutral,0.125,,,,,,,,,,positive,5.0,0.0,negative,1.0,0.6248245239257812,negative,1.0,0.5368697643280029,positive,5.0,0.9978654980659485,negative,1.0,0.7951745390892029,positive,5.0,0.41179008296179553,positive,5.0,0.0,neutral,3.0,0.42212232655961174
313,0,"Сначала очень боялся покупать данную модель, начитался много плохих отзывов. Много брака. Решился и остался доволен покупкой. Аппарат можно полностью настроить под себя. Все глюки лечатся, главное чтобы руки росли не из попы.--------------Не рекомендую покупать его людям, которые хотят все и сразу, для них предусмотрены дебильные аппараты на базе закрытых ОС - МАС или Симбиан. Немного пошарив в инете и написав простенький скрипт установил Андроид ОС.",positive,neutral,"At first I was very afraid to buy this model, I read a lot of bad reviews. A lot of marriage. I decided and was satisfied with the purchase. The device can be fully customized for itself. All glitches are treated, the main thing is that the hands do not grow from the ass.---------I do not recommend buying it for people who want everything at once, they have debilitating devices based on closed OS - MAS or Simbian. A little browsing in the Internet and writing a simple script installed Android OS.",True,positive->neutral,0.375,,,,,,,,,,negative,1.0,0.0,negative,1.0,0.9554142951965332,neutral,3.0,0.5491036176681519,positive,5.0,0.997846245765686,negative,1.0,0.5493836998939514,positive,5.0,0.4869437983047136,neutral,3.0,0.0,neutral,3.0,0.4609948604483229
314,0,"И так.. все было хорошо, быстрый, удобный, звук нормальный. Но через месяц после покупки стал сильно греться, при том, что установлено минимум софта. Смотришь ролик в ютубе на 720p и телефон прям аж раскаляется. Далее пошло так. Включаешь игру или видео - минут 5, дикий нагрев и потом пишет ""заряд аккамулятора 0%"" и вырубается, какой бы не был заряд - пишет одно. Нагрев в верхней части телефона.",negative,neutral,"So, everything was fine, fast, comfortable, sound normal. But a month after the purchase began to warm up, despite the fact that installed a minimum of software. You watch a 720p YouTube video and the phone gets hot. Then it went like this. Turn on the game or video - 5 minutes, wild heating and then writes ""charge of the battery 0%"" and knocks out, no matter what the charge - writes one. Heat at the top of the phone.",True,negative->neutral,0.625,,,,,,,,,,positive,5.0,0.0,neutral,3.0,0.9995453953742981,neutral,3.0,0.7656933665275574,negative,1.0,0.9682090878486633,neutral,3.0,0.5224310159683228,neutral,3.0,0.6640722787497971,neutral,3.0,0.0,positive,5.0,0.5587702630045853
317,0,"Раньше всегда пользовалась телефонами этой марки. Больше никогда не куплю телефон Nokia, слава богу их основной офис закрылся/продался/подробностей не знаю. Этим чудом пользуюсь два года только потому, что жалко тратиться снова на другую модель. Глючный, любящий самопроизвольно перезагружаться, неудобный для нахождения в интернете телефон. Купила его, клюнув на отличную камеру и приятный дизайн.",negative,positive,"I've always used this brand's phones before. I will never buy a Nokia phone again, thank goodness their main office is closed/sold/I don't know the details. I have been using this miracle for two years because it is a pity to spend money on another model. A buggy, loving to spontaneously reboot, inconvenient to be on the Internet phone. I bought it with a great camera and a nice design.",True,negative->positive,0.5,,,,,,,,,,positive,5.0,0.0,positive,5.0,0.9672446250915527,neutral,3.0,0.6513623595237732,positive,5.0,0.9960518479347229,negative,1.0,0.4015512764453888,neutral,3.0,0.5384834675137348,neutral,3.0,0.0,positive,5.0,0.581989259676183
323,0,"Ломался уже три раза!Горантия у него год, а прослужил с момента покупки всего 2 месяца. Отвезли в сервисный центр, починили, через месяц снова сломался.Отвезли в сервисный центр, починили, через 2 месяца сломался. Больше им пользоваться не буду. Первый месяц я восторгалась этим телефоном. Потом начал глючить.",negative,neutral,"He has a year of horantia, and has served since the purchase only 2 months. Taken to the service center, repaired, a month later broke again.Transferred to the service center, repaired, after 2 months broke down. I won't use it again. For the first month, I was excited about this phone. Then he started to glitch.",True,negative->neutral,0.125,,,,,,,,,,negative,1.0,0.0,negative,1.0,0.9998377561569214,negative,1.0,0.7243419885635376,negative,1.0,0.9385697841644287,positive,5.0,0.44923242926597595,positive,5.0,0.5293716310582147,positive,5.0,0.0,neutral,3.0,0.5055790356896707
330,0,"для своих денег не плохой аппарат, купил чисто случайно... Разбил более респектабельный смартфон, совсем не далеко от салона связи. Ну оочень нужна была телефонная связь. Зашел, говорю - :нужен отличный телефон не дороже 5000 т.р. это оказался лучший вариант на эти деньги... Поюзал пару месяцев и придарил знакомой... А так в принципе для своей цены не плохая модель, правда притормаживает слегка...",neutral,positive,"For your money is not a bad machine, bought purely by accident. Broke a more respectable smartphone, not far from the communication salon. I really needed a phone connection. I came in, I say - : we need a great phone no more than 5000 rubles. it turned out to be the best option for this money ... I spent a couple of months and gave a friend... And so in principle for its price is not a bad model, the truth slows down slightly.",True,neutral->positive,0.5,,,,,,,,,,positive,5.0,0.0,neutral,3.0,0.9747340679168701,neutral,3.0,0.5224836468696594,neutral,3.0,0.6089844703674316,negative,1.0,0.39753857254981995,positive,5.0,0.49273519257235737,positive,5.0,0.0,positive,5.0,0.43
336,0,Другие впечатления померкли,negative,neutral,Other impressions faded.,True,negative->neutral,0.75,,,,,,,,,,positive,3.0,0.0,neutral,3.0,0.999982476234436,neutral,3.0,0.8770655989646912,neutral,3.0,0.7302582263946533,negative,1.0,0.7604564428329468,neutral,3.0,0.5298840322374212,neutral,3.0,0.0,neutral,3.0,0.47536645372567543
337,0,"После покупки телефон был прошит последней официально прошивкой и переключен на английский язык. После этого его настройка заняла почти три дня, в основном из-за того что был непривычен к 6 андроиду. По началу пропускал важные уведомления, пока не настроил правильно все разрешения для приложений. На сегодняшний день телефон работает практически идеально, смущает только батарея.",neutral,positive,"After the purchase, the phone was stitched with the latest official firmware and switched to English. After that, it took almost three days to set up, mostly due to being unaccustomed to the 6 android. At first, I skipped important notifications until I configured all permissions for apps correctly. To date, the phone works almost perfectly, only the battery confuses.",True,neutral->positive,0.625,,,,,,,,,,positive,5.0,0.0,negative,1.0,0.6406419277191162,neutral,3.0,0.8156741261482239,positive,5.0,0.9976502060890198,positive,5.0,0.3855053186416626,neutral,3.0,0.47588893216032635,positive,5.0,0.0,positive,5.0,0.47
349,0,"Покупала маме в подарок, в итоге через полгода возникли 2 проблемы:1. Стал самопроизвольно отключаться прямо в руках. При наборе номера, либо когда просто лежал в сумке.2. Часто терял связь с сим картой и абоненту нередко не могли дозвониться, потом сама собой через какое то время связь вновь появлялась.В итоге успели по гарантии отремонтировать, заменили материнскую плату, посмотрим насколько еще хватит.",neutral,negative,"I bought my mother as a gift, as a result, after six months there were 2 problems: 1. He spontaneously turned off in his hands. When dialing or just lying in the bag 2. Often lost contact with the SIM card and the subscriber often could not get through, then the connection reappeared after some time. As a result, we managed to repair the guarantee, replaced the motherboard, we will see how much more is enough.",True,neutral->negative,0.5,,,,,,,,,,negative,1.0,0.0,negative,1.0,0.9996569156646729,neutral,3.0,0.7195006608963013,negative,1.0,0.5099853873252869,neutral,3.0,0.7976639866828918,positive,5.0,0.4909265194007725,positive,5.0,0.0,negative,1.0,0.63
356,0,за 12к лучший аппарат - брать самсунг i9003 без трекбола и с 3мя кнопками - не лучшее решение. Удобство на первом месте(но i5700 намного удобнее был... ех мощность desire бы в него и цены бы не было),neutral,positive,"For 12k, the best device is to take a Samsung i9003 without trackball and with 3 buttons - not the best solution. Convenience comes first (but the i5700 was much more convenient... the power of desire would be in it and the price would not be)",True,neutral->positive,0.5,,,,,,,,,,positive,5.0,0.0,positive,5.0,0.982433557510376,positive,5.0,0.9401642680168152,negative,1.0,0.559810221195221,negative,1.0,0.5254995226860046,neutral,3.0,0.35068481473347707,positive,5.0,0.0,neutral,3.0,0.6590306357947808
363,0,"выбором вполне доволен, за время пользование нареканий не вызвал, советовать покупать не буду - у каждого свой вкус!",neutral,positive,"The choice is quite satisfied, during the use of complaints did not cause, I will not advise to buy - everyone has their own taste!",True,neutral->positive,0.625,,,,,,,,,,positive,3.0,0.0,positive,5.0,0.9663110375404358,positive,5.0,0.8211982846260071,neutral,3.0,0.793034553527832,positive,5.0,0.9351274967193604,negative,1.0,0.3654001542366657,positive,5.0,0.0,negative,1.0,0.6
371,0,"первый год телефон не вызывал никаких нареканий, лишь восторг. Потом начался отклеиваться дисплей, расшатался разъем под наушники, заметно ухудшились качества фотографии на основной камере(похоже что-то со стеклом камеры). При учете, что телефон все время был в чехле, очень слабые показатели надежности.  Худшее качество сборки из всех аппаратов, которыми когда-либо пользовался",negative,neutral,"The first year, the phone did not cause any complaints, only delight. Then the display began to peel off, the headphone jack shattered, the quality of the photo on the main camera significantly deteriorated (similar to something with the camera glass). Considering that the phone was in the case all the time, very weak reliability indicators. The worst build quality of any machine ever used",True,negative->neutral,0.375,,,,,,,,,,negative,1.0,0.0,neutral,3.0,0.995884358882904,neutral,3.0,0.6544846892356873,negative,1.0,0.9989539384841919,negative,1.0,0.6905460953712463,neutral,3.0,0.4382205025870706,positive,5.0,0.0,positive,5.0,0.41
372,0,"Купила эту модель в ноябре прошлого года. Была просто в восторге от нее. Но к сожалению что то случилось с моим девайсом и он просто перестал работать. Видимо был какой то глюк. Ну или это моя карма (телефоны всегда ломаются в начале сами) Далее следовали месяцы использования, пока я в один прекрасный день не уронила его на асфальт. Но ладно бы он упал с высоты 1.5 метра. Он просто соскользнул с колен, когда вылезала из машины. В итоге: царапина незаметная, но сенсор не работает.",neutral,negative,"I bought this model last November. I was just excited about her. But unfortunately something happened to my device and it just stopped working. There must have been a glitch. Or it's my karma (phones always break in the beginning) Months of use followed until one day I dropped it on the pavement. But it would have fallen from a height of 1.5 meters. He just slipped off his knees as he got out of the car. As a result, the scratch is invisible, but the sensor does not work.",True,neutral->negative,0.5,,,,,,,,,,negative,1.0,0.0,neutral,3.0,0.9967965483665466,negative,1.0,0.5073450803756714,negative,1.0,0.7089877128601074,negative,1.0,0.5107560157775879,neutral,3.0,0.4716194368601428,neutral,3.0,0.0,positive,5.0,0.57
374,0,"У меня он уже пол года. Некоторые не довольны сетью, но надо понимать что у них две модификации а3000 и а3003, для нашего региона вторая модификация, проблем с сетью не знаю, наоборот ловит там где другие телефоны мертвые были. Даже сеть 4g показывает, надо симку сменить, посмотреть как пулять будет.",positive,neutral,"I've had it for half a year. Some are not happy with the network, but we must understand that they have two modifications of the A3000 and A3003, for our region the second modification, I do not know problems with the network, on the contrary, catches where other phones were dead. Even the 4G network shows you need to change the SIM, see how the bullet will work.",True,positive->neutral,0.625,,,,,,,,,,negative,1.0,0.0,neutral,3.0,0.9998010993003845,neutral,3.0,0.786003053188324,positive,5.0,0.9956492781639099,negative,1.0,0.7710685133934021,neutral,3.0,0.8047820015408196,neutral,3.0,0.0,neutral,3.0,0.6231284699090724
383,0,Перед этим было Нокиа735. Сравнивать нельзя- совершенно разные уровни. Xiaomi Redmi 4 Prime великолепен.,positive,neutral,Before that was Nokia735. It is impossible to compare completely different levels. The Xiaomi Redmi 4 Prime is great.,True,positive->neutral,0.625,,,,,,,,,,positive,5.0,0.0,neutral,3.0,0.9327138066291809,neutral,3.0,0.6927251219749451,positive,5.0,0.9953135251998901,neutral,3.0,0.8642286062240601,neutral,3.0,0.5871927685460329,neutral,3.0,0.0,negative,1.0,0.7561652240512073
386,0,"пользуюсь с момента выхода. Ни разу не разочаровывал меня этот телефон. Сменил уже 1 корпус и 2 батареи. Живучий опять же, сколько я ег ораз не ронял - ему хоть бы хны. Для текущих задач хватает сполна. Управляется одной рукой! не то что нынешние ""мобильные"" телефоны, у которых до верхней шторки одной рукой не дотянуться. В общем, была бы нужда в смене телефона, купил бы его ещё раз.",positive,neutral,"I've been using since I left. I have never been disappointed by this phone. I have already changed 1 body and 2 batteries. Again, as long as I haven't dropped his oracle, he's got hens. There is enough for current tasks. Controlled with one hand! not like the current ""mobile"" phones, which can not reach the top curtain with one hand. I would need to change my phone and buy it again.",True,positive->neutral,0.625,,,,,,,,,,positive,5.0,0.0,neutral,3.0,0.9998912811279297,neutral,3.0,0.6420485973358154,positive,5.0,0.9996762275695801,negative,1.0,0.608256995677948,neutral,3.0,0.5324359934769677,neutral,3.0,0.0,neutral,3.0,0.564560504454901
392,0,"Бюджетная модель, до флагманов топовых марок не дотягивает. Зато и стоит в 3 раза дешевле. Была бы отличным вариантом, если бы не общая ""болезнь"" китайцев - брак.",negative,neutral,"Budget model, to the flagships of top brands does not reach. But it costs 3 times cheaper. It would be a great option if it were not for the common Chinese disease - marriage.",True,negative->neutral,0.625,,,,,,,,,,positive,5.0,0.0,neutral,3.0,0.999805748462677,neutral,3.0,0.8183040022850037,neutral,3.0,0.5793277025222778,negative,1.0,0.8077706098556519,neutral,3.0,0.5285596350955087,neutral,3.0,0.0,negative,1.0,0.4259863893598941
395,0,за эту цену топ аппарат,positive,neutral,price tag,True,positive->neutral,0.625,,,,,,,,,,neutral,3.0,0.0,neutral,3.0,0.805356502532959,neutral,3.0,0.5407012701034546,negative,1.0,0.4832865297794342,neutral,3.0,0.7462483644485474,positive,5.0,0.3605338400420006,positive,5.0,0.0,neutral,3.0,0.40147963879519255
402,0,"1. Аккумулятор продержался около года. Зарядку начал терять очень быстро. Доходило до того, что на холоде при температуре около 0, совершив звонок около 1-й минуты терял 40% зарядки. В дальнейшем подводил часто разряжаясь мгновенно в самый неподходящий момент. 2. Периодические проблемы с соединением. Сбросы вызовов во время разговора. Пробовал и МТС и Мегафон. Без разницы. Иногда по 2 раза во время одного разговора. 3. Периодически собеседник перестаёт меня слышать.",neutral,positive,"1. The battery lasted about a year. The charger started to lose very quickly. It got to the point that in the cold at a temperature of about 0, making a call about the 1st minute lost 40% of charging. In the future, he failed often discharging instantly at the most inopportune moment. 2. Periodic connection problems. Call drops during a conversation. I tried both MTS and MegaFon. Whatever. Sometimes 2 times during a conversation. 3 Periodically, the interlocutor ceases to hear me.",True,neutral->positive,0.5,,,,,,,,,,negative,1.0,0.0,positive,5.0,0.565126895904541,neutral,3.0,0.7778516411781311,negative,1.0,0.9636794328689575,neutral,3.0,0.8959828615188599,positive,5.0,0.5571435160106829,positive,5.0,0.0,positive,5.0,0.49
403,0,"Телефон купил супруге в качестве подарка, купил белый La fleur, он ей очень приглянулся. Она от телефона в восторге, к нему еще розовую меховушку приобрели и розовый чехол, в общем полный набор для девушки. Для меня было важно оснащение и качество. Про качество нареканий нет, за 2 месяца ни одного люфта или скрипа. Но вот оснащение очень страдает.",neutral,positive,"The phone was bought by his wife as a gift, bought a white La fleur, she really liked it. She is delighted with the phone, a pink fur coat was also purchased for him, in general a full set for the girl. For me, equipment and quality were important. There are no complaints about the quality, for 2 months not a single backlash or creak. But the equipment is suffering.",True,neutral->positive,0.375,,,,,,,,,,negative,3.0,0.0,positive,5.0,0.9671647548675537,neutral,3.0,0.6429874300956726,positive,5.0,0.9160284996032715,positive,5.0,0.8071077466011047,neutral,3.0,0.49384221380155174,neutral,3.0,0.0,neutral,3.0,0.43
405,0,"при активном использовании от розеток лучше не отходить, ночной зарядки хватает максимум до обеда. При использовании навигатора автомобильной зарядки уже не хватает, примерно через час начинает отключаться. Виснет не реже двух раз в день. За год намучался так, что теперь продаю.",negative,neutral,"with active use, it is better not to move away from the outlets, night charging is enough until lunch. When using the navigator, car charging is no longer enough, after about an hour it begins to turn off. Hangs at least twice a day. Over the past year, I’ve been selling so much.",True,negative->neutral,0.75,,,,,,,,,,positive,5.0,0.0,neutral,3.0,0.9989933371543884,neutral,3.0,0.767238199710846,negative,1.0,0.8425185680389404,neutral,3.0,0.8411136269569397,neutral,3.0,0.6119722309884055,neutral,3.0,0.0,neutral,3.0,0.7055790356896706
406,0,"Данное устройство приобреталось для безопасности ребенка: чтобы он мог позвонить, отправить сообщение, можно было сделать фото обстановки, видеть историю перемещения.По факту в реальных условиях можно в основном только звонить.Сигнал SOS часы отправляют, но в приложении он приходит редко за 10 минут, в основном это 30-90 минут, один раз шло 6 часов.",negative,neutral,"This device was purchased for the safety of the child: so that he could call, send a message, you could take a photo of the situation, see the history of movement. The SOS clock is sent, but in the application it rarely comes in 10 minutes, mostly 30-90 minutes, once went 6 hours.",True,negative->neutral,0.5,,,,,,,,,,positive,3.0,0.0,neutral,3.0,0.6301745176315308,neutral,3.0,0.7956947684288025,positive,5.0,0.5739561319351196,neutral,3.0,0.9196614027023315,negative,1.0,0.5448895864330762,negative,1.0,0.0,neutral,3.0,0.47
410,0,коментария нету но этот телефон рекомендую я всей семье купил по 1-оу они очень рады думают что он такой дорогой а я его купил моей жене захотелось я ей купил потом сын старший попросил я и ему купил потом средняя дочь и у неё теперь смартфон только младший не хочет ему 2 года,positive,neutral,No comment but this phone I recommend the whole family bought 1 oh they are very happy to think that it is so expensive and I bought it my wife wanted to buy her then the eldest son asked me and he bought then the middle daughter and she now has a smartphone only the younger does not want him 2 years,True,positive->neutral,0.375,,,,,,,,,,positive,5.0,0.0,negative,1.0,0.9670828580856323,neutral,3.0,0.4793679416179657,positive,5.0,0.9855865240097046,positive,5.0,0.4925163984298706,negative,1.0,0.39624949469686,neutral,3.0,0.0,neutral,3.0,0.5
411,0,"Брал в январе 2010 года за 15к, серого цвета.В целом, телефоном доволен, хотя на момент покупки, цена была явно завышена. Но мне был нужен мультимедиа комбайн с кверти - и я его таки взял! Покупать сейчас бы не советовал, лучше взять что-нибудь типа Nokia C6 за 6-8 тыщ.",positive,neutral,"I took in January 2010 for 15k, gray. In general, the phone is happy, although at the time of purchase, the price was clearly overpriced. But I needed a multimedia harvester with a quilt - and I got it! Buy now would not advise, it is better to take something like Nokia C6 for 6-8 thousand.",True,positive->neutral,0.625,,,,,,,,,,positive,5.0,0.0,neutral,3.0,0.746252179145813,neutral,3.0,0.7656082510948181,positive,5.0,0.907086968421936,negative,1.0,0.6863129138946533,neutral,3.0,0.6999783225569427,neutral,3.0,0.0,neutral,3.0,0.47
412,0,"если бы не неожиданная поломка, то я бы сказал что он идеален, но теперь есть сомнения... UPD 15.02.2014 : Аппарат сдал в ремонт за неделю до нового года, на сегодняшний момент он побывал в трёх!",negative,neutral,"If it weren't for the unexpected breakdown, I'd say it's perfect, but now there are doubts. UPD 15.02.2014 : The device was repaired a week before the new year, so far it has visited three!",True,negative->neutral,0.625,,,,,,,,,,negative,3.0,0.0,neutral,3.0,0.9445856213569641,neutral,3.0,0.6896775960922241,positive,5.0,0.9772627949714661,negative,1.0,0.7789916396141052,neutral,3.0,0.7081256045263612,neutral,3.0,0.0,neutral,3.0,0.8936948243781027
414,0,"девайс стоит денег,но вот мне кажется что его щас тяжело найти.думаю что написал о нем все.мало написал хорошего,но поверьте на слово-хорошего в нем дофига.",positive,negative,"The device costs money, but it seems to me that it is now difficult to find.I think I wrote everything about it.I wrote little good, but believe the word-good in it a lot.",True,positive->negative,0.5,,,,,,,,,,neutral,3.0,0.0,positive,5.0,0.5080429911613464,neutral,3.0,0.5876737833023071,positive,5.0,0.6593114137649536,negative,1.0,0.5278375148773193,negative,1.0,0.5113696966008027,negative,1.0,0.0,negative,1.0,0.833435433619886
416,0,"Если есть возможность купите лучше sony-ericsson или nokia, уж эти телефоны не подведут!!!",neutral,negative,"If you can buy better sony-ericsson or Nokia, these phones will not fail!!!",True,neutral->negative,0.375,,,,,,,,,,positive,5.0,0.0,negative,1.0,0.9999097585678101,neutral,3.0,0.8968912959098816,negative,1.0,0.4689061939716339,negative,1.0,0.431491494178772,neutral,3.0,0.45722822212810127,neutral,3.0,0.0,neutral,3.0,0.6333665535650767
421,0,"Телефон хороший, но до М8, в свое время, не дотягивает. Купил т.к. нет альтернатив с таким экраном, быстродействием и объемом памяти.",neutral,positive,"The phone is good, but it does not reach the M8. I bought it because there are no alternatives with such a screen, speed and memory.",True,neutral->positive,0.625,,,,,,,,,,negative,1.0,0.0,positive,5.0,0.9965925812721252,neutral,3.0,0.5574240684509277,positive,5.0,0.8925816416740417,negative,1.0,0.8857362866401672,positive,5.0,0.556211595565917,positive,5.0,0.0,positive,5.0,0.79
428,0,"Ну и в выводах про главную придирку народа к нему - про батарею. Как бы не была удобна функция быстрой зарядки, от нее батарея только страдает - сильно уменьшается ее ресурс (и еще куча случаев, когда она вздувалась от нее). Я ее сразу отключил. Это раз. Также повыключал все ненужное, перевел телефон в средний режим экономии, запретил программам в спящем режиме лезть в сеть (кроме мессенджеров и почты).",positive,negative,"Well, in the conclusions about the main nagging of the people to him - about the battery. No matter how convenient the fast charging function is, the battery only suffers from it - its resource is greatly reduced (and a lot of cases when it swelled from it). I turned it off right away. This one. Also turned off all unnecessary, transferred the phone to medium saving mode, banned programs in sleep mode to climb into the network (except messengers and mail).",True,positive->negative,0.375,,,,,,,,,,negative,1.0,0.0,neutral,3.0,0.999113142490387,neutral,3.0,0.7219974398612976,positive,5.0,0.748030960559845,negative,1.0,0.5045174956321716,neutral,3.0,0.768419179236163,neutral,3.0,0.0,negative,1.0,0.44
434,0,"В целом за 60000р этот телефон я бы не купил, даже не смотря на то, что я фанат марки LG. Но мне он достался за 22390р, в хорошей версии еще, за эту цену к нему претензий даже сейчас 05.2018 нет. Аналогов за эти деньги вы не найдете. В машине подцепляю к головному устройству Denon, играет на много интереснее iphone 7, Фото делаю со штатива в мануальном режиме на выдержке, достойно телефона, разница с зеркалом конечно есть, но не такая, чтобы взять чемодан с зеркалкой на променад или покатушки.",neutral,positive,"I wouldn’t buy this phone for 60,000 rubles, even though I’m a fan of the LG brand. But I got it for 22390r, in a good version still, for this price to him claims even now 05.2018 no. You will not find analogues for this money. In the car, I hook up to the Denon head unit, play much more interesting than the iPhone 7, I take photos from a tripod in manual mode at shutter speed, worthy of the phone, there is a difference with the mirror of course, but not so much as to take a suitcase with a DSLR on the promenade or a ride.",True,neutral->positive,0.5,,,,,,,,,,positive,5.0,0.0,neutral,3.0,0.9999337196350098,positive,5.0,0.6779654026031494,positive,5.0,0.9909204244613647,positive,5.0,0.532493531703949,negative,1.0,0.6088348081111168,negative,1.0,0.0,neutral,3.0,0.61
435,0,"Люди у кого есть еще проблема с всплывающим уведомлением посоветуйте что можно сделать, меня это просто уже доконало, как отключить его не знаю, при наборе текста или если включения приложения опускается шторка уведомления, может у меня что то с дисплеем??? Глючить начал сравнительно не давно, до этого было такое но это не так напрягало(((",neutral,negative,"People who still have a problem with pop-up notification advise what can be done, I just finished how to turn it off I don’t know, when typing or if the app turns on the notification curtain, maybe I have something with the display??? It was a long time ago, but it wasn’t that hard.",True,neutral->negative,0.625,,,,,,,,,,negative,1.0,0.0,negative,1.0,0.9992814660072327,negative,1.0,0.564508855342865,positive,5.0,0.9668972492218018,negative,1.0,0.709540843963623,neutral,3.0,0.7685375072932705,neutral,3.0,0.0,negative,1.0,0.5080134923372324
442,0,"до этого у меня был и есть nokia e71, пользовался около 3х лет, пришло время менять..., после 610 думаю заменить нокию раз и навсегда на известный всем телефон...",negative,neutral,"Before that I had and still have nokia e71, used for about 3 years, it’s time to change... after 610 I think to replace Nokia once and for all on the well-known phone.",True,negative->neutral,0.5,,,,,,,,,,neutral,3.0,0.0,negative,1.0,0.9605857729911804,neutral,3.0,0.7056477069854736,positive,5.0,0.8876928091049194,positive,5.0,0.7843078970909119,neutral,3.0,0.494139908054464,neutral,3.0,0.0,negative,1.0,0.54
443,0,"Я им пользуюсь почти 2 года, служит мне верой и правдой. Не самый лучший телефон в моей жизни, не буду скрывать) Я брала его только из-за ""такой"" клавиатуры, сейчас же можно найти и по-лучше)",negative,positive,"I have been using it for almost 2 years, serving me faithfully. Not the best phone of my life, I won’t hide it. I only took it because of the keyboard, now you can find better.",True,negative->positive,0.5,,,,,,,,,,positive,3.0,0.0,positive,5.0,0.9507407546043396,neutral,3.0,0.610554575920105,neutral,3.0,0.6304740309715271,positive,5.0,0.6816331744194031,negative,1.0,0.42516181678947257,positive,5.0,0.0,neutral,3.0,0.4623982553271519
447,0,"Ничего особенного. Буду рассматривать ""китайцев"". Давно хотел, пришло время.",negative,neutral,"Nothing special. I'll look at the Chinese. I've wanted to, it's time.",True,negative->neutral,0.375,,,,,,,,,,negative,3.0,0.0,neutral,3.0,0.9896697402000427,neutral,3.0,0.8115565776824951,negative,1.0,0.9821895360946655,negative,1.0,0.508422315120697,positive,5.0,0.5250166830357523,positive,5.0,0.0,neutral,3.0,0.8009173137743433
448,0,"Покупала телефон, чтобы не быть привязанной к зарядному устройству, Филипс заявляет до месяца  в режиме ожидания. Все хвалят, вот и купила. Но, это все хорошо, и спасибо, но я не слышу собеседника и он меня. Конечно, говорить по такому телефону не охота, поэтому и режим ожидания большой. шутка, конечно, но... через 5 звонков я вернула свою симку в старый телефон, да, бегаю с зарядкой, но я по нему слышу!так жаль, он красивый.. всего лишь.буду возвращать",neutral,negative,"Buying a phone to avoid being tied to a charger, Philips claims up to a month in standby mode. Everyone praises me, so I bought it. But, that's all good, and thank you, but I can't hear the interlocutor and he's me. Of course, talking on such a phone is not a hunt, so the waiting mode is big. joke, of course, but ... after 5 calls I returned my SIM to the old phone, yes, running with a charger, but I hear it! so sorry, it is beautiful.",True,neutral->negative,0.5,,,,,,,,,,positive,5.0,0.0,neutral,3.0,0.7575695514678955,neutral,3.0,0.6701469421386719,negative,1.0,0.9074043035507202,negative,1.0,0.7309789657592773,negative,1.0,0.49111380181207986,negative,1.0,0.0,positive,5.0,0.61
453,0,"К таким отзывам меня побудило написать опыт использования этого устройства. Выбор пал на Nokia в надежде, что качество будет соответствовать бренду и ""первый"" выход на рынок требует ответственного подхода. Сменил я свой Зенфон1, который послужил мне верой и правдой, но батарея выработала свой ресурс, на этот ""дивный девайс"". Что не понравилось сразу и бросалось в глаза, открытие приложение камеры приводило к задержкам и существенным, качество съемки не очень, наличие артефактов...",negative,neutral,"To such reviews, I was prompted to write an experience of using this device. The choice fell on Nokia in the hope that the quality will be consistent with the brand and the “first” entry into the market requires a responsible approach. I changed my Zenfon1, which served me faithfully, but the battery has exhausted its resource, on this ""brave device"". What did not like immediately and was striking, the opening of the camera application led to delays and significant, the quality of shooting is not very, the presence of artifacts ...",True,negative->neutral,0.625,,,,,,,,,,positive,5.0,0.0,neutral,3.0,0.6625586748123169,neutral,3.0,0.9126750230789185,negative,1.0,0.7812262177467346,negative,1.0,0.6580338478088379,neutral,3.0,0.7150083543620781,neutral,3.0,0.0,neutral,3.0,0.41
457,0,Для людей с маленькими ладонями будет не совсем удобно пользоваться телефоном),positive,neutral,People with small hands will not be comfortable using the phone.,True,positive->neutral,0.25,,,,,,,,,,negative,1.0,0.0,neutral,3.0,0.9967193007469177,neutral,3.0,0.8767621517181396,negative,1.0,0.6891711950302124,negative,1.0,0.9129796624183655,positive,5.0,0.7782639005583973,positive,5.0,0.0,positive,5.0,0.66
458,0,"До этого были разные сони эриксоны, поменял и не жалею . Последний Z хорош, но веры нет, да и великоват, из кармана торчит рубашки и даже заднего кармана, а этот в обрез. Настроек в меню излишне много. Батареи на день хватает на пределе, нужна запасная и сложно ее найти. Надо было еще раньше к Самсунгу присмотреться, когда первые Гэлэкси пошли. PS Пишу череэ два месяца. Исправил на 5 звезд .Падал на асфальт- следов не видно .",positive,neutral,"Before that, there were different sleepy Ericksons, I changed and do not regret. The last Z is good, but there is no faith, and it is too big, shirts and even a back pocket sticking out of his pocket, and this one is cut off. There are too many settings on the menu. Batteries for the day are at the limit, you need a spare and it is difficult to find it. We should have taken a closer look at Samsung before the first Galaxy arrived. PS I've been writing for two months. Corrected for 5 stars.Falled on asphalt - no traces are visible.",True,positive->neutral,0.625,,,,,,,,,,negative,1.0,0.0,neutral,3.0,0.9997137188911438,neutral,3.0,0.8162672519683838,positive,5.0,0.9984171390533447,negative,1.0,0.5456345677375793,neutral,3.0,0.7288068874580335,neutral,3.0,0.0,neutral,3.0,0.65
462,0,Все весьма терпимо за свою цену! Тем более что больше половины можно списать на нестабильность андроида. а с динамиком и микро возможно просто не повезло.... хотя подобные комменты находил на форумах.,neutral,negative,"Everything is very tolerant for its price! Moreover, more than half can be attributed to the instability of the android, and with a speaker and a micro, perhaps just unlucky... although I found similar comments on the forums.",True,neutral->negative,0.375,,,,,,,,,,positive,5.0,0.0,negative,1.0,0.9903928637504578,neutral,3.0,0.739255428314209,negative,1.0,0.771628737449646,negative,1.0,0.6950402855873108,neutral,3.0,0.523599028434446,neutral,3.0,0.0,neutral,3.0,0.64
463,0,"Перематывает он песни: просто щелкайте не на линейку прогресса, а на ""следующий трек"" с задержкой  - нажмите и держите, будет мотать.",neutral,positive,"He rewinds the songs: just click not on the line of progress, but on the ""next track"" with a delay - press and hold, it will roll.",True,neutral->positive,0.5,,,,,,,,,,negative,3.0,0.0,negative,1.0,0.9971356391906738,neutral,3.0,0.7612298130989075,positive,5.0,0.6740548610687256,positive,5.0,0.4000765383243561,positive,5.0,0.3429519244138474,positive,5.0,0.0,negative,1.0,0.48165637523615346
466,0,Телефон не плохой покупайте ))),positive,neutral,The phone is not a bad buy.),True,positive->neutral,0.375,,,,,,,,,,positive,5.0,0.0,neutral,3.0,0.9816303849220276,neutral,3.0,0.9218546152114868,positive,5.0,0.9849575757980347,negative,1.0,0.4520658850669861,negative,1.0,0.707855375006696,negative,1.0,0.0,neutral,3.0,0.4360803219327575
469,0,"Пользуюсь телефоном уже года 3-4. Покупала-была счастлива, сейчас хочу сменить его на новый. Бада и есть бада....Не знаю, есть ли он сейчас в продаж, но тем,кто собирался его купить могу сказать- телефон только для того, чтобы звонить и отправлять смс...Лучше подкопить денег и купить нормальный телефон",neutral,positive,"I've been using my phone for 3-4 years. - I was happy, now I want to change it to a new one. I don’t know if it is now in sales, but those who were going to buy it I can say – the phone only to call and send SMS...",True,neutral->positive,0.5,,,,,,,,,,positive,5.0,0.0,positive,5.0,0.9794926047325134,positive,5.0,0.5028348565101624,positive,5.0,0.9477981328964233,neutral,3.0,0.7087692618370056,neutral,3.0,0.5629854325019793,neutral,3.0,0.0,negative,1.0,0.51
470,0,"купил Алюминиевую рамку, хоть немного вес увеличил. Стекло настолько гладкое, что наклеил плёнку защитную, чтобы хоть не так чувствовалась гладкость.Заряд держит не более полдня, при активном использовании, можно и день продержать, если использовать для звонков и то не долгих. Обычно разговариваю по телефону несколько часов ежедневно, именно часов.",neutral,positive,"I bought an aluminium frame, at least slightly increased the weight. The glass is so smooth that it has put a protective film on it so that it does not feel so smooth. The charge keeps no more than half a day, with active use, you can hold a day if used for calls and then not long. I usually talk on the phone for several hours a day.",True,neutral->positive,0.625,,,,,,,,,,positive,3.0,0.0,neutral,3.0,0.889825165271759,positive,5.0,0.7637054324150085,negative,1.0,0.6480385065078735,positive,5.0,0.8747953176498413,positive,5.0,0.6488719367608835,positive,5.0,0.0,neutral,3.0,0.5548624747749991
473,0,"Это мой первый и последний телефон от мейзу, купленный на замену почившему китайцу из той же ценовой категории. В сравнении с прошлым аппаратом, этот проигрывает ему во всем, кроме автономности. При довольно интенсивном использовании зарядку держит около 10 часов, но при определенных манипуляциях.Т.к. из коробки телефон был абсолютно неработоспособен, держал зарядку 3 часа, очень сильно грелся и не установились   гуглсервисы, плеймаркете и приложения.",neutral,negative,"This is my first and last Meizu phone to replace a deceased Chinese man in the same price range. Compared to the previous machine, this one loses to it in everything but autonomy. With quite intensive use, charging holds about 10 hours, but with certain manipulations.T. from the box, the phone was absolutely inoperable, kept charging for 3 hours, was very warmed and Google services, playmarket and applications were not installed.",True,neutral->negative,0.75,,,,,,,,,,positive,5.0,0.0,negative,1.0,0.9577875733375549,neutral,3.0,0.7430425882339478,negative,1.0,0.6131437420845032,negative,1.0,0.8412929773330688,negative,1.0,0.5889373568435853,negative,1.0,0.0,negative,1.0,0.5033521467262879
478,0,"Мой четвертый Sony Ericsson (причем третий из серии Walkman), и единственный, который меня разочаровал. Пользовался два года, теперь с радостью заменю на какой-нибудь смартфон, м.б. Sony Xperia. Сенсор радовал первые несколько недель, потом я почувствовал неудобства (нельзя управлять телефоном, не смотря на экран, или не сняв перчатки на морозе). И в то же время операционная система как у обычного телефона, функций минимум.",negative,neutral,"My fourth Sony Ericsson (the third in the Walkman series), and the only one that disappointed me. I’ve been using it for two years, and now I’m happy to replace it with a smartphone, M.B. Sony Xperia. The sensor was happy for the first few weeks, then I felt uncomfortable (you can’t control the phone without looking at the screen, or without taking off your gloves in the cold). And at the same time, the operating system, like a regular phone, functions are minimal.",True,negative->neutral,0.625,,,,,,,,,,positive,5.0,0.0,neutral,3.0,0.9997372031211853,neutral,3.0,0.7104620337486267,negative,1.0,0.8503263592720032,negative,1.0,0.7455979585647583,neutral,3.0,0.5331878881451037,neutral,3.0,0.0,neutral,3.0,0.75
480,0,"Очень жаль, что замечательная корейская фирма Samsung перестала выпускать бюджетные кнопочные телефоны.",positive,negative,It’s a shame that the wonderful Korean firm Samsung has stopped making budget push-button phones.,True,positive->negative,0.625,,,,,,,,,,neutral,3.0,0.0,positive,5.0,0.66251540184021,negative,1.0,0.5228714346885681,negative,1.0,0.7185692191123962,negative,1.0,0.5144466757774353,negative,1.0,0.5151328764738148,negative,1.0,0.0,neutral,3.0,0.7039797273033941
481,0,"камера не очень, особенно в темное время суток. Будем надеяться, что будущие прошивки это исправят. Хотя для ценника до 25к - камера вполне даже. В остальном доволен аппаратом как слон",positive,neutral,"The camera is not very good, especially in the dark. Let’s hope that the future will fix this. Although for a price tag up to 25k - the camera is quite even. I am happy with the machine as an elephant.",True,positive->neutral,0.625,,,,,,,,,,positive,5.0,0.0,neutral,3.0,0.9653599262237549,neutral,3.0,0.6928536891937256,positive,5.0,0.8793162107467651,negative,1.0,0.7171424031257629,neutral,3.0,0.6779709290091179,neutral,3.0,0.0,neutral,3.0,0.67
482,0,"полтора года хожу с этим телефоном, одел его в дымчатый силиконовый чехол, теперь падения не критичны, по крайней мере до сего момента обходилось. Почему-то само по себе отваливается три джи, значок есть, а его нет. Дозвониться куда-то или зайти в интернет - нереально; при плохом или слишком хорошем покрытии, когда несколько вышек вблизи - тоже глючит сеть. Помогает выключение вручную. Слегка раздражает, но не смертельно. В остальном все нравится - красиво, просто, удобно и интуитивно понятно.",neutral,negative,"I spent a year and a half with this phone, dressed it in a smoky silicone case, and now the falls are not critical, at least until now I have managed. Why? Three G's fall off by themselves, there's a badge, and there's none. Calling somewhere or accessing the Internet is unrealistic; with poor or too good coverage, when several towers are nearby, the network also glides. Manual shutdown helps. A little annoying, but not fatal. Everything else likes - beautiful, simple, convenient and intuitive.",True,neutral->negative,0.375,,,,,,,,,,positive,5.0,0.0,neutral,3.0,0.9266515970230103,neutral,3.0,0.8069445490837097,negative,1.0,0.35233408212661743,negative,1.0,0.731494665145874,neutral,3.0,0.5175024289546406,neutral,3.0,0.0,negative,1.0,0.49
487,0,"Был он у меня з недели, потом продал по обявлению (неужели избавился!), купил Самсунг i900. И КПК, и не тормозит, хотя и проигрывает немного в дизайне. Но по мойму лучше i900",negative,positive,"He was with me for a week, then sold on the application (did he get rid of it!), bought a Samsung i900. And the PDA, and does not slow down, although it loses a little in design. But I think it's better than the i900.",True,negative->positive,0.375,,,,,,,,,,positive,5.0,0.0,negative,1.0,0.7532123923301697,neutral,3.0,0.5835109949111938,positive,5.0,0.86544269323349,positive,5.0,0.7757454514503479,neutral,3.0,0.7954647462906975,neutral,3.0,0.0,neutral,3.0,0.6640904615898597
491,0,беритене серый и не пожалеете,positive,neutral,You'll never regret it.,True,positive->neutral,0.5,,,,,,,,,,positive,3.0,0.0,positive,5.0,0.9869664907455444,neutral,3.0,0.7567585706710815,positive,5.0,0.9592125415802002,negative,1.0,0.5918200612068176,neutral,3.0,0.61365191667052,neutral,3.0,0.0,neutral,3.0,0.723085468020906
492,0,"Смартфоном доволен как слон, все те недостатки, которые я указал, это придирки! Выбирал между Samsung Galaxy S3 и LG Optimus G. Выбор пал на LG т.к у всех вижу все эти S3, а мне хочется выделиться:) + процессор Qualcomm стабильнее, чем Exynos. Вывод: За 11000 (брал евротест) аналогов просто НЕТ! И мой совет: купите для него чехол или клип-кейс на заднюю крышку, иначе стекло долго не проживёт, хоть и Gorilla Glass 2",positive,neutral,"The smartphone is as happy as an elephant, all those flaws I pointed out are nitpicking! Choose between Samsung Galaxy S3 and LG Optimus G. The choice fell on LG because I see all these S3s, and I want to stand out: Qualcomm processor is more stable than Exynos. Conclusion: For 11000 (took the Eurotest) analogues simply NO! And my advice: buy him a case or clip case on the back cover, otherwise the glass will not live long, even though Gorilla Glass 2.",True,positive->neutral,0.5,,,,,,,,,,positive,5.0,0.0,neutral,3.0,0.9998486042022705,neutral,3.0,0.6616724729537964,negative,1.0,0.5767029523849487,positive,5.0,0.5644434690475464,neutral,3.0,0.46786711380160345,negative,1.0,0.0,neutral,3.0,0.42
495,0,Люди прислушайтесь не покупайте этот телефон за10 тыс он этого не стоит я его ели ели за 7 тыс продал.Потом поднакопил и купиk Sensation-сейчас оченьдоволен им!Ну вот вроде бы и всё!,negative,neutral,People listen don't buy this phone for 10 thousand it's not worth it I ate it for 7 thousand sold.Then saved up and buy Sensation-now very pleased with them!,True,negative->neutral,0.375,,,,,,,,,,positive,5.0,0.0,negative,1.0,0.9998648166656494,negative,1.0,0.6257409453392029,negative,1.0,0.8448923826217651,positive,5.0,0.494495153427124,neutral,3.0,0.3954471262108097,neutral,3.0,0.0,neutral,3.0,0.6712519417260902
496,0,"Учитывая контраст между моим старым Fly Evo Chik3, смартфон действительно топовый)",positive,neutral,"Given the contrast between my old Fly Evo Chik3, the smartphone is really top-of-the-line.",True,positive->neutral,0.75,,,,,,,,,,neutral,3.0,0.0,neutral,3.0,0.9897246360778809,neutral,3.0,0.5789043307304382,positive,5.0,0.998742401599884,neutral,3.0,0.7149012684822083,neutral,3.0,0.491808884498138,neutral,3.0,0.0,negative,1.0,0.56600400725845
497,0,"Сначала выбирала себе телефон нокиа или сониэрик,но потом как то разочаровалась в них немножко!В итоге после месяца активных поисков, изучения и чтения отзывов и обзоров в инете, выбрала этот телефон и не прогадала!",positive,neutral,"At first, I chose a Nokia phone or sonieric, but then somehow I was disappointed in them a little!As a result, after a month of active searches, studying and reading reviews and reviews in the Internet, I chose this phone and did not lose!",True,positive->neutral,0.375,,,,,,,,,,positive,5.0,0.0,neutral,3.0,0.9939820170402527,neutral,3.0,0.8025056719779968,positive,5.0,0.999197781085968,negative,1.0,0.5334241390228271,negative,1.0,0.4461835048586452,negative,1.0,0.0,neutral,3.0,0.7983069924448349
499,0,"Пропользовалась 3 года, с 5 этажа летал, в унитаз падал, в ванну и живой еще.",neutral,negative,"Used 3 years, from the 5th floor flew, fell into the toilet, in the bath and still alive.",True,neutral->negative,0.625,,,,,,,,,,positive,5.0,0.0,neutral,3.0,0.9809607267379761,negative,1.0,0.6289552450180054,negative,1.0,0.7449712157249451,neutral,3.0,0.4156535565853119,negative,1.0,0.6087313044733677,negative,1.0,0.0,negative,1.0,0.5351385123664211
500,0,"Не могу в приложении Яндекс. Карты и т. п. скачать карты, чтобы обходиться без инета — нету памяти. В телефоне установил SD карту на 2 ГБ, при этом перенес все приложения на SD карту и все равно памяти для скачивания карт мало. Это очень-очень печалит.В остальном телефон этот — мой первый смартфон и я очень доволен, что не приходится жить один день от компа до компа (как делает это мой брат), чтобы зарядить его. Спокойно живу и забываю, что его надо вообще заряжать =)",neutral,negative,"I can't use the Yandex app. Maps, etc. to download cards to do without Internet - there is no memory. The phone installed an SD card for 2 GB, while transferring all applications to an SD card and still there is little memory for downloading cards. It's very, very sad. Otherwise, this phone is my first smartphone and I’m very happy that you don’t have to live one day from computer to computer (as my brother does) to charge it. I live quietly and forget that I have to charge it at all.",True,neutral->negative,0.375,,,,,,,,,,negative,1.0,0.0,neutral,3.0,0.938422679901123,neutral,3.0,0.6330039501190186,positive,5.0,0.818535327911377,negative,1.0,0.6647775173187256,neutral,3.0,0.520340129935082,neutral,3.0,0.0,negative,1.0,0.54
502,0,"Нормальный аппарат. Для ""просто звонить"" лучше не придумаешь (чего, однако, не скажешь об СМС))). Снимать на нём тоже одно удовольствие. Меломаны, однако, могут столкнуться с сюрпризами программного обеспечения: не все файлы читает. И корпус у него скользковат. Если это не принципиально - берите, радуйтесь :)",neutral,positive,"It's a normal machine. For “just call” you can not think of better (which, however, can not be said about SMS). It's a pleasure to shoot on it, too. Music lovers, however, may face software surprises: not all files are read. And his body is slippery. If it is not important, take it, rejoice :",True,neutral->positive,0.5,,,,,,,,,,positive,5.0,0.0,neutral,3.0,0.9694036245346069,positive,5.0,0.9529971480369568,positive,5.0,0.9936333894729614,positive,5.0,0.404509574174881,neutral,3.0,0.608047444201625,neutral,3.0,0.0,negative,1.0,0.47
503,0,"Не берите эту модель ,лучше под копить  и купить получше .",negative,neutral,"Do not take this model, it is better to save and buy better.",True,negative->neutral,0.625,,,,,,,,,,positive,5.0,0.0,neutral,3.0,0.5894398093223572,neutral,3.0,0.8346607089042664,negative,1.0,0.9582258462905884,negative,1.0,0.6790920495986938,neutral,3.0,0.6135557611009977,neutral,3.0,0.0,neutral,3.0,0.7578813114181042
510,0,"Не запускайте смартфон без возможности сразу войти и активировать аккаунт гугл и другие прелести. А то промучаетесь и все равно придется сбрасывать до заводских настроек, благо- не особо потерялось что - за 3 дня.",neutral,negative,"Do not launch a smartphone without the ability to immediately log in and activate a Google account and other charms. And then you suffer and still have to reset to the factory settings, good - not much lost that - in 3 days.",True,neutral->negative,0.375,,,,,,,,,,positive,3.0,0.0,negative,1.0,0.9897420406341553,neutral,3.0,0.8514306545257568,negative,1.0,0.9974250793457031,negative,1.0,0.7150965332984924,neutral,3.0,0.66437207796071,neutral,3.0,0.0,neutral,3.0,0.63
515,0,"последний раз я покупаю Сони, взяд z1 у него от перегрева повело корпус - он согнулся. Продал его за бесценок взял z3, через неделю у него лопнула в хлам задняя крышка. Одел чехол, через две недели упал со стола на мягкий линолеум в чехле - лопнуло переднее стекло. Это падение пережили бы 99% телефонов,но это Сони. Теперь буду брать только китайцев. Ремонт с оригинальным экраном оценили в 5400руб, это мне теперь раз в месяц менять экран- два месяца один нормальный китаец.",negative,neutral,"The last time I buy Sonya, the z1 he overheated his body - he bent. Sold it for a pittance took the z3, a week later his back lid burst into rubbish. I put on a case, two weeks later fell from the table on a soft linoleum in a case - the front window burst. 99% of the phones would have survived the drop, but it's Sony. Now I'll only take the Chinese. Repair with the original screen was estimated at 5400 rubles, it is now me once a month to change the screen - two months one normal Chinese.",True,negative->neutral,0.75,,,,,,,,,,positive,5.0,0.0,neutral,3.0,0.9685741066932678,neutral,3.0,0.7410241961479187,negative,1.0,0.972655713558197,neutral,3.0,0.6008545756340027,neutral,3.0,0.5289887359898175,neutral,3.0,0.0,neutral,3.0,0.5366478532737121
517,0,"Собственно, первым что повлияло на выбор телефона это его характеристики именно те параметры что описаны в достоинствах, до этого был ViewSonic V500, но увы там был андроид 4.4 и многие приложения уже работали на нем не корректно, особенно банковские, ну и динамик именно на разговор был тихий, у nokia 5.1 таких проблем на текущий момент нет, была проблема с качеством связи но после двух обновлений данная проблема исчезла.",positive,neutral,"Actually, the first thing that affected the choice of the phone is its characteristics are exactly those parameters that are described in the advantages, before that was ViewSonic V500, but alas there was Android 4.4 and many applications already worked on it incorrectly, especially banking, well, the speaker was quiet, the nokia 5.1 has no such problems at the moment, there was a problem with the quality of communication but after two updates this problem disappeared.",True,positive->neutral,0.5,,,,,,,,,,negative,1.0,0.0,positive,5.0,0.9843209981918335,neutral,3.0,0.8491358757019043,positive,5.0,0.9941290616989136,negative,1.0,0.4853686988353729,neutral,3.0,0.728589763183376,neutral,3.0,0.0,neutral,3.0,0.6133145728825388
530,0,"Всем Привет. Начитался я отзывов на маркете, насмотрелся обзоров и решил-все беру! НО-сразу же пошли неприятный моменты, по порядку:1)Тыловая камера прямо не обрадовала, долгий фокус, четкие снимки далеко не всегда получается(с фронталкой все норм), так она еще снимает фотографии только в формате 4:3.",neutral,negative,"Hey, everybody. I read reviews on the market, watched reviews and decided to take everything! NO - immediately went unpleasant moments, in order: 1 The rear camera did not directly please, a long focus, clear pictures do not always work out (with frontal all normal), so it still takes photos only in 4: 3 format.",True,neutral->negative,0.375,,,,,,,,,,negative,1.0,0.0,positive,5.0,0.49682682752609253,neutral,3.0,0.8532355427742004,negative,1.0,0.8312552571296692,negative,1.0,0.3840014934539795,neutral,3.0,0.5757054402278104,neutral,3.0,0.0,neutral,3.0,0.508992407889617
532,0,При всех недостатков этого телефона(смартфона!!) это очень классный телефон)) Но думаю его продать.,neutral,positive,For all the drawbacks of this phone (smartphone!!) it's a very cool phone. But I'm thinking of selling it.,True,neutral->positive,0.75,,,,,,,,,,positive,5.0,0.0,positive,5.0,0.9869003891944885,neutral,3.0,0.6951490044593811,positive,5.0,0.7986904382705688,negative,1.0,0.5631576180458069,positive,5.0,0.4767150005479378,positive,5.0,0.0,positive,5.0,0.77
538,0,"Данный вещь за свои деньги не просто телефон, а чудо, минусы закрывает мощное железо и достаточно маленькая цена. Я брал в 2014 за 18 тысяч. Так что советую, ведь вряд-ли вы найдете телефон лучше даже за 25.000",positive,neutral,"This thing for your money is not just a phone, but a miracle, the minuses are covered by powerful iron and a fairly small price. I took $18,000 in 2014. So I advise you, because I don't think you'll find a better phone for even $25,000.",True,positive->neutral,0.375,,,,,,,,,,positive,5.0,0.0,negative,1.0,0.7383222579956055,neutral,3.0,0.6070619821548462,positive,5.0,0.9985656142234802,negative,1.0,0.5165367126464844,neutral,3.0,0.49427416729279683,neutral,3.0,0.0,negative,1.0,0.4
543,0,"До этого у меня был самс с5212, Выбирал между gx300 и gx500.Телефон отличный. Всё удобно, всё грамотно. Есть мелки косячки, но это в ПО. Не понравилась адресная книга, выводит всё кучей: набранные принятые, прошущенные. Фильтр можно ставить, но только до выхода из книги.  В телефон вшиты точки доступа, прежде чем пользоваться инетом, необходимо проверить настройки браузера, а там стоит по умолчанию WAP. Стоит карточка на 4 гига, всё нормально. Диктофон может писать телофонный звонок.",neutral,positive,"Before that I had a sams C5212, I chose between gx300 and gx500. It's comfortable, it's literate. There's crayons, but it's in the PO. I did not like the address book, displays everything in a pile: recruited accepted, requested. The filter can be installed, but only before leaving the book. Access points are sewn into the phone before using the Internet, you need to check the browser settings, and there is WAP by default. It costs a 4 gig card, it's okay. The recorder can write a phone call.",True,neutral->positive,0.625,,,,,,,,,,negative,1.0,0.0,neutral,3.0,0.9493820667266846,neutral,3.0,0.8539402484893799,positive,5.0,0.9951856732368469,positive,5.0,0.8619290590286255,positive,5.0,0.6887197094645964,positive,5.0,0.0,positive,5.0,0.59
544,0,Я доволен покупкой. Если денег нету на дорогие бренды то этот телефон точно вам подойдёт.,neutral,positive,"I'm happy with the purchase. If there is no money for expensive brands, then this phone will definitely suit you.",True,neutral->positive,0.5,,,,,,,,,,positive,5.0,0.0,positive,5.0,0.9781867861747742,neutral,3.0,0.601740300655365,positive,5.0,0.998465895652771,positive,5.0,0.9112361073493958,negative,1.0,0.5179049572575029,negative,1.0,0.0,neutral,3.0,0.53
546,0,"Вообщем тем, кто любит всякие навороты-совсем не плохой телефон. Тем кто любит качество и безотказность работы-купите себе что то другое.",neutral,negative,"Anyone who likes a phone is not a bad phone. For those who love quality and reliability, buy something else.",True,neutral->negative,0.5,,,,,,,,,,positive,5.0,0.0,neutral,3.0,0.6246679425239563,neutral,3.0,0.7419310212135315,negative,1.0,0.49356070160865784,negative,1.0,0.6913120746612549,negative,1.0,0.5812000131921733,negative,1.0,0.0,neutral,3.0,0.5955263899946595
554,0,"Да да да!!!! Я с этим телефоном проходил три года, а так я был 3-им хозяином. Он был 2008 года выпуска. В итоге я его поменял на самсунг, и та Нокиа ушла по рукам((Но не жалею о том что был такой телефон.",positive,neutral,"Yes, yes!!! I've been with this phone for three years, and I was the 3rd owner. It was in 2008. In the end, I changed it to Samsung, and that Nokia left hands (but I don’t regret that there was such a phone).",True,positive->neutral,0.125,,,,,,,,,,positive,5.0,0.0,negative,1.0,0.9998664855957031,negative,1.0,0.7795416116714478,positive,5.0,0.9996638298034668,positive,5.0,0.3140507638454437,negative,1.0,0.5186447773944411,negative,1.0,0.0,neutral,3.0,0.8125219257521015
555,0,"При использовании телефона в течении 10 мес.телефон значительно быстро начал разряжаться, если звук сразу был очень хороший, то за этот период времени он стал значительно тише, даже в наушниках на полной громкости слышимость %40 стала.при полной зарядки телефона при открытии видео в соц.",negative,positive,"When using the phone for 10 months, the phone quickly began to discharge, if the sound was immediately very good, then during this period of time it became much quieter, even in headphones at full volume, the audibility of %40 became.",True,negative->positive,0.5,,,,,,,,,,positive,5.0,0.0,positive,5.0,0.892215371131897,positive,5.0,0.5949795246124268,negative,1.0,0.9583914875984192,neutral,3.0,0.5830075740814209,neutral,3.0,0.7043697970249283,neutral,3.0,0.0,positive,5.0,0.88
560,0,"Если вам не нужно скрывать ваши разговоры от окружающих, и вам не страшны электромагнитные излучения телефона, которые будут всегда максимальными, если вы попытаетесь закрыть задний динамик, чтобы не так слышно было окружающим вашего собеседника, тогда этот телефон стоит покупать.",negative,neutral,"If you do not need to hide your conversations from others, and you are not afraid of the electromagnetic radiation of the phone, which will always be maximum, if you try to close the rear speaker so that it is not so audible to the surroundings of your interlocutor, then this phone is worth buying.",True,negative->neutral,0.375,,,,,,,,,,positive,5.0,0.0,neutral,3.0,0.9770973920822144,neutral,3.0,0.8127201199531555,positive,5.0,0.5928914546966553,neutral,3.0,0.6543006300926208,negative,1.0,0.7337595155471572,negative,1.0,0.0,negative,1.0,0.41668542711746126
566,0,Не отображает фото контакта при входящем вызове (как и redmi 5). А так всё супер.,neutral,positive,It does not display a photo of the contact when the call is in (as does Redmi 5). It's great.,True,neutral->positive,0.625,,,,,,,,,,positive,5.0,0.0,negative,1.0,0.9525742530822754,neutral,3.0,0.7436280250549316,positive,5.0,0.9602161049842834,negative,1.0,0.8249151706695557,positive,5.0,0.8109704912176491,positive,5.0,0.0,positive,5.0,0.95
586,0,"Мой первый Apple аппарат, до этого был и htc, и флагманские samsumg s-серии.  Задумывалась сменить телефон на IPhone и раньше, но читала сравнения того же SGS6 и IPhone6/6s, очевидно было, что до корейского аппарата яблоку далеко по многим параметрам. Очень долго противилась IPhone из-за всех этих штампов владельцев яблока, со всеми вытекающими и тд. Последней каплей в чаше терпения касаемо использования android-аппаратов стало ожидание ответа по 2-3 секунды и разрядка аккумулятора за пол-дня.",positive,neutral,"My first Apple device, before that was both htc and flagship Samsung S-series. I was thinking about changing the phone to an iPhone before, but I read comparisons of the same SGS6 and iPhone6/6s, it was obvious that the apple is far from the Korean device in many ways. For a very long time resisted the iPhone because of all these stamps of the owners of the apple, with all the ensuing etc. The last straw in the cup of patience regarding the use of android devices was the expectation of a response of 2-3 seconds and battery discharge in half a day.",True,positive->neutral,0.625,,,,,,,,,,neutral,3.0,0.0,negative,1.0,0.9994235038757324,neutral,3.0,0.6944988369941711,positive,5.0,0.7078306674957275,negative,1.0,0.5702553391456604,neutral,3.0,0.8333813755916254,neutral,3.0,0.0,neutral,3.0,0.48
588,0,"Поначалу я радовался телефоном, думал что он такой крутой. Оказывается напрасно. Нет LG я себе больше не куплю.",negative,neutral,"At first I was happy with the phone, I thought it was so cool. It's in vain. I'm not buying LG anymore.",True,negative->neutral,0.125,,,,,,,,,,positive,5.0,0.0,negative,1.0,0.9828280210494995,neutral,3.0,0.5995159149169922,negative,1.0,0.9803926348686218,negative,1.0,0.6069539785385132,positive,5.0,0.6944451584066443,positive,5.0,0.0,positive,5.0,0.7552360875663977
594,0,"Это уже вторая модель Sony Xperia. До этого пользовалась Z3, с тем же успехом - проработал 4 месяца и начались практически такие же проблемы (но у Z3 еще отказывала камера)",negative,neutral,"This is the second Sony Xperia model. Before that, the Z3 was used, with the same success - it worked for 4 months and began almost the same problems (but the Z3 still failed the camera).",True,negative->neutral,0.5,,,,,,,,,,negative,3.0,0.0,negative,1.0,0.9997383952140808,neutral,3.0,0.5948130488395691,negative,1.0,0.7588284015655518,positive,5.0,0.5266566872596741,neutral,3.0,0.5506316921800161,neutral,3.0,0.0,neutral,3.0,0.45485820712150543
600,0,"Всем доброго времени суток,хочу дать свой отзыв этому телефону,так как я,как и вы сейчас, раньше читал отзывы,надеюсь мой отзыв поможет в выборе телефона,и так приступим....",positive,neutral,"Good day to everyone, I want to give my feedback to this phone, as I, like you now, have read reviews before, I hope my review will help in choosing a phone, and so we will begin.",True,positive->neutral,0.125,,,,,,,,,,positive,5.0,0.0,neutral,3.0,0.9953931570053101,positive,5.0,0.5571683049201965,positive,5.0,0.9668121933937073,positive,5.0,0.6689385175704956,negative,1.0,0.4821492089692199,negative,1.0,0.0,negative,1.0,0.5117332169767509
622,0,"Как по мне у телефона два минуса. Первый - вышеуказанный, второй - не статусный бренд. Хотя те кто в теме, знают, что производитель, вообще говоря, довольная серьезная компания. В остальном не забивайте себе голову: если вы просто хотите отлично сбалансированный телефон за адекватные деньги - этот в первых рядах.",positive,neutral,"I think the phone has two minuses. The first is the above, the second is not a status brand. Although those who are in the subject know that the manufacturer, generally speaking, is a satisfied serious company. For the rest, don’t worry: if you just want a perfectly balanced phone for adequate money, this one is in the front row.",True,positive->neutral,0.25,,,,,,,,,,positive,5.0,0.0,neutral,3.0,0.8793042302131653,neutral,3.0,0.502707839012146,positive,5.0,0.9938084483146667,negative,1.0,0.4892596900463104,negative,1.0,0.3908786905418849,negative,1.0,0.0,positive,5.0,0.48
623,0,Телефон бомбовский. Перешла на него с айфона,positive,neutral,Bomber's phone. Switched to it from an iPhone.,True,positive->neutral,0.5,,,,,,,,,,neutral,3.0,0.0,neutral,3.0,0.9999279975891113,neutral,3.0,0.7586688995361328,positive,5.0,0.7560785412788391,positive,5.0,0.369616836309433,negative,1.0,0.5186447773944411,negative,1.0,0.0,neutral,3.0,0.8125219257521015
628,0,"Еще из особенностей.Заметил,что когда стоит режим экономии энергии,тот который ""Системный"" экран реагирует на стилус с подтормаживанием,т.е. время отклика с приличной задержкой,да и вобще,когда стоит режим экономии,аппарат заметно медленнее работает,понятно,что это выводы КО,но я выделил именно работу со стилусом.Вобще,все управление стилусом все какое-то не интуитивно-понятное,понятно что это дело привычки,но по началу вобще жесть как все неудобно.",negative,neutral,"I noticed that when there is an energy saving mode, the one that the ""System"" screen reacts to the stylus with braking, i.e. response time with a decent delay, and in general, when there is a saving mode, the device works noticeably slower, it is clear that these are the conclusions of KO, but I singled out exactly the work with the stylus.In general, all the management of the stylus is somehow not intuitive, it is clear that this is a matter of habit, but at first it is really uncomfortable.",True,negative->neutral,0.75,,,,,,,,,,neutral,3.0,0.0,neutral,3.0,0.9826656579971313,neutral,3.0,0.8190969824790955,positive,5.0,0.524272620677948,negative,1.0,0.7517465353012085,neutral,3.0,0.6450134567673591,neutral,3.0,0.0,neutral,3.0,0.65
631,0,"1) Почитайте сначала acer-club.ru Там страшно :) Но оказалось, не всё так плохо. Пятен на экране, о которых часто упоминается, на моем экземпляре нет. Прошивка оказалась сразу какая надо: 2.003.00_RU 2) Когда перед покупкой просмотривал отзывы, увидел, что кто-то предпочел приобрести Samsung i8000, нежели Acer neoTouch. В магазине я внимательно исследовал оба аппарата, и обнаружил, что экран у i8000 хуже: точки нечеткие, справа с красной каемкой, а слева с сине-зеленой.",positive,neutral,"1) Read first acer-club.ru It's scary out there : But it turns out it's not that bad. The spots on the screen that are often mentioned are not on my copy. When I looked at the reviews before buying, I saw that someone preferred to buy a Samsung i8000 rather than Acer neoTouch. In the store, I carefully examined both devices, and found that the screen of the i8000 is worse: the dots are fuzzy, on the right with a red border, and on the left with a blue-green.",True,positive->neutral,0.5,,,,,,,,,,negative,3.0,0.0,neutral,3.0,0.9995137453079224,neutral,3.0,0.8561980128288269,negative,1.0,0.45081827044487,negative,1.0,0.5632174015045166,neutral,3.0,0.46196529333341535,positive,5.0,0.0,neutral,3.0,0.5738686980770589
638,0,"Пользуюсь уже полтора года. Очень и очень недоволен! Купил чисто из-за интереса функции 3D, но очень скоро настало разочерование... выше всё сказано! Теперь как присмотрю модель Samsung с 4g так сразу поменяю!!!!!! LG больше НИКОГДА!!!",negative,neutral,"I've been using it for a year and a half. Very, very unhappy! Purchased purely because of the interest of the 3D function, but very soon came the decomposition ... above all! Now, when I look at the Samsung model with 4G, I will immediately change it!!!!! LG ever again!!!",True,negative->neutral,0.5,,,,,,,,,,negative,3.0,0.0,neutral,3.0,0.9877299666404724,negative,1.0,0.6455957293510437,negative,1.0,0.9862564206123352,positive,5.0,0.42834416031837463,neutral,3.0,0.5297551205983155,neutral,3.0,0.0,neutral,3.0,0.4549788647548516
639,0,"Если покупаете из-за Bluetooth, избегайте любой ценой!",negative,neutral,"If you buy because of Bluetooth, avoid it at all costs.",True,negative->neutral,0.25,,,,,,,,,,negative,3.0,0.0,negative,1.0,0.9993351101875305,neutral,3.0,0.9116047620773315,negative,1.0,0.9980291724205017,neutral,3.0,0.768921971321106,positive,5.0,0.7220407034817402,positive,5.0,0.0,positive,5.0,0.8385630200947033
650,0,"надо устанавлить программы, в начальной комплектации все ужасно: в плеере плейлистов создавать нельзя, камера даже не приближает... но все решается, программ, как замечено выше, дофига и больше выключайте траффик данных, иначе деньги с телефона будут пропадать не по дням, а по часам. и установите какой-нибудь таск киллер, ибо некоторые приложения не выключаются,а переходят в фоновой режим камера без приближения хорошая, но начинаешь приближать - пиксели видны невооруженным глазом.",positive,negative,"It is necessary to install programs, everything is terrible in the initial configuration: you can not create playlists in the player, the camera does not even approach ... but everything is solved, programs, as noted above, are a lot and turn off data traffic more, otherwise money from the phone will disappear not by days, but by hours. and install some killer drag, because some applications do not turn off, but go into the background camera without approximation is good, but you begin to zoom in - the pixels are visible to the naked eye.",True,positive->negative,0.5,,,,,,,,,,negative,1.0,0.0,negative,1.0,0.9999216794967651,neutral,3.0,0.6701170206069946,positive,5.0,0.8490579724311829,negative,1.0,0.5509862899780273,neutral,3.0,0.5534768584234643,neutral,3.0,0.0,negative,1.0,0.77
653,0,"Приобрел этот телефон пару месяцев назад. Конечно сначала мнения о нем у меня сложились не очень. Купил по совету друга. Попользовался. И честно вам скажу мнение поменялось. Камера отличная. А про динамики я вообще молчу. Музыку на весь двор слышно. Конечно классно было бы чтобы этот телефон был сенсорный, ну да ладно. Только вот плохо что корпус не очень надёжный. И царапается много. Приходится менять. И про батарею тоже скажу. Держит не много. Мне хватает на день. Ну кому как но мне это мало.",positive,negative,"I bought this phone a couple of months ago. Of course, at first I did not have very good opinions about him. I bought it on a friend's advice. Used it. And to be honest, my opinion has changed. The camera is great. I'm not talking about the speakers. You can hear music all over the yard. Of course, it would be cool if this phone was touch-sensitive, but come on. The only problem is that the body is not very reliable. And scratches a lot. I have to change. I'll tell you about the battery. He doesn't hold much. I have enough for a day. It's not enough for me.",True,positive->negative,0.375,,,,,,,,,,neutral,3.0,0.0,negative,1.0,0.9079720973968506,neutral,3.0,0.5813924670219421,positive,5.0,0.9047182202339172,negative,1.0,0.7528181672096252,neutral,3.0,0.5255390890053608,neutral,3.0,0.0,negative,1.0,0.49
655,0,"Хочу написать этот отзыв для тех кто хочет приобрести данный телефон. У него есть одна особенность - он из Китая) Если вы будете преобретать его не у официального диллера, а в интернет магазинах или а алиэкспресса, то будте готовы что в место официальной прошивки на него будет установлена так называемая Кастомная прошивка. Кастомные прошивки любят ставить поставщики телефонов из Китая.",neutral,negative,"I want to write this review for those who want to buy this phone. He has one thing in common: he is from China. If you buy it not from the official dealer, but in online stores or aliexpress, then be prepared that the so-called Custom firmware will be installed on it at the place of official firmware. Custom firmware likes to put phone suppliers from China.",True,neutral->negative,0.625,,,,,,,,,,positive,5.0,0.0,negative,1.0,0.9615827202796936,neutral,3.0,0.8570946455001831,negative,1.0,0.813822865486145,neutral,3.0,0.5025219917297363,negative,1.0,0.6733920106521221,negative,1.0,0.0,negative,1.0,0.5355998772814226
659,0,"Вобщем хорошая звонилка для тех кому надо 2 симки. Через год использования полетел сенсор. По гарантии заменили. Это у Нокиа серьезная проблема.  Если нужна неплохая звонилка то он вам подойдет, а в основном поисчите лучше что-нить на андройде",negative,neutral,"This is a good call for those who need 2 SIMs. After a year of use, the sensor flew. Guaranteed replacement. That's Nokia's problem. If you need a good caller, then it will suit you, and basically you will find better something on the Android.",True,negative->neutral,0.75,,,,,,,,,,positive,5.0,0.0,neutral,3.0,0.9021574258804321,neutral,3.0,0.8152390122413635,neutral,3.0,0.9009392261505127,negative,1.0,0.7022861838340759,neutral,3.0,0.5333651457499237,neutral,3.0,0.0,neutral,3.0,0.7186303215232422
661,0,купил около года назад за 4500р и за всё время не заметил не одной технической поломки довольно качественный телефон жаль только не поддерживает 4G,neutral,negative,I bought it about a year ago for 4500r and for all the time I did not notice a technical breakdown quite high-quality phone pity only does not support 4G,True,neutral->negative,0.375,,,,,,,,,,negative,1.0,0.0,negative,1.0,0.986201822757721,neutral,3.0,0.5087624192237854,positive,5.0,0.9988827109336853,negative,1.0,0.7517327666282654,neutral,3.0,0.5853526619549131,neutral,3.0,0.0,neutral,3.0,0.36
664,0,"про размер писать ничего не буду для меня + для кого это ""-"" не берите его и все мне он заменяет и планшет и телефон. я доволен. после снижения цены стал очень интересным вариантом",positive,negative,"I will not write anything about the size for me + for whom it is ""-"" do not take it and it replaces everything for me and the tablet and phone.",True,positive->negative,0.375,,,,,,,,,,neutral,3.0,0.0,neutral,3.0,0.5569678544998169,neutral,3.0,0.777228593826294,negative,1.0,0.7717475295066833,positive,5.0,0.8933098912239075,negative,1.0,0.4695268541832461,negative,1.0,0.0,neutral,3.0,0.47725672634218363
679,0,"Телефон хороший, но многие очень висячие",neutral,positive,"The phone is good, but many are very hanging.",True,neutral->positive,0.625,,,,,,,,,,positive,3.0,0.0,neutral,3.0,0.9854971766471863,neutral,3.0,0.7010505795478821,positive,5.0,0.6988155245780945,negative,1.0,0.4977383315563202,positive,5.0,0.6538640040310578,positive,5.0,0.0,positive,5.0,0.62
680,0,"Всем хорошь зараза. Но звук все перечеркнул. Сравнивал с другим китайцем жены, ну прям небо и земля. Да еще в придачу не каждый миниджек нормально подходит к гнезду. Т.к. оч. люблю музыку - одно расстройство.",neutral,negative,"Don't be a bitch. But the sound blew it off. He compared his wife to another Chinese, like heaven and earth. And in addition, not every minijack fits the nest normally. Because I love music, there's one disorder.",True,neutral->negative,0.375,,,,,,,,,,positive,5.0,0.0,negative,1.0,0.6787860989570618,neutral,3.0,0.6803734302520752,negative,1.0,0.8895796537399292,negative,1.0,0.5431217551231384,neutral,3.0,0.5932410199917979,neutral,3.0,0.0,neutral,3.0,0.57
681,0,"хорошего много, но все таки хотелось что бы производители Sony Ericcson, делали их по надёжнее",neutral,positive,"There are a lot of good things, but I still want Sony Ericcson manufacturers to make them more reliable.",True,neutral->positive,0.375,,,,,,,,,,positive,5.0,0.0,neutral,3.0,0.506568431854248,positive,5.0,0.6368193626403809,positive,5.0,0.9212542772293091,negative,1.0,0.6384425759315491,neutral,3.0,0.7393823638296422,neutral,3.0,0.0,neutral,3.0,0.6953144046981916
682,0,"прошло больше 1,5 года, естественно начал подтормаживать. Понимаю что это решается руками, но решил глянуть замену ему. Так нет ее!! либо обмылки c плохим железом, либо лопаты.",positive,negative,"More than 1.5 years later, naturally began to slow down. I know it's a hands-on thing, but I decided to look at his replacement. No, no, no, no, no, no, no, no, no, no, no, no, no.",True,positive->negative,0.625,,,,,,,,,,negative,1.0,0.0,negative,1.0,0.9989547729492188,negative,1.0,0.6160434484481812,positive,5.0,0.6685196161270142,negative,1.0,0.6913926005363464,negative,1.0,0.504779094267711,neutral,3.0,0.0,neutral,3.0,0.8
683,0,"Я не бабушка столетняя, слух по жизни хороший! Слышу как ребенок во сне посапывает из другой комнаты, а вот когда мне звонят - не слышно ВООБЩЕ!",negative,positive,"I'm not a hundred-year-old grandmother, my hearing is good. I hear a child in a dream snooping from another room, but when I get a call, I can’t hear it!",True,negative->positive,0.625,,,,,,,,,,positive,5.0,0.0,positive,5.0,0.9516550302505493,negative,1.0,0.6354320049285889,negative,1.0,0.8488609790802002,positive,5.0,0.6146831512451172,positive,5.0,0.49818048013588223,positive,5.0,0.0,neutral,3.0,0.39
687,0,"давно ищу звонилку без ненужных понтов - таких, как оказалось нет...лично мне камеры-интернеты-цветные дисплеи никуда не стучат, если в телефоне элементарный функционал, как оказалось, не предусмотрен. по сравнению с тройкой - налицо деградация бюджетного сегмента, но как и раньше, лучшее предложение на рынке",neutral,negative,"I have long been looking for a call without unnecessary ponts - such as it turned out not to be... Personally, I camera-internet-color displays do not knock anywhere, if the phone elementary functionality, as it turned out, is not provided. compared to the three - there is a degradation of the budget segment, but as before, the best offer on the market",True,neutral->negative,0.625,,,,,,,,,,positive,5.0,0.0,negative,1.0,0.9826613068580627,negative,1.0,0.6158767342567444,positive,5.0,0.9966451525688171,negative,1.0,0.6139357686042786,negative,1.0,0.6163659819320246,negative,1.0,0.0,neutral,3.0,0.5009511532363624
688,0,"через 3 месяца после покупки отказал виброзвонок - отдал в гарантийный ремонт - ремонтируют уже месяц. Не нормально работаю Яндекс.карты - через некоторое время обрывается интернет и выпадает ошибка ""Сбой DNS"" (инет не работает ни в одном приложении) - лечится перезагрузкой телефона. Не нашёл ни одного решения этой проблемы. А в целом модель отличная - я ей полностью доволен и могу рекомендовать тем. кто хочет много возможностей за небольшие деньги!",positive,negative,"3 months after the purchase refused vibrating - gave in warranty repair - repair for a month. Yandex.cards do not work normally - after a while the Internet breaks off and the error ""DNS failure"" falls out (the Internet does not work in any application) - is treated by restarting the phone. I have not found a single solution to this problem. In general, the model is great – I am completely satisfied with it and can recommend it to those who want a lot of opportunities for a little money!",True,positive->negative,0.625,,,,,,,,,,positive,3.0,0.0,negative,1.0,0.9998213648796082,neutral,3.0,0.7009955048561096,negative,1.0,0.6084831953048706,negative,1.0,0.7507879137992859,negative,1.0,0.42720648995877736,neutral,3.0,0.0,negative,1.0,0.69
696,0,"Не советую брать данную модель, да и наверное остальные модели этого производителя (могут попадаться удачные могут нет). Алкатель как мы знаем - это китайский бренд TCL , отсюда видимо и проблемы. В общем лучше не рисковать и брать что-то проверенное. Upd: может кому пригодится - проблему с кодировкой смс решает сброс к заводским установкам.",negative,neutral,"I do not recommend taking this model, and probably other models of this manufacturer (may come across successful may not). Alcatel as we know it is a Chinese brand TCL, hence the problems. In general, it is better not to take risks and take something proven. Upd: may be useful to anyone - the problem with the encoding of SMS solves reset to factory installations.",True,negative->neutral,0.75,,,,,,,,,,positive,5.0,0.0,neutral,3.0,0.41045740246772766,neutral,3.0,0.7696794271469116,neutral,3.0,0.48795148730278015,negative,1.0,0.7949483394622803,neutral,3.0,0.7081524412686618,neutral,3.0,0.0,neutral,3.0,0.61
699,0,"Не скажу, что я фанат новинок или патриот, но при моем бюджете мог взять с такими параметрами или эту модель, или неизвестной китайской марки. Решил все-таки этот телефон взял, как-то надежней и гарантия побольше, причем есть куда обратиться, а не как в случае с китайским смартом. Итак, включился быстро, никаких глюков. Поставил сразу же карту памяти, т. к. встроенные 8гб – это вообще ни о чем.",positive,negative,"I will not say that I am a fan of novelties or a patriot, but with my budget I could take either this model or an unknown Chinese brand with such parameters. I decided after all, this phone took, somehow more reliable and a larger warranty, and there is somewhere to turn, and not as in the case of the Chinese smart phone. All right, let's go fast, no glitches. I immediately put a memory card, because the built-in 8GB is nothing at all.",True,positive->negative,0.5,,,,,,,,,,positive,5.0,0.0,neutral,3.0,0.9998955726623535,neutral,3.0,0.8908791542053223,positive,5.0,0.9933038353919983,negative,1.0,0.4914073646068573,negative,1.0,0.4436741143510739,negative,1.0,0.0,negative,1.0,0.58
701,0,"Пользуюсь пол года. Очень расстроилась, что так не повезло. Телефон нужен был для звонков, смс, навигатора в пробках и все.",negative,neutral,"I use it for half a year. I was very disappointed that I was so unlucky. The phone was needed for calls, SMS, navigator in traffic and that's all.",True,negative->neutral,0.5,,,,,,,,,,negative,1.0,0.0,negative,1.0,0.9669419527053833,neutral,3.0,0.6153139472007751,positive,5.0,0.6506838202476501,positive,5.0,0.8807666897773743,neutral,3.0,0.528591538816655,neutral,3.0,0.0,neutral,3.0,0.72
702,0,И тел. то финский был. Nokia больше никогда не приобрету.,negative,neutral,And the body was Finnish. I will never buy Nokia again.,True,negative->neutral,0.5,,,,,,,,,,neutral,3.0,0.0,neutral,3.0,0.9798087477684021,neutral,3.0,0.8499305248260498,negative,1.0,0.8304875493049622,negative,1.0,0.6371917724609375,positive,5.0,0.5104369504449023,positive,5.0,0.0,neutral,3.0,0.37612699482687534
704,0,чисто женский телефон,negative,neutral,female-only,True,negative->neutral,0.75,,,,,,,,,,neutral,3.0,0.0,neutral,3.0,0.8428071737289429,neutral,3.0,0.8762385249137878,negative,1.0,0.9348035454750061,positive,5.0,0.2866379916667938,neutral,3.0,0.5628658959500896,neutral,3.0,0.0,neutral,3.0,0.67
706,0,"через какое то время стала подглючивать клавиша сброса звонка, нужно сильно жать чтоб сработала. Модель хорошая, за пол года подвисал всего несколько раз, особо не подводил)",positive,neutral,"After some time, I began to tap the key to reset the call, you need to press hard to work. The model is good, for half a year hung only a few times, not particularly let down.",True,positive->neutral,0.625,,,,,,,,,,positive,5.0,0.0,neutral,3.0,0.9999854564666748,neutral,3.0,0.6169658899307251,positive,5.0,0.9493365287780762,negative,1.0,0.7134276628494263,neutral,3.0,0.852931790627203,neutral,3.0,0.0,neutral,3.0,0.7233145728825388
710,0,"Итак решил написать о Nokia 3310. Купил телефон из самой первой партии, использую с середины мая. В руках телефон лежит приятно, крепкий корпус и отличная сборка, с батареей тоже нет проблем, но! За 3990 если брать именно звонилку - хотелось бы адекватно работающей блокировки, а точнее разблокировки. По стандарту - разблокировка 2-мя разными кнопками, но они так близко, что у меня 9/10 он сам разблокировался в кармане, а дальше или шёл вызов кому то или я листал меню.",neutral,positive,"So I decided to write about the Nokia 3310. I bought a phone from the very first batch, I have been using it since mid-May. In the hands of the phone lies nice, strong body and excellent build, with the battery too no problems, but! For 3990 if you take the call - I would like to adequately work lock, or rather unlock. According to the standard - unlock 2 different buttons, but they are so close that I have 9/10 it unlocked in my pocket, and then there was a call to someone or I flipped through the menu.",True,neutral->positive,0.375,,,,,,,,,,positive,5.0,0.0,neutral,3.0,0.9983086585998535,neutral,3.0,0.8360965847969055,positive,5.0,0.9430612325668335,neutral,3.0,0.6800523996353149,neutral,3.0,0.44041504080781674,positive,5.0,0.0,negative,1.0,0.3758890999735624
714,0,Симпатичный развод на месячную зарплату исключительно ради понтов,negative,neutral,Nice divorce on a monthly salary solely for the sake of pontage,True,negative->neutral,0.375,,,,,,,,,,positive,5.0,0.0,negative,1.0,0.9999291896820068,positive,5.0,0.5096532702445984,neutral,3.0,0.3862389624118805,neutral,3.0,0.8190812468528748,neutral,3.0,0.4778737956630686,negative,1.0,0.0,negative,1.0,0.6758057922476663
718,0,"Не советую брать эту модель. Разве что бюджетная модель для ""черепах"".",negative,neutral,I don't recommend this model. Unless it's a budget model for turtles.,True,negative->neutral,0.5,,,,,,,,,,negative,3.0,0.0,neutral,3.0,0.7984169125556946,neutral,3.0,0.6878207921981812,negative,1.0,0.6813912987709045,negative,1.0,0.8101497292518616,neutral,3.0,0.5819495644017477,neutral,3.0,0.0,positive,5.0,0.576304087204206
726,0,"брал телефон а не игрушку но похоже телефоном тут не пахнет, будем искать из старых добрых и проверенных...",negative,neutral,"I took the phone and not a toy but it looks like the phone here does not smell, we will look for the good old and proven ones.",True,negative->neutral,0.625,,,,,,,,,,positive,5.0,0.0,neutral,3.0,0.92113196849823,neutral,3.0,0.7546448707580566,negative,1.0,0.9071075916290283,negative,1.0,0.5082012414932251,neutral,3.0,0.500837736985072,neutral,3.0,0.0,neutral,3.0,0.8036178297349988
728,0,"не выдержал скрипа, решил сразу продать, продал, очень рад.",negative,neutral,"I couldn’t stand the squeak, decided to sell, sold, very happy.",True,negative->neutral,0.375,,,,,,,,,,positive,5.0,0.0,negative,1.0,0.9981770515441895,positive,5.0,0.8871698379516602,positive,5.0,0.9697360992431641,negative,1.0,0.5463845133781433,neutral,3.0,0.5956310793894867,neutral,3.0,0.0,neutral,3.0,0.87
734,0,"после более полутора лет использования и более полугода мучений разбил это ""чудо"" об стену со 2й попытки ( при чем ранее он стабильно летал об стену из-за своих косяков ( не видел симку или наушники отпадывали) и ВСЕГДА(!!!) экран оставался целый и невредимый ( все таки хороший у этого смартфона экран....БЫЛ..). перешел обратно на свой старый добрый нокиа люмиа который столько лет служил верой и правдой. И снова послужит",negative,positive,"After more than a year and a half of use and more than six months of torture, he smashed this “miracle” against the wall with the 2nd attempt (and earlier he stably flew against the wall because of his shoals (he did not see the SIM or the headphones fell off) and ALWAYS (!!!) the screen remained intact (still a good screen for this smartphone... WAS.). And it will serve again.",True,negative->positive,0.75,,,,,,,,,,negative,3.0,0.0,positive,5.0,0.9830884337425232,neutral,3.0,0.6539214253425598,positive,5.0,0.973571240901947,positive,5.0,0.7516027092933655,positive,5.0,0.41116065820752984,positive,5.0,0.0,positive,5.0,0.5
738,0,"Читая комменты по смартфону, создалось стойкое впечатление, что те кто пишет - SATIO плохой телефон, с глюками и остальной хренью, или покупали дешёвую подделку, или только что поменяли старые дешёвые кнопочные аппараты, на шикарный смартфон и просто не знают что с ним делать... Вот и жалуются! Искренне всем рекомендую!!! Вот только серебристый! Чёрный ему реально проигрывает в имидже.",positive,negative,"Reading the comments on the smartphone, it was a strong impression that those who write - SATIO bad phone, with glitches and the rest of the crap, or bought a cheap fake, or just changed the old cheap push-button devices, on a smart smartphone and just do not know what to do with it ... They complain! I sincerely recommend it to everyone!!! Only silver! Black really loses his image.",True,positive->negative,0.5,,,,,,,,,,negative,1.0,0.0,negative,1.0,0.9978299736976624,negative,1.0,0.6534450054168701,positive,5.0,0.9980108141899109,positive,5.0,0.48874327540397644,neutral,3.0,0.45051568418352855,neutral,3.0,0.0,negative,1.0,0.44
741,0,Аппарат превышает возможности за такие деньги,positive,neutral,The machine exceeds the possibilities for such money,True,positive->neutral,0.75,,,,,,,,,,neutral,3.0,0.0,neutral,3.0,0.9816890954971313,neutral,3.0,0.7043265700340271,positive,5.0,0.9503241181373596,negative,1.0,0.41082122921943665,neutral,3.0,0.5033215722314291,neutral,3.0,0.0,neutral,3.0,0.5543785388694819
744,0,"Долго выбирал телефон для себя, сперва разрывался между дорогущими HTC One X и SGS 3, в итоге наткнулся на ебее на этот девайс. Почитал отзывы - понравилось, но стремно было брать.. ибо хуавей.. Спустя пару месяцев борьбы с собой и жадностью я решился и приобрел в онлайн магазине за 12,7к. Радуюсь до сих пор. Уж какой я придирчивый пользователь, а телефон цепляет только батареей.. но к этому я привык. слишком много требую просто =) Экран - бомба.",neutral,positive,"For a long time, he chose a phone for himself, at first he was torn between the expensive HTC One X and SGS 3, as a result he stumbled upon the fuck on this device. I liked it, but I liked it, because Huawei. After a couple of months of struggling with myself and greed, I decided to buy in an online store for 12.7k. I'm still happy. I'm such a picky user, and the phone only catches the battery, but I'm used to this. I demand too much just =) The screen is a bomb.",True,neutral->positive,0.375,,,,,,,,,,neutral,3.0,0.0,positive,5.0,0.9936437606811523,positive,5.0,0.8311225771903992,positive,5.0,0.993023157119751,negative,1.0,0.4423660635948181,neutral,3.0,0.5009095755116082,neutral,3.0,0.0,neutral,3.0,0.46
749,0,"Первый андройдофон. До этого юзал венду на Acer E101. ""Выбрал"" его по характеристикам еще за 3 месяца до появления в магазинах. Дождался. Юзал сабж меньше недели, так что отзыв будет обновляться.",positive,negative,"First androidophone. Before that, I used the Acer E101. ""Selected"" it according to the characteristics 3 months before the appearance in stores. Waited. Uzal sabzh less than a week, so the review will be updated.",True,positive->negative,0.375,,,,,,,,,,neutral,3.0,0.0,neutral,3.0,0.7690269351005554,neutral,3.0,0.599577784538269,positive,5.0,0.9971498847007751,neutral,3.0,0.6578866839408875,negative,1.0,0.4139032592358956,negative,1.0,0.0,negative,1.0,0.5243342763564104
752,0,"Качество сборки нормальное, ничего не люфтит, щелей и зазоров нет. Смартфоном можно пользоваться для серфа по интернету, чтения, или приложений. Ёмкость батареи позволяет делать это день-полтора не беспокоясь о заряде. На улице, даже если вы стоите в чистом поле при безветренной погоде, вы не услышите, что вам звонят и не почувствуете вибровызов. Они в устройстве ОЧЕНЬ слабые.",negative,neutral,"The build quality is normal, there is nothing backlash, there are no gaps and gaps. The smartphone can be used for surfing the Internet, reading, or applications. Battery capacity allows you to do this for a day and a half without worrying about the charge. Outside, even if you are standing in a clear field in windless weather, you will not hear that you call and do not feel the vibration call. They're very weak in the device.",True,negative->neutral,0.75,,,,,,,,,,negative,3.0,0.0,neutral,3.0,0.9991540908813477,neutral,3.0,0.7844378352165222,positive,5.0,0.5253496766090393,neutral,3.0,0.8347611427307129,neutral,3.0,0.4907469841587306,neutral,3.0,0.0,neutral,3.0,0.5779772910168226
762,0,"Установил кучу нужных для себя программ, сделал рут, калибровку батареи.. благодаря руту удалось отключить уведомления об установлении/отключении соединения 3g, отключить авторегулирование яркости экрана, убрать рекламу в некоторых бесплатных приложениях и самое главное удалить фейсбук!",positive,neutral,"Installed a lot of necessary programs, routed, calibrated the battery.. thanks to rut managed to disable notifications about the establishment / disabling of the connection 3g, disable autoregulation of the brightness of the screen, remove ads in some free applications and most importantly delete Facebook!",True,positive->neutral,0.5,,,,,,,,,,positive,5.0,0.0,neutral,3.0,0.9999876022338867,neutral,3.0,0.8396437764167786,negative,1.0,0.9971451163291931,positive,5.0,0.5786725878715515,neutral,3.0,0.5140142573207266,neutral,3.0,0.0,negative,1.0,0.37934190065873674
766,0,"У друзей игрался с ЙаТелефон яблоко, с HTC не сравниться, ЙаТелефон уже баян и попса. Многие пишут мол цена завышена, не знаю не знаю, не такая уж и большая цена по сравнению и Эплем. Итог, кто думает что брать или выбирает между HTC или каким то другим телефоном, не парьте мозги берите HTC D, сам долго выбирал но в итоге купил и радуюсь.",positive,negative,"Friends played with Yatelphon apple, with HTC can not be compared, Yatelphon is already bayan and pop. Many write that the price is inflated, I don't know, not so much price compared to Apple. The result, who thinks that to take or choose between HTC or some other phone, do not mind take HTC D, he chose for a long time but in the end bought and rejoice.",True,positive->negative,0.625,,,,,,,,,,positive,5.0,0.0,negative,1.0,0.924821674823761,neutral,3.0,0.880116879940033,positive,5.0,0.995211660861969,negative,1.0,0.5583310127258301,negative,1.0,0.45054612722792026,negative,1.0,0.0,negative,1.0,0.63
767,0,"До этого и у меня и у всей моей семьи были только сони, и я думала, что это эталон. После асуса НИКОГДА больше не куплю себе сони. Когда те глючили и тупили, этот работает как часы. Часто роняю телефоны, по этому не покупаю дорогих и без горилагласс, самый неубиваемый оказался асус. Ронялся на асфальт и кафель раз 5-7 (про паркет/ковролин вообще молчу), потрескалась на углах задняя крышка и кажется в двух местах микротрещины в корпусе. Работает, как новый, пользуюсь почти год.",positive,neutral,"Before that, I and my entire family had only sleepy dreams, and I thought that was the standard. After the asus, I'll never buy sleepy again. When they glitched and dulled, this one works like a clock. I often drop phones, so I do not buy expensive and without gorillaglasses, the most invincible was the asus. I fell on the asphalt and tile 5-7 times (I am generally silent about parquet / carpet), the back cover cracked at the corners and seems to be in two places of microcracks in the body. It works like new and I have been using it for almost a year.",True,positive->neutral,0.625,,,,,,,,,,positive,5.0,0.0,neutral,3.0,0.8179156184196472,neutral,3.0,0.7477014660835266,positive,5.0,0.9990099668502808,negative,1.0,0.5125687718391418,neutral,3.0,0.4688584627767973,neutral,3.0,0.0,neutral,3.0,0.4888475628319105
773,0,"Начитавших хвалебных деферамб этому телефону решил себе купить. Требования у меня к телефону были следующие: Компактный размер, но при этом отличная производительность и хорошая камера. По параметрам этим очень подошел СЕ... Ну я так думал пока не купил его. Помимо совершенно не большого списка достоинств в аппарате десятки недостатков! Телефон очень удобно лежит в руке и набор текста одно удовольствие, но в остальном он меня полностью разочаровал.",negative,positive,"Reading praise deferambs this phone decided to buy. My phone requirements were as follows: Compact size, but with excellent performance and a good camera. In terms of parameters, this is very suitable for CE... Well, I thought so until I bought it. In addition to a very small list of advantages in the device dozens of shortcomings! The phone is very comfortable in the hand and typing is a pleasure, but otherwise it completely disappointed me.",True,negative->positive,0.5,,,,,,,,,,positive,5.0,0.0,neutral,3.0,0.9984110593795776,neutral,3.0,0.7170194983482361,negative,1.0,0.9722121357917786,negative,1.0,0.4901714026927948,positive,5.0,0.5054611438384029,positive,5.0,0.0,positive,5.0,0.45
775,0,"Купил на замену старине Диаманду.Андройд 2.2 был уже предустановлен. С маркета скачал все, что мне нужно для работы. Правда потратил на это несколько дней - слишком много программ-пустышек.Неприятно удивила просто дикая интернет-болтливость стандартных и загруженных приложений. К тому же, программки живут сам по себе, не спрашивая меня. И Таск-киллер им не указ.Рут права (super user)для собственного телефона это, по моему, перебор!!!Но пришлось эти права добывать под бубны шамана. И ради чего!?",neutral,negative,"I bought it to replace the old Diamanda.Androyd 2.2 was already preinstalled. From the market downloaded everything I need for work. The truth spent a few days on this - too many programs are dummy.Unpleasantly surprised just wild Internet chatter standard and downloaded applications. Besides, the programs live on their own without asking me. Ruth is right (super user) for his own phone is, in my opinion, too much!!! But I had to get these rights under the shaman's tambourines. And for what?",True,neutral->negative,0.375,,,,,,,,,,positive,5.0,0.0,negative,1.0,0.9650998115539551,neutral,3.0,0.7440139651298523,negative,1.0,0.8736484050750732,negative,1.0,0.5533992648124695,neutral,3.0,0.777853973833665,neutral,3.0,0.0,neutral,3.0,0.5382211549283628
781,0,"Может я и привереда но после использования lg g2 и lg  g3 (погибших утоплением)- решил попробовать что то типа флагмана за более бюджетные килорубли,либо я привиреда(что скорее всего),либо ещё что.., но асус не дотягивает до обалденного смарта(новинки от lg тоже печальные),радость от покупки проходит в течении недели,а дольше это уже обыкновенная, убогая,серая звонилка-не радующая глаз",negative,neutral,"Maybe I'm picky but after using lg g2 and lg g3 (dead by drowning) - decided to try something like a flagship for more budgetary kilorubles, or I'm privireda (which is most likely), or something else.., but the asus does not reach the awesome smart (news from lg is also sad), the joy of buying passes within a week, and longer it is already an ordinary, poor, gray call-not pleasing to the eye.",True,negative->neutral,0.625,,,,,,,,,,positive,5.0,0.0,neutral,3.0,0.9824358224868774,neutral,3.0,0.5285700559616089,negative,1.0,0.8946524858474731,negative,1.0,0.40193384885787964,neutral,3.0,0.5502201128874942,neutral,3.0,0.0,neutral,3.0,0.5639788134670958
782,0,"За пару месяцев нареканий нет, как исключение это наверное больше к андройдам в целом, к примеру при пользованием навигатором постепенно засоряется кеш, приходится подчищать клин мастером, ну и наверное к недостаткам добавлю ПО камеры, расфокусировка фона к примеру срабатывает крайне редко. в целом телефон хороший, ввиду отзывов про хрупкость сразу приобрел стекло и силиконовый чехол.",positive,neutral,"For a couple of months, there are no complaints, as an exception it is probably more to androids in general, for example, when using the navigator, the cache is gradually clogged, you have to clean the wedge by the master, and probably I will add camera software to the disadvantages, defocusing the background, for example, works extremely rarely. in general, the phone is good, because of reviews about the fragility, I immediately acquired glass and a silicone case.",True,positive->neutral,0.625,,,,,,,,,,negative,3.0,0.0,neutral,3.0,0.9994575381278992,neutral,3.0,0.8772541880607605,positive,5.0,0.9945386052131653,negative,1.0,0.3540544807910919,neutral,3.0,0.5147555337818513,neutral,3.0,0.0,neutral,3.0,0.37
785,0,"Брал как долгожителя.Был в прошлом (2),был счастлив,в режиме все включено работал 8ч,а в режиме ожидания где то 1 неделю,но умерла подсистема для наушников,звук стал оч. тихий как из унитаза,нужно было менять материнку телефона.В (1) задолбала беготня от розетки к розетке,повер банк не хотел таскать в другом кармане. В этом телефоне энергоемкость похожа на (2). Камера посредственная,то снимает невнятно,то очень хорошо.Особо любит светлое время.",positive,neutral,"Taken like a long-lived. Was in the past (2), was happy, in the all-inclusive mode worked 8 hours, and in standby mode for about 1 week, but the subsystem for headphones died, the sound became very quiet as from the toilet, it was necessary to change the motherboard of the phone.In (1) the running from the socket to the outlet, over the bank did not want to drag in another pocket. In this phone, the energy intensity is similar to (2). The camera is mediocre, it shoots indistinctly, but very well. He especially likes light time.",True,positive->neutral,0.625,,,,,,,,,,positive,5.0,0.0,neutral,3.0,0.9998626708984375,neutral,3.0,0.8640459179878235,positive,5.0,0.9512833952903748,negative,1.0,0.6215201020240784,neutral,3.0,0.5829596703232991,neutral,3.0,0.0,neutral,3.0,0.58
787,0,"Пишу отзыв через три месяца после использования. Устраивает все, за сутки ни разу не удалось посадить батарею в ноль. Есть опыт использования Samsung и Apple, но зачем тратить в десять раз больше денег за эти бренды, когда есть Xiaomi.",positive,negative,"I write a review three months after use. It suits everything, for a day never managed to put the battery in zero. There’s experience using Samsung and Apple, but why spend ten times as much money on these brands when there’s Xiaomi.",True,positive->negative,0.625,,,,,,,,,,neutral,3.0,0.0,negative,1.0,0.9897185564041138,neutral,3.0,0.8050170540809631,positive,5.0,0.9589589834213257,negative,1.0,0.49549490213394165,negative,1.0,0.7210300988204258,negative,1.0,0.0,negative,1.0,0.6312382386522917
795,0,"Телефон украли! А так бы ни за что с ним не рассталась годик-два. Если вам нужен флагман, но не особо дорогой, то берите любой серийный honor без всяких приставок и буковок (ну разве что premium можно ещё брать), и вы останетесь довольны.",positive,negative,"The phone was stolen! I don't think he's been apart for a year or two. If you need a flagship, but not very expensive, then take any serial honor without any prefixes and beeches (well, except that premium can still be taken), and you will be satisfied.",True,positive->negative,0.375,,,,,,,,,,positive,5.0,0.0,negative,1.0,0.9998818635940552,neutral,3.0,0.7165588140487671,negative,1.0,0.9754917025566101,negative,1.0,0.4079999029636383,neutral,3.0,0.5652632807312384,neutral,3.0,0.0,neutral,3.0,0.52
805,0,"Покупал телефон пол года назад, брал на страх и риск, раньше не пользовался продуктами этой фирмы, но телефон не подвел. Единственный минус это камера, могла бы быть и лучше. До этого был alcatel 5035  там камера была 5 мп так вот на лениво снимки получаются как раз на эти пять мп, а в целом аппарат порадовал, правда после первого серьёзного падения отслоился экран. Теперь ищу замену телефону.",neutral,positive,"I bought a phone half a year ago, took it at risk, had not used the products of this company before, but the phone did not fail. The only downside is the camera, it could have been better. Before that was alcatel 5035 there was a camera was 5 mp so lazily the pictures are obtained just for these five mp, and in general the device pleased, however, after the first serious fall, the screen detached. Now I'm looking for a replacement phone.",True,neutral->positive,0.375,,,,,,,,,,positive,5.0,0.0,neutral,3.0,0.9999657869338989,neutral,3.0,0.7691279053688049,positive,5.0,0.9946408271789551,negative,1.0,0.6811482906341553,neutral,3.0,0.49968826394538746,positive,5.0,0.0,neutral,3.0,0.5138686980770589
809,0,"Брала в слепую, отзывов не читала. В целом пользоваться можно. Но вернула бы в магазин, но там не берут. Очень расстроилась из-за камеры, так как нужно по делам.",neutral,negative,"I went blind, I didn't read reviews. In general, you can use it. But I would return to the store, but they don't. Very upset about the camera, because you need to do business.",True,neutral->negative,0.25,,,,,,,,,,positive,3.0,0.0,negative,1.0,0.9959427714347839,neutral,3.0,0.7476357221603394,neutral,3.0,0.4667843282222748,negative,1.0,0.713200569152832,neutral,3.0,0.518998351757657,neutral,3.0,0.0,neutral,3.0,0.6270544602633933
818,0,"В целом, неплохой аппарат - мне нравится Sony, но при некоторых глюках портится впечатление. Перезагрузила, включила, опять стандартная клавиатура, приходится возвращать на ту, которая нравится. Установленная мелодия бывает слетает, но не критично. Особенно напрягает, что невозможно установить виджеты на экран, они устанавливаются, но нет их ярлыков в ""Добавить/виджет"" - это не нравится. Камера, , как уже здесь писали, оставляет желать лучшего.",positive,negative,"Overall, it's not a bad device - I like Sony, but with some glitches, the impression is spoiled. Rebooted, turned on, again the standard keyboard, you have to return to the one you like. The set melody can fly, but not critically. It is especially stressful that it is impossible to install widgets on the screen, they are installed, but there are no shortcuts to add / widget - this is not like. The camera, as already written here, leaves much to be desired.",True,positive->negative,0.375,,,,,,,,,,negative,1.0,0.0,neutral,3.0,0.9996621608734131,neutral,3.0,0.8469676971435547,positive,5.0,0.5577377676963806,negative,1.0,0.7938292026519775,neutral,3.0,0.638822736822515,neutral,3.0,0.0,negative,1.0,0.51
819,0,"так как пользуюсь этой трубкой уже больше 5 лет и до сих пор тоскаю, могу сказать что это обычный аппарат для того чтобы позвонить, написать смску поставить будильник или в плеере песни послушать в этом случае он меня не подводит, не надо там чего то большего искать так как это простое средство связи со всем необходимым, покупал я его по причине моего тогдашнего материального положения без возможности какой то альтернативы, так что если хотите отличную камеру, чистый звук и мощную.",negative,neutral,"Since I have been using this tube for more than 5 years and I still miss it, I can say that this is an ordinary device to call, write an alarm clock or listen to the player of the song in this case it does not let me down, do not look there for anything more because it is a simple means of communication with everything necessary, I bought it because of my then financial situation without the possibility of any alternative, so if you want a great camera, clean sound and powerful.",True,negative->neutral,0.125,,,,,,,,,,positive,5.0,0.0,positive,5.0,0.9933375120162964,neutral,3.0,0.630558967590332,positive,5.0,0.9569239616394043,negative,1.0,0.48966696858406067,negative,1.0,0.5563070828702074,negative,1.0,0.0,negative,1.0,0.52
822,0,"Для тех кому приятнее ощущать под пальцем резиновые кнопочки, а не вечно тупящий сенсор:)Очень умный и рациональный. Все под рукой. Ну а Qwerty-клавиатура просто превращает его в записную книжку, которая всегда под рукой. Дела-сразу на ""рабочем столе"", полезная штука скажу я вам. Когда покупал было жалко денег, пользуюсь почти месяц-думаю он себя окупает. Вначале немного непривычно лежит в руке-сейчас обычный мобильник кажется мягко говоря ""худоватым"".",positive,neutral,"For those who are more pleasant to feel the rubber buttons under the finger, rather than the ever-stupid sensor: Everything's on hand. Well, the Qwerty-keyboard simply turns it into a notebook that is always at hand. Business. - Right on the desk, I'll tell you something useful. When I bought it, I used it for almost a month, I think it pays off. At first, it is a little unusual in the hand - now a regular cell phone seems to put it mildly ""thin"".",True,positive->neutral,0.5,,,,,,,,,,positive,5.0,0.0,neutral,3.0,0.997002899646759,neutral,3.0,0.541949987411499,positive,5.0,0.9958689212799072,negative,1.0,0.6060012578964233,neutral,3.0,0.4070201764218714,negative,1.0,0.0,neutral,3.0,0.53
824,0,"Удобный телефон, в принципе, соответствует моим потребностям, но две поломки за гарантийный период, на мой взгляд, многовато.",negative,neutral,"A convenient phone, in principle, meets my needs, but two breakdowns in the warranty period, in my opinion, a lot.",True,negative->neutral,0.5,,,,,,,,,,neutral,3.0,0.0,neutral,3.0,0.9904804825782776,positive,5.0,0.5061261653900146,negative,1.0,0.8781755566596985,negative,1.0,0.6739122271537781,neutral,3.0,0.6098716479606973,neutral,3.0,0.0,positive,5.0,0.51
830,0,"Хороший громкий ""аккумулятор"" с функциями телефона! Мне понравился!Обнаружил интересную функцию в телефоне, но может повторюсь! Поиск в телефонной книге можно вести по клавиатуре не заходя в записную книгу, по принципу Т9, причем поиск можно вести по любому записанному слову в имени.",neutral,positive,"A good “battery” with phone functions! I found an interesting feature in the phone, but maybe I will repeat! Search in the phone book can be conducted on the keyboard without going into the notebook, on the principle of T9, and the search can be conducted by any written word in the name.",True,neutral->positive,0.625,,,,,,,,,,positive,5.0,0.0,negative,1.0,0.7045482993125916,positive,5.0,0.8691799640655518,positive,5.0,0.9693328142166138,positive,5.0,0.8300704956054688,neutral,3.0,0.5759145319720335,neutral,3.0,0.0,positive,5.0,0.7
832,0,"Купил в 2016, до сих пор использую. Но крайние два месяца сплошные мучения. Греется и высаживается батарея, приходится по два-три раз за день заряжать. Всякие оптимизаторы энерго потребления не помогают. Приложений не мало, но все используемые, лишние удалил. Если бы не это, был бы отличный телефон.",negative,neutral,"I bought it in 2016 and still use it. But for the last two months, it's been a torment. The battery is heated and planted, you have to charge two or three times a day. All energy optimizers do not help. Applications are not small, but all used, unnecessary removed. If it weren't for that, it would be a great phone.",True,negative->neutral,0.5,,,,,,,,,,positive,5.0,0.0,neutral,3.0,0.6954532265663147,neutral,3.0,0.5437712669372559,negative,1.0,0.8541811108589172,negative,1.0,0.7852880358695984,neutral,3.0,0.6574706968109993,neutral,3.0,0.0,positive,5.0,0.65
833,0,"Хотел купить себе флагман SONY, потом запросил на работе смарт и мне купили этот. Теперь вот вообще не понимаю, чтобы мне дал телефон за 25000р если я не делаю селфи и не играю в игрушки?!",positive,negative,"I wanted to buy a flagship Sony, then asked for a smart at work and I bought this one. Now I don’t know if I’m going to get a phone for 25000 if I don’t take a selfie and play with toys.",True,positive->negative,0.625,,,,,,,,,,positive,5.0,0.0,negative,1.0,0.9995920062065125,neutral,3.0,0.8209555149078369,positive,5.0,0.9605016112327576,negative,1.0,0.6560594439506531,negative,1.0,0.7884389067241908,negative,1.0,0.0,negative,1.0,0.6770624550797182
836,0,"Сдавать в ремонт пока не спешу, лень, да и не факт, что заметят неисправность, тк она появляется очень рандомно. Но из-за нее советовать телефон не буду. Возможно, это только мне так ""повезло"".",neutral,negative,"To hand over for repair is not in a hurry, laziness, and not the fact that they notice the malfunction, because it appears very randomly. But because of her, I won't recommend the phone. Maybe it's just me who's so lucky.",True,neutral->negative,0.75,,,,,,,,,,positive,5.0,0.0,negative,1.0,0.9833475947380066,neutral,3.0,0.6445457935333252,negative,1.0,0.9624533653259277,negative,1.0,0.48618343472480774,negative,1.0,0.5485001833925949,negative,1.0,0.0,negative,1.0,0.5953926880623951
843,0,"Решился я на покупку данного девайса. Ребята - это прорыв) Это реальный прорыв. Одни плюсы, минусов нет. Это Айфон 7 на андроиде =) Я так ждал его) Отпечаток плохо работает? Да он откликается за сотую долю секунды, НЕ НАЖИМАЯ на кнопку хоум. Вы засаленые руки чаще протирайте, и будет вам счастье. Камера без стабилизации? Воу воу, у нас тут общество анонимных алкоголиков с трясущимися руками? Я селфи с женой делал и днем и ночью капельку спокойствия во время съемки и успех гарантирован.",positive,negative,"I decided to buy this device. Guys are a breakthrough. It's a real breakthrough. One plus, no minus. This is an iPhone 7 on Android = I was waiting for him. Is the print not working well? It responds in a hundredth of a second without pressing the home button. Rub your hands more often and you will be happy. A camera without stabilization? Whoa, we got Alcoholics Anonymous with shaking hands here? I took a selfie with my wife day and night with a little peace during the shoot and success is guaranteed.",True,positive->negative,0.5,,,,,,,,,,positive,5.0,0.0,neutral,3.0,0.9999600648880005,negative,1.0,0.4674781858921051,positive,5.0,0.9764053821563721,negative,1.0,0.8147732615470886,negative,1.0,0.5326775780246404,negative,1.0,0.0,neutral,3.0,0.48891063275345414
844,0,"Купил почти месяц назад, сомнения о необходимости его приобретения и его потребительских свойствах отпадают сразу-же, когда берешь после него в руки 4S, он теперь не воспринимается всерьез и кажется в руке детской игрушкой.",neutral,negative,"I bought it almost a month ago, doubts about the need to purchase it and its consumer properties disappear immediately, when you pick up the 4S after it, it is now not taken seriously and seems to be a toy in your hand.",True,neutral->negative,0.25,,,,,,,,,,positive,3.0,0.0,neutral,3.0,0.9928372502326965,neutral,3.0,0.6994314789772034,negative,1.0,0.952560305595398,negative,1.0,0.8446075320243835,neutral,3.0,0.5467725570309485,neutral,3.0,0.0,neutral,3.0,0.599838926911463
850,0,"В целом очень круто за 900 р!! Но лучше бы сделали больше пикселей, камера 0.3 вобще не нужна, вобщем сделали бы покачественнее - подороже лучше за 1990 но чтобы все было круто",neutral,positive,"In general, it is very cool for 900 r!! But it would be better to make more pixels, the 0.3 camera is not needed at all, in general, would make it more powerful - more expensive than in 1990 but that everything was cool.",True,neutral->positive,0.625,,,,,,,,,,positive,5.0,0.0,negative,1.0,0.9948659539222717,neutral,3.0,0.5187066793441772,positive,5.0,0.9886683821678162,negative,1.0,0.4936698079109192,positive,5.0,0.6994437902254691,positive,5.0,0.0,positive,5.0,0.8
851,0,Вобщем был раньше явным нокиа-маном....сколько себя помню только со смартами и ходил начиная с 6600. Когда купил Х6 знал на что иду но не до такой же степени... Разочарован весьма и весьма!!!  Всерьез думаю продать и взять себе HTC. Хорош в том случае если кроме звонков вы больше вообще ничего делать не будете...ито будет глючить все равно...,negative,neutral,"In general, I used to be a clear Nokia-man...as long as I can remember only with smarts and went since 6600. When I bought the X6 I knew what I was going for, but not to the same degree. Disappointed very, very much!! I am looking forward to buying and selling HTC. Good in the event that except for calls you do nothing else at all ... it will glitch anyway ...",True,negative->neutral,0.625,,,,,,,,,,positive,5.0,0.0,neutral,3.0,0.7877251505851746,neutral,3.0,0.5164787173271179,negative,1.0,0.9252952933311462,negative,1.0,0.34410035610198975,neutral,3.0,0.5735077364733652,neutral,3.0,0.0,neutral,3.0,0.5101933244255291
854,0,"Купила телефон за 7 тысяч рублей рст! Очевидно, что аналогов ему за такую цену нет, при этом телефон отвечает всем требованиям хорошего смартфона...  основные его конкуренты в данном ценовом диапазоне-wildfire htc и cosmo hihgscreen, но у первого медленнее проц, нет ускорителя и отвратный экран...с таким по сети не полазаешь и все глаза сломаешь,если попытаешься прочесть хотя бы какой-нибудь документ, просто себя жаль, а стоит он при этом дороже на несколько тысяч, второй же...",positive,negative,"I bought a phone for 7 thousand rubles. Obviously, there are no analogues for such a price, while the phone meets all the requirements of a good smartphone... its main competitors in this price range are Wildfire htc and cosmo hihgscreen, but the first one has a slower rate, no accelerator and a disgusting screen ... with such a network you do not climb and all your eyes will break if you try to read at least some document, just yourself, but it costs more than a few thousand, the second one.",True,positive->negative,0.625,,,,,,,,,,negative,1.0,0.0,neutral,3.0,0.9657125473022461,neutral,3.0,0.6376553773880005,positive,5.0,0.5227943062782288,negative,1.0,0.5639986395835876,negative,1.0,0.8046032794127682,negative,1.0,0.0,negative,1.0,0.51
856,0,"К сожалению не успел оформить предзаказ, поэтому Buds в комплекте получить не смог, однако купил не за 56, а за 44 тыр, что не так уж и плохо. Хотя, если призадуматься, то сейчас уже за 49 можно купить iPhone XS ( эхх... был бы он на андроид и без этой ужасной челки...мечты-мечты...",neutral,negative,"Unfortunately, I did not have time to pre-order, so I could not get Buds in the kit, but I bought it not for 56, but for 44 tir, which is not so bad. Although, if you think about it, now for 49 you can buy an iPhone XS (ehh... it would be on android and without this terrible bangs...dream-dream...).",True,neutral->negative,0.5,,,,,,,,,,positive,5.0,0.0,negative,1.0,0.9922411441802979,negative,1.0,0.6326320171356201,neutral,3.0,0.40138930082321167,negative,1.0,0.6178520321846008,neutral,3.0,0.6503950385787988,neutral,3.0,0.0,negative,1.0,0.54
860,0,"Если честно то я им бл доволен когда мне подарили его на ДР 1.5 года назад. а сейчас мне его в руки страшно брать. Разваливаеться находу.. Задняя хрышка не закрепляется и отваливается, после чего и батарей вываливаеться. Сеноный жкран работает но через гд его использования его прилось менять, он завис и неначто не реагировал.а сейчас он раьотает но подтупливает.",negative,neutral,"To be honest, I'm happy with it when I got it on the DR 1.5 years ago, and now I'm afraid to take it into my hands. It's falling apart. The back cover is not fixed and falls off, after which the batteries fall off. The hay tap works, but when it's used, it had to be changed, it's stuck, it doesn't react, and now it's rattling, but it's swelling.",True,negative->neutral,0.625,,,,,,,,,,positive,3.0,0.0,neutral,3.0,0.964669406414032,neutral,3.0,0.5044178366661072,neutral,3.0,0.6730476021766663,negative,1.0,0.7116712927818298,neutral,3.0,0.5503859487681096,neutral,3.0,0.0,positive,5.0,0.38379950952631425
862,0,"Тут некоторые говорят, что телефон непрочный.На самом деле всё наоборот! Когда вытаскивала телефон из чехла на улице, я его уронила(телефон).При чём упал он НА АСФАЛЬТ с немалой силой.Я испугалась, крышка отлетела.....Но с ним ничего не случилось!Никаких повреждений.В общем телефон советую всем)))",positive,negative,"Some people say that the phone is not strong. When I pulled the phone out of the cover on the street, I dropped it (phone).What it fell to Asphalt with considerable force.I was scared, the lid flew away. ... But nothing happened to him! In general, I recommend the phone to everyone.)",True,positive->negative,0.375,,,,,,,,,,positive,3.0,0.0,negative,1.0,0.999041736125946,negative,1.0,0.6322764754295349,positive,5.0,0.9985389709472656,negative,1.0,0.6146857738494873,neutral,3.0,0.463535317113019,neutral,3.0,0.0,neutral,3.0,0.69
867,0,"В своей семье всех подсадил на самсунг. Нареканий никогда не было. Я всегда восхищался и рекомендовал всем купить именно этот бренд. Пожалуй самой любимой моделей из телефонов стал абсолютно неубиваемый SGH-E250, до сих пор, а это года 4 минимум все 3 телефона работают как часы, за исключением пары замененных шлейфов, но это копейки. Жизнь ускоряется и требуется всё чаще разговаривать и пользоваться интернетом. Купил сей девайс.",negative,neutral,"In his family, he put everyone on Samsung. There's never been any complaints. I have always admired and recommended that everyone buy this brand. Perhaps the most favorite model of the phones became absolutely indestructible SGH-E250, so far, and this year 4 at least all 3 phones work like a clock, except for a couple of replaced plumes, but this is a penny. Life is speeding up and you need to talk and use the Internet more often. I bought this device.",True,negative->neutral,0.125,,,,,,,,,,positive,5.0,0.0,neutral,3.0,0.9997267127037048,positive,5.0,0.6316988468170166,positive,5.0,0.999170184135437,negative,1.0,0.5116134881973267,negative,1.0,0.4242468386899788,negative,1.0,0.0,negative,1.0,0.4250211352451484
868,0,Лучше альтернатив за свои деньги нет. Ну если только Xiaomi c AliExpress.,positive,neutral,"There are no better alternatives for your money. Well, if only Xiaomi c AliExpress.",True,positive->neutral,0.625,,,,,,,,,,positive,5.0,0.0,neutral,3.0,0.8988627791404724,neutral,3.0,0.6875075101852417,positive,5.0,0.7690985202789307,negative,1.0,0.6917783617973328,neutral,3.0,0.5298840322374212,neutral,3.0,0.0,neutral,3.0,0.47536645372567526
870,0,"Купил 11.2012г за 9200 руб, критерием выбора была в основном цена до 10 тыс. руб. Ронял 3 раза - 2 раза на пол, 1 раз на асфальт, едва заметные сколы рядом с местом для шнурка и только раз отлетала задняя крышка, но аккумулятор даже не шелохнулся.Отключите автоматическую синхронизацию и установите приложение Clean Master - батарея намного дольше проживет.Если вам не жалко на телефон 15 тыс руб, то я бы советовал купить Xperia SP - интересная модель с наворотами от флагманов.",positive,neutral,"I bought 11.2012 for 9200 rubles, the criterion of choice was mainly the price up to 10 thousand rubles. Ronal 3 times - 2 times on the floor, 1 time on the asphalt, barely noticeable chips next to the place for the lace and only once flew back cover, but the battery did not even move. Turn off automatic sync and install the Clean Master app - the battery will live much longer. If you are not sorry for the phone 15 thousand rubles, I would advise you to buy Xperia SP - an interesting model with bells and whistles from the flagships.",True,positive->neutral,0.375,,,,,,,,,,positive,5.0,0.0,positive,5.0,0.8235337138175964,neutral,3.0,0.9011152386665344,negative,1.0,0.6867591142654419,neutral,3.0,0.9052406549453735,negative,1.0,0.5236005717434129,negative,1.0,0.0,neutral,3.0,0.5
871,0,"Купил так как такой же набор характеристик у сопоставимых брендов будет дороже, также решил попробовать какая прошивка у Samsung, китайские телефоны берут ценой (точнее сказать - брали) но их прошивки и перевод на русский оставляют желать лучшего. Работает плавно, приятно, экран хороший, нет авторегулировки яркости. но это в свою очередь продлевает срок до следующей зарядки акума, внешне выглядит приятно. Потребовалась перепрошивка в официальном сервисе для устранения недостатков.",neutral,positive,"I bought since the same set of characteristics from comparable brands will be more expensive, I also decided to try what firmware Samsung has, Chinese phones take the price (or rather, they took it) but their firmware and translation into Russian leave much to be desired. It works smoothly, pleasantly, the screen is good, there is no auto-regulation of brightness, but this in turn extends the period until the next charge of the acuma, looks nice. It took reflashing in the official service to eliminate the shortcomings.",True,neutral->positive,0.5,,,,,,,,,,positive,5.0,0.0,neutral,3.0,0.9996578693389893,neutral,3.0,0.8870043158531189,positive,5.0,0.9947676658630371,negative,1.0,0.6196166276931763,positive,5.0,0.4752333893504927,positive,5.0,0.0,neutral,3.0,0.4
882,0,"У меня было несколько телефонов за мою жизнь, что сносили мне крышу и я могу назвать лучшим опытом. Это sony Ericsson t610. Nokia n70. iPhone 4.Теперь к ним добавился Google pixel 2.",positive,neutral,I've had a few phones in my life that have blown my roof off and I can call it the best experience. This is sony Ericsson t610. Nokia n70. iPhone 4.Now added Google pixel 2.,True,positive->neutral,0.5,,,,,,,,,,positive,5.0,0.0,negative,1.0,0.9960854053497314,neutral,3.0,0.7910484075546265,positive,5.0,0.9948380589485168,neutral,3.0,0.8475887775421143,neutral,3.0,0.5902127154420822,neutral,3.0,0.0,negative,1.0,0.4552804372063406
883,0,"Владел телефон полтора года, честно сказать устал! Про нижний колпачок не говорю! Просто ужасная батарея, кто бы что не говорил, ну просто как можно было на 4 дюймовый экран и такой начинке поставить аккумулятор в 1230 ман.! при активном пользовании не хватает даже на день! Кроме внешнего вида этот телефон больше ничем не привлекает! Хотя еще один + это звук, как плеер очень хороший! Постоянно теряет связь!",neutral,negative,"I’ve owned a phone for a year and a half, I’m really tired. I'm not talking about the bottom cap! Just a terrible battery, no matter what anyone says, well, just how could it be on a 4-inch screen and such a filling to put the battery in 1230 man! with active use is not enough even for a day! Apart from the appearance, this phone is no longer attractive! Although another + is the sound as a player is very good! He's constantly losing touch!",True,neutral->negative,0.5,,,,,,,,,,negative,1.0,0.0,negative,1.0,0.9993079900741577,neutral,3.0,0.4815254211425781,negative,1.0,0.8737765550613403,negative,1.0,0.6564582586288452,neutral,3.0,0.5237747671240289,neutral,3.0,0.0,positive,5.0,0.48
887,0,Стоит ли этот смартфон 5 тысяч? Сомнительно...,neutral,negative,"Is this smartphone worth $5,000? Doubtful...",True,neutral->negative,0.25,,,,,,,,,,positive,3.0,0.0,neutral,3.0,0.9952724575996399,neutral,3.0,0.8579115867614746,negative,1.0,0.747266411781311,negative,1.0,0.354411780834198,neutral,3.0,0.5298840322374212,neutral,3.0,0.0,neutral,3.0,0.47536645372567526
888,0,"юзаю 8 месяцев, изначально хотел покупать запасной акум, но штатный пока справляется, от частых падений задняя крышка в сколах, не удобно печатать нужен спец стилус или пальцы годовалого ребенка (((, как телефон вполне приличный аппарат, как разобраться с навигахой так и не понял гоняет но так определить где же мы не может. не ожидал от флая такой живучести есть в планах взять модель поновей, соотношение цена качество в его пользу",negative,positive,"I have 8 months, originally wanted to buy a spare acum, but the staff is still coping, from frequent falls the back cover in chips, it is not convenient to print a special stylus or fingers of a one-year-old child (((as the phone is quite a decent device, how to deal with navigha and did not understand but so determine where we can not.",True,negative->positive,0.375,,,,,,,,,,positive,5.0,0.0,neutral,3.0,0.9983093738555908,neutral,3.0,0.8463554382324219,positive,5.0,0.9167534112930298,negative,1.0,0.7914009094238281,neutral,3.0,0.5367546380053583,positive,5.0,0.0,neutral,3.0,0.44
898,0,"До сих пор желание вернуться на Мейзу МХ2, но он не тянет ЛТЕ, а без него ни как. Камера от Сони стоит и в Мейзу, но снимки, пусть и на 8мп, получались на Мейзу лучше по цветам, экспозиции, фокусировке, все на автомате.",negative,neutral,"So far, the desire to return to Maisa MX2, but he does not pull LTE, and without it, nothing. The camera from Sonya is also in Maisa, but the pictures, albeit at 8mp, turned out on Maisa better in colors, exposure, focus, all on the machine.",True,negative->neutral,0.625,,,,,,,,,,positive,5.0,0.0,neutral,3.0,0.9633153676986694,neutral,3.0,0.7244307398796082,positive,5.0,0.5002859830856323,negative,1.0,0.6786493062973022,neutral,3.0,0.44401654080505476,neutral,3.0,0.0,neutral,3.0,0.748944486939587
902,0,"Есть с чем сравнивать, 2 года пользовался iphone 3GS и 4S, 6 мес аппаратом на android, WP8 не без недостатков, сыроватая, но со временем все поправят. Уже после покупки сравнивали с друзьями lumia 920, iphone 5 и SGS3, люмия проиграла только по чистоте звука айфону, по офису, камере, экрану и вау эффекту оставила всех позади.",neutral,positive,"There is something to compare, 2 years used the iPhone 3GS and 4S, 6 months of the device on Android, WP8 is not without drawbacks, raw, but over time everything will be corrected. After the purchase was compared with friends lumia 920, iPhone 5 and SGS3, lumia lost only in the purity of sound iPhone, office, camera, screen and wow effect left everyone behind.",True,neutral->positive,0.625,,,,,,,,,,positive,5.0,0.0,neutral,3.0,0.9994053840637207,negative,1.0,0.5632176399230957,positive,5.0,0.9854963421821594,positive,5.0,0.4559879004955292,neutral,3.0,0.43032071476468375,positive,5.0,0.0,positive,5.0,0.5499670527962064
904,0,"До него использовал N958GB и N73XM. По сравнению с этими аппаратами хуже только качество звука при разговоре. В остальном показался намного шустрее. Если стоит выбор между 5800 и 5530 советую взять последний (несмотря на то, что в нем отсутствует GPS).",positive,neutral,"He used the N958GB and N73XM. Compared to these devices, only the sound quality when talking is worse. The rest seemed a lot faster. If you have to choose between 5800 and 5530, you should take the latter one (despite the fact that it does not have GPS).",True,positive->neutral,0.625,,,,,,,,,,negative,1.0,0.0,neutral,3.0,0.999729335308075,neutral,3.0,0.7789039015769958,positive,5.0,0.9962006211280823,negative,1.0,0.42552775144577026,neutral,3.0,0.7898487438841084,neutral,3.0,0.0,neutral,3.0,0.5766478532737122
906,0,"Купил неделю назад за 5т. р. Боже, что это за аппарт! Это просто чудо, все что нужно! Андроид не глючит, все программы без бубна и плясок встают, Ну а батарея! Ребят, 2 дня нагрузки - постоянная музыка в наушниках, 3g интернет и просмотра вконтакте, + ася, на автоматической яркости  осталось 15%. Если вам нужен коммуникатор по умеренной цене, на 4 андроиде, который оооочень долго РАБОТАЕТ то берите и не сомневайтесь",positive,neutral,"I bought it a week ago for $5. Oh, my God, what an apartment! It's a miracle, all you need! Android does not glitch, all programs without tambourine and dance stand up, Well, the battery! Guys, 2 days of load - constant music in headphones, 3G Internet and viewing Vkontakte, + asya, 15% remained on automatic brightness. If you need a communicator at a reasonable price, on 4 androids that work for a very long time, then take and do not hesitate.",True,positive->neutral,0.375,,,,,,,,,,positive,5.0,0.0,negative,1.0,0.9994316697120667,neutral,3.0,0.7049397230148315,positive,5.0,0.999519944190979,positive,5.0,0.7127326726913452,neutral,3.0,0.7453739013885444,neutral,3.0,0.0,negative,1.0,0.42
909,0,"Покупали телефон маме, ну а ей не важно андроид или нет, главное чтобы звонил.Так динамик при звонке рычит и странным образом булькает)",negative,neutral,"We bought a phone for my mom, and she didn’t care about the android or not, as long as he called. So the speaker growls when ringing and gurgles in a strange way.",True,negative->neutral,0.375,,,,,,,,,,positive,5.0,0.0,neutral,3.0,0.9888057708740234,neutral,3.0,0.8395448327064514,negative,1.0,0.980243444442749,negative,1.0,0.5276459455490112,positive,5.0,0.4224814869240401,positive,5.0,0.0,neutral,3.0,0.6233470757786523
911,0,С небольшого падения может треснуть дисплей. И зап. Частей на него не найдёте. Как у меня это случилось. Надеюсь в скором времени для него всё будет . Мой совет при покупке сразу клейте стекло от простого хрн3п и не ждите когда придёт оригинал.,neutral,negative,"With a small fall, the display can crack. And buck. You won't find any parts on it. How did it happen to me? I hope everything will happen to him soon. My advice when buying immediately glue glass from a simple hrn3p and do not wait for the original to come.",True,neutral->negative,0.375,,,,,,,,,,positive,5.0,0.0,negative,1.0,0.9992929697036743,neutral,3.0,0.6668838858604431,negative,1.0,0.7071918845176697,negative,1.0,0.5618307590484619,neutral,3.0,0.4806731011071191,neutral,3.0,0.0,neutral,3.0,0.6312519417260901
919,0,"Брал из-за любви к бренду и дизайна. В такой ценовой категории можно взять получше аппарат того же сегмента, mi, honor, meizu",neutral,positive,"I took it out of a love of brand and design. In this price category, you can take a better device of the same segment, mi, honor, meizu.",True,neutral->positive,0.375,,,,,,,,,,positive,5.0,0.0,positive,5.0,0.9267041087150574,positive,5.0,0.9080193638801575,negative,1.0,0.6457682251930237,neutral,3.0,0.391758531332016,neutral,3.0,0.4966691181937605,neutral,3.0,0.0,neutral,3.0,0.7670021998230809
921,0,Телефон у меня тоже 2.5 года)) доволен)) много раз падал ему хоть бы что))просто царапины по корпусу... нет дефектов с экраном(как у некоторых Sony Ericsson)! Все что нужно есть) Хочу купить себе на следующей недели 6233.....,neutral,positive,"My phone is also 2.5 years old)) is satisfied with it many times fell to him at least, just scratches on the body ... no defects with the screen (like some Sony Ericsson)! Everything you need to eat I want to buy 6233 next week.",True,neutral->positive,0.375,,,,,,,,,,negative,3.0,0.0,positive,5.0,0.9988143444061279,positive,5.0,0.5916412472724915,positive,5.0,0.9986066222190857,negative,1.0,0.5024768710136414,neutral,3.0,0.5922658365584348,neutral,3.0,0.0,neutral,3.0,0.7518764448613033
922,0,"Это то, что я хотел! Посмотрите на цену и на то, что вы за нее получаете! Кому нужен качественный, крепкий, надежный телефон для разговоров - это Philips X622. Аналогов нет. Мне 28 лет. По работе активно разговариваю. Много командировок (от 1 до 10 дней). теперь в командировку зарядку никогда не беру. Устал от громоздких хрупких телефонов, коммуникаторов и смартфонов, которые держат батарею в основном 1-2 дня, а с командировками и полдня не выдерживают. Повсюду зарядки.",positive,neutral,"That's what I wanted! Look at the price and what you get for it! Who needs a high-quality, strong, reliable phone for conversations is the Philips X622. No analogues. I'm 28. I'm very active at work. Lots of business trips (from 1 to 10 days), now on a business trip I never take charging. Tired of bulky fragile phones, communicators and smartphones, which hold the battery for 1-2 days, and with business trips and half a day can not withstand. Charging everywhere.",True,positive->neutral,0.375,,,,,,,,,,positive,5.0,0.0,neutral,3.0,0.7968940734863281,neutral,3.0,0.6859903335571289,positive,5.0,0.999586284160614,negative,1.0,0.4391714632511139,neutral,3.0,0.3818662301480976,negative,1.0,0.0,positive,5.0,0.4
925,0,Не ожидал такого качества от Самсунга...,negative,neutral,I didn’t expect this quality from Samsung.,True,negative->neutral,0.75,,,,,,,,,,neutral,3.0,0.0,neutral,3.0,0.8019201755523682,neutral,3.0,0.8591710925102234,positive,5.0,0.941422164440155,negative,1.0,0.5712921023368835,neutral,3.0,0.5298840322374212,neutral,3.0,0.0,neutral,3.0,0.47536645372567526
927,0,За 10000 лучше не найдёшь...,positive,neutral,"You can't find it for 10,000.",True,positive->neutral,0.75,,,,,,,,,,neutral,3.0,0.0,neutral,3.0,0.9941317439079285,neutral,3.0,0.8758447170257568,positive,5.0,0.8055306673049927,negative,1.0,0.3949219882488251,neutral,3.0,0.5298840322374212,neutral,3.0,0.0,neutral,3.0,0.4753664537256753
930,0,"телефоном владею неделю)на 4ый день оч сильно нагрелся в кармане и када вытащил телефон разрядился полностью, вечером вставленный шнур питания зарядки не воскресил тело, решил зарядить батарею у коллеги с аналогичным аппаратом. после зарядки телефон проснулся и так же грелся, быстро садил акб. за это время выполнил хардресет не помогло. када вставлял заряник иконка зарядки была активной и вроде бы тело заряжалось но толку никакого грелся как пирожок весь аппарат.",neutral,negative,"On the 4th day, the eye was very heated in the pocket and the kada pulled out the phone completely discharged, in the evening the inserted charging cord did not resurrect the body, decided to charge the battery from a colleague with a similar device. after charging, the phone woke up and warmed up as well, quickly sat down the acc. during this time, the hardress did not help. the kada inserted the zaryanikon charging was active and it seemed like the body was charged but no sense to warm up like a pie the whole apparatus.",True,neutral->negative,0.5,,,,,,,,,,positive,5.0,0.0,negative,1.0,0.9980055689811707,positive,5.0,0.5705780982971191,negative,1.0,0.8552164435386658,negative,1.0,0.5470983386039734,neutral,3.0,0.5237258317317284,neutral,3.0,0.0,negative,1.0,0.36
933,0,"Хороший телефон и для звонков, и для лёгкого интернет-сёрфа. Не вызывает ощущения ущербности даже после 2 лет пользования исключительно смартфонами.",neutral,positive,A good phone for both calls and easy internet surfing. It does not cause a feeling of inferiority even after 2 years of using only smartphones.,True,neutral->positive,0.75,,,,,,,,,,positive,5.0,0.0,negative,1.0,0.7934163212776184,positive,5.0,0.4400917887687683,positive,5.0,0.9988148212432861,positive,5.0,0.9010669589042664,neutral,3.0,0.4070183223760256,positive,5.0,0.0,positive,5.0,0.76
934,0,"Когда подключил наушники не работали, хотел нести в ремонт оказывается надо было посильнее вставить штекер до конца пока щелкнет. У меня до этого были телефоны четырёх разных производителей, сравнивая скажу что этот мой первый Nokia C2-01 нравится мне больше всех.",positive,neutral,"When connected headphones did not work, I wanted to carry in the repair turns out it was necessary to insert the plug more forcefully until the end until it clicked. I used to have phones from four different manufacturers before, and I like this first Nokia C2-01 the best.",True,positive->neutral,0.625,,,,,,,,,,positive,5.0,0.0,neutral,3.0,0.9998817443847656,neutral,3.0,0.5941221714019775,negative,1.0,0.5071237683296204,negative,1.0,0.7926945686340332,neutral,3.0,0.7888926004966544,neutral,3.0,0.0,neutral,3.0,0.7355790356896708
935,0,"Сдесь вы переплачиваете за бренд, которой никому не нужен. Не советую для покупки и считаю, что за эти деньги можно купить нечто большое... Без чехла он, как будто так и хочет выскользнуть из рук. Что могу отметить при многочисленных падениях плашмя он выживал неоднократно оставляя незабываемые глубокие царапины.",neutral,negative,"Here you are overpaying for a brand that nobody wants. I do not recommend buying and I believe that with this money you can buy something big. Without a cover, he seems to want to slip out of his hands. What can be noted with numerous falls flat, he survived repeatedly leaving unforgettable deep scratches.",True,neutral->negative,0.5,,,,,,,,,,positive,5.0,0.0,negative,1.0,0.9968366622924805,negative,1.0,0.8298146724700928,negative,1.0,0.842871367931366,negative,1.0,0.5561962723731995,neutral,3.0,0.4386369701008977,neutral,3.0,0.0,neutral,3.0,0.6606802248244015
938,0,"Доволен аппаратом цена качество лучше не найти , брал 3 гб 32 гб из китая перепрошил и счастлив",positive,neutral,"Satisfied with the device, the price is better not to find, took 3 GB 32 GB from China overfished and happy",True,positive->neutral,0.5,,,,,,,,,,positive,5.0,0.0,negative,1.0,0.870806872844696,neutral,3.0,0.7578026056289673,positive,5.0,0.997138261795044,negative,1.0,0.4407746493816376,neutral,3.0,0.70667856301023,neutral,3.0,0.0,neutral,3.0,0.49773739615411783
944,0,"пользуюсь телефон полтора года, выбрал эту модель исходя из цены - нужен был аппарат до 10000 и с 2симками. В пределах такой цены на момент покупки это был один из лучших вариантов. Изначально в телефон не установлено почти ничего, голый андройд, поэтому придется потратить некоторое время чтобы накачать приложений и виджетов под себя.",neutral,positive,"I used the phone for a year and a half, I chose this model based on the price - I needed a device up to 10,000 and with 2 sims. At the time of purchase, this was one of the best options. Initially, almost nothing is installed in the phone, naked android, so you will have to spend some time to pump apps and widgets for yourself.",True,neutral->positive,0.375,,,,,,,,,,positive,5.0,0.0,positive,5.0,0.9402098655700684,neutral,3.0,0.853532075881958,positive,5.0,0.9956052899360657,neutral,3.0,0.824750542640686,neutral,3.0,0.49604234261040847,neutral,3.0,0.0,negative,1.0,0.5
949,0,"До этого 5 лет пользовался note 3. К нему привык и к его большим габаритам. На замену рассматривал lgv30+ или note8. По видео и обзорам никак не мог определяться что взять, думал приду в магазин подержу в руках и пойму что надо, но после того как подержал ясности не добавилось. Оба телефона шикарные, в итоге взял lg. Ребята note реально длинный, 183 мм добавьте еще сюда чехол без которого не рекомендуется пользоваться и аппарат выходит просто очень длинным.",positive,neutral,"I have used Note 3 for 5 years. He is also used to his large size. The replacement was lgv30+ or note8. According to the videos and reviews could not determine what to take, I thought I would come to the store to hold in my hands and understand what I need, but after holding the clarity did not add. Both phones are gorgeous, eventually taking the lg. Guys note is really long, 183 mm add a case without which it is not recommended to use and the device is simply very long.",True,positive->neutral,0.625,,,,,,,,,,positive,5.0,0.0,neutral,3.0,0.9996416568756104,neutral,3.0,0.9048647880554199,positive,5.0,0.9907872080802917,negative,1.0,0.35441893339157104,neutral,3.0,0.47038975356436363,neutral,3.0,0.0,neutral,3.0,0.46
956,0,"1й год - хороший телефон без нареканий2й год - есть претензии, но в целом устраивает.3й год - самая большая мечта, выкинуть его из окна.",neutral,positive,"The 1st year - a good phone without complaints 2nd year - there are claims, but in general it suits the 3rd year - the biggest dream, to throw it out the window.",True,neutral->positive,0.5,,,,,,,,,,positive,5.0,0.0,neutral,3.0,0.9723334908485413,neutral,3.0,0.5744265913963318,negative,1.0,0.6254646182060242,positive,5.0,0.6654055118560791,negative,1.0,0.3533639681222392,positive,5.0,0.0,positive,5.0,0.5311666297643524
958,0,"Этот телефон у меня уже 2 года 3 месяца, телефоном доволен, но он уже устарел.2 года назад Nokia 5530 XM был офигенным, таким и остался лично для меня)))",positive,neutral,"This phone I have 2 years 3 months, the phone is happy, but it is already outdated.2 years ago Nokia 5530 XM was awesome, and it remained so for me personally)",True,positive->neutral,0.625,,,,,,,,,,positive,5.0,0.0,neutral,3.0,0.6296586990356445,positive,5.0,0.5653482675552368,neutral,3.0,0.43707239627838135,negative,1.0,0.7729135155677795,neutral,3.0,0.610033392693679,neutral,3.0,0.0,neutral,3.0,0.7118983572440297
960,0,"Я купила его 2 года назад за 12000.Буквально через 3 месяца после покупки стало невосможно дозвониться,не было соединения,приходилось выключать,а потом заново включать телефон,сейчас по экрану полосы,когда отходит экран,периодически отключается,скажи сейчас мне поменять его на нормальный простой телефон,согласилась бы не раздумываяТеперь понимаю поговорку""встречают по одёжке,провожают по уму!""",negative,neutral,"I bought it 2 years ago for 12000.Literally 3 months after the purchase it became impossible to call, there was no connection, I had to turn off, and then turn on the phone again, now on the screen of the strip, when the screen goes off, periodically shuts down, tell me now to change it to a normal simple phone, I would agree without thinking Now I understand the saying ""meet on clothes, see off the mind!""",True,negative->neutral,0.5,,,,,,,,,,positive,3.0,0.0,neutral,3.0,0.9714515805244446,neutral,3.0,0.6961527466773987,negative,1.0,0.9877069592475891,negative,1.0,0.4988098442554474,neutral,3.0,0.682414243082555,neutral,3.0,0.0,positive,5.0,0.3901859278983209
977,0,"Ну сообственно сначала хотел себе купить АСЕ, но поюзав его и в особенности его экран, понял, что кроме Эппла никто нормальные экраны делать не может. Кароче однозначно отказался от покупки андроида.",neutral,negative,"Well, in fact, at first I wanted to buy myself an ACE, but after getting it and especially its screen, I realized that no one can do normal screens except Apple. Karoche refused to buy the android.",True,neutral->negative,0.375,,,,,,,,,,negative,1.0,0.0,negative,1.0,0.7244746685028076,neutral,3.0,0.6655656099319458,positive,5.0,0.8055846691131592,negative,1.0,0.7213108539581299,neutral,3.0,0.5807263825367994,neutral,3.0,0.0,neutral,3.0,0.6066171350637152
982,0,"подарила жена. ранее этим брэндом не пользовался. за такие деньги не вижу конкурентов этому смарту. падал уже несколько раз и даже не выключался. заливал всем чем только можно ( сок, водка, вода) после липких напитков пришлось немного помучаться засохший лэп оттирать и всё.",positive,negative,"This brand was not used before. for such money I do not see competitors to this smart, fell several times and did not even turn off. poured everything possible (juice, vodka, water) after sticky drinks had to suffer a little dried lap to wipe and all.",True,positive->negative,0.375,,,,,,,,,,neutral,3.0,0.0,negative,1.0,0.9999306201934814,negative,1.0,0.5707182288169861,positive,5.0,0.9433352947235107,negative,1.0,0.8084965944290161,neutral,3.0,0.5697593230474021,neutral,3.0,0.0,neutral,3.0,0.6480295135397088
987,0,"Сколько заплатил за этот аппарат,на столько он и работает,без глюков никак.Вывод-снова бы не купил.",neutral,negative,"How much he paid for this device, so much he works, without glitches in no way.",True,neutral->negative,0.375,,,,,,,,,,positive,3.0,0.0,negative,1.0,0.9998726844787598,negative,1.0,0.5088400840759277,positive,5.0,0.9987019300460815,negative,1.0,0.42819035053253174,neutral,3.0,0.4932260204648315,neutral,3.0,0.0,neutral,3.0,0.7339981441154056
990,0,"Когда телефон только появился его можно было расценивать как имиджевый!! Но теперь... Я купился на то, что в свое время шел фильм где у Бонда была такая трубка и было прикольно прийти в кинотеатр и так сказать не стыдно было достать телефон когда тебе позвонят(но это лирика...)Лично мне не нужен напичканный прогами аппара с сенсорным дисплеем! В телефоне мне в первую очередь нужна хорошая батарейка качественная сборка и в целом прикольный и достойный вид(можно сказать имидж или...).",negative,neutral,"When the phone first appeared, it could be regarded as image!! But now... I bought the fact that at one time there was a movie where Bond had such a pipe and it was fun to come to the theater and so to speak, it was not shameful to get your phone when you get a call (but this is the lyrics...) Personally I do not need a progam-filled device with a touch screen! In the phone, first of all, I need a good battery, high-quality assembly and generally cool and decent look (you can say image or ...).",True,negative->neutral,0.125,,,,,,,,,,positive,5.0,0.0,neutral,3.0,0.60694420337677,positive,5.0,0.6827536821365356,negative,1.0,0.8481783866882324,positive,5.0,0.9108356833457947,negative,1.0,0.6382694133702528,negative,1.0,0.0,negative,1.0,0.6833521467262877
992,0,"В общем, впечатлений масса!",negative,positive,I'm so impressed!,True,negative->positive,0.5,,,,,,,,,,positive,5.0,0.0,neutral,3.0,0.4324333369731903,positive,5.0,0.886915385723114,positive,5.0,0.9816640615463257,positive,5.0,0.7873801589012146,negative,1.0,0.5123700319123787,negative,1.0,0.0,neutral,3.0,0.8077830166063393
995,0,"БРАТЬ!!! посмотрел отзывы с одной звёздочкой)))) ржал)))люди, яблокофон имеет гораздо больше минусов, а  уж в соотношении цена-качество, так гуглофон ваще ему не уступает, сравните характеристики))) Для меня выбор был сразу в сторону HTC, хотя бы потому, что он не такой гламурно-пафосный, да и бизнесмены европы своим выбором подтверждают то, что яблокофон это для тинейджеров, которым нужно чтобы блестело, а не работало.",positive,negative,"BRATE!!! looked at reviews with one star) ) ) People, the apple phone has much more disadvantages, and in the ratio of price-quality, so the googlophone is not inferior to him, compare the characteristics) For me, the choice was immediately in the direction of HTC, if only because it is not so glamorous and pathetic, and European businessmen confirm that the applephone is for teenagers who need to shine, not work.",True,positive->negative,0.375,,,,,,,,,,negative,1.0,0.0,positive,5.0,0.8735873699188232,neutral,3.0,0.662283182144165,negative,1.0,0.8779001235961914,negative,1.0,0.4547171890735626,neutral,3.0,0.8263647942299228,neutral,3.0,0.0,neutral,3.0,0.6
998,0,"Почему то пропадает связь в микро слоте и с симкой Yota, пока в этом слоте стоял мтс, а  в макро Yota все было хорошо. Решил поставить sd карту и начались проблемы, замена симки не помогла. не понимаю в чем причина.",neutral,negative,"Why does the connection in the micro slot and with the Yota SIM disappear, while in this slot there was mts, and in the macro Yota everything was fine. I decided to put a sd card and problems began, replacing the sim did not help.",True,neutral->negative,0.375,,,,,,,,,,negative,1.0,0.0,negative,1.0,0.9996633529663086,neutral,3.0,0.8350141644477844,negative,1.0,0.8224093914031982,positive,5.0,0.44497016072273254,neutral,3.0,0.48648195548603895,neutral,3.0,0.0,neutral,3.0,0.5873845484156128
