label,text,vader_neg,vader_neu,vader_pos,vader_compound,vader_sentiment,vader_score,flair_score,flair_sentiment,flair_confidence,rubert_raw_label,rubert_score,rubert_sentiment,rubert_confidence,roberta_raw_label,roberta_score,roberta_sentiment,roberta_confidence,distilbert_raw_label,distilbert_score,distilbert_sentiment,distilbert_confidence,logistic_regression_score,logistic_regression_sentiment,logistic_regression_confidence,svm_score,svm_sentiment,svm_confidence,random_forest_score,random_forest_sentiment,random_forest_confidence,ensemble_score_raw,ensemble_score,ensemble_sentiment,actual_sentiment,is_correct_vader,is_correct_flair,is_correct_rubert,is_correct_roberta,is_correct_distilbert,is_correct_logistic_regression,is_correct_svm,is_correct_random_forest,is_correct_ensemble,translated_text,translation_ok
NEGATIVE,"эта вода всегда была неплохой: не оставляет накипи, на вкус норм, бутылки удобные, а цена бескомпромиссна. однако, в последнем заказе попались несколько бутылок, в которых вода воняла хлоркой. я человек впечатлительный и больше это покупать не буду.",0.0,0.901,0.099,0.4675,Positive,5,1,Negative,0.975297749042511,neutral,3,Neutral,0.6780545711517334,neutral,3,Neutral,0.6330070495605469,Negative,1,Negative,0.49801385402679443,3,Neutral,0.6213129937152934,3,Neutral,0.0,3,Neutral,0.48,2.75,3,Neutral,Negative,False,True,False,False,True,False,False,False,False,"This water has always been good: does not leave scale, the taste of norms, the bottles are convenient, and the price is uncompromising. however, in the last order there were several bottles in which the water stinked of bleach.",True
NEUTRAL,"еда вкусная, недорогая, порции средние, ожидали блюдо минут 10-15. номера на 4- нет окна, точнее оно есть, но в потолке, при дожде вода заливается. ванная удобная, горячая вода есть. расположение в близи города, но пешком не дойти.",0.032,0.968,0.0,-0.1531,Negative,3,3,Neutral,0.999693751335144,neutral,3,Neutral,0.7289789319038391,neutral,3,Neutral,0.5641207695007324,Neutral,3,Neutral,0.7049065828323364,3,Neutral,0.669304829590272,3,Neutral,0.0,3,Neutral,0.5705579004445223,3.0,3,Neutral,Neutral,False,True,True,True,True,True,True,True,True,"food is tasty, inexpensive, medium portions, waited for a dish for 10-15 minutes. rooms for 4 - there is no window, more precisely it is, but in the ceiling, in the rain the water is poured. the bathroom is convenient, hot water is located near the city, but you can not walk.",True
NEGATIVE,"на сайте режим работы до 21.00. кошке стало плохо, звоню- говорят мы до 20.00. но запись до 19.00. отвечаю, что срочно приедем, помощь нужна, описываю ситуацию. ответили сдавайте анализы, делайте узи и после звоните записывайтесь на приём. вобщем экстренно здесь не помогут. поехали в другую клинику.",0.031,0.855,0.115,0.7351,Positive,5,1,Negative,0.9999618530273438,neutral,3,Neutral,0.5702029466629028,negative,1,Negative,0.9994284510612488,Negative,1,Negative,0.3836309611797333,1,Negative,0.729411448463675,1,Negative,0.0,1,Negative,0.5650211352451484,1.75,2,Negative,Negative,False,True,False,True,True,True,True,True,True,"on the site mode of work until 21.00. the cat became ill, call - we say until 20.00. but the record before 19.00. I answer that we urgently come, help is needed, describe the situation. answered to take tests, make an ultrasound and then make an appointment. in general urgently here will not help. went to another clinic.",True
NEGATIVE,"честно говоря, после первых трех сериях ожидал немного большего, а получил обычный исекай. сначала о плюсах, в аниме интересный главный герой. голос молодого юноши, который проносится в его голове, неплохо так контрастирует с басом короля-лича, что смотрится забавно. то, как герой превозмогает, уже всем надоело, поэтому смотреть за тем, как всемогущий 100-уровневый игрок побеждает даже сильнейших тварей, доставляет так же, как это было, скажем, в ванпанчмене или мобе. в принципе, все. обычный такой неплохой исекай без какого-либо проработанного сюжета или мира. сериал ощущается как очередная реклама неплохого ранобе. хотите узнать о принципах работы магии и скилов в этом мире - идите читайте ранобе. хотите получить нормальную информацию об этом мире - читайте ранобе. в аниме вся информация довольно скудная, а сам сюжет нелогичен и высосан из пальца. лично мне понравились только первые три серии и хомяк, остальное вообще не вызывает интереса, если вы смотрели хотя бы полтора исекая. оценка 7 из 10. если вы никогда не смотрели исекаи, думаю, вам понравится, но если у вас их просмотрено по крайней мере с десяток, вы ничего интересного не найдете.",0.044,0.754,0.202,0.9565,Positive,5,1,Negative,0.9995287656784058,positive,5,Positive,0.8435941934585571,positive,5,Positive,0.9958564639091492,Positive,5,Positive,0.8427908420562744,3,Neutral,0.9058681343152805,3,Neutral,0.0,3,Neutral,0.41,3.75,4,Positive,Negative,False,True,False,False,False,False,False,False,False,"Honestly, after the first three episodes I expected a little more, and got an ordinary isekai. first about the pluses, in the anime interesting protagonist. the voice of a young man, which sweeps through his head, is a good contrast with the bass of the king-lich, that looks funny. how the hero overcomes, everyone is already tired, so watch how the almighty 100-level player defeats even the strongest creatures, delivers interest, as it was, say, in principle, everything is normal such a good story and does not cause you to get enough information from this series early and do not think about the world.",True
POSITIVE,"давненько я такой годноты не смотрел. первый сезон даже сравнивать не буду, потому что он был довольно посредственным ( 6 баллов я ему поставил) , но вот 2 сезон меня порадовал. действия разворачиваются спустя 25 лет после событий 1 сезона, но теперь в аниме есть как старые, так и новые персонажи. в данном тайтле уровень кавая мне показался достаточным, но также не забыли и про сюжет. главные героини - няшки, больше всего понравилась аскуру, хотя они все кавайные. но больше всего мне понравилось то , что в аниме присутсвует драмма, а последняя серия так просто epic win.моя оценка 910 . ради 2 сезона стоит посмотреть и 1.",0.0,0.864,0.136,0.9468,Positive,5,3,Neutral,0.9962928891181946,neutral,3,Neutral,0.5718636512756348,positive,5,Positive,0.9981527924537659,Negative,1,Negative,0.8443053960800171,3,Neutral,0.6611846845321783,3,Neutral,0.0,3,Neutral,0.52,3.25,3,Neutral,Positive,True,False,False,True,False,False,False,False,False,"I haven’t watched this for a long time. the first season I won’t even compare, because it was quite mediocre (I gave him 6 points), but season 2 I was pleased. the action takes place 25 years after the events of season 1, but now there are both old and new characters in the anime. in this title, the level of kawai I thought was enough, but also I did not forget about the plot. the main characters are nannies, most of all I liked the ascura, although they are all kawai. but most of all I liked the fact that the anime has a drama, and the last series is so simple 9. Season 2 is worth watching and 1.",True
NEUTRAL,сабантуй. на третьей меня заломали:),0.383,0.617,0.0,-0.4767,Negative,1,1,Negative,0.7059967517852783,neutral,3,Neutral,0.5514340400695801,negative,1,Negative,0.5776903629302979,Neutral,3,Neutral,0.6448294520378113,3,Neutral,0.5298840322374212,3,Neutral,0.0,3,Neutral,0.47536645372567526,2.25,2,Negative,Neutral,False,False,True,False,True,True,True,True,False,Sabantuy. on the third I was broken:,True
NEGATIVE,"специфический вкус, мне сосем не по вкусу. брать больше не буду!",0.0,0.545,0.455,0.6124,Positive,5,1,Negative,0.9969629645347595,positive,5,Positive,0.5945941805839539,negative,1,Negative,0.7820350527763367,Negative,1,Negative,0.5520368218421936,3,Neutral,0.5432062483394875,3,Neutral,0.0,5,Positive,0.6544053146723852,3.0,3,Neutral,Negative,False,True,False,True,True,False,False,False,False,"I don’t like the taste, I don’t like it anymore.",True
NEUTRAL,"пицца пепперони соль (пересоленная очень) много масла сама колбаса которая не понравились (понятно, что на вкус и цвет, но есть с чем сравнивать , так как везде заказываю именно пепперони)nобслуживание -2 nзаведение находится на пешей туристической улице ,как будто не рассчитано на постоянных клиентов , пришли , поели , ушли, отсюда все что написал выше , про обслуживание в первую очередь .",0.025,0.947,0.028,0.0631,Neutral,3,3,Neutral,0.9999476671218872,neutral,3,Neutral,0.7842379808425903,negative,1,Negative,0.9497579336166382,Negative,1,Negative,0.7436500191688538,3,Neutral,0.691891263209487,3,Neutral,0.0,3,Neutral,0.5099577295097032,2.5,2,Negative,Neutral,True,True,True,False,False,True,True,True,False,"Pizza pepperoni salt (resalted very) a lot of butter sausage itself that did not like (it is clear that the taste and color, but there is something to compare, since everywhere I order it pepperoni)n service -2 n establishment is on a hiking tourist street, as if not designed for regular customers, came, ate, left, from here everything I wrote above, about service in the first place.",True
POSITIVE,за эти деньги куртка - супер! размеры соответствуют таблицы! швы все прошиты ровненько доставка курьером на дом - я довольна!спасибо огромное вашему магазину!,0.0,0.687,0.313,0.9233,Positive,5,5,Positive,0.9984544515609741,positive,5,Positive,0.9935025572776794,positive,5,Positive,0.9905983805656433,Very Positive,5,Positive,0.7213461995124817,5,Positive,0.9112453312925552,5,Positive,0.0,5,Positive,0.98,5.0,5,Positive,Positive,True,True,True,True,True,True,True,True,True,For this money jacket - super! the size corresponds to the table! I am so happy with the delivery of the courier to the house! thank you very much to your store!,True
NEGATIVE,качество на 2,0.0,1.0,0.0,0.0,Neutral,3,3,Neutral,0.8942712545394897,neutral,3,Neutral,0.7859495282173157,negative,1,Negative,0.6177630424499512,Neutral,3,Neutral,0.8506227135658264,3,Neutral,0.6443344620202665,3,Neutral,0.0,3,Neutral,0.5400064671087498,2.75,3,Neutral,Negative,False,False,False,True,False,False,False,False,False,quality 2,True
NEUTRAL,"доставка быстрая, возврат всегда прекрасно проходит, нареканий нет. кроме одного. пожалуйста, попросите работника с темными волосами мыться или пользоваться дезодорантомстоять внутри порой просто невыносимо от стойкого запаха пота",0.163,0.7,0.137,-0.2023,Negative,3,3,Neutral,0.9999374151229858,neutral,3,Neutral,0.7266032099723816,positive,5,Positive,0.4381706118583679,Positive,5,Positive,0.3484433591365814,3,Neutral,0.6040781554377112,3,Neutral,0.0,5,Positive,0.3428206136748379,3.75,4,Positive,Neutral,False,True,True,False,False,True,True,False,False,"Delivery is fast, return is always fine, there are no complaints. except one. please ask an employee with dark hair to wash or use deodorant.",True
NEUTRAL,"не жесткое, но слишком сладкое ! не удивительно, ведь но полностью усыпано сахаром ! (см фото) много сахара, очень много ! так и хрустит на зубах, портя эмаль ! больше не куплю.",0.064,0.764,0.172,0.6103,Positive,5,3,Neutral,0.9885579347610474,neutral,3,Neutral,0.6405947804450989,negative,1,Negative,0.8658596277236938,Negative,1,Negative,0.6379287242889404,3,Neutral,0.5683763772740158,3,Neutral,0.0,3,Neutral,0.55,2.75,3,Neutral,Neutral,False,True,True,False,False,True,True,True,True,"Not hard, but too sweet! Not surprisingly, it’s full of sugar! (See photo) Lots of sugar, lots of sugar! It crunches on your teeth, spoiling your enamel! I won't buy any more.",True
POSITIVE,"хороший общепит, вкусные пончики, супчик и кофе. прекрасное место заезда перекусить. прекрасный персонал и отличная кухня. доступная парковка, прекрасное место",0.0,0.429,0.571,0.9738,Positive,5,5,Positive,0.995071530342102,positive,5,Positive,0.995501697063446,positive,5,Positive,0.5738258361816406,Positive,5,Positive,0.7570855021476746,5,Positive,0.5428826130168135,5,Positive,0.0,5,Positive,0.72,5.0,5,Positive,Positive,True,True,True,True,True,True,True,True,True,"good catering, delicious doughnuts, soup and coffee. great place to check in for a snack. great staff and excellent cuisine. affordable parking, great place",True
NEGATIVE,"это не халат,это очень маленько размера кофточка. деньги потрачены зря!",0.28,0.72,0.0,-0.5411,Negative,1,1,Negative,0.924882173538208,negative,1,Negative,0.8385114073753357,negative,1,Negative,0.949782133102417,Very Negative,1,Negative,0.574611246585846,5,Positive,0.5291999389870358,5,Positive,0.0,3,Neutral,0.5948582071215054,2.25,2,Negative,Negative,True,True,True,True,True,False,False,False,True,"It's not a robe, it's a very small jacket. The money wasted!",True
POSITIVE,"видела много отзывов,что гинтама смотрится тяжело и не каждый осилит с первого раза.лично я посмотрела всё за неделю.я влюбилась в гинтаму с первой серии.и чем дальше смотрела,тем больше влюблялась.были серии в которых я заливалась смехом,и были серии в которых мне казалось,что я вот-вот заплачу.в данном сериале очень сложно выбрать себе фаворита среди персонажей,ибо каждый по-своему крут и уникален.что касается главного героя,могу сказать,что гинтоки очень интересный персонаж.очень занимательно анализировать его монологи и поступки,не смотря на то что он может показаться обычным разгильдяем.опенинги,ендинги,фоновая музыка - всё как на подбор шикарно.гинтама - это история о крепкой дружбе,узах,которые могут быть сильнее родственных и даже немножко о любви)но имхо,насколько гинтама весёлая - настолько она и грустная.хоть я и недавно влилась в этот большой фандом,но могу точно сказать,что гинтама - это как стиль жизни.в общем советую всем любителям чёрного юмора и не только)итоговая оценка : 10 отвергнутых горилл из 10600x330746x557",0.036,0.807,0.157,0.9308,Positive,5,5,Positive,0.9996974468231201,neutral,3,Neutral,0.6022959351539612,positive,5,Positive,0.9994649291038513,Positive,5,Positive,0.8912127614021301,5,Positive,0.48489778719972737,5,Positive,0.0,5,Positive,0.47,4.75,5,Positive,Positive,True,True,False,True,True,True,True,True,True,"I saw a lot of reviews that the gintama looks hard and not everyone will overcome the first time.Personally I watched everything for a week.I fell in love with gintama from the first series.and the further I watched, the more I fell in love.There were series in which I was filled with laughter, and there were series in which I thought that I was about to pay.In this series it is very difficult to choose a favorite among the characters, because everyone is cool and unique.I can say that the gintoks are very interesting characters.46.I can analyze his actions very interesting.57 - how strongly she can say in general about this gynthogynytovnyuyuyuyuyuyuyuyuyuyuyuyuyuyuyuyuyuyuyuyuyuyuyuyuyuyuyuyuyuyuyuyuyuyuyuyuyuyuyuyuyuyuyuyuyuyuyuyuyuyuyuyuyu",True
NEUTRAL,"честно говоря, соус совсем не понравился. какой-то неприятный химозный привкус.",0.271,0.573,0.156,-0.2982,Negative,3,3,Neutral,0.734988272190094,neutral,3,Neutral,0.7432907223701477,negative,1,Negative,0.7819715142250061,Negative,1,Negative,0.8172334432601929,3,Neutral,0.6367194835281359,3,Neutral,0.0,3,Neutral,0.43,2.5,2,Negative,Neutral,False,True,True,False,False,True,True,True,False,"Honestly, I didn't like the sauce at all. It's kind of an unpleasant chemical taste.",True
NEUTRAL,маленький зал ожидания. но видимо для небольшого населенного пункта -этого достаточно. есть несколько ячеек камеры хранения. рядом скромная столовая. не впечатлило. на перроне много сотрудников охраны. внимательно следят за безопасностью. пока ждали экспресс в рускеала посетили поезд деда мороза. очень понравилось. цена билета -250 руб. народу в марте не было вообще. так что получили индивидуальную экскурсию по поезду и хорошие фото.,0.038,0.8,0.162,0.8965,Positive,5,3,Neutral,0.9999784231185913,neutral,3,Neutral,0.5186221599578857,negative,1,Negative,0.6371174454689026,Positive,5,Positive,0.4679291546344757,3,Neutral,0.8639507555081977,3,Neutral,0.0,3,Neutral,0.51,3.25,3,Neutral,Neutral,False,True,True,False,False,True,True,True,True,a small waiting room. but apparently for a small settlement - this is enough. there are several cells of the storage chamber. next to the modest dining room. not impressed. on the platform many security officers. closely monitor security. while waiting for the express in Ruskeala visited the train grandfather frost. very much liked. the ticket price -250 rubles. people in March was not at all. so we got an individual tour of the train and good photos.,True
POSITIVE,"качественный товар , быстрая доставка",0.0,0.58,0.42,0.4404,Positive,5,5,Positive,0.9900770783424377,positive,5,Positive,0.9849743843078613,positive,5,Positive,0.9996787309646606,Positive,5,Positive,0.7492490410804749,5,Positive,0.7298959613059667,5,Positive,0.0,5,Positive,0.48047149294759545,5.0,5,Positive,Positive,True,True,True,True,True,True,True,True,True,"Good quality products, fast delivery",True
NEUTRAL,"качество бензина: отвратное! за год меняла топливный фильтр два раза! и промывала бак от осадка!nобслуживание: бесконтактное, имееться необходимый сопутствующие товары, типо тосола или масла. недавно уменьшили количество колонок и пистолета.",0.13,0.793,0.076,-0.4168,Negative,1,3,Neutral,0.9999189376831055,negative,1,Negative,0.7555476427078247,negative,1,Negative,0.9951786994934082,Very Negative,1,Negative,0.5908535718917847,3,Neutral,0.7352071124942915,3,Neutral,0.0,3,Neutral,0.7527412706325814,2.0,2,Negative,Neutral,False,True,False,False,False,True,True,True,False,"Gasoline quality: disgusting! for a year changed the fuel filter twice! and washed the tank from the sediment!n Maintenance: contactless, there are necessary related products, like rosine or oil.",True
POSITIVE,"приехали в славный город казань в первый раз и после долгой прогулки по городу зашли случайно в это кафе и не ошиблись. заведение очень атмосферное, уютное в прованском стиле и приятная музыка. ужинали компанией 5 человек. еда была безумно вкусная судак в сливочном соусе с картошкой мммм, азу по татарски вообще шедевр про ягнёнка с картофелем вообще молчу, ну отдельно скажу за грибной супчик, огонь. отдельно хочется по благодарить официанта назара, настолько вежливый, обходительный и понимающий молодой человек. вообще время провели прекрасно в вашем заведении и поели очень вкусно и отдохнули прекрасно. очень рекомендую это заведение, не пожалеете, что зашли.",0.039,0.756,0.205,0.9526,Positive,5,5,Positive,0.9996531009674072,positive,5,Positive,0.9800264835357666,positive,5,Positive,0.9991356730461121,Positive,5,Positive,0.7783942222595215,5,Positive,0.8228332176688854,5,Positive,0.0,5,Positive,0.49,5.0,5,Positive,Positive,True,True,True,True,True,True,True,True,True,"came to the glorious city of Kazan for the first time and after a long walk around the city came by chance to this cafe and did not make a mistake. the institution is very atmospheric, cozy in the Provencal style and pleasant music. dinner with 5 people. the food was insanely tasty perch in cream sauce with potatoes mm, azu in Tatar in general a masterpiece about lamb with potatoes in general, well, I will say separately for mushroom soup, fire. separately I want to thank the Nazar waiter, so polite and understanding a young man in general, I did not recommend it very well.",True
NEUTRAL,"пятна, сильно большое, длинное, курьер порадовал",0.0,0.674,0.326,0.4404,Positive,5,3,Neutral,0.9464684724807739,neutral,3,Neutral,0.7897981405258179,negative,1,Negative,0.8298529386520386,Positive,5,Positive,0.6378676891326904,3,Neutral,0.4217341794051353,5,Positive,0.0,3,Neutral,0.46430700428445826,3.5,4,Positive,Neutral,False,True,True,False,False,True,False,True,False,"stain, very large, long, the courier pleased",True
NEUTRAL,"вежливый и грамотный персонал, но неудачно расположен, для посещения на авто",0.0,0.858,0.142,0.1655,Positive,3,3,Neutral,0.9992929697036743,neutral,3,Neutral,0.5796396732330322,negative,1,Negative,0.421253502368927,Positive,5,Positive,0.3788599967956543,5,Positive,0.8067583429486762,5,Positive,0.0,3,Neutral,0.51,3.5,4,Positive,Neutral,False,True,True,False,False,False,False,True,False,"polite and competent staff, but poorly located, to visit by car",True
POSITIVE,хорошая.на размер 48-50 подошло хорошо,0.0,0.633,0.367,0.4404,Positive,5,5,Positive,0.9983903169631958,positive,5,Positive,0.993787407875061,positive,5,Positive,0.655622124671936,Positive,5,Positive,0.914220929145813,3,Neutral,0.5376825823705923,3,Neutral,0.0,3,Neutral,0.5165756017846019,4.25,4,Positive,Positive,True,True,True,True,True,False,False,False,True,The size of 48-50 was good.,True
NEUTRAL,"аниме клевое. ожидал развитие романтических отношений между нивой и эрио, но получилось лишь развитие дружеских отношений. мне понравилась маэкава, она крутая. однако тетушка мэмэ тоже нечто, самый крутой персонаж данного аниме! кстати заметил с самого начала то, что нива-кун похож на сакишиму-куна из аниме ""безоблачное завтра"". хм, может они тоже кузены? аниме в целом понравилось. оно легкое, смешное, местами романтическое, но конечно не будет в моем списке одних из лучших, но тоже имеет свое особенное место.",0.0,0.691,0.309,0.9895,Positive,5,5,Positive,0.995972216129303,positive,5,Positive,0.9290679097175598,positive,5,Positive,0.9981837868690491,Positive,5,Positive,0.638675332069397,3,Neutral,0.4209224993857259,3,Neutral,0.0,3,Neutral,0.46,4.25,4,Positive,Neutral,False,False,False,False,False,True,True,True,False,"Anime cool. expected the development of a romantic relationship between niva and erio, but it turned out only the development of friendships. I liked the maekava, she's cool. but Auntie maeme is also something, the coolest character of this anime! By the way, he noted from the very beginning that niva-kun is like sakishima-kun from the anime ""cloudless tomorrow."" um, maybe they are cousins too? the anime in general liked. it is light, funny, sometimes romantic, but of course will not be on my list of some of the best, but also has its own special place.",True
NEGATIVE,"плохой фарш, консистенция, запуск, привкус - жуть! выбирайте другой фарш.",0.322,0.678,0.0,-0.5848,Negative,1,1,Negative,0.9994220733642578,negative,1,Negative,0.6667602062225342,negative,1,Negative,0.9787260293960571,Very Negative,1,Negative,0.7899011373519897,1,Negative,0.6200489321122467,1,Negative,0.0,1,Negative,0.86,1.0,1,Negative,Negative,True,True,True,True,True,True,True,True,True,"Bad mince, consistency, launch, taste - creepy! choose another mince.",True
POSITIVE,"классная кофта , покупала за 377 рублей! немного большевата но ничего страшного и так смотрится круто!",0.0,0.593,0.407,0.8374,Positive,5,5,Positive,0.9811995029449463,positive,5,Positive,0.9917228817939758,positive,5,Positive,0.9758105278015137,Positive,5,Positive,0.7970513701438904,5,Positive,0.5720925438497682,5,Positive,0.0,3,Neutral,0.5336876476743762,4.75,5,Positive,Positive,True,True,True,True,True,True,True,False,True,"Cool sweatshirt, bought for 377 rubles! a little too big but nothing terrible and so looks cool!",True
NEGATIVE,"заказывала второй раз у этого продавца. в первый раз, все было на уровне. а сейчас - не ровный принт :(. очень расстроена :( :( :(",0.23,0.77,0.0,-0.7159,Negative,1,1,Negative,0.9611291289329529,negative,1,Negative,0.7001470327377319,negative,1,Negative,0.9836153388023376,Negative,1,Negative,0.5324088931083679,3,Neutral,0.5494837003107925,3,Neutral,0.0,3,Neutral,0.44,1.75,2,Negative,Negative,True,True,True,True,True,False,False,False,True,"I ordered the second time from this seller. the first time, everything was level. and now - not even print : (. very upset : : : : ):",True
NEGATIVE,"часто посещали это заведение с другом, все нравилось, кроме отношения администратора к гостям, но прошлый такой инцидент описывать не буду сейчас, т.к было давненько. n21.04.2023 пришли в шамайку, заказали по паре пива и борщи - все супер. после заказали кольца кальмара и они оказались ужасными! берёшь пальцами это кольцо, а кальмар сразу выскальзывает из панировки, к тому же везде была пленка, которую не прожевать и она должна убираться с кальмара. вежливо сообщили официанту (к нему 0 претензий вообще) об этой ситуации и потом пришла администратор ангелина, которая сходу заявила, что шеф повар все приготовил правильно и кольца кальмара такие и должны быть, причем говорила она очень надменно. позвали шеф-повара, но он забоялся к нам подходить, если верить ангелине. предложили ангелине признать, что так быть не должно и качество этих колец кальмара ужасное, а мы бы продолжили отдыхать, закрыв на это глаза, но ангелина взъерепенилась и продолжила утверждать, что у них все идеально, мол сами вы дураки. после этого мы написали отзыв в книгу жалоб и предложение, попросили счёт, оплатили и уехали в другое заведение. настроение испорчено было полностью! nnпрошу руководство шамайки хаус проверить качество пф кольца кальмара и работу ангелины. nnтакже прошу руководство ответить на мой отзыв в книге жалоб, очень уж интересно. nnтакой клиентоориентированности от вас не ожидали.",0.028,0.854,0.118,0.9198,Positive,5,1,Negative,0.9999048709869385,neutral,3,Neutral,0.5592524409294128,negative,1,Negative,0.8585225939750671,Very Negative,1,Negative,0.7500325441360474,1,Negative,0.8317805408980292,1,Negative,0.0,1,Negative,0.45,1.75,2,Negative,Negative,False,True,False,True,True,True,True,True,True,"often visited this institution with a friend, everything was liked, except the attitude of the administrator to the guests, but the last such incident I will not describe now, because it was a long time ago. n21.04.2023 came to the squid, politely informed the waiter (to him 0 claims in general) about this super. after ordering the squid rings and they turned out to be terrible! you took this ring with your fingers, and the squid immediately slips out of the bread, besides there was a film that she should not chew and she politely told the waiter about this book, interestingly asked the angel for this job, and then I asked him to tell you about the quality of the boss, and then I did not believe it, but I did not have to be sure about it.",True
NEUTRAL,"не очень плохо, но не советую.",0.278,0.521,0.201,-0.1877,Negative,3,1,Negative,0.6261494159698486,neutral,3,Neutral,0.5570399165153503,neutral,3,Neutral,0.5875311493873596,Negative,1,Negative,0.826177179813385,1,Negative,0.7757830413671347,1,Negative,0.0,1,Negative,0.7535855425546485,1.75,2,Negative,Neutral,False,False,True,True,False,False,False,False,False,"Not too bad, but I don't recommend it.",True
NEUTRAL,"манга сочитает в себе юмор (которого там в меру) и романтику, которая меня поражаетособенно меня порадовал, не шаблонный сюжет.а еще. манга продолжается до сих пор, и мы можем узнать, чем закончится, любовная история аой и сюсеяну, а так как я натура романтичная, манге я ставлю 10 из 10!спасибки автору и переводчикам!приятного чтения!",0.0,0.713,0.287,0.96,Positive,5,3,Neutral,0.9989532232284546,positive,5,Positive,0.8987354636192322,positive,5,Positive,0.9997091889381409,Very Positive,5,Positive,0.6127120852470398,3,Neutral,0.6204813245916836,3,Neutral,0.0,3,Neutral,0.6285891505889525,4.0,4,Positive,Neutral,False,True,False,False,False,True,True,True,False,"The manga combines humor (which is there in moderation) and romance, which amazes me especially pleased me, not a template plot. and yet. the manga continues to this day, and we can find out how it ends, the love story aoi and Susanu, and since I am a romantic nature, the manga I put 10 out of 10!",True
POSITIVE,нежнейшая печень. аж тает во рту.,0.0,0.854,0.146,0.0516,Neutral,3,1,Negative,0.6331194639205933,neutral,3,Neutral,0.6678208112716675,positive,5,Positive,0.9671903252601624,Negative,1,Negative,0.35846132040023804,3,Neutral,0.5239936359597817,3,Neutral,0.0,5,Positive,0.6859599840566283,3.0,3,Neutral,Positive,False,False,False,True,False,False,False,True,False,It's a delicate liver. It's melting in your mouth.,True
NEGATIVE,"шумная музыка после 22:00, буду звонить в полицию если дальше так продолжится. заснуть под баскова не получается.",0.145,0.855,0.0,-0.1779,Negative,3,3,Neutral,0.9998847246170044,neutral,3,Neutral,0.6332835555076599,negative,1,Negative,0.9765946269035339,Negative,1,Negative,0.5380671620368958,1,Negative,0.836324752758224,1,Negative,0.0,1,Negative,0.5417872164315853,1.75,2,Negative,Negative,True,False,False,True,True,True,True,True,True,"Noisy music after 22:00, I will call the police if this continues.",True
POSITIVE,"техника вперед! электроника тоже! математика,физика,химия это все союз! трех великих вещей, без них мы были,как каменный музей, а может еще хуже. как.о-о-о!ужас!кровь в жилах стынет! как тупые мухи мы бегали бы везде и не могли себе подсчитать сколько нам нужно молока!",0.115,0.63,0.255,0.5848,Positive,5,1,Negative,0.6446976065635681,neutral,3,Neutral,0.5133262276649475,positive,5,Positive,0.9776542782783508,Very Negative,1,Negative,0.822553813457489,3,Neutral,0.6583736057970188,3,Neutral,0.0,3,Neutral,0.79,3.0,3,Neutral,Positive,True,False,False,True,False,False,False,False,False,"Mathematics, physics, chemistry is all a union! three great things, without them we were like a stone museum, and maybe even worse.",True
NEUTRAL,"по размеру все хорошо, тянется. но самый главный косяк - линяет! сильно линяет, замарала весь низ белых близок.",0.0,0.731,0.269,0.7168,Positive,5,3,Neutral,0.99935382604599,neutral,3,Neutral,0.7190064191818237,negative,1,Negative,0.5524863004684448,Negative,1,Negative,0.27949467301368713,3,Neutral,0.7376807186072739,3,Neutral,0.0,3,Neutral,0.57,2.75,3,Neutral,Neutral,False,True,True,False,False,True,True,True,True,"Everything is fine in size, stretches, but the most important joint - sheds! strongly molts, the whole bottom of the whites is close.",True
POSITIVE,"прекрасный отель. ранее был известен, как хайаят. отличные номера. удобное расположение в центре сочи. интересное решение ванной с возможностью сквозного прохода через неё. окна в пол. жаль только, что вид из окон сейчас на стройку, что ведётся круглосуточно с единственным перерывом с 6 до 8 утра. по этому, по возможности, бронируйте номера с видом на морской порт, а не на зимний театр. всем хорошего отдыха и приятных путешествий.",0.023,0.784,0.194,0.9485,Positive,5,5,Positive,0.9973661303520203,positive,5,Positive,0.9851565361022949,positive,5,Positive,0.9726549386978149,Positive,5,Positive,0.8155978322029114,5,Positive,0.7772010733252902,5,Positive,0.0,5,Positive,0.68,5.0,5,Positive,Positive,True,True,True,True,True,True,True,True,True,"beautiful hotel. was previously known as a hiayat. excellent rooms. convenient location in the center of Sochi. an interesting solution of the bathroom with the possibility of a through passage through it. windows to the floor. it's a pity only that the view from the windows is now on the construction site, which is conducted around the clock with a single break from 6 to 8 in the morning. therefore, if possible, book rooms with views of the seaport, not the winter theater. all good rest and pleasant travel.",True
POSITIVE,"очень хорошие место. много раз там был приятные продавцы. всё подскажут, всё расскажут.",0.0,0.678,0.322,0.734,Positive,5,5,Positive,0.9990707039833069,positive,5,Positive,0.9865258932113647,neutral,3,Neutral,0.5794016122817993,Positive,5,Positive,0.8709027171134949,3,Neutral,0.470516341675643,3,Neutral,0.0,5,Positive,0.5008238798982688,4.25,4,Positive,Positive,True,True,True,False,True,False,False,True,True,It's a very nice place. There were a lot of nice vendors there. They'll tell you everything.,True
NEGATIVE,"в ресторан люди ходят за хорошим обслуживанием и вкусной едой. к сожалению, ни одного из компонентов не было.nпринесли глянцевое липкое меню, сильно не вглядывалась, так как шли конкретно за хинкали, их и заказали. принесли унылые разбросанные хаотично по большой тарелке хинкали. по вкусу: с мясом (кроме легкого аромата кинзы никаких специй, пресно, не интересно, мяса мало катастрофически); с сыром (тут отдельная песня, сыра не видела, видела творог с водой без соли, без всего, на вкус точно так же, творог с водой)nназываетесь хинкальная, так соответствуете.nпо напиткам, заказали холодный чай (к слову, лицензии нет на алкоголь, но и не хотелось). в меню 500 мл, по факту принесли маленький стакан (в таком же подают молочный коктейль, который по меню 350 мл), мой глаз не обманешь, спросила о официанта, бармен был не приклонен в своём мнении, что это 500мл, но мы оказались правы, попросили перелить в пивной бокал с отметкой, официант извинился от себя, от заведения никаких попыток даже не было.nвремя счёта, упорно официант заявлял, что отплатить можно либо наличными, либо переводом на карту сбера (в книжечке лежала ламинированная бумажка с реквизитами), не фанат такого подхода. оплатить картой все-таки получилось, но в свой адрес услышала от официанта фразу из-за таких как вы нам нечем платить зарплату. nзаведение внимания точно не стоит",0.035,0.949,0.016,-0.3981,Negative,1,1,Negative,0.9998676776885986,neutral,3,Neutral,0.6536355018615723,negative,1,Negative,0.9327070713043213,Very Negative,1,Negative,0.5160391926765442,3,Neutral,0.5454359290063568,3,Neutral,0.0,3,Neutral,0.52,2.0,2,Negative,Negative,True,True,False,True,True,False,False,False,True,"In the restaurant people go for good service and tasty food. unfortunately, none of the components was.n brought a glossy sticky menu, did not look hard, as they went specifically for khinkali, they were ordered. brought dull scattered chaoticly on a large plate of khinkali. to taste: with meat (except for the slight aroma of cilantro, no spices, not interesting, meat is a little catastrophic); with cheese (here a separate song, I did not see cheese, or a translation of salt, without a waiter's name of 500, but we did not even ask for a drink from a drink, but we did not get it from a drink from the restaurant, but we did not get it from the restaurant, but we did not get it from the name from the restaurant, but we did not get it, but we did not hear it from the restaurant, but we did not get it from the restaurant, but we did not ask for it from the name from the drink, but we did not say that from the drink, but we did not get it from the drink, from the drink, but we did not say it, from the",True
POSITIVE,"пребывая в покое этого простого состояния, внезапно выкрикни пхат!, слог, разбивающий ум вдребезги, сильно и резко. о чудо! не осталось ничего. ум поражен, прикован к месту изумлением, но тем не менее все прозрачно и ясно. свежее, чистое и внезапное, а потому неописуемое состояние: распознай его как чистое осознание дхармакайи. это первое сущностное наставление о прямом знакомстве лицом к лицу с состоянием ригпа. итак, в тексте объясняются такие понятия, как воззрение, медитация и действие. на самом деле воззрение пронизывает все три слова, или наставления, и первое из них это прямое знакомство лицом к лицу с состоянием ригпа.",0.0,0.81,0.19,0.9222,Positive,5,3,Neutral,0.890509843826294,neutral,3,Neutral,0.8147122263908386,positive,5,Positive,0.9744412302970886,Very Positive,5,Positive,0.6439324617385864,3,Neutral,0.5470917588649948,3,Neutral,0.0,3,Neutral,0.58,3.75,4,Positive,Positive,True,False,False,True,True,False,False,False,True,"Being at rest of this simple state, suddenly shout out phat!, a syllable that breaks the mind to pieces, strongly and sharply. o miracle! there is nothing left. the mind is amazed, chained to a place of amazement, but nevertheless everything is transparent and clear. fresh, pure and sudden, and therefore indescribable state: recognize it as pure awareness of dharmakaya. this is the first essential instruction about direct acquaintance with the state of rigpa.",True
POSITIVE,всей семье нравится),0.0,0.588,0.412,0.4215,Positive,5,5,Positive,0.9989853501319885,positive,5,Positive,0.9825710654258728,positive,5,Positive,0.7761263251304626,Positive,5,Positive,0.6919582486152649,3,Neutral,0.5298840322374212,3,Neutral,0.0,3,Neutral,0.4753664537256753,4.25,4,Positive,Positive,True,True,True,True,True,False,False,False,True,The whole family likes it.,True
NEUTRAL,"заказ не пришел .заказывала 7 апреля.продавец продлевал время уверял что все придет,но так и не увидела блузку.деньги вернули,за что спасибо.на данный момент ( 5 августа) так и ничего не пришло.",0.0,0.872,0.128,0.6124,Positive,5,3,Neutral,0.9657443761825562,negative,1,Negative,0.8246222734451294,negative,1,Negative,0.8896561861038208,Negative,1,Negative,0.47150304913520813,1,Negative,0.4314337460722051,3,Neutral,0.0,1,Negative,0.5561769830199398,2.0,2,Negative,Neutral,False,True,False,False,False,False,True,False,False,"The order did not come .ordered on April 7.the seller extended the time assured that everything will come, but never saw the blouse.the money returned, for which thank you.at the moment (August 5) and nothing came.",True
NEGATIVE,"куски жира, консистенция неоднородная. не понравилась",0.0,1.0,0.0,0.0,Neutral,3,3,Neutral,0.897050678730011,neutral,3,Neutral,0.6772085428237915,neutral,3,Neutral,0.6073858141899109,Negative,1,Negative,0.534170925617218,3,Neutral,0.5197260633345542,3,Neutral,0.0,3,Neutral,0.531116442524247,2.75,3,Neutral,Negative,False,False,False,False,True,False,False,False,False,"pieces of fat, the consistency is heterogeneous.",True
POSITIVE,"занимаюсь в think с 10 класса. хочу выразить огромную благодарность моим учителям и куратору кристине. этот год был тяжелым , но благодаря поддержке со стороны преподавателей он прошел незаметно) nкогда я обращаюсь за вопросом к кристине, она всегда отвечает и поддерживает меня nхочу также отметить атмосферу на уроках, она уютная и домашняя. nв think я познакомилась с новыми людьми и узнала много нового nбуду рекомендовать think своим знакомым )",0.018,0.695,0.286,0.9734,Positive,5,5,Positive,0.9999017715454102,positive,5,Positive,0.901962161064148,positive,5,Positive,0.9986153841018677,Positive,5,Positive,0.8248868584632874,5,Positive,0.9728484340688581,5,Positive,0.0,5,Positive,0.83,5.0,5,Positive,Positive,True,True,True,True,True,True,True,True,True,"I am engaged in thinking from the 10th grade. I want to express my great gratitude to my teachers and curator Kristina. this year was difficult, but thanks to the support from the teachers it passed unnoticed. n when I turn to Kristina for a question, she always answers and supports me n want to also note the atmosphere in the lessons, she is cozy and homely. n think I have met new people and learned a lot of new things I will recommend to my friends )",True
NEUTRAL,"xxxl на размер 46, размеры в описании не соответствуют. очень маленькое.",0.0,1.0,0.0,0.0,Neutral,3,3,Neutral,0.8940204381942749,negative,1,Negative,0.6007831692695618,negative,1,Negative,0.8697399497032166,Negative,1,Negative,0.747807502746582,3,Neutral,0.7047840661613617,3,Neutral,0.0,3,Neutral,0.8095755832342378,2.25,2,Negative,Neutral,True,True,False,False,False,True,True,True,False,"xxxl size 46, the dimensions in the description do not match. very small.",True
NEUTRAL,качество ткани не удовлетворяет - синтетика. а так вполне даже ничего),0.163,0.837,0.0,-0.3252,Negative,3,3,Neutral,0.9178062677383423,neutral,3,Neutral,0.7925297617912292,neutral,3,Neutral,0.5941526293754578,Negative,1,Negative,0.8304910063743591,3,Neutral,0.8044719574803828,3,Neutral,0.0,3,Neutral,0.5798664609530414,2.75,3,Neutral,Neutral,False,True,True,True,False,True,True,True,True,"The quality of the fabric is not satisfied - synthetics, and so quite nothing",True
NEGATIVE,"сограждане! вы с ума сошли писать такие шикарные отзывы в адрес вещи, крой которой ломает все принципы комфортной и сезонной одежды! ? просто нет слов, как я попала, и на время, и на деньги! мега жалею, что повелась на все предыдущие хвалебные оды и заказала. причём доплатила за срочную доставку (7-15 дней). продавец целую неделю только обрабатывал заказ! куртка нужна была в моё путешествие, а пришла .спустя 42 дня! уже вернулась из поездки! и вот этот кошмар. плечи голые, капюшон как-будто крыша палатки, окат рукава повернут вперёд. от линии груди вообще мегабалахон, поэтому можно забыть о тепле!(( как можно радоваться вещи, которая всего лишь навсего не похожая на всё остальное, ну, типа того - креативная ? (((( открыла спор - хотела вернуть товар! но алиэкспресс забыл о законе прав потребителя и отклонил спор, написала апелляцию, жду на чьей же стороне будет закон не международный, а исключительно закон алиэкспресса! капец, товарищи.! ((( делайте выводы!",0.131,0.822,0.047,-0.9056,Negative,1,1,Negative,0.9999488592147827,negative,1,Negative,0.7898653149604797,negative,1,Negative,0.9441404938697815,Very Negative,1,Negative,0.9042165875434875,1,Negative,0.8118477051323676,1,Negative,0.0,1,Negative,0.8,1.0,1,Negative,Negative,True,True,True,True,True,True,True,True,True,"compatriots! you are crazy to write such chic reviews about the thing, the cut of which breaks all the principles of comfortable and seasonal clothing! ? there are simply no words how I got, and for time and money! mega regret that I fell for all the previous praise odes and ordered. and paid for urgent delivery (7-15 days). the seller for a whole week only processed the order! the jacket was needed on my trip, and came . after 42 days! and this nightmare. shoulders are bare, hood - how do you forget about the rest of the house, so you can not forget about everything. (((I opened a dispute - wanted to return the goods!), but Aliexpress forgot about the law of consumer rights and rejected the dispute, wrote an appeal, I expect on whose side the law will not be international, but exclusively the law of Aliexpress! (Draw conclusions!)",True
POSITIVE,номера чистые. расположение удобное и заезд на авто и пешком прогулятся. завтрак не богатый но добротный и свтный. приветливый персонал. хороший вариант для командировок. но не во всех номерах устойчивый wifi,0.172,0.548,0.279,0.7244,Positive,5,5,Positive,0.9758366346359253,positive,5,Positive,0.9384776949882507,positive,5,Positive,0.5805457234382629,Positive,5,Positive,0.9141215085983276,3,Neutral,0.7444734933893677,3,Neutral,0.0,5,Positive,0.51,4.5,4,Positive,Positive,True,True,True,True,True,False,False,True,True,rooms clean. location is convenient and check-in by car and walk. breakfast is not rich but good and friendly. friendly staff. good option for business trips. but not in all rooms stable wifi,True
NEUTRAL,долго шел и очень тонкий материал,0.0,1.0,0.0,0.0,Neutral,3,3,Neutral,0.9293850660324097,neutral,3,Neutral,0.8864859938621521,neutral,3,Neutral,0.6118752956390381,Positive,5,Positive,0.7199400663375854,3,Neutral,0.7103483047553074,3,Neutral,0.0,3,Neutral,0.6505579004445223,3.25,3,Neutral,Neutral,True,True,True,True,False,True,True,True,True,It was a long time and very thin material.,True
NEUTRAL,"цвет совершенно не похож! заказала purple,а на деле это светло-розовый. заказывала размер l,но зря,нужно было m. этот большеват. но в целом неплохо. ну и ждала заказ два месяца. это долго,я считаю:(",0.095,0.8,0.105,0.0943,Neutral,3,3,Neutral,0.9909723997116089,neutral,3,Neutral,0.6930648684501648,neutral,3,Neutral,0.7557891607284546,Positive,5,Positive,0.5077250599861145,3,Neutral,0.6941483623164321,3,Neutral,0.0,3,Neutral,0.48,3.25,3,Neutral,Neutral,True,True,True,True,False,True,True,True,True,"The color is completely different! ordered purple, but in fact it is light pink. ordered the size of l, but in vain, it was necessary m. this is big, but overall not bad.",True
NEUTRAL,"тот, кто щеголяет эрудицией или учёностью, не имеет ни того, ни другого. э.хеммингуэй",0.0,1.0,0.0,0.0,Neutral,3,3,Neutral,0.9999767541885376,neutral,3,Neutral,0.683276891708374,neutral,3,Neutral,0.9940504431724548,Very Negative,1,Negative,0.5177655220031738,3,Neutral,0.5298840322374212,3,Neutral,0.0,3,Neutral,0.47536645372567543,2.75,3,Neutral,Neutral,True,True,True,True,False,True,True,True,True,He who flaunts erudition or learning has neither. - Hemmingway,True
NEUTRAL,как это ты в контакт попал!?,0.0,1.0,0.0,0.0,Neutral,3,3,Neutral,0.9999675750732422,neutral,3,Neutral,0.8836265802383423,positive,5,Positive,0.6132363080978394,Very Negative,1,Negative,0.6235342025756836,3,Neutral,0.5324676249252339,3,Neutral,0.0,3,Neutral,0.6196988381327118,3.0,3,Neutral,Neutral,True,True,True,False,False,True,True,True,True,How did you get in touch?,True
POSITIVE,"мягкий, приятный к телу. на 42 российский м в самый раз. рост 160. если выше, рукава были бы короткими.",0.0,0.848,0.152,0.5267,Positive,5,5,Positive,0.9982317090034485,positive,5,Positive,0.9854034185409546,positive,5,Positive,0.9847785830497742,Positive,5,Positive,0.8466308116912842,5,Positive,0.8592375208082745,5,Positive,0.0,5,Positive,0.88,5.0,5,Positive,Positive,True,True,True,True,True,True,True,True,True,"Soft, pleasing to the body. at 42 Russian meters just right. height 160. if higher, the sleeves would be short.",True
NEUTRAL,не впечатлил. брать больше не буду,0.299,0.701,0.0,-0.3724,Negative,1,3,Neutral,0.9743044376373291,neutral,3,Neutral,0.7493250966072083,neutral,3,Neutral,0.5479122996330261,Negative,1,Negative,0.8694582581520081,5,Positive,0.4627976556517608,5,Positive,0.0,1,Negative,0.5227497678483334,2.75,3,Neutral,Neutral,False,True,True,True,False,False,False,False,True,I'm not impressed. I won't take it anymore.,True
NEUTRAL,"вкус средний,мало копченый,а в одном заказе почти без соли?!",0.0,1.0,0.0,0.0,Neutral,3,3,Neutral,0.9948047995567322,neutral,3,Neutral,0.782319962978363,neutral,3,Neutral,0.615736722946167,Negative,1,Negative,0.4470783472061157,3,Neutral,0.5839638914830726,3,Neutral,0.0,3,Neutral,0.5200892848099418,2.75,3,Neutral,Neutral,True,True,True,True,False,True,True,True,True,"The taste is medium, little smoked, and in one order almost without salt?",True
POSITIVE,"заезжали семьёй пообедать по пути в москву. остались сытые и довольные. понравилась концепция как организованы бизнес-ланчи, типо как отдельно небольшое меню с ценами практически как в столовой. из еды особенно понравился суп кукси: легкий, холодный, пикантный: самое то в жару. подача бизнеса очень быстрая, 7-10 минут. есть детское меню, детский стульчик. внимательный и доброжелательный персонал. жаль, что мы только проездом. такой ресторан хочется иметь рядом с домом. из минусов маленькая парковка.",0.027,0.79,0.183,0.8979,Positive,5,5,Positive,0.9907863736152649,positive,5,Positive,0.8628817200660706,positive,5,Positive,0.6840130686759949,Very Negative,1,Negative,0.29456090927124023,3,Neutral,0.5550882898716271,3,Neutral,0.0,5,Positive,0.59,4.0,4,Positive,Positive,True,True,True,True,False,False,False,True,True,"I liked the concept of how business lunches are organized, like a separate small menu with prices almost like in the dining room. from food I especially liked the soup of kuksi: light, cold, piquant: it's in the heat. the presentation of business is very fast, 7-10 minutes. there is a children's menu, a children's chair. attentive and friendly staff. it's a pity that we only pass. such a restaurant I want to have a small parking lot near the house.",True
NEUTRAL,"неплохая, но производитель отрезал угол у прямоугольной формы пастилы, чтобы получилось 199 грамм (мы взвесили на весах), да, в 200 грамм они уложились, но получился колхоз. если кто будет брать в подарок - осторожнее, внутри может быть сюрприз и форма совершенно произвольная (с отрезанными уголками).",0.076,0.672,0.252,0.906,Positive,5,3,Neutral,0.9886837601661682,neutral,3,Neutral,0.7660351395606995,neutral,3,Neutral,0.6407637000083923,Neutral,3,Neutral,0.8171048760414124,3,Neutral,0.4766983673200203,3,Neutral,0.0,3,Neutral,0.4427105364252072,3.25,3,Neutral,Neutral,False,True,True,True,True,True,True,True,True,"good, but the manufacturer cut off the angle of the rectangular shape of the pastile to get 199 grams (we weighed on the scale), yes, 200 grams they fit, but it turned out kolkhoz. if anyone takes as a gift - more careful, inside there may be a surprise and the shape is completely arbitrary (with cut corners).",True
NEUTRAL,"пришло за 25 дней в подмосковье. по качеству несколько разочаровало и сидит как то странновато, цвет блёклый. может быть , если брать на размер и меньше , то сидела в бы лучше. но я хотела не в обтяг и плечи у меня широкие. размеры 98- 89-106. было пятно и торчащие нитки. синтетика, но вроде теплая. правда продавец адекватный, согласился на частичную компенсацию.",0.086,0.745,0.169,0.7043,Positive,5,3,Neutral,0.9998606443405151,positive,5,Positive,0.6749418377876282,neutral,3,Neutral,0.9333314895629883,Negative,1,Negative,0.7692669034004211,3,Neutral,0.5316195305912109,3,Neutral,0.0,3,Neutral,0.41,3.25,3,Neutral,Neutral,False,True,False,True,False,True,True,True,True,"came for 25 days in the suburbs. quality somewhat disappointed and sits somehow strange, the color faded. maybe, if you take the size and less, it would sit better. but I wanted not to fit and shoulders I have wide. sizes 98-89-106. there was a spot and sticking out threads. synthetics, but kind of warm. truth the seller adequate, agreed to partial compensation.",True
NEGATIVE,"были сегодня с мамой в данном заведении и очень сильно разочаровались. лет 5 назад здесь был самый вкусный цезарь в нашем городе! сейчас просто ужас! nзаказали по цезарю с курицей и яйцом пашот и капучино. принесли цезарь, он был полит соусом спайси (во-первых, он острый, во-вторых, в нём была икра масаго), режу яйцо, а оно просто сварено всмятку, очень интересно, конечно)) цезари нам, конечно, переделали, но соус был всё равно какой-то непонятный, жёлтого цвета, похож на сырный и в моей порции не оказалось помидорок черри, на вопрос почему так вышло, официант сказала, что их хватило лишь на одну порцию для моей мамы. почему тогда салат не поставили в стоп-лист, мне непонятноnкапучино мне принесли в кружке со сколами(( nтакже хотелось бы добавить, что запах в заведении отвратительныйnчто стало с этим кафе?!? очень грустно!",0.038,0.824,0.138,0.9076,Positive,5,1,Negative,0.8136850595474243,negative,1,Negative,0.5468141436576843,negative,1,Negative,0.9960570335388184,Very Negative,1,Negative,0.8132488131523132,3,Neutral,0.4849690302590699,1,Negative,0.0,1,Negative,0.57,1.75,2,Negative,Negative,False,True,True,True,True,False,True,True,True,"5 years ago there was the most delicious Caesar in our city! now just a horror! n ordered Caesar with chicken and egg poach and cappuccino. brought Caesar, he was watered with spice sauce (firstly, he was spicy, secondly, he had masago caviar), I cut an egg, and it is just soft-boiled, very interesting, of course) Caesars brought us, but also the sauce was brought Caesar, it was watered with a spice sauce, it was not so bad for my mother's sake, it was not so sad that I did not have to add to my cheese?",True
POSITIVE,"пришло быстро , но на об 96 , размер 29 оч туго , надо брать след размер, очень тонкие , на рост 160 см до косточки , тем кто выше будут оч короткие.",0.0,1.0,0.0,0.0,Neutral,3,5,Positive,0.9967664480209351,neutral,3,Neutral,0.6181281208992004,neutral,3,Neutral,0.6486658453941345,Positive,5,Positive,0.5078665614128113,5,Positive,0.5941237979942419,5,Positive,0.0,5,Positive,0.49,4.25,4,Positive,Positive,False,True,False,False,True,True,True,True,True,"came quickly, but at about 96, the size of 29 points is tight, you need to take a trace size, very thin, on the height of 160 cm to the bone, those above will be eye short.",True
NEGATIVE,не вкусно. очень соленая и влажная.,0.0,1.0,0.0,0.0,Neutral,3,1,Negative,0.9895234704017639,neutral,3,Neutral,0.5184767246246338,negative,1,Negative,0.9599471688270569,Negative,1,Negative,0.7667405605316162,3,Neutral,0.4096313282204117,3,Neutral,0.0,3,Neutral,0.48280988330245606,2.25,2,Negative,Negative,False,True,False,True,True,False,False,False,True,Not tasty. Very salty and wet.,True
NEGATIVE,всё! только плохо открывается!,0.412,0.588,0.0,-0.2746,Negative,3,1,Negative,0.9993576407432556,negative,1,Negative,0.6007674336433411,negative,1,Negative,0.9839150905609131,Very Negative,1,Negative,0.5960798263549805,3,Neutral,0.5962777662763838,3,Neutral,0.0,1,Negative,0.5600349698686728,1.75,2,Negative,Negative,True,True,True,True,True,False,False,True,True,It doesn't open well!,True
POSITIVE,"недавно впервые купили попробовать, до этого брали молоко другого производителя. понравилось. ничего лишнего в составе - ни сухого молока, ни пальмового масла. вкус натуральный, посторонних вкусов-запахов нет. объем интересный, обычно теперь встречается 0.9 литра, 850 грамм и т.п. тут хоть понятно, за что платишь. для меня еще положительный момент - упаковка красивая и удобная.",0.073,0.701,0.227,0.9231,Positive,5,5,Positive,0.99883633852005,positive,5,Positive,0.9716065526008606,positive,5,Positive,0.9961631298065186,Positive,5,Positive,0.7604210376739502,3,Neutral,0.3717326606423493,5,Positive,0.0,3,Neutral,0.57,4.5,4,Positive,Positive,True,True,True,True,True,False,True,False,True,"recently bought for the first time to try, before that took milk from another manufacturer. liked. nothing superfluous in the composition - no powdered milk, no palm oil. taste natural, foreign tastes-smells there. the volume is interesting, usually now there is 0.9 liters, 850 grams, etc. Here at least it is clear what you pay. for me another positive point - the packaging is beautiful and convenient.",True
NEUTRAL,костюмчик на свадьбу,0.0,1.0,0.0,0.0,Neutral,3,3,Neutral,0.9841563105583191,neutral,3,Neutral,0.7123275995254517,neutral,3,Neutral,0.8270726799964905,Neutral,3,Neutral,0.5650730133056641,3,Neutral,0.5298840322374212,3,Neutral,0.0,3,Neutral,0.47536645372567543,3.0,3,Neutral,Neutral,True,True,True,True,True,True,True,True,True,wedding-suit,True
NEGATIVE,"на картинке товар, явно больше чем, фактический размер изделия.",0.0,0.803,0.197,0.4019,Positive,5,3,Neutral,0.982611358165741,neutral,3,Neutral,0.8108906745910645,neutral,3,Neutral,0.5248571038246155,Negative,1,Negative,0.6438734531402588,3,Neutral,0.6827611647270803,3,Neutral,0.0,1,Negative,0.43211496440568226,2.75,3,Neutral,Negative,False,False,False,False,True,False,False,True,False,The product is clearly larger than the actual size of the product.,True
NEGATIVE,вид нормальный а есть не возможно. такого еще не было. кислинка а остального вкуса нет . ребенок назвал его- пластиковые мешечки наполненые кислой травой,0.109,0.891,0.0,-0.4215,Negative,1,3,Neutral,0.9951332211494446,neutral,3,Neutral,0.7574461102485657,negative,1,Negative,0.7677854895591736,Negative,1,Negative,0.6278901696205139,3,Neutral,0.7070791855650104,3,Neutral,0.0,5,Positive,0.5744209643103293,2.5,2,Negative,Negative,True,False,False,True,True,False,False,False,True,"It's normal, but it's not possible. It's not sour, and there's no other taste. The child called it plastic bags filled with sour grass",True
NEUTRAL,"качество хорошее, подошло на 44 размер, а у меня 58",0.0,0.756,0.244,0.4404,Positive,5,5,Positive,0.9749990105628967,positive,5,Positive,0.583884060382843,positive,5,Positive,0.9730097651481628,Positive,5,Positive,0.8947552442550659,3,Neutral,0.6118151480261288,3,Neutral,0.0,5,Positive,0.5202376999375649,4.5,4,Positive,Neutral,False,False,False,False,False,True,True,False,False,"The quality is good, it fits 44, and I have 58.",True
NEUTRAL,"два мэтра французского кино сталкиваются на экране. и такое столкновение не могло обойтись без последствий и не привлечь к себе внимания всех любителей жанра комедии. сюжет фильма вполне зауряден: снова две полные противоположности, олицетворенные игрой рено и депардье вынуждены бок о бок давать отпор супостатам, а конкретно служителям закона и бандитам. вдвоем против всех, помощи ждать не от кого, и всем очень хочется счастливого финала. однако на сей раз в этаком шаблоне произошли определенные изменения, которые в фильмах такого рода попадаются довольно редко: один-то, как и положено, не доволен ни своей жизнью, ни своим напарником, но вот второй да он просто в восторге и от того, и от другого! (кажется, несложно догадаться, какой персонаж достался какому из актеров.) а благодаря такому, на первый взгляд, незначительному изменению действие картины погружается в некую совершенно незаурядную атмосферу. так что этот комедийный боевик, а скорее даже боевичная комедия, наполненная безобидным французским юмором, проникновенными взглядами рено и наивными улыбками депардье, просто создана для того, чтобы поднять настроение любому, даже самому придирчивому зрителю.",0.046,0.856,0.098,0.7494,Positive,5,3,Neutral,0.9999160766601562,neutral,3,Neutral,0.5892503261566162,positive,5,Positive,0.993176281452179,Negative,1,Negative,0.521854043006897,3,Neutral,0.463789221516961,3,Neutral,0.0,3,Neutral,0.36,3.25,3,Neutral,Neutral,False,True,True,False,False,True,True,True,True,"Two masters of French cinema collide on the screen. and such a clash could not do without consequences and not attract the attention of all lovers of the comedy genre. the plot of the film is quite ordinary: again, two complete opposites, personified by the game of Renault and Depardieu, are forced side by side to fight back sudostats, and specifically the servants of the law and bandits. together, the help is not expected from anyone, and everyone really wants a happy ending. However, this time certain changes have occurred in films of this kind quite rarely: one, as it is necessary, humor, not even filled with a combative atmosphere, but rather from the first one of the actor, he does not get so much from his own gaze, but rather from his own eyes.",True
NEGATIVE,"добрый день!nобслуживание и отношение к покупателям ниже некуда! просто на нуле. подходишь сделать заказ, тебя просто не замечают. повар готовит, кассир отсутствует за кассой. и никто ни кого звать не собирается. через время кассир выходит к кассе с неприветливым лицом и видом и такой у них весь неприветливый и недружелюбный персонал! принимает заказ, спрашиваю про лапшу, на что получаю ответ: вы у нас не первый раз покупаете, мол что спрашиваете ? уважаемое руководство! обратите внимание на работу вашего персонала, он делаете все, чтобы отбить желание приходить к вам снова!",0.107,0.827,0.066,-0.6035,Negative,1,1,Negative,0.9978627562522888,negative,1,Negative,0.7363046407699585,negative,1,Negative,0.9960660338401794,Very Negative,1,Negative,0.8104180693626404,1,Negative,0.8595364123902935,1,Negative,0.0,1,Negative,0.67,1.0,1,Negative,Negative,True,True,True,True,True,True,True,True,True,"Good day!n service and attitude to customers is nowhere below! just zero. you come to make an order, you just do not notice. the cook cooks, the cashier is absent at the cashier. and no one is going to call. after a while, the cashier goes to the cashier with an inhospitable face and appearance and such they have all the unfriendly and unfriendly staff! accepts the order, asks about noodles, to which I get the answer: you are not the first time buying from us, so you ask? Pay attention to the work of your staff, they do everything to discourage the desire to come to you again!",True
NEUTRAL,"нужно больше персонажейдля просмотра следует откинуть любой здравый смысл в происходящем, либо вы зависните на серии с дебилами-инженерами, которые конструируют луноход в nasa.слишком медленное повествование, буквально в каждой серии половина событий заполнены флешбеками и вводом новых персонажей, некоторые из которых вообще не нужны для сюжета. так же, в случае какого-либо события, которое ведет к предыдущим событиям, вас ждет компиляция на несколько минут.в итоге, после 40-50 серии уже на автомате можно скипать целые куски хронометража, а то и сразу пару серий.возможно, когда-нибудь выйдет компиляция всего этого безобразия.",0.033,0.967,0.0,-0.25,Negative,3,3,Neutral,0.9999452829360962,neutral,3,Neutral,0.6523914337158203,negative,1,Negative,0.7013013362884521,Neutral,3,Neutral,0.7765023708343506,1,Negative,0.4243455910515537,1,Negative,0.0,3,Neutral,0.5228399207951546,2.25,2,Negative,Neutral,False,True,True,False,True,False,False,True,False,"You need more characters to view should discard any common sense in what is happening, or you hang on the series with morons-engineers who design the rover in nasa.Too slow narrative, literally in each series half of the events are filled with flashbacks and the introduction of new characters, some of which are not necessary for the plot at all.",True
NEGATIVE,это просто ужас. продавец просто жуть. товар не отправил а за эту цену прислал открытку и резинку. дорого у нас резинки стоят. жду возврат денег,0.199,0.801,0.0,-0.7351,Negative,1,1,Negative,0.9987145662307739,negative,1,Negative,0.9255985617637634,negative,1,Negative,0.9952335953712463,Very Negative,1,Negative,0.8659750819206238,1,Negative,0.9540861923568404,1,Negative,0.0,1,Negative,0.82,1.0,1,Negative,Negative,True,True,True,True,True,True,True,True,True,It's just terrible. The seller is just terrible. The goods did not send and for this price sent a postcard and rubber band. We have expensive rubber bands.,True
NEGATIVE,"защита закончилась, а мне ничего так и не пришло. открыла спор, вернули деньги",0.167,0.741,0.093,-0.296,Negative,3,1,Negative,0.8263925313949585,negative,1,Negative,0.799083948135376,negative,1,Negative,0.9485482573509216,Very Negative,1,Negative,0.5014991760253906,1,Negative,0.7005247257953373,1,Negative,0.0,1,Negative,0.74,1.25,1,Negative,Negative,True,True,True,True,True,True,True,True,True,"The defense ended and nothing came to me. opened the dispute, returned the money.",True
NEGATIVE,"прошлым летом купались только здесь, было отличное место: чистейшая вода без водорослей, мало народу, тенёк в лесу, где можно было отдохнуть. nnприехав в этом году, очень расстроились. повсюду разруха, всё перекопано, вода грязная, горы земли, деревья вырублены.",0.176,0.708,0.115,-0.4005,Negative,1,1,Negative,0.9996933937072754,negative,1,Negative,0.5073674917221069,negative,1,Negative,0.9602794051170349,Positive,5,Positive,0.7198747992515564,1,Negative,0.6645917469990736,1,Negative,0.0,3,Neutral,0.59,1.75,2,Negative,Negative,True,True,True,True,False,True,True,False,True,"Last summer, we bathed only here, there was a great place: the cleanest water without algae, few people, a shadow in the forest where you could relax. nn arrived this year, very upset. everywhere the devastation, everything is dug up, the water is dirty, mountains of land, trees are cut down.",True
NEUTRAL,"столовая так себе. стоянка. пойдёт. хоть интернет есть иногда. в снегопад порадовали, снег чистили хорошо. тракторист 5",0.0,0.711,0.289,0.8543,Positive,5,3,Neutral,0.9999686479568481,positive,5,Positive,0.5324118137359619,positive,5,Positive,0.8296991586685181,Neutral,3,Neutral,0.30436262488365173,3,Neutral,0.7448672847195946,3,Neutral,0.0,3,Neutral,0.7391931406203901,3.75,4,Positive,Neutral,False,True,False,False,True,True,True,True,False,"The dining room is so kind. parking. will go. although there is Internet sometimes. in the snow was pleased, the snow was cleaned well. tractor driver 5",True
NEUTRAL,на бедра 102-малы(,0.0,1.0,0.0,0.0,Neutral,3,3,Neutral,0.9913076758384705,neutral,3,Neutral,0.8176664113998413,neutral,3,Neutral,0.6582130193710327,Neutral,3,Neutral,0.6441043019294739,3,Neutral,0.5298840322374212,3,Neutral,0.0,3,Neutral,0.47536645372567526,3.0,3,Neutral,Neutral,True,True,True,True,True,True,True,True,True,on the thighs of 102-male,True
POSITIVE,"существуют два метода для введения наитончайшего ветра и ума в ясный свет: тотальность последующее растворение a. тотальность сделайте так, чтобы ваши тело, речь и ум были нераздельны от тела, речи и ума всех существ. медитируйте, что ваш аспект тела, это вайрочана, аспект речи, это амитабха, и аспект ума, это акшобхья, и все это самайясаттвы. в их сердцах, соответственно, расположены слоги om, ah и hum, являющиеся джнянасаттвами. медитируйте, что внутри кругов каждого из трех слогов находится короткое a, испускающее нерушимый звук. далее, из слогов om, ah и hum исходит свет. самайясаттвы растворяются от макушек головы вниз и от стоп ног вверх в джнянасаттв, расположенных в сердце.",0.0,0.951,0.049,0.6124,Positive,5,5,Positive,0.9930503368377686,neutral,3,Neutral,0.5489081144332886,positive,5,Positive,0.9492471218109131,Neutral,3,Neutral,0.9312086701393127,3,Neutral,0.5225658531042675,3,Neutral,0.0,3,Neutral,0.48,3.75,4,Positive,Positive,True,True,False,True,False,False,False,False,True,"There are two methods for introducing the finest wind and mind into a clear light: totality the subsequent dissolution a. totality make your body, speech and mind inseparable from the body, speech and mind of all beings. meditate that your aspect of the body is vairochana, the aspect of speech, it is amitabha, and the aspect of the mind, it is an akshobhya, and all this samayasattva. in their hearts, respectively, are the syllables om, ahnananasattvas. meditate that inside of each one's head is rotated upwardly from the glow, and the glowing of the nails, and then from the glow.",True
NEGATIVE,"худшей шаурмы не ела в жизни, я взяла сырную, она вообще пустая, только сыр, намек наn непонятный вид мяса, кожура от помидоров, человек, который делал, в середине процесса готовки снял перчатки, и дальше мастерил руками. в общем никогда! не кушайте там, даже если будете умирать с голоду",0.114,0.886,0.0,-0.7096,Negative,1,1,Negative,0.999876856803894,negative,1,Negative,0.8002175092697144,negative,1,Negative,0.9876454472541809,Very Negative,1,Negative,0.4712790548801422,1,Negative,0.4950291896150269,3,Neutral,0.0,3,Neutral,0.51,1.5,2,Negative,Negative,True,True,True,True,True,True,False,False,True,"The worst shawarma has never eaten in my life, I took cheese, it is generally empty, only cheese, a hint of an incomprehensible kind of meat, peel from tomatoes, the person who did, in the middle of the cooking process took off his gloves, and then made with his hands.",True
POSITIVE,"куртка супер, отличное качество, на свой размер 48-50, заказала 3xl, села свободно, доставка очень быстрая, за 14 дней в тверскую область, спасибо продавцу",0.0,0.632,0.368,0.9246,Positive,5,5,Positive,0.9992311000823975,positive,5,Positive,0.996245801448822,positive,5,Positive,0.9974404573440552,Positive,5,Positive,0.5266438126564026,5,Positive,0.9317420539214204,5,Positive,0.0,5,Positive,0.84,5.0,5,Positive,Positive,True,True,True,True,True,True,True,True,True,"jacket super, excellent quality, at its size 48-50, ordered 3xl, sat free, delivery is very fast, 14 days in the Tver region, thank you to the seller",True
POSITIVE,"шикарно,тот редкий случай когда можно смотреть бесконечно,очень жаль,что всего 12 серий,это как с ""дерёвня"" никогда не надоест. имхо сериал по началу казавшийся очередным банальным слайсиком про милых девочек оказался очень глубоким и душевным произведением,одно из лучших в сезоне. даже придраться не к чему,персонажи замечательные,рисовка,музыка,атмосфера и конечно же рассказываемые истории очень хороши. так же хочется отметить,что от серии к серии сериал становился всё лучше и лучше,без провисаний и стандартного слива в концовке,тоже знаете ли редкое явление.",0.057,0.667,0.276,0.9565,Positive,5,5,Positive,0.9999308586120605,positive,5,Positive,0.8427018523216248,positive,5,Positive,0.9996862411499023,Very Positive,5,Positive,0.6069285869598389,5,Positive,0.7109963453111202,5,Positive,0.0,3,Neutral,0.74,4.75,5,Positive,Positive,True,True,True,True,True,True,True,False,True,"chic, that rare case when you can watch endlessly, it's a pity that only 12 episodes, it's like from the ""village"" never get tired. imho series at first seemed like another banal slice about cute girls was a very deep and soulful work, one of the best in the season. even find fault, the characters are wonderful, drawing, music, atmosphere and of course the stories told are very good.",True
NEGATIVE,"свр не понравился - ни вкуса, ни радости",0.0,0.442,0.558,0.743,Positive,5,1,Negative,0.9271917343139648,neutral,3,Neutral,0.5868089199066162,negative,1,Negative,0.6348420977592468,Negative,1,Negative,0.6078081130981445,3,Neutral,0.5298840322374212,3,Neutral,0.0,3,Neutral,0.47536645372567526,2.5,2,Negative,Negative,False,True,False,True,True,False,False,False,True,I didn’t like the taste or the joy.,True
NEUTRAL,"замечательная и в тоже время грустная история с глубоким смыслом. жизненная и реалистичная. трогает за душу. манга рассказывает о двух людях, обвиняющих мир в своих несчастьях и потерявших желание жить дальше. один - преступник, разочарованный в обществе, другая - популярная некогда пианистка, ненавидящая свою мать. оба делают попытки убить себя, но встретившись, обретают друг в друге силы и желание жить дальше. они нашли друг друга и почувствовали себя живыми. и это всё благодаря общению. жизнь жестока, как и печальна участь героев этой манги, но не стоит тратить её напрасно. если хорошо задуматься, в этом мире множество всего, ради чего действительно стоит жить. сюжет идеально подобран, что полностью погружаешься в этот грустный и жестокий мир! рисовка красивая и лёгкая. было ощущение будто бы я находилась в комнате и видела всё своими глазами что там происходит. бесподобно описаны чувства героев. огромное спасибо автору.",0.145,0.605,0.249,0.9577,Positive,5,3,Neutral,0.9997461438179016,positive,5,Positive,0.39867687225341797,positive,5,Positive,0.9962213039398193,Very Negative,1,Negative,0.7410961389541626,5,Positive,0.5593657900588983,5,Positive,0.0,5,Positive,0.45,4.25,4,Positive,Neutral,False,True,False,False,False,False,False,False,False,"a wonderful and at the same time sad story with a deep meaning. vital and realistic. touches for the soul. the manga tells about two people who accuse the world of their misfortunes and lost the desire to live on. one is a criminal, disappointed in society, the other is a popular once pianist who hates her mother. both make attempts to kill themselves, but when they meet, find strength in each other and the desire to live on. they found each other and felt alive. and this is all thanks to communication. life is cruel, as well as the sad fate of the heroes of this manga, but not to spend on it is a huge feeling that I was really beautiful in this world.",True
NEUTRAL,"'шепчущий во тьме' - дебютная работа шона брэнни. я решил посмотреть фильм, потому что раннее не смотрел ни одной экранизации лавкрафта, которого люблю и уважаю. сам рассказ интересен. хорошо, что его экранизировали. но здесь же есть одно 'но'. семьдесят процентов рассказа - переписка! из-за этого с динамикой в фильме было плохо. правда. фильм очень скучный, особенно для неподготовленного зрителя. экшна было минут восемь. это очень и очень мало в любом случае. спецэффекты на крайне низком уровне. инопланетные создания выглядят уныло. машина, что создал учёный, вопреки ожиданиям, выглядела неубедительно. для 2011 года - позор, на мой взгляд. актёры для такого фильма были недурны. наверное, они пересмотрели много фильмов тридцатых годов, чтоб так играть. таким образом, данная картина - не лучшая экранизация лавкрафта. но я надеюсь, что будут экранизации и получше. 5 из 10",0.064,0.782,0.154,0.5635,Positive,5,3,Neutral,0.9989866614341736,negative,1,Negative,0.7006118893623352,negative,1,Negative,0.9956068396568298,Negative,1,Negative,0.6702516078948975,1,Negative,0.5190750173394523,1,Negative,0.0,3,Neutral,0.54,2.0,2,Negative,Neutral,False,True,False,False,False,False,False,True,False,"""Whispering in the Dark"" - the debut work of Sean Brannie. I decided to watch the film because I had never seen a film adaptation of lovecraft, which I love and respect. the story itself is interesting. it's good that it was filmed. but here there is one ""but"" seventy percent of the story - correspondence! because of this with the dynamics in the film was bad. 5 out of 10",True
NEUTRAL,не важно что у тебя будет гораздо важнее кем ты станешь.,0.097,0.903,0.0,-0.0191,Neutral,3,3,Neutral,0.999995231628418,neutral,3,Neutral,0.8887163400650024,positive,5,Positive,0.5229594111442566,Negative,1,Negative,0.8885326981544495,3,Neutral,0.6317905958037311,3,Neutral,0.0,3,Neutral,0.7113373758905513,3.0,3,Neutral,Neutral,True,True,True,False,False,True,True,True,True,It doesn't matter if you have more than who you become.,True
NEUTRAL,"пойдёт но у кого грудь висячая то получается как будто вообще без всего, не поддерживает как фото",0.132,0.868,0.0,-0.438,Negative,1,3,Neutral,0.9988947510719299,neutral,3,Neutral,0.6935210824012756,neutral,3,Neutral,0.7718425393104553,Very Negative,1,Negative,0.5082778334617615,3,Neutral,0.473282138605698,3,Neutral,0.0,3,Neutral,0.5628256213077543,2.5,2,Negative,Neutral,False,True,True,True,False,True,True,True,False,"It will go but who has hanging breasts it turns out as if without everything, does not support as a photo.",True
POSITIVE,моя маленькая прелесть)),0.0,0.363,0.637,0.5434,Positive,5,5,Positive,0.9975407123565674,positive,5,Positive,0.9787635803222656,positive,5,Positive,0.6219898462295532,Negative,1,Negative,0.33675476908683777,5,Positive,0.6652185630124597,5,Positive,0.0,5,Positive,0.9448252771155365,4.5,4,Positive,Positive,True,True,True,True,False,True,True,True,True,My little beauty.,True
NEUTRAL,"довольно слабенько.рисовку и экшен завезли, а на режиссуре сэкономили.сюжет, в принципе, тоже более-менее не плох. и, в целом, фильм мог бы выйти хорошим, но, как мне показалось, авторы ошиблись с целевой аудиторией. точнее, не рассчитали свои силы. или наоборот - посчитав, что ниосилят сделать подростковый фильм, или фильм ""для всей семьи"" (что, в принципе, напрашивалось с таким-то сюжетом и рисовкой), по ходу дела, решили переориентироваться на младшую аудиторию, рассудив, что на это все косяки списать будет можно. но но делать детскую сказку, это не значит сыпать глупости в сюжет. и что о логичности и реалистичности происходящего не заботится можно, это тоже не значит. тут бы им у миядзаки поучиться (хотя, он-то детские сказки семейными делал.).ну и получилось, в общем, ни то, ни сё.глянуть конечно можно - на самом деле, довольно приятно смотрится, но частенько, особенно под конец - в самых драматичных моментах, придётся закрывать глаза рукой на всякие переигрывания и нелепицы.610ах, даsiliciumгг уродина.да ещё и с вредным характером. - не правда.ну и ещё, можно заметить, что здесь отсылок к другим анимаи много.странно, кстати. что летающем велосипеде, они на фоне луны не пролетели. я был уверен, что пролетят.",0.086,0.872,0.042,-0.7963,Negative,1,3,Neutral,0.9999237060546875,neutral,3,Neutral,0.7937479019165039,negative,1,Negative,0.9949610233306885,Negative,1,Negative,0.8653148412704468,3,Neutral,0.6688079570086167,3,Neutral,0.0,3,Neutral,0.5845690543737545,2.25,2,Negative,Neutral,False,True,True,False,False,True,True,True,False,"The plot, in principle, is also more or less not bad. and, in general, the film could come out good, but, as it seemed to me, the authors made a mistake with the target audience. more precisely, they did not calculate their strength. or vice versa - considering that they will make a teenage film, or a film ""for the whole family"" (which, in principle, asked for such a plot and drawing), in the course of the matter, decided to reorient themselves to a younger audience - and, logically, they do not care about it too much in general, but you can not say that it means that you do it with children's play).",True
NEGATIVE,"когда производили перепланировку - а по проектной документации на этом месте должен быть детский сад, согласования в районной администрации не получали. потом собственник заплатил штраф (он для ип миллионный:), а согласование получили через суд. обращения жильцов, в т.ч. в этический комитет ленты, игнорировались. после въезда нарушают массу санитарных требований, даже обязательных, даже действующих. а ведь в последнее время большое количество требований было отменено. роспотребнадзор выдал им предупреждение, прокуратура - представление. но шум от тележек, холодильников, вентиляции по-прежнему не дает спать жильцам, а машины с продуктами по-прежнему перегораживают проезд во двор. минимум одна авария уже случилась. счастье, что в те часы никому не потребовалась скорая помощь - она бы просто не смогла проехать.np.s. а в ответ на этот отзыв лента. нет, не улучшила звукоизоляцию, а предложила мне скидку. что можно сказать об этой компании?",0.065,0.85,0.085,-0.0516,Neutral,3,1,Negative,0.9998301267623901,negative,1,Negative,0.8109457492828369,negative,1,Negative,0.9986627101898193,Neutral,3,Neutral,0.5995813012123108,1,Negative,0.5676552669712406,1,Negative,0.0,1,Negative,0.56,1.5,2,Negative,Negative,False,True,True,True,False,True,True,True,True,"when redevelopment was carried out - and according to the project documentation there should be a kindergarten, approvals in the district administration were not received. then the owner paid a fine (it is for IP million:), and the approval was received through the court. the appeals of tenants, including to the ethics committee of the tape, were ignored. after the entry, a lot of sanitary requirements, even mandatory, even existing ones, were violated. and in fact, in recent years, a large number of requirements were canceled.",True
POSITIVE,"достоинства: вкусно , пьем всей семьёй , аллергии нет , дети в восторге. недостатки: сильно сладкий.",0.213,0.391,0.395,0.6361,Positive,5,5,Positive,0.9997782111167908,positive,5,Positive,0.9497473239898682,neutral,3,Neutral,0.6284348368644714,Very Negative,1,Negative,0.4122571349143982,5,Positive,0.40448986894568,3,Neutral,0.0,3,Neutral,0.5880414048651144,3.75,4,Positive,Positive,True,True,True,False,False,True,False,False,True,"virtues: tasty, drink the whole family, no allergies, children are delighted. disadvantages: very sweet.",True
POSITIVE,любимый гель пользуюсь много лет,0.0,0.7,0.3,0.4588,Positive,5,5,Positive,0.9979311227798462,positive,5,Positive,0.92807537317276,positive,5,Positive,0.9862793684005737,Positive,5,Positive,0.8286857604980469,5,Positive,0.7739885862925552,5,Positive,0.0,5,Positive,0.83,5.0,5,Positive,Positive,True,True,True,True,True,True,True,True,True,I've been using my favorite gel for years.,True
POSITIVE,достоинства: долгий освежающий вкус нравится.,0.0,0.615,0.385,0.3612,Positive,5,5,Positive,0.9994351267814636,positive,5,Positive,0.6091998815536499,positive,5,Positive,0.8156657218933105,Positive,5,Positive,0.8110489845275879,3,Neutral,0.7196538701602783,3,Neutral,0.0,3,Neutral,0.6399660831354628,4.25,4,Positive,Positive,True,True,True,True,True,False,False,False,True,"I like the long, refreshing taste.",True
NEGATIVE,плохое качество блузки и кривые швы. заказ разочаровал(((,0.279,0.721,0.0,-0.4767,Negative,1,1,Negative,0.982463002204895,negative,1,Negative,0.7627736926078796,negative,1,Negative,0.8190610408782959,Very Negative,1,Negative,0.7384564876556396,3,Neutral,0.5425313381368144,3,Neutral,0.0,1,Negative,0.5154050194915637,1.5,2,Negative,Negative,True,True,True,True,True,False,False,True,True,poor quality blouse and curved seams. the order disappointed(((()),True
POSITIVE,"фильмов с happy end'ом очень много. однако не все такие же добрые и искренние, как этот.",0.0,0.588,0.412,0.8885,Positive,5,3,Neutral,0.9829002022743225,positive,5,Positive,0.6434388160705566,positive,5,Positive,0.9919044971466064,Negative,1,Negative,0.48077392578125,3,Neutral,0.8042393364945264,3,Neutral,0.0,3,Neutral,0.5449564153052726,3.5,4,Positive,Positive,True,False,True,True,False,False,False,False,True,"There are a lot of happy ending movies, but not all are as kind and sincere as this one.",True
POSITIVE,"очень рады открытию данного магазина, все необходимые есть, всегда чисто и приветливый персонал",0.0,0.548,0.452,0.8718,Positive,5,5,Positive,0.9973483085632324,positive,5,Positive,0.9903157353401184,positive,5,Positive,0.7480177283287048,Positive,5,Positive,0.8797042369842529,5,Positive,0.6200487271668498,5,Positive,0.0,5,Positive,0.7,5.0,5,Positive,Positive,True,True,True,True,True,True,True,True,True,"Very happy to open this store, all the necessary are always clean and friendly staff.",True
POSITIVE,"любимейший ресторан!всегда удается испытать гастрономический оргазм! даже не могу выделить какое-то одно блюдо. все вкусно.обслуживание отличное. nединственное, побольше бы коктейлей. мне не всегда хочется вино)",0.03,0.696,0.273,0.8948,Positive,5,5,Positive,0.9997978806495667,positive,5,Positive,0.9934326410293579,positive,5,Positive,0.992219090461731,Very Positive,5,Positive,0.7124972939491272,3,Neutral,0.7873277837086134,3,Neutral,0.0,5,Positive,0.5063451275266158,4.5,4,Positive,Positive,True,True,True,True,True,False,False,True,True,"Favorite restaurant! always manage to experience gastronomic orgasm! I can not even single out any one dish. everything is delicious. service is excellent. the only one, more cocktails. I do not always want wine.",True
NEGATIVE,"410 я не понял главной цели аниме, найти обманщика или убить короля демонов, что за рисовка нормас, но с сюжетом вообще не понятно, ( оценка 4 только за рисовку ) я понимаю, что тут жанр детектив, но это единственное аниме которое я хотел забросить из-за того что оно скучное, я смотрел много аниме с жанром детектив и все они были интересными. кароч, аниме на любителя.",0.102,0.856,0.042,-0.6157,Negative,1,1,Negative,0.9995614886283875,neutral,3,Neutral,0.6079908013343811,negative,1,Negative,0.9986149072647095,Negative,1,Negative,0.8447193503379822,3,Neutral,0.47201291152814884,3,Neutral,0.0,1,Negative,0.54,1.75,2,Negative,Negative,True,True,False,True,True,False,False,True,True,"410 I did not understand the main purpose of the anime, find a deceiver or kill the demon king, what kind of drawing is normal, but with the plot at all it is not clear, (grade 4 only for drawing) I understand that there is a genre of detective, but this is the only anime I wanted to throw because it is boring, I watched a lot of anime with the genre of detective and they were all interesting. koroch, anime on the amateur.",True
NEUTRAL,"звезд с неба не хватает, но аниме более чем годное.основная тема ""девочки волшебницы с птср в современных реалиях"" раскрыта, насколько это возможно за 12 серий.отличная рисовка, экшн с почти незацензуренной расчлененкой, драйвовый ост и все подано на серьезных щщах. сюжета не то, чтобы много, но он есть. главная героиня стандартна, но к ней проникаешься симпатией, потому что ее частенько накрывают вьетнамские флешбеки.немного минус за клюкву, но в тоже время и плюс за милую русскую девочку волшебницу.изначально приметил его потому, что от автора психо-паспортауж этот черт не может плохого сделать, пусть и жанр совсем другой и досмотрев сезон, ничуть не пожалел.",0.019,0.891,0.091,0.6652,Positive,5,3,Neutral,0.9999786615371704,positive,5,Positive,0.7566506862640381,positive,5,Positive,0.9990900754928589,Positive,5,Positive,0.8540138006210327,3,Neutral,0.539166193739024,3,Neutral,0.0,3,Neutral,0.67,4.0,4,Positive,Neutral,False,True,False,False,False,True,True,True,False,"The main theme of ""the girl of the sorceress with psr in modern realities"" is revealed, as much as possible for 12 episodes. excellent drawing, action with almost uncensored dismemberment, drive ost and everything is served on a serious plot. the main character is standard, but you feel sympathy for her, because she is often covered with Vietnamese flashbacks.",True
NEUTRAL,"и снова не перестает радовать уже и этот выпуск. персонажи почти не меняются, и это замечательно. рассказать о любимом городе посредством жизни подростков - отличная идея. шутки не пошлые, деффки не плоские, характеры узнаваемы. смотрится без усилия - единственное, приходилось останавливать на инфосубтитрах.неплохо поднимает настроение и заряжает позитивом,и конечно - как минимум, добрым расположением к нагое, где живут такие светлые люди)",0.086,0.664,0.25,0.9413,Positive,5,3,Neutral,0.8525588512420654,positive,5,Positive,0.6831444501876831,positive,5,Positive,0.9934573769569397,Positive,5,Positive,0.8629211187362671,3,Neutral,0.576247835695394,3,Neutral,0.0,3,Neutral,0.5,4.0,4,Positive,Neutral,False,True,False,False,False,True,True,True,False,"And again, the characters don't change very much, and it's great. It's a great idea to talk about your favorite city through the lives of teenagers. jokes are not vulgar, daffkas are not flat, characters are recognizable. looks without effort - the only thing that had to stop on info-subtitles.Not bad lifts the mood and charges positive, and of course - at least a good location to the naked, where such bright people live)",True
NEUTRAL,не очень поднимаются,0.0,1.0,0.0,0.0,Neutral,3,3,Neutral,0.9464904069900513,neutral,3,Neutral,0.8482149243354797,negative,1,Negative,0.6932591795921326,Negative,1,Negative,0.9028293490409851,3,Neutral,0.6896656062400399,3,Neutral,0.0,3,Neutral,0.5464574092258726,2.5,2,Negative,Neutral,True,True,True,False,False,True,True,True,False,low-rise,True
NEUTRAL,"толстые, плохо клеятся, всё потеет. лучше чем ничего в особые дни.",0.368,0.447,0.185,-0.4325,Negative,1,3,Neutral,0.9972707629203796,neutral,3,Neutral,0.7122585773468018,negative,1,Negative,0.4994852542877197,Very Negative,1,Negative,0.742463231086731,3,Neutral,0.5962777662763838,3,Neutral,0.0,1,Negative,0.5600349698686728,2.0,2,Negative,Neutral,False,True,True,False,False,True,True,False,False,"Fat, bad glue, sweating better than nothing on special days.",True
POSITIVE,массаж просто отличный! корнилова ольга- мастер своего дела! под ее руками все мышцы расслабляются! делает качественно и на результат! спасибо большое!,0.0,0.72,0.28,0.8469,Positive,5,5,Positive,0.9995455145835876,positive,5,Positive,0.9902462959289551,positive,5,Positive,0.9990034699440002,Very Positive,5,Positive,0.6910370588302612,5,Positive,0.9581722834368339,5,Positive,0.0,5,Positive,0.94,5.0,5,Positive,Positive,True,True,True,True,True,True,True,True,True,Massage is just great! Kornilov Olga - master of his craft! under her hands all the muscles relax! makes high-quality and for the result!,True
NEUTRAL,"воняет канализацией в номере, слышно дискотеку из кафе",0.0,0.848,0.152,0.3612,Positive,5,3,Neutral,0.9997649788856506,neutral,3,Neutral,0.6390825510025024,negative,1,Negative,0.8350085020065308,Negative,1,Negative,0.42139795422554016,1,Negative,0.5237403875350835,1,Negative,0.0,3,Neutral,0.4800885141377221,2.25,2,Negative,Neutral,False,True,True,False,False,False,False,True,False,"It smells like sewers in the room, you can hear the disco from the cafe.",True
NEUTRAL,"вообще не вижу смысла во всех спешлах по всем сериалам из "" world masterpiece theater""вышедшим до 1997г., т.к. это обычная нарезка моментов из основы. единственное предназначение всему этому вороху рекапов, единовременно вышедшим в 2001г. (вероятно в честь юбилея ), и по которым сейчас днём с огнём не сыщешь видео, это вызвать ностальгию, у тех кто все эти сериалы смотрел в детстве в период с 75 - по 97гг. и данный спешл, естественно не исключение.",0.058,0.872,0.07,0.4939,Positive,5,3,Neutral,0.6850451827049255,neutral,3,Neutral,0.607832670211792,negative,1,Negative,0.9244811534881592,Neutral,3,Neutral,0.2742541432380676,1,Negative,0.5493510621296329,1,Negative,0.0,1,Negative,0.65,2.25,2,Negative,Neutral,False,True,True,False,True,False,False,False,False,"In general, I do not see any sense in all the hastes on all the series from the ""world masterpiece theater"" released before 1997, since this is the usual cutting of moments from the base. the only purpose for all this heap of recaps, simultaneously released in 2001 (probably in honor of the anniversary), and for which now you will not find a video in the day with fire, it is to cause nostalgia, for those who watched all these series in childhood in the period from 75 to 97. and this haste, of course, is no exception.",True
POSITIVE,вкусная кухня и пенные напитки собственной пивоварни. лучше заказывать столик заранее.,0.0,0.694,0.306,0.765,Positive,5,5,Positive,0.9984524250030518,positive,5,Positive,0.8426940441131592,positive,5,Positive,0.8645986318588257,Positive,5,Positive,0.6176841855049133,3,Neutral,0.4684322177339959,3,Neutral,0.0,3,Neutral,0.3742290517075855,4.25,4,Positive,Positive,True,True,True,True,True,False,False,False,True,"delicious cuisine and foam drinks of your own brewery, it is better to book a table in advance.",True
POSITIVE,"в санаторий отличное обслудивание, доброжелательный персонал, чистые номера с новым ремонтом. еда 5 раз , как в хороших санаториях , еда разнообразная , выпечка кажды день разная .на территории достаточно детских площадок и где прогуляться .расположен в 5 мин от набережной , рядом питьевой бювет . бассейна нет. поблизости есть возможность посещать бассейны в соседних санаториях платно , не дорого .для детей каждый день дискотека и детская комната утром и вечером просмотр мультфильмов.процедуры делает квалификационный персонал",0.024,0.811,0.165,0.9201,Positive,5,5,Positive,0.9987668991088867,positive,5,Positive,0.9296072721481323,positive,5,Positive,0.9549492001533508,Neutral,3,Neutral,0.8855136632919312,3,Neutral,0.7304784003265017,3,Neutral,0.0,5,Positive,0.54,4.25,4,Positive,Positive,True,True,True,True,False,False,False,True,True,"in the sanatorium excellent service, friendly staff, clean rooms with new repairs. food 5 times, as in good sanatoriums, food is diverse, pastries every day are different. on the territory of enough playgrounds and where to walk .located 5 minutes from the embankment, near the drinking pool. There is no swimming pool. nearby there is an opportunity to visit swimming pools in neighboring sanatoriums for a fee, not expensive . for children every day disco and children's room in the morning and evening watching cartoons.",True
NEGATIVE,"ужас!брак на браке!продавец наглый ,попросил ему эту тряпку обратно отправить ,зная что из россии это дорого ,дороже этой вещи в 5 раз!потом обещал мне уладить и отменить возврат товара ,что бы я не обостряла спор, я ему поверила он выждал пока время выйдет обострения,и сказал мне ""пока""",0.077,0.801,0.122,0.4574,Positive,5,1,Negative,0.9997616410255432,negative,1,Negative,0.9740911722183228,negative,1,Negative,0.9746413826942444,Very Negative,1,Negative,0.8893991112709045,1,Negative,0.8400019702063041,1,Negative,0.0,1,Negative,0.79,1.5,2,Negative,Negative,False,True,True,True,True,True,True,True,True,"Marriage on marriage! the seller arrogant, asked him to send this cloth back, knowing that it is expensive from Russia, 5 times more expensive than this thing! then promised me to settle and cancel the return of the goods , so that I did not aggravate the dispute, I believed him he waited until the time of the exacerbation, and told me ""bye""",True
POSITIVE,"обалденная компазиция крымских ремесленников! очень красивая и оригинальная карта россии, не хватает только наших русских новых регионов",0.11,0.551,0.339,0.6764,Positive,5,5,Positive,0.9997947812080383,positive,5,Positive,0.9906927943229675,positive,5,Positive,0.998230516910553,Very Positive,5,Positive,0.6299251914024353,3,Neutral,0.5845556953425124,3,Neutral,0.0,3,Neutral,0.540929009442545,4.25,4,Positive,Positive,True,True,True,True,True,False,False,False,True,"A very beautiful and original map of Russia, only our new Russian regions are missing.",True
NEGATIVE,раньше брлее зеленая была,0.0,1.0,0.0,0.0,Neutral,3,1,Negative,0.814058780670166,neutral,3,Neutral,0.6587654948234558,negative,1,Negative,0.560766875743866,Neutral,3,Neutral,0.6791227459907532,3,Neutral,0.5298840322374212,3,Neutral,0.0,3,Neutral,0.4753664537256753,2.5,2,Negative,Negative,False,True,False,True,False,False,False,False,True,It used to be green.,True
POSITIVE,"достоинства: вкусный кисломолочный напиток. в меру сладости. удобная упаковка. недостатки: не хватило густоты, для 2,5 жидковат.",0.106,0.669,0.224,0.4588,Positive,5,5,Positive,0.9994035959243774,positive,5,Positive,0.9505131244659424,neutral,3,Neutral,0.8184016346931458,Neutral,3,Neutral,0.8454588651657104,5,Positive,0.43781437863415473,5,Positive,0.0,5,Positive,0.4744001227185774,4.5,4,Positive,Positive,True,True,True,False,False,True,True,True,True,"advantages: tasty sour-milk drink. in the measure of sweetness. convenient packaging. disadvantages: there was not enough density, for 2.5 liquid.",True
NEGATIVE,"'пастырь' - кино про вампиров, но только с новым видением этого явления. скажу сразу, фильм не получился таким, каким мы хотели его видеть. после не совсем удачного 'легиона', пол беттани быстренько переключился на новый, весьма похожий кинопроект. в легионе он играл архангела, здесь же он пастырь. и там, и там, он единственная надежда человечества в борьбе против тёмных сил. пол беттани конечно замечательный актёр, но в кинобиографий каждого знаменитого актёра бывают как шедевры, так и провалы. просто я незнаю не одного актёра, который снимался только в удачных кинокартинах. эту картину я отношу к неудачным. и пол здесь не виноват. режиссёр и сценаристы просто не до конца сделали свою работу. или сделали её на троечку с минусом. у этой картины было всё, чтобы стать удачной. тема вампиров она хоть и заезжена, но не теряет своей актуальности, и приносит свои плоды, также как и доходы от кассовых сборов. показать здесь не совсем ординарных вампиров, стала промашкой сценаристов. уж очень вышли они не качественные, просто какие-то недоработанные монстры. они были лишними. всё кино пропитано серыми тонами, и слабым освещением. видимо тем самым компенсируя слабую графику своих плохо продуманных персонажей. в общем и в целом понравилась только концовка. но этого было мало, чтобы у меня сложилось приятное впечатление от просмотра этой фантастики. 3 из 10",0.09,0.802,0.108,0.1573,Positive,3,1,Negative,0.9707790017127991,neutral,3,Neutral,0.6925610303878784,negative,1,Negative,0.997346043586731,Negative,1,Negative,0.6878319382667542,3,Neutral,0.5510177491909529,3,Neutral,0.0,5,Positive,0.43,2.5,2,Negative,Negative,False,True,False,True,True,False,False,False,True,"""Shepherd"" - a movie about vampires, but only with a new vision of this phenomenon. I will tell you right away, the film did not turn out the way we wanted to see it. after not quite a successful ""legion"", Paul Bettany quickly switched to a new, very similar film project. in the legion he played the archangel, here he is a shepherd. and there, he is the only hope of mankind in the fight against the dark forces. 3 out of 10",True
NEUTRAL,"в первый раз найти не просто. здание красивое, внутренний интерьер распологает, кресла для посетителей ободранные(был в первой декаде декабря 2022. возможно сейчас всё по другому ). сотрудники как в любом банке: неторопливые, сосредоточенные, действующие по инструкциям. заходил получить некий банковский продукт - отказали, хотя являюсь клиентом банка.n15.05 сделал заявку на кредитную карту ""180 дней без процентов"", по предложению атб, которое пришло на электронную почту. заполнил анкету - предодобрили. утром позвонила специалист банка, задала пару вопросов и отказала в получении карты.nдумаю: может хватит мне уже быть клиентом этого банка?",0.062,0.836,0.102,0.6591,Positive,5,3,Neutral,0.9999790191650391,neutral,3,Neutral,0.8164358139038086,positive,5,Positive,0.5403477549552917,Neutral,3,Neutral,0.7640454173088074,3,Neutral,0.6169556626881092,3,Neutral,0.0,1,Negative,0.43,3.25,3,Neutral,Neutral,False,True,True,False,True,True,True,False,True,"It is not easy to find the first time. the building is beautiful, the interior is located, the chairs for visitors are stripped (was in the first decade of December 2022. perhaps now everything is different ). Employees as in any bank: leisurely, focused, acting on instructions. I went to get a certain banking product - refused, although I am a customer of the bank.n15.05 made an application for a credit card ""180 days without interest"", at the suggestion of the atb, which came to email. filled out the questionnaire. in the morning a bank specialist called, asked a couple of questions and refused to receive a card.",True
POSITIVE,"прекрасный видовой отель в самом центре старого сочи! обслуживание и качество номеров соответствует своей 4-ке! завтраки вкусные, много фруктов и горячих блюд. спа великолепный. бассейна и детской комнаты нет, но нам это не помашает вернуться в этот отель в след раз.",0.027,0.778,0.195,0.872,Positive,5,5,Positive,0.9952947497367859,positive,5,Positive,0.986075222492218,positive,5,Positive,0.9724934697151184,Very Positive,5,Positive,0.8285104632377625,5,Positive,0.9063201587235197,5,Positive,0.0,5,Positive,0.78,5.0,5,Positive,Positive,True,True,True,True,True,True,True,True,True,"beautiful view hotel in the heart of old Sochi! service and quality of rooms corresponds to its 4th! breakfasts are delicious, a lot of fruits and hot dishes. spa is magnificent. there is no swimming pool and children's room, but it does not hurt us to return to this hotel next time.",True
NEGATIVE,"выкуривал я где-то полторы-две пачки в день. вскоре появился первый чирей. я его тоже отлично помню. на лбу. это было отвратительно! я не буду описывать процесс его удаления, потому что это на самом деле тошнотворная операция. и это был лишь первый из как минимум десяти! я задыхался на физре, хотя до этого в школе занимался легкой атлетикой и пробежать 3 км за какие-то 12 минут в институте никогда не было для меня проблемой - факт был налицо - иммунитет стремился к нулю. и ещё немаловажный факт для студента - деньги тратились тоже довольно хорошо. и вот я решил бросить. но как говаривал классик, бросить курить - очень легко! я делал это много раз.",0.02,0.885,0.095,0.7471,Positive,5,1,Negative,0.999923586845398,negative,1,Negative,0.4927004873752594,negative,1,Negative,0.9302498698234558,Very Negative,1,Negative,0.7735664248466492,5,Positive,0.4748559419557068,5,Positive,0.0,5,Positive,0.51,3.0,3,Neutral,Negative,False,True,True,True,True,False,False,False,False,"I smoked about one and a half or two packs a day. soon there was the first chire. I remember it too well. on my forehead. it was disgusting! I will not describe the process of removing it, because it is actually a nauseating operation. and it was only the first of at least ten! I was suffocating at the gym, although before that in school I was engaged in athletics and running 3 km in some 12 minutes in college was never a problem for me - the fact was obvious - immunity tended to zero. and another important fact for the student - money was spent on the gym, but I decided to quit very easily.",True
NEUTRAL,"запах стал держать хуже , чем раньше",0.383,0.617,0.0,-0.4767,Negative,1,3,Neutral,0.8866718411445618,neutral,3,Neutral,0.8444089293479919,neutral,3,Neutral,0.5871074795722961,Negative,1,Negative,0.38221269845962524,1,Negative,0.445960903406906,1,Negative,0.0,1,Negative,0.8275919065536059,1.75,2,Negative,Neutral,False,True,True,True,False,False,False,False,False,The smell was worse than before.,True
NEUTRAL,"был удивлён, унав, что 'сердце америки' вышло раньше 'слона'. интересно получаеться, ван сент что, украл идею? а фильм весьма неплох, учитывая репутацию уве болла - это действительно шаг вперёд.",0.0,0.822,0.178,0.7778,Positive,5,3,Neutral,0.9999533891677856,neutral,3,Neutral,0.5845750570297241,positive,5,Positive,0.9691067934036255,Positive,5,Positive,0.6306195855140686,3,Neutral,0.5976794576834531,3,Neutral,0.0,3,Neutral,0.5579864390494232,3.75,4,Positive,Neutral,False,True,True,False,False,True,True,True,False,"I was surprised to learn that the ""heart of America"" came out before the ""elephant"" - it's interesting that Van Sant stole the idea - and the film is quite good, given the reputation of the uwe ball - it's really a step forward.",True
POSITIVE,"отличное место! опирались на рейтинг при выборе и не прогадали. тихо, красиво, спокойно. андрей перед заездом все объяснил и рассказал. алексей встретил и всегда был на связи, на все вопросыпросьбы отвечал. когда отдыхали, было -25 градусов, но в доме печь стоит не только для красоты, но и по делу. с ней уютнее и в домике очень тепло! дрова всегда в достатке, ребята не забывали про постояльцев). в домике есть все что нужно, все работало. можно с животными. особенно удобно в 10 доме, расположен в отдалении от других. ну и баня достойная. купель в такую погоду тоже )))",0.056,0.843,0.101,0.4394,Positive,5,5,Positive,0.9998050332069397,positive,5,Positive,0.9879553318023682,positive,5,Positive,0.9973704814910889,Positive,5,Positive,0.7406035661697388,5,Positive,0.7907839275440002,5,Positive,0.0,5,Positive,0.53,5.0,5,Positive,Positive,True,True,True,True,True,True,True,True,True,"excellent place! based on the rating when choosing and did not lose. quietly, beautifully, calmly. Andrey before the arrival explained everything and told. Alexey met and was always in touch, all questions answered. when resting, it was -25 degrees, but in the house the oven is not only for beauty, but also for business. with her cozy and in the house very warm! firewood is always in abundance, the guys did not forget about the guests. in the house there is everything you need, everything worked. you can with animals. especially convenient in 10 houses, located far from others.",True
NEUTRAL,"прод посоветовал взять л. шмот пришел как на ребенка, открыла спор, вернули 50 стоимости",0.162,0.838,0.0,-0.4019,Negative,1,3,Neutral,0.8636922240257263,neutral,3,Neutral,0.5872172117233276,negative,1,Negative,0.9423637390136719,Neutral,3,Neutral,0.7825609445571899,1,Negative,0.6484239217306864,1,Negative,0.0,1,Negative,0.6154230767822995,1.75,2,Negative,Neutral,False,True,True,False,True,False,False,False,False,"The sale advised to take L. smoot came as a child, opened a dispute, returned 50 cost",True
NEGATIVE,"больше четырех серий не осилил, оказалась какая-то повседневка с закосом на кулинарию драконов, вкусно наверно жрать драконов особенно когда вкус сравнить даже не с чем.для повседневки в персонажей не веришь ниаразу, потому что 3дубогая анимация вызывающая только ""зловещую долину"". смотрел от этой студии рыцарей сидонии и нелюдь, там хотяб убогое 3д разбавлялось хорошим экшоном и интересным сюжетом (заслуга первоисточников).",0.083,0.823,0.093,-0.0258,Neutral,3,1,Negative,0.9998432397842407,neutral,3,Neutral,0.8183111548423767,negative,1,Negative,0.9887322187423706,Negative,1,Negative,0.5991895794868469,1,Negative,0.47039555600219063,1,Negative,0.0,3,Neutral,0.48,1.75,2,Negative,Negative,False,True,False,True,True,True,True,False,True,"more than four episodes did not master, there was some everyday with a sting on the cooking of dragons, it is probably tasty to eat dragons especially when the taste is not even compared with anything. for everyday characters do not believe niaraza, because 3-blue animation that causes only the ""evil valley."" I watched from this studio knights of sidonia and inhumans, there at least poor 3D was diluted with a good action and interesting plot (the merit of the primary sources).",True
NEUTRAL,"это шедевр, безусловно! на фоне челпана наполеон и гитлер политические карлики: один продержался 13 лет, а другой 12 лет. ближе всех челпан к муаммару каддафи, который удерживал власть 42 года. челпану до него ещё 15 лет, ровно три срока.",0.0,0.891,0.109,0.6588,Positive,5,3,Neutral,0.9984185695648193,negative,1,Negative,0.6587746739387512,positive,5,Positive,0.9982656836509705,Very Negative,1,Negative,0.8592023253440857,3,Neutral,0.5819805730285862,3,Neutral,0.0,3,Neutral,0.81,3.0,3,Neutral,Neutral,False,True,False,False,False,True,True,True,True,"This is a masterpiece, of course! against the background of the Chelpan Napoleon and Hitler political dwarfs: one lasted 13 years, and the other 12 years. the closest Chelpan to Muammar Gaddafi, who held power for 42 years.",True
POSITIVE,"доставил курьер.платье хорошее.на 44 р брала м.подошло.ткань не сильно плотная, но не просвечивает.",0.0,0.85,0.15,0.4019,Positive,5,5,Positive,0.9898545145988464,positive,5,Positive,0.9861477613449097,positive,5,Positive,0.9245867133140564,Positive,5,Positive,0.9094809293746948,3,Neutral,0.6838457089107313,3,Neutral,0.0,3,Neutral,0.5274164650765767,4.25,4,Positive,Positive,True,True,True,True,True,False,False,False,True,"Delivered the courier. the dress is good. at 44 r took m. fit. the fabric is not very dense, but does not shine through.",True
POSITIVE,"колготки очень хорошие, очень мягкие и приятные к телу, дошли примерно за 20 дней, качеством довольна, швы на месте стыков черного и белого ровные",0.0,0.711,0.289,0.8737,Positive,5,5,Positive,0.9862834215164185,positive,5,Positive,0.9763365983963013,positive,5,Positive,0.9743273854255676,Positive,5,Positive,0.873907208442688,3,Neutral,0.6346767814022448,3,Neutral,0.0,3,Neutral,0.6297959066935754,4.25,4,Positive,Positive,True,True,True,True,True,False,False,False,True,"tights are very good, very soft and pleasant to the body, reached in about 20 days, the quality is satisfied, the seams at the junction of black and white are even.",True
POSITIVE,"- это убийство, самое непредсказуемое из всех преступлений. с одной стороны перед нами классика слэшеров. своеобразная предтеча 'туристас' и подобных ему фильмов. это история о двух молодых англичанках, которые в поездках ярких впечатлений колесят по континентальной европе. в поле их интересов оказывается франция. причем, не столичный париж или промышленный лион, а самый заурядный сельский пленэр. с большинством из местных жителей девушки даже не могут поговорить на одном языке. впрочем, у этих подруг произойдет помолвка и каждая будет сама за себя. обеим уготована встреча с проявлениями безумия. тут будет не так уж и много экшна, зато каждая из ситуаций в которую вовлекут нас создатели этой ленты будет напряженной и психологически выверенной. впрочем, я бы в этом всем выделил вовсе не взаимодействие со странным незнакомцем. реакции на все происходящее простых французских обывателей деревни дорогого стоят. с неизменным изяществом и толерантностью они рекомендуют попросту не замечать проблему. ведь если сделать вид, что вас никто не беспокоит, то возможно и обстоятельств для беспокойства нет 7 из 10",0.068,0.813,0.119,0.6757,Positive,5,5,Positive,0.9985823631286621,neutral,3,Neutral,0.675893247127533,positive,5,Positive,0.9865289926528931,Neutral,3,Neutral,0.3417445421218872,3,Neutral,0.6154208467334522,3,Neutral,0.0,3,Neutral,0.6,3.75,4,Positive,Positive,True,True,False,True,False,False,False,False,True,"- this is a murder, the most unpredictable of all crimes. on the one hand, we have a classic of slashers. a kind of forerunner of ""tourists"" and similar films. this is a story about two young English women who travel on trips of vivid impressions travel around continental Europe. in the field of their interests, France turns out to be the problem. moreover, not the metropolitan Paris or industrial Lyon, but the most ordinary rural plein-air. with most of the locals, girls can not even talk in the same language. however, these friends will be engaged for themselves. both are prepared to meet with manifestations of madness, if there is not a lot of concern for you.",True
NEUTRAL,кошелёк по какому принципу мне показывают только две карты на главной странице которые мне не так важны ? как изменить последовательность ?! сейчас пришлось скрыть карты из приложения - что за костыль левый ?,0.118,0.882,0.0,-0.5489,Negative,1,3,Neutral,0.9999464750289917,neutral,3,Neutral,0.7260432839393616,negative,1,Negative,0.975993812084198,Neutral,3,Neutral,0.5059215426445007,3,Neutral,0.5222338891145887,3,Neutral,0.0,1,Negative,0.5376864178248608,2.25,2,Negative,Neutral,False,True,True,False,True,True,True,False,False,Why do I only see two cards on the homepage that are not so important to me? How to change the sequence ?! now I had to hide the cards from the application - what is the left crutch?,True
NEGATIVE,"сегодня прогулялся с довольно интересной девушкой. нашел подругу и нового друга. девушка чуть ли не открытым текстом выхуярила из меня все самолюбие одной фразой. вторая не хочет со мной общаться по телефону, друг походу дела забыл обо мне. как алиби - он работает. тем не менее вечером онлайн, а мое лс пустует. абзац слёз и безысходности на фоне моих сегодняшних фото с голубями, которых я кормил мышьяком с гранулами амиака)) ахаха p.s пора бы уже самому себе признаться, что никому ты не будешь, никогда нужным. ни как друг, ни как парень. чувство, будто я в мусорке растворяюсь на молекулы, овиваясь трупным зловонием. ненавижу эту ебаную жизнь. ненавижу, все и вся. спасибо. кто еще считает меня прокаженным и юродивым? комменты открыты, welcome.",0.138,0.726,0.136,0.1917,Positive,3,1,Negative,0.999974250793457,negative,1,Negative,0.8344396948814392,negative,1,Negative,0.7968541383743286,Negative,1,Negative,0.5543480515480042,3,Neutral,0.5660141703162488,3,Neutral,0.0,5,Positive,0.64,2.25,2,Negative,Negative,False,True,True,True,True,False,False,False,True,"Today I walked with a rather interesting girl. found a friend and a new friend. the girl almost frankly pissed off all my pride with one phrase. the second does not want to talk to me on the phone, a friend has forgotten about me. as an alibi - he works. nevertheless, in the evening online, and my lion is empty. the paragraph of tears and despair against the background of my today's photos with pigeons, which I fed arsenic with amiac pellets) aha p.s. it's time to admit to yourself that you will never be alibi to anyone, I hate this molecule, as if I am open to myself.",True
POSITIVE,"классное место ,вкусный кофе и бесплатная парковка",0.0,0.364,0.636,0.7906,Positive,5,5,Positive,0.9985741376876831,positive,5,Positive,0.9952666759490967,positive,5,Positive,0.6177414655685425,Positive,5,Positive,0.8561878204345703,5,Positive,0.6402517262042117,5,Positive,0.0,5,Positive,0.82,5.0,5,Positive,Positive,True,True,True,True,True,True,True,True,True,"Classroom, delicious coffee and free parking",True
POSITIVE,сегодня решила себя побаловать и сделала причесочку красота,0.0,0.698,0.302,0.5994,Positive,5,5,Positive,0.9997153878211975,positive,5,Positive,0.6021548509597778,neutral,3,Neutral,0.682294487953186,Positive,5,Positive,0.9042810797691345,5,Positive,0.4912726050172842,5,Positive,0.0,5,Positive,0.7536792898145207,4.75,5,Positive,Positive,True,True,True,False,True,True,True,True,True,Today I decided to pamper myself and made my hair beautiful.,True
POSITIVE,"когда евгений гришковец и павел колесников доверили нам восстановить спектакль титаник, мы сильно волновались. но мы сделали всё, что было в наших силах, чтобы это доверие оправдать. и кажется, у нас получилось )))",0.047,0.729,0.224,0.7626,Positive,5,5,Positive,0.9996355772018433,neutral,3,Neutral,0.5107347369194031,positive,5,Positive,0.8144229650497437,Positive,5,Positive,0.8254899382591248,3,Neutral,0.5248169799687802,3,Neutral,0.0,3,Neutral,0.82,4.0,4,Positive,Positive,True,True,False,True,True,False,False,False,True,"When Eugene Grishkovets and the chariot paul entrusted us to restore the performance of the Titanic, we were very worried. but we did everything in our power to justify this trust.",True
NEGATIVE,"ужасная даже наверно самая отвратительная компания касаемо клиентоориентированности! пришел человек для подключения интернета, кинул провод в квартиру забрал договор и досвидания. не подключил даже к роутеру который был в наличии, настраивать роутер мне не требовалось. нужно было как минимум подключиться и проверить если выход в интернет и все, пускай даже если бы он был даже со своим роутером. итог таков подключил все сам в этом даже первоклассник разберётся, но выход в интернет отсутствовал ввел логин и пароль а мне выдает ошибку и пишет связаться с поддержкой. я позвонил на горячую линию стал рассказывать ситуацию и высказывать свое не довольство почему мастер не проверил выход в интернет, в ответ только слышал ну, ну, ну и в итоге девушка сказала что мне она и мастер ничем не обязана и ничего не должны хамское отношение. я же настоял что бы она составила заявку чтобы техподдержка мне перезвонила и объяснила причину отсутствия выхода в интернет. прошел день. никто не перезвонил. я позвонил в мтс своему знакомому он пришел посмотрел и сказал что вся проблема находится в сервере который стоит на крыше. я снова стал звонить и уже обоснованно ругаться что бы люди пришли и переделали свою работу и настроили и через 3 дня у меня появился интернет. nnкатегорически не советую данную контору. обслуживание ноль, цена конь, заявленная скорость занижена мерил на прямую через кабель. надеюсь я чем то помогу людям на собственном негативном примере.nвсем добра!",0.074,0.895,0.032,-0.5702,Negative,1,1,Negative,0.9999769926071167,negative,1,Negative,0.7444920539855957,negative,1,Negative,0.9990108013153076,Very Negative,1,Negative,0.8947830200195312,1,Negative,0.5730538413076449,1,Negative,0.0,1,Negative,0.76,1.0,1,Negative,Negative,True,True,True,True,True,True,True,True,True,"terrible even probably the most disgusting company with regard to customer orientation! a person came to connect the Internet, threw a wire into the apartment took the contract and goodbye. did not connect even to the router that was available, I did not need to configure the router. I needed at least to connect and check if he was even with his router. the result of this even the first-grader will understand, but the login and password did not give me an error and write to contact with the Internet support. I did not need to contact the Internet client for the reason I have to go through the Internet.",True
POSITIVE,"качество отличное,нитки не торчат,швы ровные. доставка в москву две недели. в магазинах такая вещь стоит 2 тыс,поэтому однозначно рекомендую)",0.0,0.698,0.302,0.8741,Positive,5,5,Positive,0.9985870122909546,positive,5,Positive,0.992456316947937,positive,5,Positive,0.999516487121582,Positive,5,Positive,0.8495603203773499,5,Positive,0.6106849322853352,5,Positive,0.0,5,Positive,0.5516520968783951,5.0,5,Positive,Positive,True,True,True,True,True,True,True,True,True,"quality is excellent, threads do not stick out, seams are smooth. delivery to Moscow for two weeks. in stores such a thing costs 2 thousand, so I definitely recommend",True
NEUTRAL,"самые лучшие вещи на свете невидимы.поэтому мы закрываем глаза когда плачем,целуемся и мечтаем",0.114,0.554,0.332,0.7096,Positive,5,3,Neutral,0.9999192953109741,positive,5,Positive,0.757642924785614,neutral,3,Neutral,0.8607079982757568,Very Positive,5,Positive,0.36122196912765503,3,Neutral,0.5298840322374212,3,Neutral,0.0,3,Neutral,0.47536645372567543,3.75,4,Positive,Neutral,False,True,False,True,False,True,True,True,False,"The best things in the world are invisible, so we close our eyes when we cry, kiss and dream.",True
POSITIVE,"платье мне понравилось, конечно швы далеко не идеальны, но нитки не торчат, запаха нет, пятен тоже, единственное ткань просвечивает, очертание трусов видать, но для меня не критично, продавцу спасибо",0.101,0.776,0.124,0.0588,Neutral,3,5,Positive,0.9894047975540161,positive,5,Positive,0.7589656710624695,positive,5,Positive,0.9451417922973633,Positive,5,Positive,0.48060160875320435,3,Neutral,0.4828828874088421,5,Positive,0.0,5,Positive,0.84,4.5,4,Positive,Positive,False,True,True,True,True,False,True,True,True,"I liked the dress, of course, the seams are far from perfect, but the threads do not stick out, there is no smell, the stains too, the only fabric shines through, the outline of the pants to see, but for me not critical, thank you to the seller.",True
POSITIVE,"хорошие штаны, очень быстрая доставка. соответствуют описанию.",0.0,0.707,0.293,0.4404,Positive,5,5,Positive,0.9977631568908691,positive,5,Positive,0.9902094602584839,positive,5,Positive,0.9991089701652527,Positive,5,Positive,0.918647050857544,3,Neutral,0.4906904604511256,3,Neutral,0.0,5,Positive,0.6495224260780047,4.5,4,Positive,Positive,True,True,True,True,True,False,False,True,True,"Good pants, very fast delivery, match the description.",True
POSITIVE,большая благодарность дежурному по вокзалу смирновой ольге. организовала коляску для маломобильного человека. приветливый и отзывчивый человек. побольше таких людей.,0.058,0.545,0.397,0.9042,Positive,5,5,Positive,0.9986602067947388,positive,5,Positive,0.7769967913627625,positive,5,Positive,0.9031380414962769,Positive,5,Positive,0.8662700057029724,5,Positive,0.9535559177394122,5,Positive,0.0,5,Positive,0.88,5.0,5,Positive,Positive,True,True,True,True,True,True,True,True,True,Great gratitude to the station duty officer Smyrnova Olga. organized a wheelchair for a person with limited mobility. friendly and responsive person. more such people.,True
NEGATIVE,"просто ужас!nуехать не возможно,рейсы отменяют!nприехал утром , взял билет на вечер обратно,пришёл, а у ехать нельзя т.к. рейс сейс отменён!))nну это просто",0.09,0.91,0.0,-0.2462,Negative,3,1,Negative,0.999903678894043,negative,1,Negative,0.9044089317321777,negative,1,Negative,0.9903064966201782,Very Negative,1,Negative,0.8553030490875244,3,Neutral,0.441699283971027,3,Neutral,0.0,1,Negative,0.6725720743875572,1.75,2,Negative,Negative,True,True,True,True,True,False,False,True,True,"It is impossible to leave, flights are canceled!n arrived in the morning , took the ticket for the evening back, came, and you can not leave because flight flight flight flight flight canceled!)",True
POSITIVE,"очень нравится .спасибо вам ,благодаря вам прокачиваю свои навыки",0.0,0.45,0.55,0.8744,Positive,5,5,Positive,0.9976111650466919,positive,5,Positive,0.9928661584854126,positive,5,Positive,0.9083946943283081,Positive,5,Positive,0.8914667963981628,5,Positive,0.9404301732435542,5,Positive,0.0,5,Positive,0.86,5.0,5,Positive,Positive,True,True,True,True,True,True,True,True,True,"I like it very much, thank you, thanks to you I am improving my skills.",True
NEUTRAL,"с наскоку проблему решить можно . очень просто. 1.отказаться от боингов и арбузов в пользу бразильских эмбаеров. 2.финансовые вопросы с лизингом решать в рамках созданного банка брикс . понимаю ,что функции другие , но механизмы уже появились. т.е. политически можно вопрос в свою пользу отыграть мгновенно. была бы воля. что делать в среднесрочной перспективе ? а ответ однозначный - свой самолет . на 100 российский, либо с какой-то долей некритичного экспорта от ближайших союзников.",0.038,0.808,0.154,0.8658,Positive,5,3,Neutral,0.99998939037323,neutral,3,Neutral,0.6848103404045105,neutral,3,Neutral,0.7847003936767578,Neutral,3,Neutral,0.4155172109603882,3,Neutral,0.4587292452532762,3,Neutral,0.0,3,Neutral,0.41,3.25,3,Neutral,Neutral,False,True,True,True,True,True,True,True,True,"You can quickly solve the problem. 1. to refuse Boeings and watermelons in favor of Brazilian embayers. 2. to solve financial issues with leasing within the framework of the created brix bank. I understand that the functions are different, but the mechanisms have already appeared. I.e. politically it is possible to win back instantly. would be the will. what to do in the medium term? The answer is simple: your plane. 100 Russian, or some share of non-critical exports from the closest allies.",True
POSITIVE,"была на макинюре с покрытием, очень понравились ноготочки))) все пожелания по форме и цвету учтены, очень понравился мастер и работа персонала, вкусный кофе, приятная атмосфера, благодарю!",0.0,0.623,0.377,0.9483,Positive,5,5,Positive,0.9992156028747559,positive,5,Positive,0.9940187931060791,positive,5,Positive,0.8051578402519226,Positive,5,Positive,0.7480874061584473,5,Positive,0.7046806751901139,5,Positive,0.0,5,Positive,0.71,5.0,5,Positive,Positive,True,True,True,True,True,True,True,True,True,"I was on a coated makinure, I really liked the nails)) all the wishes in form and color are taken into account, I really liked the master and the work of the staff, delicious coffee, pleasant atmosphere, thank you!",True
NEUTRAL,"напишу свой небольшой отзыв.сперва скептически отнесся к данному произведению, пересилил 1 серию про рогалик и дальше пошло то самое, за что стоит смотреть лаки стар. ""ненавязчивая повседневность"" - каждая серия и эпизодов-скетчей, длительностью от 1 до 10 минут. сами персонажи и их интересы - отдельная тема. и вроде есть банальные шутки, но их подача достойна. в итоге получилась очень легкая и приятная вещь.п.с. анимешники делятся на 2 лагеря: те, кто дропнул на 1 серии (про рогалик) и те, кто пересмотрел пару раз.п.с.с. всем добра)",0.018,0.797,0.185,0.9412,Positive,5,3,Neutral,0.99858558177948,neutral,3,Neutral,0.8488747477531433,positive,5,Positive,0.9971991777420044,Positive,5,Positive,0.609620213508606,3,Neutral,0.725066368758827,3,Neutral,0.0,3,Neutral,0.48,3.75,4,Positive,Neutral,False,True,True,False,False,True,True,True,False,"First, I was skeptical of this work, overpowered 1 series about bagels and then went the very thing that is worth watching varnishes old. ""unobtrusive everyday life"" - each series and episodes-sketches, lasting from 1 to 10 minutes. the characters themselves and their interests are a separate topic. and seem to have banal jokes, but their presentation is worthy. as a result, it turned out a very easy and pleasant thing. p.s. animeshniks are divided into 2 camps: those who dripped up for 1 series (the horn) and a couple of time.",True
POSITIVE,"отличное место с вкусным пивом и едой! приветливый персонал, классная атмосфера! советую к посещению",0.0,0.342,0.658,0.9258,Positive,5,5,Positive,0.9991806149482727,positive,5,Positive,0.9956116080284119,positive,5,Positive,0.7669511437416077,Positive,5,Positive,0.6312614679336548,5,Positive,0.4115599356429176,5,Positive,0.0,5,Positive,0.59,5.0,5,Positive,Positive,True,True,True,True,True,True,True,True,True,"Excellent place with delicious beer and food! friendly staff, cool atmosphere!",True
NEGATIVE,"помните какбы радио из 'дня радио'? вот пришла эра какбыкина про историю. стали снимать историческое кино много, но такая клюква, что даже критиковать рука не поднимается. многие хвалят костюмы в этом творение, но сами вряд ли являются специалистами. в фильме много крови, убийств, казни, но впечатление от этих 'трагедий' нет. 'никого не жалко' как поется в одой известной песни. и не потому, что мы черствые, а просто герои эти без души. может сыграны без души, может так сценарий написан, что раскрыться им нет необходимости. любовь. а она там есть? ну если верить конечно в любовь с первого раза, то да она там есть. так что не понятно вообще о чем там хотели рассказать авторы. сражение сняли, пытаясь скопировать 'патриота', получилась убогая вторичность вторичности. битва показана мало того, что безграмотно, но если бы нам не показали как окружили горстку шведов, то мы бы и не поняли кто выиграл. критиковать авторов за то, что они сняли какбыкино вряд ли стоит, но хвалить за их подвиги в создании исторического полотна мягко говоря не стоит.",0.136,0.702,0.162,0.8354,Positive,5,1,Negative,0.9999085664749146,neutral,3,Neutral,0.7088102698326111,negative,1,Negative,0.9975857734680176,Very Negative,1,Negative,0.563575804233551,1,Negative,0.3970690213171575,5,Positive,0.0,1,Negative,0.57,2.25,2,Negative,Negative,False,True,False,True,True,True,False,True,True,"Remember how to radio from the 'day of radio'? here came the era of the ass about history. began to shoot historical cinema a lot, but so cranberries that even criticize the hand does not rise. many praise the costumes in this creation, but they are hardly specialists. in the film a lot of blood, murders, executions, but the impression of these 'tragedies' is not. ""No one is sorry"" as sung in the ode to a famous song. and not because we are callous, but just these heroes without a soul. can be played without a soul, maybe the script is written so that they do not need to be revealed. love. and she is there? well, if you believe in love from the first time, then it is there. so it is not clear at all what the authors wanted to tell. the battle was filmed, trying to copy the ""patriot"", it turned out a wretched secondaryity. the battle is shown not that is illiterate, but if we were not shown how to be surrounded by the historical, then they should not be gently criticized.",True
NEGATIVE,"сотрудники данной конторы удивили вновь. пришли заверить два документа, каждый на одной странице. ни одного посетителя в конторе, сотрудницы пьют чай. заверять документы отказались. аргументировали тем, что принимают только по записи и это долгий процесс. предложили записаться и , возможно, завтра пригласят. не первое обращение в данную контору. и не первое разочарование. удобное расположение для меня, но лучше схожу в другую контору. не рекомендую!",0.065,0.802,0.133,0.6371,Positive,5,1,Negative,0.9999302625656128,negative,1,Negative,0.7301650643348694,negative,1,Negative,0.9989275336265564,Negative,1,Negative,0.6156244874000549,3,Neutral,0.6571266700483462,3,Neutral,0.0,1,Negative,0.47,2.0,2,Negative,Negative,False,True,True,True,True,False,False,True,True,"Employees of this office surprised again. came to assure two documents, each on the same page. no visitor in the office, employees drink tea. certify documents refused. argued that they take only on record and this is a long process. offered to enroll and perhaps tomorrow will invite. not the first appeal to this office. and not the first disappointment. convenient location for me, but better go to another office.",True
NEUTRAL,"прочитал отзывы и решил оставить свой. наверное, зря.я давно не смотрел аниме таких масштабов, было приятно проследить за историей целого мира, достаточно хорошо проработанного. что касается достоверности и расчетов, я могу сказать следующее - во всем аниме я без всяких претензий ""хавал"" то, что мне предлагают, и мне нравилось, а придираться к реалистичности и самодостаточности механики мира не надо, иначе можно упустить хороший сюжет. я бы поставил как минимум 8 из 10.похожее?был бы рад, если бы народ посоветовал нечто похожее, потому что shiki (указано в похожих к этому аниме) - на самом деле совсем не похоже, и вообще фигня полная",0.019,0.849,0.132,0.8687,Positive,5,3,Neutral,0.9224270582199097,neutral,3,Neutral,0.7789913415908813,positive,5,Positive,0.999025821685791,Positive,5,Positive,0.8067329525947571,3,Neutral,0.533391432483286,1,Negative,0.0,3,Neutral,0.39,3.5,4,Positive,Neutral,False,True,True,False,False,True,False,True,False,"I have not watched anime of such magnitude for a long time, it was pleasant to follow the history of the whole world, quite well worked out. As for reliability and calculations, I can say the following - in the whole anime I without any claims ""have"" what I am offered, and I liked, and to pick on the realism and self-sufficiency of the mechanics of the world is not necessary, otherwise you can miss a good plot. I would put at least 8 out of 10. similar?",True
NEGATIVE,"очень солёный, мяса совсем мало, одно сало, практически весь кусок на выброс(",0.0,1.0,0.0,0.0,Neutral,3,1,Negative,0.9976915121078491,negative,1,Negative,0.6212868690490723,negative,1,Negative,0.7318801879882812,Very Negative,1,Negative,0.6690545678138733,1,Negative,0.7134943762824881,1,Negative,0.0,3,Neutral,0.47,1.5,2,Negative,Negative,False,True,True,True,True,True,True,False,True,"very salty, meat is very small, one lard, almost the whole piece is discarded()",True
NEGATIVE,"приехала в пятницу вечером купить подарок. консультанты очень отзывчивые и позитивные. однако, с кассиршами дело обстоит просто отвратительно. подошла рассчитаться за товар, и девушка, которая меня пробивала (не запомнила её имени, но волосы светлые, каре), общалась со мной максимально отвратительно. будто делая мне одолжение, что вообще взялась пробивать товар. при попытке уточнить детали по золотой карте, чтобы понять все ли я правильно понимаю, она общалась со мной, как будто с тупой, с максимально неприятной интонацией. система клубных карт в каждой компании разная, и в твои обязанности входит объяснить клиенту все детали, а не ждать от меня уже знаний заранее.nневежливое общение с претензией ко мне продолжилось вплоть до оформления карты, из-за чего желание что-либо купить отпало. мне, как вспыльчивому человеку, очень тяжело было сдержаться и не нагрубить в ответ, и чтобы этого не делать, пришлось просто развернуться и уйти, не совершив покупку. жалко потраченного времени.nвсё это, кстати, сопровождалось коллегами кассирши, которые тюленями разложились по кассовой стойке и даже не пытались выглядеть презентабельнее. атмосфера, как на рынке.nкомпании стоит больше внимания уделять внутренним тренингам персонала. такие курицы продаж вам не сделают.",0.085,0.814,0.101,0.0608,Neutral,3,1,Negative,0.9999662637710571,neutral,3,Neutral,0.6398336291313171,negative,1,Negative,0.970572292804718,Very Negative,1,Negative,0.7346816062927246,1,Negative,0.7898591424763868,1,Negative,0.0,1,Negative,0.54,1.5,2,Negative,Negative,False,True,False,True,True,True,True,True,True,"I came on Friday evening to buy a gift. consultants are very responsive and positive. however, with cashiers, the situation is simply disgusting. came to pay for the goods, and the girl who punched me (not remembering her name, but her hair is blond, brown), communicated with me as disgusting as possible. as if doing me a favor at all. when trying to clarify the details on the gold card. to understand everything, she communicated with me as if with the internal atmosphere. with the most unpleasant intonation. the system of club cards in each company, did not make the purchase, by the way, as if the company did not bothered to you to do everything in advance, and did not bother me, and did not even to do it with the customer.",True
NEUTRAL,"товар не соответсвует картинке ,не кардиган а обычная кофта",0.0,1.0,0.0,0.0,Neutral,3,3,Neutral,0.7580018043518066,neutral,3,Neutral,0.5472797751426697,negative,1,Negative,0.6875972151756287,Negative,1,Negative,0.8648673892021179,3,Neutral,0.4143258771637996,1,Negative,0.0,3,Neutral,0.5552594421037014,2.25,2,Negative,Neutral,True,True,True,False,False,True,False,True,False,"The product does not match the picture, not a cardigan but a regular sweatshirt",True
NEGATIVE,"купились на рекламу по дороге. ехали специально к ним. на деле сплошное разочарование. подача в пластиковой посуде, еле теплое, не вкусно совсем. пюре картофельные с комками. 1900р за троих отдали, у всех тарелки остались полными. есть невозможно.nне покупайтесь на рекламу, езжайте дальше.",0.079,0.883,0.038,-0.4005,Negative,1,1,Negative,0.9949493408203125,negative,1,Negative,0.6441949009895325,negative,1,Negative,0.9873991012573242,Very Negative,1,Negative,0.5618171095848083,1,Negative,0.5990388616866255,1,Negative,0.0,1,Negative,0.4613153333685833,1.0,1,Negative,Negative,True,True,True,True,True,True,True,True,True,"They bought advertising on the way. They went to them. In fact, it was a complete disappointment. The service in plastic dishes, barely warm, not tasty at all. 1900 for three gave, all the plates were full. there is impossible.",True
POSITIVE,"всем рекомендую! аниме хорошо раскрывает главного героя, который довольно сильный, умный и т.д. люблю аниме где упор делается не только на сюжет, рисовку, а также на персонажей, все довольно неплохо раскрыты, только если честно местами без емоций, не ну рил они не проявляют емоции в нужный момент, это пугает, будто нпс.",0.062,0.691,0.247,0.8698,Positive,5,5,Positive,0.5640863180160522,positive,5,Positive,0.9287601113319397,positive,5,Positive,0.9976964592933655,Positive,5,Positive,0.7963863611221313,3,Neutral,0.6937686804900619,3,Neutral,0.0,3,Neutral,0.47331457288253875,4.25,4,Positive,Positive,True,True,True,True,True,False,False,False,True,"I recommend everyone! anime well reveals the main character, who is quite strong, smart, etc. I love anime where the emphasis is not only on the plot, drawing, but also on the characters, all quite well disclosed, only if honestly places without emotions, they do not show emotion at the right moment, it is frightening, as if NPS.",True
POSITIVE,"шикарное место, современное, была с сыном на мероприятии в субботу, поступаем с сентября на обучение. спасибо большое.",0.0,0.884,0.116,0.2732,Positive,3,5,Positive,0.9997531771659851,positive,5,Positive,0.9928182363510132,neutral,3,Neutral,0.5051617622375488,Positive,5,Positive,0.6555725336074829,5,Positive,0.6063335717991034,5,Positive,0.0,5,Positive,0.8335472470290797,4.5,4,Positive,Positive,True,True,True,False,True,True,True,True,True,"A chic place, modern, was with my son at the event on Saturday, enroll in September for training.",True
NEGATIVE,"брали на новогодний стол, грибы оказались дико пересоленными. пробовали промывать, заправлять растительным маслом с луком, чтобы хоть как-то нейтрализовать эту соль. бесполезно.",0.0,1.0,0.0,0.0,Neutral,3,1,Negative,0.9981390237808228,neutral,3,Neutral,0.8057017922401428,negative,1,Negative,0.880534827709198,Negative,1,Negative,0.5808249115943909,1,Negative,0.5439926281870407,1,Negative,0.0,3,Neutral,0.43586542744316825,1.75,2,Negative,Negative,False,True,False,True,True,True,True,False,True,"They took them to the New Year's table, the mushrooms turned out to be wildly oversalted, tried to wash, fill them with vegetable oil and onions, in order to somehow neutralize this salt.",True
POSITIVE,"хороший кардиган! заказывала второй раз. доставка быстрая, заказывала 25.09.17, пришёл 19.10.17. спасибо продавцу! товар рекомендую и продавца тоже!",0.0,0.701,0.299,0.7494,Positive,5,5,Positive,0.9991176724433899,positive,5,Positive,0.9948493838310242,positive,5,Positive,0.9925215840339661,Positive,5,Positive,0.6157086491584778,5,Positive,0.915451079303584,5,Positive,0.0,5,Positive,0.9,5.0,5,Positive,Positive,True,True,True,True,True,True,True,True,True,"Good cardigan! ordered the second time. delivery is fast, ordered 25.09.17, came 19.10.17. thanks to the seller!",True
POSITIVE,очень красивый халат. туясок есть. пришло очень быстро. спасибо!,0.0,0.63,0.37,0.707,Positive,5,5,Positive,0.998325526714325,positive,5,Positive,0.9917744994163513,positive,5,Positive,0.9745434522628784,Positive,5,Positive,0.6880816221237183,5,Positive,0.9134854841862792,5,Positive,0.0,5,Positive,0.82,5.0,5,Positive,Positive,True,True,True,True,True,True,True,True,True,"It's a very nice coat, there's a tuyash, it came very quickly, thank you.",True
NEGATIVE,"зелные, толстая кожа. не понравились.",0.297,0.703,0.0,-0.2755,Negative,3,1,Negative,0.9431049227714539,neutral,3,Neutral,0.5184834599494934,negative,1,Negative,0.6989397406578064,Very Negative,1,Negative,0.472208172082901,5,Positive,0.4343265384198896,5,Positive,0.0,3,Neutral,0.49157646411149053,2.75,3,Neutral,Negative,True,True,False,True,True,False,False,False,False,"Green, thick skin. I didn't like it.",True
NEGATIVE,"чая с ромашкой давно нет на прилавках, только шиповник. очень жаль . приходится искать.это что дифицит или перекресток не заказывает?",0.148,0.852,0.0,-0.5176,Negative,1,1,Negative,0.9996654987335205,neutral,3,Neutral,0.641977071762085,negative,1,Negative,0.6650267243385315,Very Negative,1,Negative,0.5782604217529297,3,Neutral,0.5669489619258761,3,Neutral,0.0,3,Neutral,0.6879105069497753,2.0,2,Negative,Negative,True,True,False,True,True,False,False,False,True,"Chamomile tea has not been on the shelves for a long time, only rose hips. very sorry. we have to look. is this a defect or intersection not ordered?",True
NEGATIVE,"а уж насчет времени ожидания. честно говоря, не могу и вспомнить - когда в последний раз пользовался автобусом. эти 20 сидячих мест в маршрутке обеспечены через то, что у пассажиров не предусмотрены ноги. вернее, место для ног тупо не предусмотрено, поэтому даже на сидячем месте люди едут буквой зю.лучше стоя в автобусе проехать, чем сидя раком в маршрутке. не люблю маршрутки, т.к. 185 см сложно туда с комфортом в полный рост ввести и разместить. если маршруки - то только обновленный парк с удобными сидениями и возможностью встать в полный рост.автобусы и вообще крупнорогатый от надо развивать, но биться не за количество полос, а качество на каждом маршруте.от моего дома 3 остановки до метро: экспрессы по выделенной пролетают каждые 5 минут без остановки, а простые ходят раз в 20 минут. это проспект андропова, на участке с коломенским парком.",0.052,0.817,0.131,0.8225,Positive,5,3,Neutral,0.9995923638343811,neutral,3,Neutral,0.7817210555076599,negative,1,Negative,0.9878842234611511,Negative,1,Negative,0.6210160255432129,3,Neutral,0.5298628999385826,3,Neutral,0.0,3,Neutral,0.49,2.75,3,Neutral,Negative,False,False,False,True,True,False,False,False,False,"a about waiting time. frankly, I can not remember - when the last time I used the bus. these 20 seats in the minibus are provided due to the fact that passengers do not have legs. or rather, the legroom is not dullly provided, so even in a sitting place people go by the letter zhu.It is better to stand in the bus than to sit on a bus with cancer, because 185 cm is difficult to enter and place there with comfort in full growth. if the marshruks - then only an updated park with comfortable seats and the ability to stand up in full growth, so people go on the bus, it is not necessary to develop the number of 5 minutes at home.",True
POSITIVE,"хочу поблагодарить организаторов и вожатых лагеря инженеры будущего!nизначально ребенок воспринял идею поездки в лагерь мягко говоря без энтузиазма) но на протяжении смены настрой его менялся. nна ежедневных фото- отчетах мы видели , чем ребенок занят, что он доволен и счастлив.nи сразу после смены готов был ехать на следующую смену с той же командой!nсчитаю , что это лучший показатель качества данного проекта).nудачи вам и процветания!",0.0,0.817,0.183,0.9576,Positive,5,5,Positive,0.9996988773345947,positive,5,Positive,0.8436298966407776,positive,5,Positive,0.9897376894950867,Very Positive,5,Positive,0.8576692938804626,3,Neutral,0.5330042292264815,3,Neutral,0.0,3,Neutral,0.587709154149543,4.25,4,Positive,Positive,True,True,True,True,True,False,False,False,True,"I want to thank the organizers and counselors of the camp engineers of the future!Ninitially the child took the idea of a trip to the camp to put it mildly without enthusiasm), but during the shift the mood changed. n on the daily photo reports we saw what the child is busy, that he is happy and happy.n and immediately after the shift was ready to go to the next shift with the same team!n think that this is the best indicator of the quality of this project!",True
NEUTRAL,"прежде чем смотреть спешл, убедитесь что вы либо прочитали мангу, либо посмотрели оригинальный сериал 2005 года, также желательно внимательно прочесть описание для упрощения понимания происходящего. этот спешл сделан с двух составляющих, аудио-, то есть оригинальные сэйю озвучили наброски альтернативного окончания сериала 2005 года ""эврика 7: псалмы планет"", который соответствует манге. озвучка скрипта наложена на видеоряд сериала 2005 года. другими словами eureka seven: new order аудипересказ концовки манги наложенный на видеоряд который был в псалмах планет. сама манга эврики 7 и само аниме имеет много отличий, не читая мангу полностью, могу сказать, что многие отличия пошли на пользу аниме как по мне, добавив нечто свое и обеспечив сериалу уверенную 10 с 10, что в случае скурпулезного копирования манги, могло и не произойти, тайтл мог бы оказаться просто уверенным середнячком. но при этом окончание в манге конечно на высоте, сложно сказать, прям лучше или хуже, но учитывая что продюсеры решили изменить окончание аниме, для того чтобы подготовить почву к эврика 7: ао, то этот факт говорит в сторону минуса окончания сериала 2005 года, и в плюс этого спешла. поскольку как самостоятельно аниме или ова этот спешл нельзя оценивать, его можно оценивать по тому, чем оно является - альтернативным окончанием. а окончание манги то есть этого спешла не уступает 50-ой серии эврики 7, а значит и ему можно поставить 10-ку.",0.0,0.947,0.053,0.7935,Positive,5,3,Neutral,0.9999599456787109,neutral,3,Neutral,0.8968309760093689,positive,5,Positive,0.9110018610954285,Neutral,3,Neutral,0.9296866059303284,3,Neutral,0.6800040899040108,3,Neutral,0.0,3,Neutral,0.42,3.5,4,Positive,Neutral,False,True,True,False,True,True,True,True,False,"before watching in a hurry, make sure that you either read the manga, or watched the original series of 2005, it is also advisable to carefully read the description to simplify the understanding of what is happening. this hastened with two components, audio-, that is, the original seija voiced the outline of the alternative ending of the series in 2005, but you can say that the ending of the series in 2005 ""eureka 7: Psalm of the planets"", which corresponds to the manga script's voice overlap. in other words, eureka seven: the audio-series superimposed on the video series, which was in this psalm, it is impossible to evaluate the end of the series 7, but it does not mean that it is better than the end of the manga, but it is a manga, but it does not have a manga, but it does not have a lot of course, but it does not have a manga, but it does not have a manga, but it does not have a manga, and I can say that it does not have a manga, but it does not have a lot of course, in the end with",True
NEUTRAL,"на момент отзыва просмотрено 7 серий, думал типичный сенен-спокон(как то так), но как и говорится в предыдущих отзывах данному тайтлу не хватает динамичности, захватывающей дух. тайтл в принципе неплох, не то чтобы прям поглощает, но и оторваться не дает. мне интересно его смотреть, скучных серий не видел, хотя, возможно, мне так кажется,потому что я люблю споконы.смотреть рекомендую, тем кто любит повседневность и спорт, но не ждите захватывающих матчей, по крайней мере пока нет,и судя по тому как идет повествование, навряд ли будет, аниме не об этом. и да иногда подбешивает количество пизстраданий героев, чересчур много засунули на такое количество людей. ну жанр драма как никак присутствует. если дальше так пойдет оценка примерно 710, на один раз.",0.028,0.717,0.255,0.9814,Positive,5,3,Neutral,0.8227489590644836,positive,5,Positive,0.7058359980583191,negative,1,Negative,0.5533249974250793,Negative,1,Negative,0.857491672039032,3,Neutral,0.7360803160014965,3,Neutral,0.0,3,Neutral,0.55,3.0,3,Neutral,Neutral,False,True,False,False,False,True,True,True,True,"at the time of the review, 7 episodes were viewed, I thought a typical Senen-spocon (something like that), but as stated in previous reviews, this title lacks dynamism, breathtaking. the title is generally not bad, not that it directly absorbs, but also does not give you any break away. I am interested in watching it, I did not see boring series, although, perhaps, I think so, because I like spokono.I recommend to those who love everyday life and sports, but do not wait for exciting matches, at least not yet, and judging by how the narrative goes, whether there will be too many other characters.10",True
POSITIVE,"9 из 10 татами! я блуждал по просторам шикимори в поисках хоть нескольких годных тайтлов который я не видел, и нашёл сей топчик. сначала я отбросил его в корзину ""посмотрю в течении года"" и вот настал момент когда я наконец решился глянуть это аниме. начало меня зацепило но не было в этом аниме нечего такого за что можно поставить даже 7 балов. но вот что забавно, так как меня зацепила рисовка и повествование под чаёк я продолжил просмотр. с каждой новой серией я понимал мир и персонажей всё лучше и лучше! подмечал хорошую сатиру на современную жизнь и пародии на некоторые фильмы. после середины я с головой ушёл в это аниме, а в конце я смеялся как конь, нет, ну реально, финальная сцена это просто шедевр! в целом поставил 9 из 10 так как иногда было скучно. задумка и режесура выше всяких похвал! чем больше ты смотришь тем больше ты понимаешь насколько качественно сеё творение. самобытное аниме в данном жанре. к просмотру как по рейтингу, 17 не из за эро сцен, а из за смысловой нагрузки которую поймёт далеко не каждый! от себя добавлю: ""посмотрите 1 серию, если зайдёт то смотрите до конца! не пожалеете, а если не зайдёт значит у меня с вами разные вкусы""",0.0,0.925,0.075,0.9484,Positive,5,5,Positive,0.9992006421089172,positive,5,Positive,0.6637080907821655,positive,5,Positive,0.9989448189735413,Positive,5,Positive,0.790831983089447,1,Negative,0.3643383393013908,5,Positive,0.0,5,Positive,0.44,4.5,4,Positive,Positive,True,True,True,True,True,False,True,True,True,"9 out of 10 tatami! I wandered through the expanses of Shikimori in search of at least a few suitable titles that I did not see, and found this top. first I threw it into the basket ""I will look during the year"" and here came the moment when I finally decided to look at this anime. the beginning of me was hooked but there was nothing in this anime for which you can put even 7 points! but this is funny, since I was hooked by the drawing and the narration to the end I continued viewing. with each new series I understand the world and the characters better and better with this scene in 17, and sometimes you do not look at the original in the end of the scene, but you do not look at the modern one at the end, and do not look at the end, and do not look at the end of it, and do not look at the end, and do not look at the scene at all, but at the end, and do not look at all, but at the end of the scene at the end of the modern one at the end of it, and do not look at the scene at all, but at the end of the",True
POSITIVE,"пошит хорошо из минусов цвет отличается от картинки (заказывала мятный (зеленый), пришел в цвете очень пыльная мята (серомятный)",0.0,0.9,0.1,0.2732,Positive,3,5,Positive,0.8430922627449036,neutral,3,Neutral,0.796270489692688,neutral,3,Neutral,0.7384005188941956,Positive,5,Positive,0.6667174696922302,3,Neutral,0.6973745758253735,3,Neutral,0.0,5,Positive,0.7497872302292481,3.75,4,Positive,Positive,True,True,False,False,True,False,False,True,True,"sewed well from the minuses color differs from the picture (ordered mint (green), came in color very dusty mint (sermon)",True
NEGATIVE,цвет не такой. пришел ярко красный. да и вообще на фото выглядит совершенно по-другому,0.0,0.847,0.153,0.4404,Positive,5,1,Negative,0.9761266708374023,neutral,3,Neutral,0.571740448474884,neutral,3,Neutral,0.5097580552101135,Negative,1,Negative,0.8102974891662598,1,Negative,0.6018104241699253,1,Negative,0.0,3,Neutral,0.5310200696036371,2.25,2,Negative,Negative,False,True,False,False,True,True,True,False,True,The color is not the same. came bright red. and in general the photo looks completely different.,True
NEUTRAL,абсолютно безвкусный редис.,0.0,1.0,0.0,0.0,Neutral,3,3,Neutral,0.989822268486023,neutral,3,Neutral,0.6663225889205933,negative,1,Negative,0.9746906757354736,Very Negative,1,Negative,0.8952522873878479,1,Negative,0.8767640544573397,1,Negative,0.0,3,Neutral,0.5250786553278348,2.0,2,Negative,Neutral,True,True,True,False,False,False,False,True,False,It's a totally tasteless radish.,True
NEUTRAL,"длина совсем не такая, еле попу закрыло, ну и вообще, не стоит этих денег, качество простенькое.",0.068,0.932,0.0,-0.1695,Negative,3,1,Negative,0.9923661351203918,neutral,3,Neutral,0.5287666916847229,negative,1,Negative,0.6474103331565857,Negative,1,Negative,0.5025621056556702,3,Neutral,0.5046970488854794,3,Neutral,0.0,1,Negative,0.6237028947870193,2.0,2,Negative,Neutral,False,False,True,False,False,True,True,False,False,"The length is not at all this, barely the butt closed, and in general, it is not worth this money, the quality is simple.",True
POSITIVE,"очень мягкий, мех внутри и снаружи. согреет в самые суровые морозы. большое спасибо!",0.189,0.583,0.228,-0.2003,Negative,3,5,Positive,0.9782630801200867,positive,5,Positive,0.9717966318130493,positive,5,Positive,0.9963715076446533,Positive,5,Positive,0.717280924320221,5,Positive,0.6142766752530479,5,Positive,0.0,5,Positive,0.89,4.75,5,Positive,Positive,False,True,True,True,True,True,True,True,True,"Very soft, fur inside and out. warm in the harshest frosts. thank you very much!",True
NEUTRAL,"крой очень простой, нет ни переда ни спинки, плечи тоже плохо сидят. ворот не удобный, швы на вороте получаются на ружу, если дважды его не сложить",0.217,0.783,0.0,-0.8127,Negative,1,3,Neutral,0.9952393770217896,neutral,3,Neutral,0.784465491771698,neutral,3,Neutral,0.5583949685096741,Negative,1,Negative,0.5133835077285767,3,Neutral,0.7937215854165831,3,Neutral,0.0,3,Neutral,0.49,2.5,2,Negative,Neutral,False,True,True,True,False,True,True,True,False,"the cut is very simple, there is no front or back, the shoulders are also poorly sitting. the gate is not comfortable, the seams on the gate are obtained on the gun, if it is not folded twice",True
NEGATIVE,товар не пришёл . продлевали защиту два раза мне . товар нет !,0.0,0.775,0.225,0.4404,Positive,5,1,Negative,0.9967597126960754,negative,1,Negative,0.9528663158416748,negative,1,Negative,0.9952474236488342,Negative,1,Negative,0.5281085968017578,1,Negative,0.6421593247647877,1,Negative,0.0,1,Negative,0.43170684504810064,1.5,2,Negative,Negative,False,True,True,True,True,True,True,True,True,The goods didn't come. I've been protected twice. I don't have a product.,True
NEUTRAL,"судя по всему, синкай-доно большой фанат драмы. но если в ""твоё имя"" драма авершалась хэппи-эндом, то здесь твою душу изо всех сил терзают вдоль и поперёк, а потом говорятне, братан, они вместе не будут, их время прошло. синкая макото я люблю за то, что он умеет подать произведение так, что не просто слёзы наворачиваются, ты буквально рыдаешь, тебя таращит так, будто это всё ты сам пережил. может это его мастерство, может это я такой впечатлительный и сентиментальный, но я очень люблю смотреть подобные произведения после каких-то повседневностейгаремниковэччишколкомедий и прочего лайта, для меня это создаёт некий баланс.ну и фильм советую, это 1010 и никак иначе.",0.048,0.792,0.161,0.9107,Positive,5,3,Neutral,0.994971752166748,positive,5,Positive,0.7987445592880249,positive,5,Positive,0.9967193007469177,Very Positive,5,Positive,0.4763348400592804,3,Neutral,0.6427447012618792,3,Neutral,0.0,3,Neutral,0.5,4.0,4,Positive,Neutral,False,True,False,False,False,True,True,True,False,"Apparently, shinkai-dono is a big fan of drama. but if the ""your name"" of the drama ended with a happy ending, then here your soul is being tormented along and across, and then the talkers, bro, they won't be together, their time has passed. blue makoto I like for the fact that he knows how to present the work so that not just tears come up, you literally sob, you gawk as if it's all you've experienced. maybe it's his skill, maybe I'm such a printable and no other kind of advice, 10 I like it's a very casual and other things.",True
POSITIVE,"давно хотела посмотреть данный фильм, и на днях все-таки получилось. потрясающая картина! особенно впечатляет атмосфера фильма, как-будто ты сам стоишь или идешь рядом с главными героями по питеру, чувствуешь город и всё тебя окружающее. любовь с первого взгляда - прекрасное чувство и мгновение, захватывающее тебя целиком, так и с главными героями, только они всерьез задумываются о будущем, которое якобы их ждет. игра девушки, романтика, драка, злободневность питерской жизни - все это создает динамичность картине и истории в целом. фильм, действительно, интересен и прекрасен. его стоит посмотреть как одному, так и в компании любимого человека. 10 из 10",0.03,0.727,0.243,0.9825,Positive,5,5,Positive,0.7577362060546875,positive,5,Positive,0.9203774333000183,positive,5,Positive,0.999176561832428,Positive,5,Positive,0.7633275389671326,3,Neutral,0.5748961494693658,3,Neutral,0.0,3,Neutral,0.49,4.25,4,Positive,Positive,True,True,True,True,True,False,False,False,True,"I wanted to watch this film for a long time, and the other day it turned out. stunning picture! especially impressive atmosphere of the film, as if you yourself stand or walk next to the main characters on Peter, feel the city and everything around you. love at first sight is a beautiful feeling and moment that captures you completely, and with the main characters, only they seriously think about the future that supposedly awaits them. the game of the girl, romance, fight, the topicality of St. Petersburg life - all this creates a dynamic picture and history as a whole. the film is really interesting and beautiful. it is worth seeing as one person and so in the company. 10 out of 10",True
POSITIVE,"очень удобный и крутой отель, чистота! вежливость! коллектив отеля как одна большая добрая семья( всегда приветливы и добры) развлечения от бассеина до настольного тениса, все что угодно, для курящих как я даже качель возле пепельнтцы, учтены и проработаны все мелочи для комфортного отдыха, даже своя шаурмечка, ребяткам от туда отдельное спасибо! (ребята вы крутые!). приветливый водитель трансфера отель- море ильхом очень доброй души человек. продолжать можно бесконечно. пожелание бассеин без разделения на взрослый и детский а так хотелось бы.!",0.0,0.644,0.356,0.9864,Positive,5,5,Positive,0.9980010390281677,positive,5,Positive,0.9912790656089783,positive,5,Positive,0.9881624579429626,Very Positive,5,Positive,0.5810552835464478,5,Positive,0.9475340311738151,5,Positive,0.0,5,Positive,0.84,5.0,5,Positive,Positive,True,True,True,True,True,True,True,True,True,"very comfortable and cool hotel, cleanliness! courtesy! hotel staff as one big good family (always friendly and kind) entertainment from the pool to the table tenis, anything, for smokers like me even a swing near the pepelntsa, all the little things for a comfortable rest, even their own shawarmechka, the guys from there a separate thank you! (you guys are cool!), a friendly transfer driver of the hotel-sea Ilkhom a very kind soul person. you can continue indefinitely.",True
NEGATIVE,"мутный ,как мед ,не похож на масло,хотя и написано,что качество не меняется при -7, я не уверен",0.073,0.742,0.185,0.4657,Positive,5,1,Negative,0.9987316727638245,negative,1,Negative,0.544158399105072,neutral,3,Neutral,0.7047376036643982,Negative,1,Negative,0.7105122208595276,3,Neutral,0.5436454512600152,3,Neutral,0.0,3,Neutral,0.8305941018722472,2.5,2,Negative,Negative,False,True,True,False,True,False,False,False,True,"turbid, like honey, does not look like butter, although it is written that the quality does not change at -7, I am not sure.",True
NEGATIVE,"кофта совершенно не похожа на кофту на фото. она может и сшита неплохо, но напоминает выцветшую тряпку. деньги вернули. на 42-44 стоит брать размер м, а не л",0.043,0.85,0.107,0.3281,Positive,3,1,Negative,0.9948239326477051,neutral,3,Neutral,0.5083162188529968,negative,1,Negative,0.6926819086074829,Negative,1,Negative,0.693006157875061,3,Neutral,0.7169024565252659,3,Neutral,0.0,3,Neutral,0.52,2.25,2,Negative,Negative,False,True,False,True,True,False,False,False,True,"The jacket is not at all like the sweater in the photo. it may be sewn well, but it resembles a faded cloth. money returned. at 42-44 it is worth taking the size m, not l",True
NEGATIVE,ни кофты ни денег только просьба не открывать спор и подождать четыре месяца прошло! совести нет совсем!,0.131,0.716,0.152,0.09,Neutral,3,1,Negative,0.9996191263198853,negative,1,Negative,0.9595084190368652,negative,1,Negative,0.9972359538078308,Very Negative,1,Negative,0.7356702089309692,1,Negative,0.7474810066443494,1,Negative,0.0,1,Negative,0.7967629348269982,1.25,1,Negative,Negative,False,True,True,True,True,True,True,True,True,No sweaters or money just a request not to open a dispute and wait four months!,True
NEGATIVE,"написала продавцу параметры, выслал размер, который не подошел, открыла спор на возврат товара и денег. продавец ну оч сложно соглашается. в итоге спор закрылся и у меня на руках гигантский халат, который раз мне не нужен.",0.086,0.745,0.17,0.5432,Positive,5,1,Negative,0.9998196959495544,negative,1,Negative,0.8577719330787659,negative,1,Negative,0.9827619194984436,Very Negative,1,Negative,0.5147924423217773,1,Negative,0.7228666420125028,1,Negative,0.0,1,Negative,0.81,1.5,2,Negative,Negative,False,True,True,True,True,True,True,True,True,"I wrote the parameters to the seller, sent a size that did not fit, opened a dispute on the return of goods and money. the seller well, it is difficult to agree. in the end, the dispute closed and I have a giant robe on my hands, which I do not need.",True
NEUTRAL,"много картошки, мало овощей",0.0,1.0,0.0,0.0,Neutral,3,3,Neutral,0.9537460803985596,neutral,3,Neutral,0.8460071086883545,negative,1,Negative,0.5460093021392822,Negative,1,Negative,0.7865777015686035,3,Neutral,0.7266405999951969,3,Neutral,0.0,5,Positive,0.5696774118961652,2.75,3,Neutral,Neutral,True,True,True,False,False,True,True,False,True,"lots of potatoes, few vegetables",True
NEGATIVE,"слабый фильм, который не несет в себе ничего умного или интересного. сюжет надуман, неинтересен, по-своему туп. юмор есть, и он смешной. но, несмотря на это, он ужасно тупой и неоправданный. из-за чего смотреть фильм просто невозможно, не скривившись. причем, большое количество пошлых шуток просто зашкаливает и никаким образом положительно на фильм не влияет. хочется только похвалить сашу барона коэна за неидельную, но вполне неплохую игру. он не был гениальным, но играл достойно. то же самое можно сказать и об анне фэрис, которая порадовала интересной игрой и живыми эмоциями. но сам фильм, как таковой, мне не понравился. 3 из 10",0.194,0.618,0.189,-0.4136,Negative,1,1,Negative,0.9998735189437866,positive,5,Positive,0.4397319555282593,negative,1,Negative,0.9960632920265198,Negative,1,Negative,0.5181024670600891,1,Negative,0.6939612440722626,1,Negative,0.0,1,Negative,0.52,1.5,2,Negative,Negative,True,True,False,True,True,True,True,True,True,"a weak film that does not carry anything clever or interesting. the plot is far-fetched, uninteresting, in its own stupid. humor is, and it is funny. but, despite this, it was terribly stupid and unjustified. because of what it is simply impossible to watch the film without twisting. Moreover, a large number of vulgar jokes just go off the scale and in no way positively affect the film. I only want to praise Sasha Baron Cohen for an inepid, but quite good game. he was not brilliant, but played decently. the same can be said about Anna Fay, who was so interesting for me, but I was not happy with the movie. 3 out of 10",True
NEGATIVE,"российские правоохранительные органы не имеют претензий к бывшему ректору российской экономической школы (рэш) сергею гуриеву. об этом пишет интерфакс со ссылкой на источник, знакомый с ситуацией источник. у российских правоохранителей нет претензий к гуриеву, каких-либо следственных действий с ним проводить не планируется, заверил собеседник агентства. на просьбу интерфакса рассказать о планах провести опрос гуриева во время визита в москву в скр пояснили, что в процессе расследования уголовного дела следственные органы не обязаны анонсировать в сми проведение тех или иных процессуальных или следственных действий. главный экономиста ебрр сергей гуриев планирует посетить россию впервые с эмиграции во францию. я буду выступать на конференции ""ведомостей"", также в российской экономической школе и школе ""сколково"". также запланировано выступление на конференции евразийского банка развития, сообщал гуриев. напомним, экономист вынужден был покинуть рф из-за опасения преследования со стороны российских властей. он выступал экспертом при экспертизе приговора по второму делу юкоса. позднее правоохранительные органы завели дело экспертов, по которому проходили специалисты экономики и права. гуриев утверждал, что вернется в россию исключительно в случае уверенности, что ему не грозит уголовное преследование.",0.08,0.892,0.028,-0.8126,Negative,1,1,Negative,0.9999842643737793,negative,1,Negative,0.7228202819824219,neutral,3,Neutral,0.5059781074523926,Neutral,3,Neutral,0.797233521938324,1,Negative,0.41718441142833607,1,Negative,0.0,3,Neutral,0.5845755987507509,1.75,2,Negative,Negative,True,True,True,False,False,True,True,False,True,"Russian law enforcement agencies have no claims to the former rector of the Russian economic school (rash) Sergey Guriev. this is written by interfax with reference to a source familiar with the situation. Russian law enforcement officers have no claims to the guriev, no investigative actions with him are planned to be carried out, he assured the interlocutor of the agency on the request of the interfax to tell about plans to conduct a survey of the Guriev during a visit to Moscow in the Skri explained that in the course of the investigation of the criminal case the investigative authorities are not obliged to announce the conduct of certain procedural or investigative actions. the chief economist is not planned to carry out the case of the Russian economics. later the expert in the case of the conference, he was also threatened to speak in the Russian school in the case of the Russian economy.",True
NEUTRAL,не гибкая((( можно было и здесь такую купить.,0.192,0.808,0.0,-0.1695,Negative,3,3,Neutral,0.9279713034629822,neutral,3,Neutral,0.7335070371627808,neutral,3,Neutral,0.48986923694610596,Negative,1,Negative,0.6962921619415283,3,Neutral,0.4816535179497101,3,Neutral,0.0,3,Neutral,0.6867368038828391,2.75,3,Neutral,Neutral,False,True,True,True,False,True,True,True,True,It's not flexible (you could buy it here).,True
NEGATIVE,"компания deen всегда могла в хорошие фокусы с визуальными новеллами. сократить в 24 серии(близко 8 часов просмотра) umineko no naku koro ni, рассчитанную на 40-50 часов чтения - это талант. но студия решила пойти дальше и уже в следующем году появилось вот это. это провал, господа. дины промахнулись во всех аспектах. если бы эта экранизация была бы телом, то патологоанатом мог бы сказать ""какая жестокость"" . сюжет не просто укорочен, он вырезан. тут и добавить нечего, просто потому что тут и говорить то не про что. одна картина действия в течении секунд сменяется другой, возникает сумбурность, нагромождение действий. зритель просто не может уловить ход повествования, не может понять суть происходящего.в плане графики очень слабо для 2010 года. стоит признать, что дины смогли составить достойную конкуренцию студии pierrot: спойлер1920x1080 , спойлер1116x627, спойлер908x612саундтрек весьма неплохой, но тем не-менее проявить себя в такой экранизации он не смог.итог:сумбурная низкобюджетная поделка от студии deen получает оценку 3 бала(очень плохо).нет больше желания писать что-либо, будем надеяться компании не станут сливать адаптации новелл одна за другой.",0.131,0.797,0.072,-0.9225,Negative,1,1,Negative,0.9999545812606812,negative,1,Negative,0.6159965395927429,negative,1,Negative,0.9962577819824219,Negative,1,Negative,0.5720377564430237,3,Neutral,0.44472088496141887,3,Neutral,0.0,1,Negative,0.51,1.5,2,Negative,Negative,True,True,True,True,True,False,False,True,True,"The company deen has always been able to in good tricks with visual novels. cut in 24 series (close to 8 hours of viewing) umineko no naku koro ni, designed for 40-50 hours of reading - it's a talent, but the studio decided to go further and the next year came this. This is a failure, gentlemen. dines missed in all aspects. if this film adaptation would be a body, the pathologist could say ""what cruelty"" . the plot is not just shortened, it is cut. here and add nothing, just because here and say that not about what. one picture of the action within seconds is replaced by another, there is confusion, a heap of actions. the viewer simply can not grasp the course of the narrative, can not understand the essence of what is happening. in terms of graphics is very weak for 2010. it is worth admitting that the Deans were able to make a worthy competition to the studio pierrrr, just because here and to say something, just because one of adaptation, one of the other is not a bad desire to write a 3206, but the other from the balmblocking the studio, it does not get a very low rating of the 320x106.",True
NEGATIVE,цвет не соответствует заказаному . заказала красный а пришёл тёмно бордовый .,0.0,1.0,0.0,0.0,Neutral,3,1,Negative,0.9856275320053101,negative,1,Negative,0.7013064026832581,neutral,3,Neutral,0.6049768924713135,Negative,1,Negative,0.7266667485237122,3,Neutral,0.5267724073586811,3,Neutral,0.0,1,Negative,0.6803825626344389,2.0,2,Negative,Negative,False,True,True,False,True,False,False,True,True,The color does not match the order. I ordered a red one and a dark burgundy came.,True
NEGATIVE,достали своей просьбой оценить. товар,0.0,1.0,0.0,0.0,Neutral,3,1,Negative,0.9984669089317322,neutral,3,Neutral,0.5867865681648254,negative,1,Negative,0.7243637442588806,Positive,5,Positive,0.793358564376831,1,Negative,0.44864123218638097,1,Negative,0.0,1,Negative,0.7227967248656526,2.0,2,Negative,Negative,False,True,False,True,False,True,True,True,True,Ask them to evaluate the goods.,True
POSITIVE,"об этом во время встречи с журналистами сообщила вице-министр сельского хозяйства гульмира исаева. ls по итогам инспекции часть предприятий получит конкретное разрешение, чтобы быть включенными в реестр и начать поставку продукции. исаева подчеркнула, что казахстан вполне конкурентен на рынке китая и в состоянии поставлять мясо премиум-класса, стоимость которого в разы выше обычного. ""нужна система сертификации производства. мы хотим оперативно эту работу провести, чтобы завтра наше мясо проходило на просто как мясо, а как органическое. тогда оно будет лежать в китайских магазинах на полках с продукцией премиум-класса. разница в цене отличается в десятки раз. в китае мясо стоит 6-8 долларов. это очень хорошая и привлекательная цена для казахстанских производителей, даже если оно будет проходить просто как мясо. а с меткой ""органическое"" цена повысится в 3-5 раз"", утверждает она. в предстоящие два месяца совместно с kaznex invest будет запущен зонтичный бренд qazaq organic food. недооценено что касается потребителей, то, по словам главы профильного ведомства, такая цена является, конечно, благоприятной, а вот производители в связи со сложившейся ситуацией испытывают определённые трудности.",0.019,0.898,0.083,0.742,Positive,5,3,Neutral,0.9997214674949646,neutral,3,Neutral,0.8768967986106873,neutral,3,Neutral,0.9534550309181213,Neutral,3,Neutral,0.9263724088668823,5,Positive,0.541764069066146,5,Positive,0.0,3,Neutral,0.39,3.75,4,Positive,Positive,True,False,False,False,False,True,True,False,True,"Vice-Minister of Agriculture Gulmira Isayeva reported about this during a meeting with journalists. ls, following the inspection, some enterprises will receive a specific permit to be included in the register and start supplying products. Isayeva stressed that Kazakhstan is quite competitive in the Chinese market and is able to supply premium meat at a certain price, the cost of which is several times higher than usual. ""We want to quickly carry out this work so that tomorrow our meat goes on just as meat, and as organic. then it will lie in Chinese stores on shelves with premium products, and in a position to supply a certain head, it is underpriced in connection with the Kazakh meat, it will be very attractive in relation to 6 months.""",True
NEGATIVE,"логика где-то потерялась. сначала нам показывают сцену, где простые работяги жрут лучше чем я 95 времени. только в голову приходит мысль, откуда у них на кораблях столько еды, как в следующей же сцене нам говорят, что люди недоедают. куда смотрел режиссёр? я вообще молчу про то, что за всё время ни разу не возникло ощущения, что у них какие-то проблемы с провизией.а так нам просто показывают будни старых героев, ну и немного новых, плюс чуть-чуть дополняют картину мира, но смысла в этом всём особого нет. ова получились слабее и без того не гениального сериала. можно не смотреть, если вы не фанат оригинального сериала, ничего не потеряете.5 из 10",0.078,0.858,0.064,0.0938,Neutral,3,3,Neutral,0.9999070167541504,neutral,3,Neutral,0.6509591937065125,negative,1,Negative,0.9910603165626526,Negative,1,Negative,0.5366944074630737,1,Negative,0.5947982585487662,1,Negative,0.0,3,Neutral,0.47,2.0,2,Negative,Negative,False,False,False,True,True,True,True,False,True,"Logic is lost somewhere. first we are shown a scene where ordinary hard workers eat better than I do 95 times. only the thought comes to mind, where they have so much food on the ships, how in the next scene we are told that people are undernourished. where the director watched? I generally keep silent about the fact that for all the time there was never a feeling that they have any problems with food. and so we just show the everyday life of old characters, well, and a little new, plus a little complement the picture of the world, but there is no special sense in this.",True
POSITIVE,качество хорошее. не просвечивает,0.0,0.674,0.326,0.4404,Positive,5,5,Positive,0.9206088185310364,positive,5,Positive,0.6173813939094543,neutral,3,Neutral,0.606433093547821,Positive,5,Positive,0.8810617327690125,3,Neutral,0.6443344620202665,3,Neutral,0.0,3,Neutral,0.5400064671087498,4.0,4,Positive,Positive,True,True,True,False,True,False,False,False,True,The quality is good. It doesn't shine.,True
NEUTRAL,"тонкие,цвет не совпал и на размер 48 мало.",0.0,1.0,0.0,0.0,Neutral,3,5,Positive,0.585616946220398,neutral,3,Neutral,0.756534993648529,neutral,3,Neutral,0.5470343232154846,Negative,1,Negative,0.8383774161338806,3,Neutral,0.6943377628160646,3,Neutral,0.0,3,Neutral,0.5763995888377389,3.0,3,Neutral,Neutral,True,False,True,True,False,True,True,True,True,The color did not match and the size of 48 is small.,True
NEUTRAL,"сижу на физике. собираюсь открыть ким. и тут вспоминаю кота шредингера. как только я открою конверт, определится одна из сотен возможных вселенных со своими вариантами заданий. мдаа.",0.0,1.0,0.0,0.0,Neutral,3,3,Neutral,0.9999955892562866,neutral,3,Neutral,0.8619664907455444,positive,5,Positive,0.9356734156608582,Neutral,3,Neutral,0.8463127613067627,3,Neutral,0.49338660054909184,3,Neutral,0.0,3,Neutral,0.7851939569734206,3.25,3,Neutral,Neutral,True,True,True,False,True,True,True,True,True,"I'm sitting in physics, I'm going to open a Kim, and then I'm thinking of the Schrödinger's cat. Once I open the envelope, I'll figure out one of the hundreds of possible universes with their own options.",True
POSITIVE,"великолепное аниме , графика , временами очень хорошее музыкальное сопровождение и в конце концов сам сюжет , все очень интересно и красиво . желею только что раньше не посмотрел данное творение и я думаю оценка 1010 как раз для такого шедевра.",0.0,0.571,0.429,0.9684,Positive,5,5,Positive,0.8736692667007446,positive,5,Positive,0.9838271141052246,positive,5,Positive,0.9992944002151489,Positive,5,Positive,0.6174647212028503,3,Neutral,0.5205960633037486,3,Neutral,0.0,3,Neutral,0.6,4.25,4,Positive,Positive,True,True,True,True,True,False,False,False,True,"great anime, graphics, sometimes very good musical accompaniment and in the end the plot itself, all very interesting and beautiful. I just haven't seen this work before, and I think 1010 is for a masterpiece like this.",True
NEGATIVE,размер l на s. пришли маленькое. материал мне не понравился((((. растроена((((,0.297,0.703,0.0,-0.2755,Negative,3,3,Neutral,0.7678539752960205,negative,1,Negative,0.6803522706031799,negative,1,Negative,0.6036354899406433,Negative,1,Negative,0.7774389386177063,3,Neutral,0.6972136984151391,3,Neutral,0.0,3,Neutral,0.484947794464259,2.25,2,Negative,Negative,True,False,True,True,True,False,False,False,True,I didn't like the material ((((.) disturbed((((())))).,True
NEUTRAL,маломерит. и короткие.,0.0,1.0,0.0,0.0,Neutral,3,3,Neutral,0.9984267950057983,neutral,3,Neutral,0.8436951637268066,negative,1,Negative,0.5856785178184509,Negative,1,Negative,0.7027658820152283,3,Neutral,0.5298840322374212,3,Neutral,0.0,3,Neutral,0.47536645372567526,2.5,2,Negative,Neutral,True,True,True,False,False,True,True,True,False,Small and short.,True
NEGATIVE,носки пришли очень быстро. максимальный размер 37. после второй носки порвались.,0.167,0.833,0.0,-0.4215,Negative,1,5,Positive,0.7779843211174011,neutral,3,Neutral,0.643017590045929,neutral,3,Neutral,0.8042736053466797,Positive,5,Positive,0.8067120909690857,3,Neutral,0.48817347483080886,3,Neutral,0.0,5,Positive,0.49,3.5,4,Positive,Negative,True,False,False,False,False,False,False,False,False,The socks came very quickly. the maximum size is 37. after the second sock broke.,True
NEGATIVE,"забирал заказ 18.02.2023. пришел за заказом с пустым стаканом кофе, который, зайдя в пвз выбросил в урну. девушка в пвз, отсканировав штрих код заказа попросила достать из урны стакан, который я выбросил. объяснила это тем, что урна только для пакетов. нигде в пвз об этом не указано. на мой отказ, девушка сказала, что не отдаст мне заказ, пока я не выброшу стакан в урну на улицу. почему я должен ходить по зданию и искать урну? это проблема тц час пик, раз на урна есть только на одном входе. в итоге заказ мне отдали после того, как я предупредил, что обращусь в службу поддержки, раз выдать мне заказ могут после выноса мусора. все кто хочет испортить себе настроение на день, обращайтесь в этот пвз - самый токсичный в городе. ни разу не попадались доброжелательные сотрудники тут.",0.061,0.919,0.02,-0.6542,Negative,1,1,Negative,0.9999791383743286,negative,1,Negative,0.9117183089256287,negative,1,Negative,0.9959853291511536,Very Negative,1,Negative,0.6335286498069763,1,Negative,0.6642302056554742,1,Negative,0.0,1,Negative,0.61,1.0,1,Negative,Negative,True,True,True,True,True,True,True,True,True,"picked up the order 18.02.2023. came for an order with an empty glass of coffee, which, having entered the PVZ threw into the urn. the girl in the PVZ, scanning the bar code of the order asked to get out of the urn a glass that I threw. explained it by the fact that the urn is only for packages. nowhere in the PVZ about it is not specified. on my refusal, the girl said that I will not give the order until I throw the glass into the urn on the street. why should I walk around the building and look for the urn? this problem is the problem of the hour, explained by the fact that the urn you do not ask me for support once in the city.",True
NEUTRAL,"этот вопрос - не просто красивая завершающая фраза в истории одного скандального поэта, распутника, но и отражение одной из главных мыслей фильма. 'я не стремлюсь вам понравиться, но, всё-таки, я вам нравлюсь?' - говорит зрителю джон уилмот, появляясь и исчезая в темноте. 'распутник' - это не история одного известного кутилы и развратника, славящегося острым языком и сильным авторитетом. это повествование о падении этакого 'героя нашего времени'. хотя джон и признаёт все свои пороки, мы по-прежнему видим самодовольную ухмылку на его лице. считая, что может быть выше обычных человеческих чувств, он, тем не менее влюбляется, а затем и уходит из жизни, прямо скажем, не самым красивым способом, превратясь из гордеца-красавца в одинокого, брошенного сифилитика. сам фильм сделан как большая карикатура на xxvii век. декорации, соответствующие такого рода картинам подобраны идеально, всё выдержано в грязновато-сером цвете, художникам-декораторам 5. вот только, может я и не очень хорошо знаю историю этой эпохи, но не очень верится, что этот век - эпоха сплошного пьянства и блуда. пожалуй, самое лучшее в этом фильме - актёрский состав. против этого ничего не могу сказать - никто кроме них не сыграл бы лучше. в целом фильм мне не очень понравился, но о просмотре не жалею: 'распутник' всё же заставляет задуматься. а вам он нравится? 4 из 10",0.122,0.682,0.197,0.9589,Positive,5,3,Neutral,0.9997238516807556,neutral,3,Neutral,0.4923069477081299,positive,5,Positive,0.9991679191589355,Positive,5,Positive,0.4739528000354767,3,Neutral,0.5358713286974472,3,Neutral,0.0,3,Neutral,0.38,3.75,4,Positive,Neutral,False,True,True,False,False,True,True,True,False,"This question is not just a beautiful ending phrase in the history of one scandalous poet, libertine, but also a reflection of one of the main thoughts of the film. “You don’t want to like me, but do you like me?” says John Wilmot, appearing and disappearing in the dark. ""The libertine"" is not the story of one well-known twister and debauchery, famous for his sharp language and strong authority. this is the story of the fall of a kind of ""hero of our time."" Although John admits all his vices, we still see a complacent grin on his face. considering that he can be above ordinary human feelings, he nevertheless falls in love, and then he leaves life, frankly, not in the most beautiful way, turning from a proud handsome man into a lonely, abandoned film - an actor who is not very good at this era, but I can not say anything about this kind of color in this film. 4 out of 10",True
POSITIVE,"в этом сериале мне нравится всё, он шикарен! если что, смотрел в озвучке anidub, ребята постарались на высшем уровне!начнем с того, что сразу бросается в глаза - рисовка прекрасная: достаточно детальная и приятная, спасибо a-1 pictures, как всегда радуют)во-вторых, это аниме хочется начать и продолжить смотреть, потому что оно правдоподобное. не знаю, как у вас, но у меня бывает так: начинаешь смотреть сериал (первый раз, ничего не зная) и осознаешь, что слишком все предсказуемо и наиграно, смотреть становится просто невмоготу (лучше бросить). здесь же диалоги и поступки персонажей реалистичны, соответствуют их возрасту, пережитому опыту.далее, кто-то скажет, что сюжет слабоват, но, по-моему, с ним всё в порядке: логически завершен, герои раскрыты. помимо основной сюжетной линии присутствуют ответвления, создающие подходящие ситуации, чтобы понаблюдать за персонажами. именно за такими дополнительными активностями было интересно следить, ведь это аниме так-то про дружбу двух девчонок. наши героини абсолютно разные и отлично дополняют друг друга, просто смотрите, как развиваются их взаимоотношения и кайфуйте!это аниме учит, что нужно быть верным себе (прислушиваться к зову сердца), дорожить людьми, быть упорным в достижении целей, не сдаваться под натиском обстоятельств и находить силы двигаться дальше, даже когда жизнь ""рушится"", помнить, что где-то рядом есть человек, который тебя любит независимо то всего. плак-плак, пока писал(",0.0,0.856,0.144,0.951,Positive,5,5,Positive,0.999954342842102,positive,5,Positive,0.6786775588989258,positive,5,Positive,0.9982354640960693,Positive,5,Positive,0.8078420758247375,5,Positive,0.6991724546587631,5,Positive,0.0,3,Neutral,0.37,4.75,5,Positive,Positive,True,True,True,True,True,True,True,False,True,"I like everything in this series, it's gorgeous! if what, I watched in the voice of anidub, the guys tried at the highest level! let's start with what immediately catches the eye - the drawing is beautiful: it's quite detailed and pleasant, thanks a-1 pictures, as always please) Second, this anime wants to start and continue to watch, because it's believable. I don't know how you have it, but it happens: you start watching the series (the first time, this is not knowing anything), and you realize that everything is too predictable and not going to achieve, it's just true to the two characters, and it's true to me, but to follow them, it's the way, it's life, it's just to follow them.",True
POSITIVE,"на свой обычный 42-44 заказала l. куртка села идеально, не в обтяг, свободно, как я и хотела. рукава немного коротковаты, но это внешне абсолютно незаметно. на размер больше брать бы из-за этого точно не стала, т.к. сама куртка бы мешком повисла. вещь качественная, хорошая, нитки не торчат, сшито хорошо.",0.039,0.819,0.142,0.7128,Positive,5,5,Positive,0.7727935314178467,positive,5,Positive,0.9571519494056702,positive,5,Positive,0.9828447103500366,Positive,5,Positive,0.7611377239227295,5,Positive,0.7357923013859493,5,Positive,0.0,5,Positive,0.44,5.0,5,Positive,Positive,True,True,True,True,True,True,True,True,True,"On his usual 42-44 ordered l. jacket sat perfectly, not in tightness, free, as I wanted. sleeves are a little short, but it looks absolutely imperceptible. the size would take more because of this definitely did not, because the jacket itself would hang a bag.",True
NEGATIVE,"дрянь едкая. да, именно едкая!",0.447,0.319,0.234,-0.4588,Negative,1,1,Negative,0.999458372592926,negative,1,Negative,0.5506598353385925,negative,1,Negative,0.9945175051689148,Very Negative,1,Negative,0.26477041840553284,1,Negative,0.7290225663189726,1,Negative,0.0,1,Negative,0.9537389460567303,1.0,1,Negative,Negative,True,True,True,True,True,True,True,True,True,"It's a scumbag. Yeah, it's caustic.",True
NEGATIVE,"врач убийца судить таких нужно! за два дня убил двух щенят, на осмотре только измерение температуры, больше ни чего, уверено ставит не верные диагнозы и выписывает не нужные дорогие лекарства, после смерти щенков узнал у других специалистов что если у щенят температура, то глистогонить нельзя! а этот сказал что нужно наоборот при повышении температуры глистогонить, люди пожалейте своих питомцев не ходите туда, не хотел ставить звезду, но увы отзыв бы не смог написать",0.19,0.81,0.0,-0.9277,Negative,1,1,Negative,0.9999233484268188,negative,1,Negative,0.6575242877006531,negative,1,Negative,0.999500036239624,Very Negative,1,Negative,0.8045637011528015,1,Negative,0.7788394708188057,1,Negative,0.0,1,Negative,0.7908946156344588,1.0,1,Negative,Negative,True,True,True,True,True,True,True,True,True,"doctor killer to judge you need! for two days killed two puppies, on examination only measuring the temperature, nothing else, confidently puts the wrong diagnosis and prescribes unnecessary expensive drugs, after the death of puppies learned from other experts that if the puppies have a temperature, then worming is impossible! and this said that you need on the contrary when the temperature rises, people pity your pets do not go there, did not want to put a star, but alas the review could not write.",True
NEUTRAL,"качество материала не очень, на бедрах сели нормально, а внизу на икрах еле натянула",0.0,1.0,0.0,0.0,Neutral,3,3,Neutral,0.9983665347099304,neutral,3,Neutral,0.7273889183998108,neutral,3,Neutral,0.624725341796875,Negative,1,Negative,0.7372990250587463,3,Neutral,0.7799953713587595,3,Neutral,0.0,3,Neutral,0.69,2.75,3,Neutral,Neutral,True,True,True,True,False,True,True,True,True,"the quality of the material is not very, on the hips sat down normally, and at the bottom on the calves barely stretched",True
NEUTRAL,не ожидала такой погоды в конце апреля rixos prykarpattya,0.0,1.0,0.0,0.0,Neutral,3,3,Neutral,0.9999843835830688,neutral,3,Neutral,0.6074692010879517,neutral,3,Neutral,0.8379408121109009,Negative,1,Negative,0.7105885148048401,3,Neutral,0.5298840322374212,3,Neutral,0.0,3,Neutral,0.4753664537256753,2.75,3,Neutral,Neutral,True,True,True,True,False,True,True,True,True,I did not expect such weather in late April.,True
NEGATIVE,"много воды и жира, при жарке уменьшились в два раза! очень жесткие, сложно прожевать! но вкус не плохой, поэтому 2 звезды!",0.118,0.716,0.166,0.5212,Positive,5,1,Negative,0.9992689490318298,neutral,3,Neutral,0.7856253981590271,negative,1,Negative,0.9993917942047119,Very Negative,1,Negative,0.7254272103309631,3,Neutral,0.829090428857531,3,Neutral,0.0,3,Neutral,0.4949694116218922,2.5,2,Negative,Negative,False,True,False,True,True,False,False,False,True,"a lot of water and fat, when frying decreased by half! very tough, difficult to chew! but the taste is not bad, so 2 stars!",True
NEGATIVE,"ужасно! ужасная вещь. думала, раз последние дваотзыва хорошие, значит можно брать.ага! конечно! это даже худи назвать сложно. это кофта очень тонкая. ворот растянут! не заказывайте тут это вещь! но продовец общительный",0.144,0.737,0.119,0.4798,Positive,5,1,Negative,0.9994451403617859,negative,1,Negative,0.7795273661613464,negative,1,Negative,0.9921910166740417,Very Negative,1,Negative,0.8542782068252563,3,Neutral,0.5285461021377946,3,Neutral,0.0,1,Negative,0.6221241446147053,2.0,2,Negative,Negative,False,True,True,True,True,False,False,True,True,"terrible! terrible thing. thought, since the last two reviews are good, then you can take.aha! of course! it's even difficult to call a hoodie. it's a sweater very thin. the gates are stretched! do not order this thing here! but the sociable seller",True
NEUTRAL,"не пришёл товар ,деньги вернули",0.0,1.0,0.0,0.0,Neutral,3,1,Negative,0.6692020297050476,negative,1,Negative,0.46638697385787964,negative,1,Negative,0.7955487370491028,Negative,1,Negative,0.6444976925849915,1,Negative,0.6421593247647877,1,Negative,0.0,1,Negative,0.43170684504810064,1.25,1,Negative,Neutral,True,False,False,False,False,False,False,False,False,"The goods did not arrive, the money returned.",True
NEGATIVE,размер не соответсвует описанию . при первом одевании сразу расползлись швы на рукавах . покупать тут не советую .,0.091,0.909,0.0,-0.2755,Negative,3,1,Negative,0.9960975050926208,negative,1,Negative,0.7831849455833435,negative,1,Negative,0.9375069737434387,Negative,1,Negative,0.8462624549865723,5,Positive,0.4087849541905897,5,Positive,0.0,5,Positive,0.7019530592273132,2.75,3,Neutral,Negative,True,True,True,True,True,False,False,False,False,"The size does not match the description. At the first dressing, the seams on the sleeves immediately spread. I don't recommend buying here.",True
POSITIVE,"сделала заказ 26.09 пришли 8.10. трек отслеживается. на параметры 40-42 взяла размер м, после стирки оно немного сели и стали как раз. все рекомендую, шорты мне понравилось.",0.0,0.841,0.159,0.6486,Positive,5,5,Positive,0.9979811310768127,positive,5,Positive,0.9947493672370911,positive,5,Positive,0.984453022480011,Positive,5,Positive,0.613816499710083,3,Neutral,0.5220377420166589,3,Neutral,0.0,5,Positive,0.4,4.5,4,Positive,Positive,True,True,True,True,True,False,False,True,True,"I made an order 26.09 came 8.10. track track track. on the parameters 40-42 took the size m, after washing it sat down a little and steel just. I recommend everything, shorts I liked.",True
POSITIVE,"поучительная история 'золушки', только в обратной перемотке. из богатой, гордой, капризной и упрямой дамы - напрямик в кухонную принадлежность, стиральную машину, фен для холодильника и личный пуфик для своего супруга. вот как много приобрела героиня голди хоун в лице огромного семейства, которое недавно потеряло свою маму. 'это не мы мамочка, это все 'рой'. фильм задает зрителю вопрос: много ли потеряла героиня? ответ - абсолютный 'ноль', если можно назвать приобретением мужчину, который жил с ней ради денег и был крайне рад запрятать ее в психбольницу. а тот, который пах рабочим потом, любил выпить пару коробочек пива вечером с друзьями и поиграть с ними в боулинг, оказался положительным героем. проучить решил ту богатую дамочку, которая отказалась платить ему за работу, но, по-моему, он оказал ей большую услугу. 'мало кто имеет возможность побывать на другой стороне жизни'. мне нравится почерк гари маршала, лирические комедии со смыслом - это его. пускай возможность такой судьбы 1:1000000, но из них всегда можно брать для себя что-то важное. дети молодцы, большинство из них впервые принимали участие в съемках, но они замечательно справились с ролью детей, которым нужна была забота и пристальное внимание. 8 из 10",0.029,0.766,0.205,0.9882,Positive,5,5,Positive,0.9994377493858337,negative,1,Negative,0.7069200277328491,positive,5,Positive,0.9688171744346619,Very Negative,1,Negative,0.8455093502998352,3,Neutral,0.5382679919400253,3,Neutral,0.0,3,Neutral,0.48,3.25,3,Neutral,Positive,True,True,False,True,False,False,False,False,False,"The instructive story of Cinderella, only in reverse rewinding. from a rich, proud, capricious and stubborn lady - straight into kitchen accessories, a washing machine, a refrigerator hairdryer and a personal oofik for her husband. this is how much the heroine Goldie Hawn acquired in the face of a huge family that recently lost her mother. The film asks the viewer the question: has the heroine lost much? the answer is absolute ""zero"", if you can call the acquisition of a man who lived with her for money and was extremely happy to hide her in a mental hospital. and the one who smelled sweat workers loved to drink a couple of beers in the evening with friends and play bowling with them, turned out to be a positive hero. 'Few people have the opportunity to visit the other side of life'. I like the handwriting of the marshal's gary, lyrical comedies with meaning - this is his. albeit the possibility of such a fate 1: 1,000,000, but you can always take something important from them. the children are good, most of them took part in the filming for the first time, but they coped wonderfully with the role of children who needed care and close attention. 8 out of 10",True
NEUTRAL,"сколько ни пробовал готовить (разными способами) - всегда получаются клеклые, разъезжаются на сковороде. не советую.",0.114,0.829,0.057,-0.2732,Negative,3,3,Neutral,0.9998805522918701,neutral,3,Neutral,0.7697647213935852,negative,1,Negative,0.8706417679786682,Negative,1,Negative,0.5844778418540955,3,Neutral,0.6592757926682236,3,Neutral,0.0,3,Neutral,0.7252344392640946,2.5,2,Negative,Neutral,False,True,True,False,False,True,True,True,False,"No matter how much I tried to cook (in various ways) - always turn out crumbs, disperse in the pan.",True
POSITIVE,"достоинства: хороший стойкий вкус,особо не увлекаюсь, так лежит на всякий случай в машине вместе с мускатным орехом. недостатки: не выявлены.",0.129,0.678,0.193,0.1983,Positive,3,5,Positive,0.9998528957366943,positive,5,Positive,0.5217990279197693,positive,5,Positive,0.79816734790802,Negative,1,Negative,0.3430406153202057,3,Neutral,0.5227180663924802,3,Neutral,0.0,5,Positive,0.85,3.75,4,Positive,Positive,True,True,True,True,False,False,False,True,True,"advantages: good persistent taste, especially not carried away, so lies just in case in the car along with nutmeg. shortcomings: not identified.",True
NEGATIVE,"4.03.23 - из еды пирожки с капустой, салат из капусты, варёный рис, мясо то ли тушёное, то от варёное грибной суп, нарезка колбаса, сыр. это все. бизнес зал.",0.059,0.941,0.0,-0.128,Neutral,3,1,Negative,0.998877227306366,neutral,3,Neutral,0.48288846015930176,neutral,3,Neutral,0.821817934513092,Very Negative,1,Negative,0.6155622601509094,3,Neutral,0.6812461417650227,3,Neutral,0.0,1,Negative,0.57,2.25,2,Negative,Negative,False,True,False,False,True,False,False,True,True,"4.03.23 - from food cakes with cabbage, cabbage salad, boiled rice, meat either stewed, then boiled mushroom soup, sausage cutting, cheese. this is all. business hall.",True
POSITIVE,"доставка нормальная, только почта россии подводит) качество тоже хорошее, вот размерная таблица правда немного не совпадает и платье полнит) еще длина какая то непонятная, буду подшивать, вообщем своих денег оно стоит)",0.0,0.935,0.065,0.4404,Positive,5,5,Positive,0.9336321353912354,positive,5,Positive,0.8787012100219727,positive,5,Positive,0.990588903427124,Positive,5,Positive,0.6219604015350342,3,Neutral,0.4881330767750724,3,Neutral,0.0,5,Positive,0.68,4.5,4,Positive,Positive,True,True,True,True,True,False,False,True,True,"delivery is normal, only the post of Russia sums up) the quality is also good, here is the sizing table really does not coincide a little and the dress is full), still some length is incomprehensible, I will sew, in general it costs my money.",True
NEUTRAL,"увидел оценку и весьма удивился, был в заведении в 2021 году на мероприятии и остался недоволен. по цене и качество. договаривались об одном, с людьми обговаривали, в итоге на мероприятии другие люди и они ничего не знают. подача блюд как попало, то ставить негде, то сидите облизывайтесь гости дорогие. самое главное - отношение персонала направленное на обман клиента. если есть возможность где-то обманным путем получить с вас лишние деньги - это будет сделано.nединственный плюс - локация, центр города, и цена, но будьте готовы за эту цену проучить соответствующий уровень обслуживания.nпри равных прочих - не зайду.",0.029,0.875,0.096,0.7305,Positive,5,1,Negative,0.9895994663238525,neutral,3,Neutral,0.603489339351654,negative,1,Negative,0.9878025650978088,Negative,1,Negative,0.4115435481071472,3,Neutral,0.5451436983189716,3,Neutral,0.0,3,Neutral,0.39,2.5,2,Negative,Neutral,False,False,True,False,False,True,True,True,False,"I saw the assessment and was very surprised, was in the institution in 2021 at the event and was dissatisfied. on price and quality. agreed on one thing, with people discussed, as a result, at the event other people and they do not know anything. the serving of dishes as it happens, there is nowhere to put, then sit lick your dear guests. the most important thing is the attitude of the staff aimed at deceiving the client. if there is an opportunity somewhere to fraudulently get extra money from you - it will be done. the only plus - location, city center, and price, but be ready for this price to learn the appropriate level of service.",True
POSITIVE,"аниме шииииикарное. рисовка, сюжет, персонажи и музыка на высоте. но один минус все же есть. и это предсказуемость. как не прискорбно, но предугадать убийцу очень легко, ибо просто конкурентов нет. то есть выбрать кто убийца можно всего из одного персонажа.спойлерp.s. для меня (лично для меня) концовка была бы приятнее без хэппи энда, то есть смерть при падении с крыши выглядит более успешно.",0.22,0.642,0.138,-0.8155,Negative,1,5,Positive,0.9963386058807373,neutral,3,Neutral,0.6919769048690796,positive,5,Positive,0.8400890827178955,Negative,1,Negative,0.673538088798523,3,Neutral,0.5764810543365961,3,Neutral,0.0,5,Positive,0.43,3.25,3,Neutral,Positive,False,True,False,True,False,False,False,True,False,"Drawing, plot, characters and music are on top. but one minus is still there. and this is predictability. as not regrettable, but it is very easy to predict the killer, because there are simply no competitors. that is, to choose who the killer can only be from one character.",True
NEUTRAL,жесткая не ароматная петрушка,0.0,1.0,0.0,0.0,Neutral,3,3,Neutral,0.9980056881904602,neutral,3,Neutral,0.8262681365013123,positive,5,Positive,0.8129615783691406,Negative,1,Negative,0.5754482746124268,3,Neutral,0.5298840322374212,3,Neutral,0.0,3,Neutral,0.47536645372567526,3.0,3,Neutral,Neutral,True,True,True,False,False,True,True,True,True,parsley,True
POSITIVE,"потрясающее место, очень впечатлил сотрудник яромир, от всей души рассказывал про каждый автомобиль, по больше бы таких профессионалов, огромное количество экспонатов, не менее интересная японская атрибутика, в общем всё понравилось, обязательно вернёмся снова!)",0.045,0.571,0.384,0.9398,Positive,5,5,Positive,0.9979760050773621,positive,5,Positive,0.98480623960495,positive,5,Positive,0.9977521300315857,Very Positive,5,Positive,0.7304516434669495,5,Positive,0.6276833199418455,5,Positive,0.0,5,Positive,0.49,5.0,5,Positive,Positive,True,True,True,True,True,True,True,True,True,"amazing place, very impressed employee Yaromir, with all my heart told about each car, more such professionals, a huge number of exhibits, no less interesting Japanese paraphernalia, in general liked everything, be sure to come back again!",True
POSITIVE,"прекрасное приключенческое аниме с насыщенным событиями сюжетом. в нём есть и наивность, и теплота, но и вполне реалистичные и оттого пугающие эпизоды. да, если взглянуть опытным взглядом, фильм не предлагает нам каких-то новых идей или нестандартных концепций, но знакомые, казалось бы, сюжетные линии весьма талантливо компонуются в замечательную местами сказочную, а местами научно-фантастическую историю. чувствуется, что, несмотря на отсутствие серьёзного финансирования, фильм сделан с трепетным отношением. в нём есть как раз то, чего я не обнаружил, например, в пресном и бездушном steamboy . в целом, ощущается явное влияние таких работ хаяо миядзаки, как kaze no tani no nausicaa и tenkuu no shiro laputa. кстати, не могу не отметить большое внешнее сходство главного героя с вольфганг миттермайер, что только способствовало восприятию его великодушных и героических поступков. потраченного на просмотр времени ничуть не жаль, фильм замечательно подходит для разгрузки уставшего сознания после тяжёлой трудовой недели. оценка - 810.",0.109,0.676,0.215,0.9727,Positive,5,3,Neutral,0.9963435530662537,positive,5,Positive,0.9383997917175293,positive,5,Positive,0.9993141889572144,Positive,5,Positive,0.9142508506774902,3,Neutral,0.6791010440404356,3,Neutral,0.0,3,Neutral,0.59,4.0,4,Positive,Positive,True,False,True,True,True,False,False,False,True,"It has both naivety and warmth, but also quite realistic and therefore frightening episodes. Yes, if you look at an experienced look, the film does not offer us any new ideas or non-standard concepts, but familiar, it would seem, storylines are very talentedly assembled in wonderful places fairy tale, and in places science fiction. it feels that, despite the lack of serious funding, the film is made with a reverent attitude. In general, there is a clear influence of such works of Hayao Miyazaki as kaze no tani no nausicaa and tenkuu no shiro laputa. By the way, I can not but note the great external similarity of the protagonist with Wolfgang Mittermayer, which only contributed to the perception of his generous and heroic actions. spent watching time is not a pity, the film is wonderful for unloading tired consciousness after a hard week.",True
POSITIVE,"если меня спросят, как бы я описал это аниме одним словом, то я отвечу - ламповость. этим чувством будет веять отовсюду - из музыкального сопровождения(в частности, из опенинга, который мне очень понравился), из дизайна окружения и персонажей, который мне чем то напоминает диснеевские мультики, из неторопливого и неспешного сюжета, который из-за этого может понравится не каждому.лично для меня, основным достоинством сериала является адекватное поведение персонажей. мне очень понравилось поведение лоуренса, который ведет себя, соответствуя своему возрасту. это я к тому, что он в большинстве случаев спокойно реагирует на подначки холо, не краснея при каждом намеке на романтическую подоплеку.кстати, о холо. обожаю эту мимишную волчицупросто душка)1920x1080810, хотел поставить сначала 7, но поднял оценку из-за второй половины сериала, которая мне очень понравилась.",0.056,0.873,0.071,-0.0602,Neutral,3,5,Positive,0.944294810295105,positive,5,Positive,0.5031186938285828,positive,5,Positive,0.9993671774864197,Positive,5,Positive,0.8587207794189453,1,Negative,0.45911372441808557,1,Negative,0.0,3,Neutral,0.48,3.5,4,Positive,Positive,False,True,True,True,True,False,False,False,True,"If I am asked how I would describe this anime in one word, then I will answer - lamp. this feeling will blow from everywhere - from the musical accompaniment (in particular, from the opening, which I really liked), from the design of the environment and characters, which reminds me of Disney cartoons, from the leisurely and leisurely plot, which because of this may not please everyone. personally for me, the main advantage of the series is the adequate behavior of the characters. I really liked the behavior of Lawrence, who behaves, corresponding to his age, I really liked the second half of the series 7, but I did not like it calmly on the second half of this one.10",True
NEGATIVE,"рисовка это всё, чем может гордится этот тайтл. музыка местами была неплоха. больше тут ничего нет.ни раскрытых персонажей (мы до сих пор не знаем зачем зеленоволосая решила участвовать в гонке, хотя этот вопрос поднимался в полнометражке). пару раз ловил фейспалмы от действий гг. ни сюжета. опасная гонка, где ты можешь умереть каждую минуту, зачем ты в ней участвуешь? ну я просто хочу победить. даже о призе за гонку не рассказали.ни идеи (игры про гонки с оружием были еще в 1990-2000 годах на консолях). даже мир не раскрыли. хотя нам показали очень много разных существ (примечательно, почти все они были двухногими и прямоходящими респрайтами человека, никаких вам джаб хаттов) фактически мы абсолютно ничего не знаем об этой вселенной за пределами гонки. и романтика тут тоже на минималках.думаю можно сравнить с фильмами марвел, где красивая обёртка, побуждает ставить высокие оценки. а что если мне всё равно на красивую картинку?одноразовая штука, едва хватает, чтобы не жалеть о потраченном времени.510",0.057,0.823,0.119,0.8011,Positive,5,1,Negative,0.9998284578323364,neutral,3,Neutral,0.5929900407791138,negative,1,Negative,0.9952314496040344,Negative,1,Negative,0.7618785500526428,1,Negative,0.5571666396617099,1,Negative,0.0,1,Negative,0.5,1.75,2,Negative,Negative,False,True,False,True,True,True,True,True,True,"Drawing is all that this title music can be proud of in places was not bad. there is nothing more here. there are no revealed characters (we still do not know why the green-haired decided to participate in the race, although this question was raised in the full-length film). a couple of times caught facepalm from the actions of the g. nor the plot. a dangerous race where you can die every minute, why do you participate in it? well I just want to win. no idea (games about the race with weapons were in 1990-2000 years on consoles, even the world did not even reveal a lot of this movie, but we can hardly put a beautiful pictures on this one of the universe.",True
NEUTRAL,как обычное молоко по вкусу,0.0,1.0,0.0,0.0,Neutral,3,3,Neutral,0.9806585311889648,positive,5,Positive,0.49230054020881653,neutral,3,Neutral,0.8715083003044128,Neutral,3,Neutral,0.8939510583877563,1,Negative,0.4301544379795528,1,Negative,0.0,3,Neutral,0.5539538518099244,2.75,3,Neutral,Neutral,True,True,False,True,True,False,False,True,True,milklike,True
NEUTRAL,"пришел очень маленького размера, возможно отправили женский вместо мужского. на рост 176 вообще никак не годится.",0.107,0.893,0.0,-0.3412,Negative,1,3,Neutral,0.9991100430488586,negative,1,Negative,0.7212916612625122,negative,1,Negative,0.8158625960350037,Negative,1,Negative,0.8152751326560974,1,Negative,0.721961061732676,1,Negative,0.0,1,Negative,0.54,1.25,1,Negative,Neutral,False,True,False,False,False,False,False,False,False,"It came in very small size, probably sent a female instead of a male. the height of 176 is not good at all.",True
NEGATIVE,"все безобразно интерфейс, а работа операторов особенно, такое ощущение, что люди не подготовленные работают, а просто шли мимо. дозваниваться нада 1-2 часа.",0.14,0.804,0.056,-0.2718,Negative,3,1,Negative,0.9999686479568481,negative,1,Negative,0.6635231971740723,negative,1,Negative,0.9942090511322021,Very Negative,1,Negative,0.7030626535415649,3,Neutral,0.6149807274216218,3,Neutral,0.0,3,Neutral,0.4324844434508765,2.0,2,Negative,Negative,True,True,True,True,True,False,False,False,True,"everything is ugly interface, and the work of operators especially, the feeling that people are not prepared to work, but just walked by.",True
NEGATIVE,"увы, вместо нормальной истории подкатили дешёвый фанфик по мацумото. даже ова 2000 года большее представление о вселенной давала. тут лишь один поворот сюжета: ""надо убить прометею"", растянутый на 13 серий. абсолютно дырявый сюжет в плане дальнейшего повествования. если для уничтожения прометеи понадобилась смерть насаки, то почему мэйтел 9999999 раз пото пришлось возить юнцов на ла метал, хотя тут говорится, что он снова стал ""человеческим"". просто неописуемый бред. главное, что кроме более-менее харизматичного харлока тут не на что посмотреть, ибо персонажи, включая мэйтел, просто анимешные болванки с обозначенными эмоциями. в ""легенде"" мэйтел ещё интересно было видеть ранимой и в целом ""другой"", но тут развития персонажей нету вообще. плюс ко всему, эта старая сэйю: возраст сильно заметен в её голосе и с образом вечно молодой мэйтел это никак не вяжется. если пропустить просмотр этого произведения в рамках вселенной мацумото - потеряете вы немного. остальным на своё страх и риск.после такой ""предыстории"" в пору делать ещё одну, чтобы залатать дыры и вопросы, которые после этой остались.",0.141,0.826,0.033,-0.932,Negative,1,1,Negative,0.7436635494232178,negative,1,Negative,0.6014344692230225,negative,1,Negative,0.9949120879173279,Very Negative,1,Negative,0.743312656879425,1,Negative,0.553277142476083,1,Negative,0.0,1,Negative,0.58,1.0,1,Negative,Negative,True,True,True,True,True,True,True,True,True,"Alas, instead of a normal story rolled cheap fanfiction on Matsumoto. even in 2000, a greater idea of the universe gave. there was only one twist of the plot: ""you need to kill Promethea"", stretched for 13 episodes. absolutely holey plot in terms of further narration. if to destroy Promethea needed the death of Nasaki, then why did Maitel 999999999 times have to take the boys to la metal, although it says that he again became ""human nonsense. the main thing is that after more or less the story in terms of this young character's development, if you don't miss the old one in general with the rest.",True
POSITIVE,"комментаторы выше просто привереды. это эпик-win, дорогие зрители, 10 из 10. так же превосходно, как и первые два сезона. потихоньку план момонги осуществляется. очень интересно, что будет и дальше. и лучше не читайте ранобэ, пока не выйдут все сезоны аниме. всё таки это другое. напридумываете себе, а потом расстраиваетесь не пойми зачем. это интереснее лога горизонт как по мне. да и ""попаданцы"" мой любимый жанр, не только в аниме, но и в книгах и кино. про другие страны, их армии, люцифере за стенкой (вы поймёте) и подчинителей вампирши хочется узнать именно через анимацию, а не через ранобэ.",0.019,0.852,0.129,0.807,Positive,5,5,Positive,0.9998461008071899,neutral,3,Neutral,0.7490228414535522,positive,5,Positive,0.9983614087104797,Positive,5,Positive,0.5427061319351196,5,Positive,0.8439264053819305,5,Positive,0.0,5,Positive,0.51,4.75,5,Positive,Positive,True,True,False,True,True,True,True,True,True,"Commentators above just picky. this epic-win, dear viewers, 10 out of 10. as excellent as the first two seasons. slowly the momonga plan is implemented. very interesting, what will happen next. and it is better not to read the ranobe until all the seasons of the anime come out. all the same, you invent yourself, and then you get upset not understand why. this is more interesting log horizon as for me. and ""falla"" my favorite genre, not only in anime, but also in books and movies.",True
POSITIVE,"российский производитель автоваз объявил об изменении цена на все свои автомобили lada с 1 января 2017 года. смотреть все фото новости ценники переписаны в большую сторону, и больше всех подорожал универсал lada largus cross. теперь стоимость этого авто составляет 674 900 рублей, то есть цена выросла на 20 700 рублей. цена четырехдверки lada vesta начинается от 545 900 рублей, а это прирост в 16 900 рублей. сдайте экзамен пдд на прямо сейчас смотреть все фото новости",0.0,0.953,0.047,0.5267,Positive,5,3,Neutral,0.9861463904380798,neutral,3,Neutral,0.8055062294006348,negative,1,Negative,0.9232649207115173,Neutral,3,Neutral,0.9321959018707275,5,Positive,0.5841457421074464,5,Positive,0.0,3,Neutral,0.77,3.5,4,Positive,Positive,True,False,False,False,False,True,True,False,True,"The Russian manufacturer of car vases announced a change in the price of all its cars lada from January 1, 2017. watch all photos news price tags rewritten in the big way, and most of all rose in price wagon lada largus cross. now the cost of this car is 674 900 rubles, that is, the price has increased by 20 700 rubles. the price of four-door lada vesta starts from 545 900 rubles, and this is an increase of 16 900 rubles. pass the exam pd on right now watch all photos",True
NEUTRAL,"заказала джинсы, а точнее джегинсы, начитавшись отзывов какие они классные и как быстро приходит заказ. мне заказ пришёл за 33 дня. размер заказала l, на свой 42-44 (т.к знаю, что шьют они явно не по российским размерам). практически во всех отзывах писали что на 42-44 заказывают s, они тянутся, поэтому точно подойдут . уж не знаю девочки кому, как подходит, а резинка ооооооочень маленькая и давит, поэтому мой размер l (который я заказала) на 42 не более, на оооочень худенькую девушку они короткие, мой рост 164, мне не подошли. очень расстроена, заказывать больше не буду",0.046,0.874,0.08,0.475,Positive,5,3,Neutral,0.8700438737869263,negative,1,Negative,0.500853419303894,negative,1,Negative,0.8956389427185059,Negative,1,Negative,0.4395343065261841,3,Neutral,0.47738326758775207,3,Neutral,0.0,3,Neutral,0.5,2.5,2,Negative,Neutral,False,True,False,False,False,True,True,True,False,"I ordered jeans, or rather jegins, having read reviews how cool they are and how quickly the order comes. I ordered for 33 days. the size I ordered l, for my 42-44 (because I know that they sew clearly not in Russian size). I don’t know who the girl is, how it fits, and the gum is ooooooo very small and pressing, so my size l (which I ordered) is 42 no more, for a very thin girl they are short, my height is 164, I did not fit. very upset, I will not order anymore",True
POSITIVE,"интересное место. здание не плохо сохранилось, лучше конечно смотреть с экскурсией. на противоположной стороне расположен дот времен вов.",0.0,0.811,0.189,0.6808,Positive,5,5,Positive,0.9991521835327148,neutral,3,Neutral,0.7282807230949402,neutral,3,Neutral,0.6039618849754333,Positive,5,Positive,0.9300636649131775,3,Neutral,0.636109278564349,3,Neutral,0.0,3,Neutral,0.6410552072666968,3.75,4,Positive,Positive,True,True,False,False,True,False,False,False,True,"interesting place. the building is not poorly preserved, it is better of course to look with a tour. on the opposite side there is a dot of times.",True
NEUTRAL,"высокие цены, скудный ассортимент, старомодный дизайн.",0.0,1.0,0.0,0.0,Neutral,3,3,Neutral,0.9995237588882446,neutral,3,Neutral,0.7116839289665222,negative,1,Negative,0.93645179271698,Neutral,3,Neutral,0.4796340763568878,3,Neutral,0.6463127379404392,3,Neutral,0.0,3,Neutral,0.6615387226117367,2.75,3,Neutral,Neutral,True,True,True,False,True,True,True,True,True,"High prices, scant range, old-fashioned design.",True
NEUTRAL,"ну и санта-барбара, однако благо, хоть одна пара в итоге сложилась))когда качала, рассчитывала на легкую летнюю комедию, но что-то с комедией явно не задалось. разумеется было всевозможное мимими, но драма и романтота должны стоять в жанрах первые. все-таки сюжеты, в которых друзяшки-школьники творят всякую фигню дает огромный простор для фантазии в плане юмора, драматизма и романтической линии. но таких сериалов в последнее время становится так много, что они все сливаются в огромную безликую массу. авторы здесь в полной мере воспользовались беспроигрышным сочетанием школьники-лето-любовь и закрепили результат, влепив в завязку инпланетянина. и в общем-то, не прогадали, чо уж там. отдельное спасибо, что слезовыдавливание в последних сериях проводилось не сособо грубо :3но обилие геометрических фигур в сюжете все-такие слегка зашкаливает. ххи да, концовка понравилась. на последних секундах все стало хорошо. а как так получилось и что будет дальше- можно догадываться самому. как говорится, конец немного предсказуем. так и вышло xddпоставила 8, не шедевр, но вполне годное аниме.",0.039,0.654,0.307,0.9862,Positive,5,3,Neutral,0.9996669292449951,positive,5,Positive,0.9221016764640808,negative,1,Negative,0.9852914810180664,Negative,1,Negative,0.8652534484863281,3,Neutral,0.5122519462170446,3,Neutral,0.0,5,Positive,0.65,3.25,3,Neutral,Neutral,False,True,False,False,False,True,True,False,True,"well and Santa Barbara, but good, at least one couple eventually formed) when rocking, counted on an easy summer comedy, but something with comedy clearly did not work. of course there was all sorts of mimimi, but drama and romance should stand in the genres of the first. all the same stories in which friends-schoolchildren create all sorts of shit gives a huge scope for fantasy in terms of humor, drama and romantic line. but there are so many such series recently that they all merge in a huge year, and the last figure is not so predictable.",True
NEUTRAL,"не часто я пишу комменты. но скажу честно. прекрасная завершающая(нет) глава. с одним огромным но. сама концовка выглядела очень не правильно. спойлерхэппиэнд не вписывается в саму историю. я испытываю очень противоречивые чувства. когда-то мне разбило сердце отсутствие финала. с тех пор я вырос и осознал, что не может быть такого,, чтобы все были счастливы или все вернулось к тому как было. теперь же мне разбил сердце хэппиенд. не смотря на это он обоснован. за это я снижаю оценку всего на единицу. далее персонажи. я мог бы сказать: ""персонажи хороши, как и во всех сезонах цикла"", но речь идет не о самих персонажах, а о их подаче. из-за того, что со всеми персонажами зритель уже должен быть знаком, перед студией стояла сложная задача в очередной раз правильно подать персонажей. и честно говоря, это у них удалось лучше, чем в любом другом сезоне. каждому персонажу отведен строго свой момент, чтобы объяснить их мотив. именно из-за ясных мотивов они чувствуются такими живыми. даже оуги являющаяся загадкой до самого конца(я заранее знал о том кто она из-за спойлера, но даже это не делало наблюдение за ней неинтересным.) показалась живой со своим мировоззрением и целью, со своими изменениями характере. сюжет же на самом деле хорош, но не лучше чем в большинстве других сезонов. про атмосферу и рисовку молчу. шафт как всегда на высоте. итого: 9(если бы можно было поставил бы с половиной.)",0.148,0.723,0.129,-0.2966,Negative,3,3,Neutral,0.9973161816596985,neutral,3,Neutral,0.4994071125984192,neutral,3,Neutral,0.7949458956718445,Negative,1,Negative,0.7105705738067627,3,Neutral,0.5150049235670475,3,Neutral,0.0,3,Neutral,0.4,2.75,3,Neutral,Neutral,False,True,True,True,False,True,True,True,True,"I don’t often write comments. but I will tell you honestly. a beautiful concluding (no) chapter. with one huge but. the ending itself looked very wrong. spoilerhappiend does not fit into the story itself. I experience very contradictory feelings. once I broke my heart the absence of the finale. since then I have grown up and realized that it can’t be so that everyone was happy or everything returned to the way it was. now I broke the heart of the worldview. without looking at this, I lower the score by a single plot. further, I could explain the motive to each of the other, but I could not honestly say about the scene in front of all of the characters in front of the same time, but I did not have a good one of the other person in front of the same person.",True
POSITIVE,"обожаю данное пнимэ, когда раньше спрашивали какое моё любимое аниме .у меня не было ответа после того как посмотрела эту ответ очевиден. начнём с музыкипервый opening один из моих любимых песен , второй очень даже неплох . 910 рисовка лучше не бывает , тут нет ничего чего вы бы смогли критиковать . персонажи они хорошо раскрыты, у всех свои стоимости . однако после 13 серии , до двадцатой . как будто другой писал сценарий было даже немного лень смотрететь , но в конечном итоге : несомненно заслуживает девять ибо из-за этого тайтла я прочитала почти все пьесы шекспира",0.031,0.793,0.176,0.9229,Positive,5,5,Positive,0.9976849555969238,neutral,3,Neutral,0.6115490794181824,positive,5,Positive,0.9993857145309448,Negative,1,Negative,0.7468568086624146,3,Neutral,0.4910637444334938,1,Negative,0.0,3,Neutral,0.6,3.25,3,Neutral,Positive,True,True,False,True,False,False,False,False,False,"I love this pnime, when I used to ask what my favorite anime is. I didn't have an answer after watching this answer is obvious. Let's start with music opening one of my favorite songs, the second is very good. 910 drawing is not better, there is nothing you can criticize. The characters are well revealed, all have their own values. After the 13th episode, until the twentieth. It was as if someone else had written the script and it was a bit lazy to watch it, but in the end : definitely deserves nine because of this title I read almost all of Shakespeare's plays.",True
POSITIVE,"эта манга была первой для меня в жанре юри, изначально начинал читать чисто ради интереса к новому жанру, но с погружением в историю понял, что это то самое романтическое произведение, которое я долго искал. это приятная глазу и разуму история с живыми персонажи со своими личными загонами, которые они преодолевают в процессе развития сюжета. само повествование тихое и неспешное, но при этом герои не топчутся на одном месте подолгу. также автору удалось создать в произведении тихую и теплую атмосферу, отличающуюся от большинства других романтических манг и помогающую полноценно расслабиться при прочтении вечерком-другим. ну и отдельный плюс, что историю не стали растягивать на 100 глав (как любят в схожих по тематике произведениях), за счет чего читатель не теряет интерес и, как следствие, получает максимум эмоций от развития взаимоотношений и героев (но при этом история не кажется урезанной или неполноценной). если вы любитель жанра романтика в целом, то советую прочитать.p.s. ну и еще в процессе выяснил, что мне нравятся однополые женские взаимоотношения (). уж как-то за их развитием наблюдать приятнее и интереснее, чем за стандартными, уже приевшимися, гетеро.",0.027,0.766,0.208,0.9829,Positive,5,5,Positive,0.9529370665550232,positive,5,Positive,0.945552408695221,positive,5,Positive,0.9921209812164307,Positive,5,Positive,0.8972516059875488,3,Neutral,0.6932742895489513,3,Neutral,0.0,3,Neutral,0.55,4.25,4,Positive,Positive,True,True,True,True,True,False,False,False,True,"This manga was the first for me in the genre of Yuri, initially began to read purely for the sake of interest in a new genre, but with immersion in history I realized that this is the same romantic work that I have long been looking for. this is a pleasant story with live characters with their personal pens, which they like to overcome in the process of the development of the plot. the narrative itself is quiet and unhurried, but at the same time the characters do not trample on one place for a long time. also the author managed to create a quiet and warm atmosphere in the work that differs from most of other romantic mangas. and helps to fully enjoy the story in this process, as well as well as they do not love the story in the development of the evening and other.",True
POSITIVE,"блузку получили,по цвету не совсем белая,с переливом желтоватым,не хлопок.синтетика!я не люблю синтетику!и до ульяновска шла долго.",0.101,0.899,0.0,-0.4007,Negative,1,1,Negative,0.998534083366394,neutral,3,Neutral,0.649644672870636,neutral,3,Neutral,0.574558675289154,Very Negative,1,Negative,0.3214154839515686,3,Neutral,0.5646569221908089,3,Neutral,0.0,5,Positive,0.7163647717631211,2.5,2,Negative,Positive,False,False,False,False,False,False,False,True,False,"The blouse was received, not quite white in color, with a yellowish overflow, not cotton.synthetics! I do not like synthetics! and it took a long time to Ulyanovsk.",True
NEUTRAL,окей:d а когда?:(,0.0,0.345,0.655,0.2263,Positive,3,3,Neutral,0.9998972415924072,neutral,3,Neutral,0.6750797033309937,neutral,3,Neutral,0.9976069927215576,Neutral,3,Neutral,0.8547613024711609,3,Neutral,0.5298840322374212,3,Neutral,0.0,3,Neutral,0.47536645372567526,3.0,3,Neutral,Neutral,False,True,True,True,True,True,True,True,True,"Okay, when?",True
NEGATIVE,"для чего и так в красную рыбу добавлять пищевой краситель? почему нас вечно всем травят и где натуральные продукты?из этого набора есть, по сути, нечего, как написали ранее - объедки. даже еще хуже. без акции это нечто стоит около 100 рублей. учитывая количество и качество сырья уж без красителя то можно обойтись? никому не рекомендую. по вкусу - слишком соленое, липкий раствор какой-то сверху.",0.148,0.717,0.135,-0.2401,Negative,3,1,Negative,0.9997063279151917,neutral,3,Neutral,0.7840872406959534,negative,1,Negative,0.9391797780990601,Very Negative,1,Negative,0.4835697412490845,3,Neutral,0.503648376854514,3,Neutral,0.0,3,Neutral,0.5544235799277302,2.25,2,Negative,Negative,True,True,False,True,True,False,False,False,True,"Why do we always poison everyone and where natural products? from this set there is, in fact, nothing, as they wrote earlier - scraps. even worse. without a share this something costs about 100 rubles. given the quantity and quality of raw materials, you can do without dye? I do not recommend anyone. to taste - too salty, sticky solution of some kind on top.",True
POSITIVE,"куртка очень понравилась, на росс. 48-50, xxl в самый раз. ткань плотная, ветром не продувает.",0.0,0.846,0.154,0.4754,Positive,5,5,Positive,0.992656409740448,positive,5,Positive,0.9678163528442383,positive,5,Positive,0.9896290898323059,Positive,5,Positive,0.8735573887825012,3,Neutral,0.450383164290795,3,Neutral,0.0,5,Positive,0.4316796936777479,4.5,4,Positive,Positive,True,True,True,True,True,False,False,True,True,"I really liked the jacket. 48-50, xxl just right. The fabric is dense, it doesn't blow through the wind.",True
NEGATIVE,"я разочарована, у продавца не верная таблица размеров, обратите на это внимание. на грудь 88 у продавца стоит размер l, что я и заказала, оказалось на 10 см широко в груди. открыла спор, но денег не вернули",0.123,0.877,0.0,-0.5423,Negative,1,1,Negative,0.9954493641853333,negative,1,Negative,0.7045615911483765,negative,1,Negative,0.6339871883392334,Negative,1,Negative,0.48324909806251526,3,Neutral,0.6894341839160462,3,Neutral,0.0,1,Negative,0.62,1.5,2,Negative,Negative,True,True,True,True,True,False,False,True,True,"I am disappointed, the seller does not have the correct table of dimensions, pay attention to this. on the chest 88 the seller has a size l, which I ordered, was 10 cm wide in the chest.",True
POSITIVE,постоянно покупаю мне нравится,0.0,0.615,0.385,0.3612,Positive,5,5,Positive,0.9915848970413208,positive,5,Positive,0.9435650110244751,positive,5,Positive,0.9835239052772522,Positive,5,Positive,0.9195785522460938,1,Negative,0.5315956089585175,1,Negative,0.0,3,Neutral,0.9194300396102341,3.75,4,Positive,Positive,True,True,True,True,True,False,False,False,True,I like shopping all the time.,True
NEUTRAL,"заказывала серое платье, цвет немного не тот. тон светлее. талия завышена, хотя по размеру l -на 46 подошло хорошо. ткань тонкая. пояс не как на картинке, не широкий. рост для этого платье нужен маленький. если вы невысокого роста, то можно заказывать.",0.0,0.96,0.04,0.2732,Positive,3,3,Neutral,0.996736466884613,neutral,3,Neutral,0.8021144270896912,neutral,3,Neutral,0.8023267984390259,Negative,1,Negative,0.8133291006088257,3,Neutral,0.5850061347738968,3,Neutral,0.0,3,Neutral,0.51,2.75,3,Neutral,Neutral,False,True,True,True,False,True,True,True,True,"I ordered a gray dress, the color is slightly different. the tone is lighter. the waist is overstated, although the size of l - 46 suited well. the fabric is thin. the belt is not as in the picture, not wide. the height for this dress is small. if you are short, you can order.",True
POSITIVE,"все ключевые идеологемы модерна рождены в ходе полемического диалога прежде всего, диалога между просвещением и романтизмом. итак, в координатах просветительско-романтического диалога утверждается система ценностей модерна: свободная личность, которая стала в центр новой картины мира, ее (личности) разум, который служит главным средством переустройства жизни, прогресс как восхождение свободы и разума (выражается как развитие демократии и науки, а на их основе качества жизни). критика модерна пожалуй, наиболее суровая критика просвещения в русской культуре принадлежит достоевскому. знаменательно, что истоки духовных исканий писателя связаны именно с западниками сороковых, со школой белинского. поворот, осуществленный достоевским, имеет принципиальное значение для истории модерна. великий писатель беспрестанно доказывал несостоятельность утопий разума, несоответствие любых рассудочных построений таинственной и беспредельной сущности человека. достоевский очень глубоко выразил кризис модерна ещё до того, как он перешел в острую фазу.",0.069,0.78,0.15,0.8809,Positive,5,5,Positive,0.9999833106994629,positive,5,Positive,0.5897337198257446,positive,5,Positive,0.8855656385421753,Neutral,3,Neutral,0.8167487978935242,3,Neutral,0.6200746702681663,3,Neutral,0.0,3,Neutral,0.47248418199787395,4.0,4,Positive,Positive,True,True,True,True,False,False,False,False,True,"All the key ideologemes of modernity were born in the course of a polemical dialogue, first of all, a dialogue between enlightenment and romanticism. so, in the coordinates of the enlightenment and romantic dialogue, the system of values of modernity is affirmed: a free person who has become the center of a new picture of the world, her (personality) mind, which serves as the main means of reorganizing life, progress as the as the ascent of freedom and reason (expressed as the development of democracy and science, and on their basis of the quality of life). the criticism of modernity is perhaps the most severe criticism of education in Russian culture.",True
NEUTRAL,"я очень ждала 'электру', потому что это сиквел к 'сорвиголове' - моему любимому фильму! а после просмотра была жутко разочарована! единственное, что связывает этот фильм с сорвиголовой, это главная героиня. всё! зачем действие перенесли в какой-то китай или гонконг? зачем здесь все эти ниндзя и эта девочка с отцом? какое отношение это всё имеет к первому фильму?! я читала, что будут снимать 'сорвиголову - 2', если у 'электры' будут хорошие сборы в прокате. но после просмотра 'электры' я с грустью поняла, что 'сорвиголову -2' никогда не увижу.",0.114,0.824,0.062,-0.8155,Negative,1,3,Neutral,0.9998940229415894,negative,1,Negative,0.6612420678138733,negative,1,Negative,0.9977635145187378,Very Negative,1,Negative,0.6501490473747253,3,Neutral,0.45692212003847427,3,Neutral,0.0,1,Negative,0.41,1.75,2,Negative,Neutral,False,True,False,False,False,True,True,False,False,"I was really looking forward to 'Electric' because it's a sequel to 'Daredevil' - my favorite movie! and after watching it, I was terribly disappointed! the only thing that connects this film with Daredevil is the main character. everything! why did the action move to some China or Hong Kong? why are all these ninjas and this girl and father here? what does all this have to do with the first film?! I read that they will shoot 'Daredevil - 2' if 'Elecra' has good fees at the box office. but after watching 'Elecs, I never realized that I' 2 was sad.",True
NEUTRAL,"мороз и солнце - день чудесный,чего ж ты дремлишь друг кудесный!?)))",0.0,0.615,0.385,0.7845,Positive,5,3,Neutral,0.813268780708313,positive,5,Positive,0.8966884016990662,neutral,3,Neutral,0.9988874793052673,Very Positive,5,Positive,0.623151421546936,3,Neutral,0.6494994860797545,3,Neutral,0.0,3,Neutral,0.9,3.75,4,Positive,Neutral,False,True,False,True,False,True,True,True,False,"The sun and the cold is a wonderful day, why do you sleep a friend?",True
POSITIVE,"на вид хорошее филе, еще не готовила",0.0,0.481,0.519,0.6597,Positive,5,5,Positive,0.9029791951179504,positive,5,Positive,0.5195919871330261,neutral,3,Neutral,0.5576087236404419,Positive,5,Positive,0.8314540982246399,3,Neutral,0.5038350128637333,3,Neutral,0.0,3,Neutral,0.6685845160751552,4.0,4,Positive,Positive,True,True,True,False,True,False,False,False,True,"Looks like a good fillet, hasn't cooked yet.",True
NEUTRAL,"жаль, что аниме закончилось. но зато теперь можно написать отзыв. итак, скажу сразу, что это аниме не великолепное прям 1010, но достойно внимания. хорошая рисовка, приятная озвучка, довольно-таки много годного юмора (может, было бы в разы смешнее, но мы не японцы и не понимаем таких шуток, как, например, шутка про хассаку). очень понравилась эта парочка (мисаки и такаши). также скажу, что аниме довольно легкое и оставляет после себя приятное, так сказать, послевкусие. после каждой серии улыбка на лице. этот тайтл каждый вторник делал мой день. хех. так что я рада, что не пропустила его онгоингом. раз в неделю - самое то. моя оценка 710.",0.116,0.597,0.287,0.9505,Positive,5,1,Negative,0.9898069500923157,positive,5,Positive,0.9642205834388733,positive,5,Positive,0.9941548705101013,Positive,5,Positive,0.8127270936965942,3,Neutral,0.527338245726602,3,Neutral,0.0,3,Neutral,0.35,3.75,4,Positive,Neutral,False,False,False,False,False,True,True,True,False,"It is a pity that the anime ended. but now you can write a review. so, I will say right away that this anime is not great straight 1010, but worthy of attention. good drawing, pleasant voice acting, quite a lot of good humor (maybe it would be much funnier, but we are not Japanese and do not understand such jokes as, for example, a joke about Hassakah).",True
POSITIVE,"прекрасное завершение истории ""рыцарей звездной пыли"". это было невероятно, неподражаемо и просто восхитительно.конец путешествия персонажей, начавшегося ещё в прошлом сезоне.финал - выше всяких похвал! последнии эпизоды - неописуемо прекрасны.этот сезон понравился мне даже больше, чем прошлый.",0.0,0.668,0.332,0.937,Positive,5,5,Positive,0.8882356882095337,positive,5,Positive,0.9852750301361084,positive,5,Positive,0.9996463060379028,Very Positive,5,Positive,0.5041672587394714,5,Positive,0.4022744483017633,5,Positive,0.0,3,Neutral,0.47,4.75,5,Positive,Positive,True,True,True,True,True,True,True,False,True,"It was incredible, inimitable and simply delightful. the end of the characters’ journey, which began last season. the finale – beyond praise! the last episodes – indescribably beautiful. this season I liked even more than last.",True
POSITIVE,"супер качество , размер на 44 заказала m, подошло хорошо и доставка очень быстрая",0.0,0.625,0.375,0.7184,Positive,5,5,Positive,0.9985889792442322,positive,5,Positive,0.9947475790977478,positive,5,Positive,0.999530553817749,Positive,5,Positive,0.854707658290863,5,Positive,0.7962743418139415,5,Positive,0.0,5,Positive,0.78,5.0,5,Positive,Positive,True,True,True,True,True,True,True,True,True,"Super quality, size 44 ordered m, suited well and delivery very fast",True
NEGATIVE,"мне очень обидно!он пришёл ,но он вообще не приклепает на грудь!очень хочу чтобы продавец отреогировал на мой отзыв и прислал мне без брака бюстгальтер,очень прошу!я могу доплатить!50 от стоимость ,но только пришлите мне без брака прошу !(((и если можно на размер по меньше!75а",0.123,0.845,0.032,-0.6557,Negative,1,1,Negative,0.9999169111251831,negative,1,Negative,0.9103279113769531,negative,1,Negative,0.9354495406150818,Very Positive,5,Positive,0.7451789975166321,1,Negative,0.7085124192766634,1,Negative,0.0,1,Negative,0.54,1.5,2,Negative,Negative,True,True,True,True,False,True,True,True,True,"I am very offended! he came, but he does not rivet on his chest at all! I really want the seller to react to my review and send me a bra without marriage, I really ask! I can pay extra! 50 from the cost , but only send me without marriage please! (and if you can for a size smaller! 75a)",True
NEUTRAL,"как выяснилось, это фильм примечателен только участием звездного дуэта оппонентов деми мур и кевина костнера. на деле фильм больше походит на игру зрителя с самими собой. наряду с развитием сюжета я внутри себя организовала внутренний тотализатор ты за или против главного героя. именно это больше всего и занимает, пока смотришь кино. он вроде положителен со всех сторон и по идее темная сторона личности должна шокировать. но на деле воспринимается как что-то искусственно внедренное. нужно признать, что коснер все же интересен в фильме. в силу вот какой причины: при своей обычной невозмутимости, таки способен на демонстрацию темной стороны. признаться, и первый, и не первый свой просмотр эта непривычная деталь колет глаз, заставляет непривычно ежиться и вжиматься в кресло. тотальное амплуа сдержанного, собранного, закрытого героя, к которому за долгое время мы успели привыкнуть, сбивает с толку. от него не ожидаешь ни дерзости, ни тем более хладнокровного убийства ради убийства. все это воспринимается не как интригующая часть фильма, а скорее как неприятная новость. соглашусь с мнением, кто вы, мистер брукс? мог бы стать отличным, захватывающим кинодейством, но ничего такого не произошло. от этого как-то неловко.",0.013,0.88,0.107,0.9081,Positive,5,3,Neutral,0.9999821186065674,neutral,3,Neutral,0.820509135723114,negative,1,Negative,0.773344099521637,Positive,5,Positive,0.881340503692627,3,Neutral,0.8015756483079086,3,Neutral,0.0,3,Neutral,0.51,3.25,3,Neutral,Neutral,False,True,True,False,False,True,True,True,True,"As it turned out, this film is remarkable only by the participation of the star duo of opponents demi Moore and Kevin Kostner. in fact, the film is more like a game of the viewer with themselves. along with the development of the plot, I organized an internal sweepstakestakes game inside of me for or against the main character. it is this that most of all takes up while watching the movie. it seems positive from all sides and in the idea of the dark side of the personality should shock. but in fact it is perceived as something artificially embedded. it is necessary to admit that the Kozner is still interesting in the film. for this reason: with his usual calm cinema, not being able to show off from this point of view.",True
POSITIVE,"очень нравится это пальто.жаль что мало.буду заказывать ещё.большего размера.продавец внимательный.о размере договорились,почему так получилось не понятно",0.171,0.66,0.169,-0.0161,Neutral,3,3,Neutral,0.7143577933311462,positive,5,Positive,0.6397030353546143,positive,5,Positive,0.9557886123657227,Negative,1,Negative,0.3505733609199524,1,Negative,0.46315508908644026,3,Neutral,0.0,5,Positive,0.42,3.25,3,Neutral,Positive,False,False,True,True,False,False,False,True,False,"I like this coat very much.It's a pity it's not enough.I'll order more.more size.Seller attentive. about the size agreed, why it happened not clear.",True
POSITIVE,"хочу выразит благодарность мастеру дмитрию, стрижки своих сыновей доверяю только ему, всегда уверена в том, что мальчишки останутся довольны на все 100. он мастер своего дела, все понимает с полуслова и даже объеснять не нужно. сервис хорший, всегда предлагают чай, кофе и даже напитки с собой. рекомендую",0.0,0.8,0.2,0.9001,Positive,5,5,Positive,0.9997374415397644,positive,5,Positive,0.9879176020622253,positive,5,Positive,0.99847012758255,Positive,5,Positive,0.6292874217033386,5,Positive,0.961206302324618,5,Positive,0.0,5,Positive,0.87,5.0,5,Positive,Positive,True,True,True,True,True,True,True,True,True,"I want to express my gratitude to master Dmitry, I trust only him with my sons' haircuts, I am always sure that the boys will be satisfied with all 100. he is a master of his craft, understands everything from a word and even do not need to be jellyed. service is choiry, always offer tea, coffee and even drinks with him.",True
NEGATIVE,"отвратительная доставка, такой доставки нигде не встречали. позвонил курьер не успели ответить, сразу перезвонили, курьер говорит не нашёл дом и сказал я уже уехал, поехал на другой заказ. везде заказывали привозили и нормально находили частный дом, тут видимо лень было",0.07,0.93,0.0,-0.5267,Negative,1,1,Negative,0.9992796778678894,negative,1,Negative,0.9178329110145569,negative,1,Negative,0.9955021739006042,Very Negative,1,Negative,0.6927912831306458,5,Positive,0.3982461576549647,5,Positive,0.0,3,Neutral,0.3874841149927865,2.25,2,Negative,Negative,True,True,True,True,True,False,False,False,True,"disgusting delivery, such delivery never met. called the courier did not have time to answer, immediately called back, the courier says not found the house and said I have already left, went to another order. everywhere ordered brought and normally found a private house, there was apparently laziness",True
NEUTRAL,"1. номера чистыеn2. сервис - доброжелательные, отзывчивые сотрудники.n3. завтраки - неуд. n4. хотелось бы уборку номера(в том числе застилку кровати) ежедневно.",0.119,0.51,0.371,0.7506,Positive,5,3,Neutral,0.9991672039031982,neutral,3,Neutral,0.5864421725273132,negative,1,Negative,0.6176127791404724,Neutral,3,Neutral,0.4872443377971649,5,Positive,0.43701560006411583,5,Positive,0.0,5,Positive,0.38496780276744436,3.75,4,Positive,Neutral,False,True,True,False,True,False,False,False,False,"1. rooms cleann2. service - friendly, responsive employees.n3. Breakfast - bad. n4. I would like to clean the room (including bed maker) daily.",True
NEUTRAL,"не понравилась мука. часто пеку хлеб в хлебопечи, вот с этой мукой он серый и плохо подходит. пельмени получились нормальными. в общем для дрожжевого теста не рекомендую. сама купила другую муку, эту отложила.",0.136,0.864,0.0,-0.4956,Negative,1,1,Negative,0.9993771910667419,negative,1,Negative,0.5251587629318237,negative,1,Negative,0.575421929359436,Negative,1,Negative,0.7911415100097656,3,Neutral,0.6071996783732576,3,Neutral,0.0,3,Neutral,0.4949788647548516,1.75,2,Negative,Neutral,False,False,False,False,False,True,True,True,False,"I often bake bread in the bakery, here with this flour it is gray and poorly suited. dumplings turned out normal. in general, I do not recommend for yeast dough. I bought another flour myself, this one was postponed.",True
NEUTRAL,"я узнал а ""какой ты противоположный пол""",0.0,1.0,0.0,0.0,Neutral,3,3,Neutral,0.9998993873596191,neutral,3,Neutral,0.8362237811088562,negative,1,Negative,0.5329194068908691,Neutral,3,Neutral,0.5360444188117981,3,Neutral,0.7365731151720984,3,Neutral,0.0,3,Neutral,0.5567251013144692,2.75,3,Neutral,Neutral,True,True,True,False,True,True,True,True,True,I found out you're the opposite sex.,True
NEGATIVE,"прочитал много отзывов до того как обратиться, обратился с вопросом и как итог все очень плохо. по телефону кроме повышенного тона граничащего с криком и кучи вылетающих слюней через трубку, ничего не получил. заказ оформил от 02.05 и ждал когда со мной свяжутся по поводу оплаты, но видимо были более важные дела, чем оформить доставку одного значка за 790 рублей. некомпетентность и не профессионализм сотрудников не признается, а вместо этого клиента хотят убедить, что он сам во всем виноват))). в сухом остатке только негативное впечатление.",0.116,0.836,0.048,-0.8024,Negative,1,1,Negative,0.9999127388000488,negative,1,Negative,0.684268057346344,negative,1,Negative,0.9995661377906799,Very Negative,1,Negative,0.520436704158783,1,Negative,0.9748345255432953,1,Negative,0.0,1,Negative,0.65,1.0,1,Negative,Negative,True,True,True,True,True,True,True,True,True,"I read a lot of reviews before contacting, addressed the question and as a result everything is very bad. on the phone, except for the high tone of the bordering on screaming and a bunch of flying saliva through the tube, did not receive anything. the order was issued from 02.05 and waited for me to be contacted about payment, but apparently there were more important things than to arrange the delivery of one badge for 790 rubles. incompetence and professionalism of employees is not recognized, and instead the client wants to convince that he is guilty of everything) .",True
NEGATIVE,"сегодня хотела оплатить покупку на озон на сумму 5044 руб. в итоге деньги списались с карты, но до интернет магазина они не дошли, товар не смогла оплатить. статус в сбербанк онлайн висит как обрабатывается банком .уважаемый сбербанк, прошу вас уведомить меня, когда деньги поступят обратно на карту. так же прошу ускорить данный процесс!",0.059,0.896,0.045,0.2591,Positive,3,1,Negative,0.9999024868011475,negative,1,Negative,0.6049677133560181,negative,1,Negative,0.9621862173080444,Very Negative,1,Negative,0.6027724146842957,1,Negative,0.7773143740417998,1,Negative,0.0,1,Negative,0.5850211352451484,1.25,1,Negative,Negative,False,True,True,True,True,True,True,True,True,"Today I wanted to pay for the purchase of ozone in the amount of 5044 rubles. as a result, the money was written off from the card, but they did not reach the online store, the goods could not pay. the status in the savings Bank online hangs as processed by the bank.Dear Sberbank, please notify me when the money comes back to the card.",True
NEGATIVE,"размер l неподошел по размеру, оказался гораздо меньше, чем нужно. ткань просвечивает, не очень приятна к телу.",0.143,0.857,0.0,-0.4575,Negative,1,1,Negative,0.9964723587036133,neutral,3,Neutral,0.5695268511772156,negative,1,Negative,0.7752827405929565,Negative,1,Negative,0.9119294285774231,3,Neutral,0.8524062628203679,3,Neutral,0.0,3,Neutral,0.7162798766868136,2.0,2,Negative,Negative,True,True,False,True,True,False,False,False,True,"The size l did not reach the size, turned out to be much smaller than necessary. the fabric shines through, is not very pleasant to the body.",True
NEUTRAL,"приятно что крытая, но совсем неприятно, что состояние с каждым годом всё хуже и хуже. было время, под трибунами и торговые точки питания были, и ещё всякого разного много было: свет, туалет, а сейчас темнота разруха и отхожее место. местами на трибунах просто страшно находиться: трещины и разбитые ступени по которым, что подниматься, что спускаться страшно. существует реальный риск оступиться и сломать себе что-нибудь или убиться насмерть.",0.319,0.663,0.018,-0.9875,Negative,1,3,Neutral,0.9998354911804199,negative,1,Negative,0.7200543284416199,negative,1,Negative,0.9911415576934814,Very Negative,1,Negative,0.7340559959411621,3,Neutral,0.6521285074585373,3,Neutral,0.0,3,Neutral,0.44,2.0,2,Negative,Neutral,False,True,False,False,False,True,True,True,False,"It’s nice that it’s covered, but it’s unpleasant that the state is getting worse every year. there was time, there were food outlets under the stands, and there were many other things: lights, toilets, and now the darkness of devastation and latrines. It’s just scary to be in places in the stands: cracks and broken steps along which, that it’s scary to climb, that it’s scary to go down. there is a real risk of stumbling and breaking yourself something or dying.",True
NEGATIVE,"если вам нужна молодая морковь с небольшим количеством горошка за немалые деньги - смело покупайте. это именно морковь с горошком, а не наоборот. не ожидал такого от бондюэль.",0.0,0.891,0.109,0.5106,Positive,5,1,Negative,0.9994919300079346,neutral,3,Neutral,0.7688429355621338,negative,1,Negative,0.5625308752059937,Negative,1,Negative,0.668843686580658,3,Neutral,0.510650304749683,3,Neutral,0.0,3,Neutral,0.8604060627609129,2.5,2,Negative,Negative,False,True,False,True,True,False,False,False,True,"if you need a young carrot with a small amount of peas for a lot of money - feel free to buy. this is exactly a carrot with peas, and not vice versa.",True
POSITIVE,в доставке температурный режим соблюдается на отлично.,0.0,0.625,0.375,0.6369,Positive,5,5,Positive,0.9944408535957336,positive,5,Positive,0.9176749587059021,positive,5,Positive,0.9948073029518127,Positive,5,Positive,0.7640272378921509,5,Positive,0.6679263086031321,5,Positive,0.0,5,Positive,0.9297159433106689,5.0,5,Positive,Positive,True,True,True,True,True,True,True,True,True,"In delivery, the temperature regime is observed perfectly.",True
NEGATIVE,"лучшая - к удивлению - часть трилогии, взявшая немного от 'mad max' и неплохо передавшая атмосферу футуристического будущего. хотя от оригинальной игры фильм ушел семимильными шагами в далекие дали и высокие выси, смотреть его бывает даже приятно. да что там говорить, даже у йовович иногда просыпается совесть и она пытается играть! играть, а не с неменяющимся выражением лица бегать полтора часа в ожидании окончания того бреда, что и сценарием назвать нельзя. хорош фер - пожалуй, самый яркий персонаж фильма. хорош и надежен. как и в игре. йовович бездарна, как всегда. но за стиль и атмосферность - 6 из 10",0.06,0.787,0.153,0.5774,Positive,5,1,Negative,0.9029794931411743,neutral,3,Neutral,0.691559910774231,positive,5,Positive,0.8841784000396729,Positive,5,Positive,0.8711749315261841,3,Neutral,0.6027125567632103,3,Neutral,0.0,3,Neutral,0.52,3.5,4,Positive,Negative,False,True,False,False,False,False,False,False,False,"the best - to surprise - part of the trilogy, which took a little from 'mad max' and well conveyed the atmosphere of the futuristic future. although the original game the film went seven-mile steps into distant distances and high altitudes, watching it is even pleasant. Jovovich is talentless, as always, but for style and atmosphere - 6 out of 10",True
NEUTRAL,при отрывании от рулона рвутся,0.0,1.0,0.0,0.0,Neutral,3,3,Neutral,0.999947190284729,neutral,3,Neutral,0.8153882026672363,negative,1,Negative,0.8849050402641296,Neutral,3,Neutral,0.88640958070755,3,Neutral,0.5298840322374212,3,Neutral,0.0,3,Neutral,0.4753664537256753,2.75,3,Neutral,Neutral,True,True,True,False,True,True,True,True,True,when taken off the roll,True
NEUTRAL,".!.!.!от нерешительности теряешь больше, чем от неверного решения.!.!.!",0.568,0.432,0.0,-0.7832,Negative,1,1,Negative,0.8448553681373596,negative,1,Negative,0.807861328125,neutral,3,Neutral,0.9466890692710876,Very Positive,5,Positive,0.8177056312561035,3,Neutral,0.5298840322374212,3,Neutral,0.0,3,Neutral,0.4753664537256753,2.5,2,Negative,Neutral,False,False,False,True,False,True,True,True,False,You lose more from indecision than from a wrong decision.,True
NEGATIVE,"скатилось примерно как сома, смотреть всё кроме последних 3-4 серий было ужасно скучно. так-же как и в соме интересна лишь задумка, в первом сезона она работала, во втором на неё уже забили и начали развивать сюжет а сюжет тут отвратиельно скучен, какие-то войны детей без какой либо мотивации где никого не убили и для того чтобы её избежать можно было просто поговорить, о господи ладно это сериал для детсадовцев. хотя третий сезон если он будет и должен быть интересным своей идеей, но в аниме из всех персонажей никто кроме сенку и цукасы не вызвает какого либо интереса, просто деревяннейшие и скучнейшие персонажи в истории, и смотреть за ""приключениями"" таких персонажей дальше? можно лишь надеяться на ввод новых, но если 20 раз не получилось что-то мне слабо вериться что в 21 получиться сделать интересного. скорей всего с каждым сезоном будет всё хуже и хуже, лучше даже этот не смотреть, и остановиться на первом. он даже фоном будет вызывать больше раздражения, и последние серии этого не покроют.",0.216,0.659,0.125,-0.9589,Negative,1,1,Negative,0.9999467134475708,negative,1,Negative,0.7789448499679565,negative,1,Negative,0.9976050853729248,Negative,1,Negative,0.5277554392814636,1,Negative,0.7117881235875498,1,Negative,0.0,1,Negative,0.65,1.0,1,Negative,Negative,True,True,True,True,True,True,True,True,True,"slid about like a catfish, to watch all but the last 3-4 episodes was terribly boring. just as in the catfish interesting only the idea, in the first season she worked, in the second it has already scored and began to develop the plot and the plot here is disgustingly boring, some wars of children without any motivation where no one was killed and in order to avoid it it was possible to just talk, oh my God, this series for kindergarteners. although the third season if it will be and should be interesting, but in the anime of all the characters, no one but senku and tsukasa causes any interest, the last season will not even be worse for me, but to look at the first one and not even worse in the background.",True
NEUTRAL,не пробовала но на вид слабовата и нельзя уменьшить скручивание если волос маловато,0.176,0.824,0.0,-0.5927,Negative,1,3,Neutral,0.5939611196517944,neutral,3,Neutral,0.7019659876823425,neutral,3,Neutral,0.6369723081588745,Negative,1,Negative,0.87293541431427,3,Neutral,0.6329269526568717,3,Neutral,0.0,3,Neutral,0.814823409564549,2.5,2,Negative,Neutral,False,True,True,True,False,True,True,True,False,I haven't tried it but it looks weak and you can't reduce the twisting if the hair is too small.,True
NEUTRAL,"я думаю, что впечатление о фильме очень сильно зависит от того, читали ли вы книгу. я читала. да, по сравнению с произведением семёновой о фильме мало чего хорошего сказать можно, но если рассматривать 'волкодава' как отдельный фильм, а не как экранизацию книги, то это не такая уж и 'лажа'. но. не такая уж и 'лажа', но всё-таки не шедевр. сценарий действительно продуман не самым лучшим образом, сюжет в некоторых местах скомкан, а в некоторых, наоборот, растянут. получается этакая неровная линия. что касается сюжета, то его не просто обрезали (ну, понятное дело, надо же как то за 2 часа всю книгу показать), но и сильно отредактировали, заменив действительно стоящие и хорошие сцены, ключевые моменты, на не всегда нужные и уместные сцены, адаптирующие фильм под 'милую детскую сказку'. лучше бы просто обрезали, а отличный сюжет книги не трогали. в фильме много 'проверенных', хороших актёров. они все молодцы, но с таким скудным сценарием у них просто не было возможности показать себя. а так хвалю, сделали конкретно свою работу хорошо. зато похвалить могу за отличные костюмы, восхитительные пейзажи, прекрасные спецэффекты, ну, и конечно, саундтрек. по поводу музыки из фильма у меня дикий восторг! в общем, вывод: если вы смотрите 'волкодава' как экранизацию книги, то лучше вообще не смотрите, а если смотрите как отдельный фильм - вам понравится!",0.0,0.879,0.121,0.9027,Positive,5,3,Neutral,0.9661562442779541,neutral,3,Neutral,0.7328631281852722,negative,1,Negative,0.9333968162536621,Negative,1,Negative,0.539354681968689,3,Neutral,0.5275074486973523,3,Neutral,0.0,5,Positive,0.49,3.0,3,Neutral,Neutral,False,True,True,False,False,True,True,False,True,"I think that the impression of the film depends very much on whether you read the book. I read. Yes, compared to the work of Semyonova, there is little good to say about the film, but if you consider the Wolfhound as a separate film, and not as a film adaptation, then this is not so much ""fuck"" . but not so much ""fuck"" . the script is really not thought out in the best way, the plot in some places is congested, and in some, on the contrary, it turns out a kind of the plot . of course, it is not just cut off the film . . . . . . . . . . . . . . . . . . . . . . . . . . . . . . . . . . . . . . . . . . . . . . . . . . . . . . . . . . . ",True
POSITIVE,"на рост 174 по длине немного коротковаты. в районе бедер есть вставки , выполненные из более тонкого материала, чем остальная часть изделия, там же довольно плотные швы, поэтому дамам с полными бедрами может не пойти. очень теплые, внутри плотный флис. продавец отличный товар описанию соответствует. доставка быстрая, упаковка заводская.",0.031,0.909,0.06,0.4248,Positive,5,5,Positive,0.9785334467887878,positive,5,Positive,0.9813246130943298,positive,5,Positive,0.842103123664856,Positive,5,Positive,0.6046313643455505,5,Positive,0.8419739875148651,5,Positive,0.0,5,Positive,0.75,5.0,5,Positive,Positive,True,True,True,True,True,True,True,True,True,"The height of 174 in length is a little short. in the area of the thighs there are inserts made of a thinner material than the rest of the product, there are also quite dense seams, so ladies with full hips may not go. very warm, inside a dense fleece seller excellent product meets the description. delivery is fast, factory packaging.",True
NEGATIVE,"запах противный, сильнейший, задохнулся от аромата, пришлось в ванной дверь открыть. никогда не куплю.",0.181,0.653,0.166,-0.0772,Neutral,3,1,Negative,0.9978930354118347,neutral,3,Neutral,0.6267776489257812,negative,1,Negative,0.9107564687728882,Very Negative,1,Negative,0.7982492446899414,1,Negative,0.7783115158712955,1,Negative,0.0,1,Negative,0.495286262201148,1.5,2,Negative,Negative,False,True,False,True,True,True,True,True,True,"The smell is nasty, strong, suffocated from the aroma, I had to open the bathroom door.",True
NEGATIVE,"у создателей этого первого сезона была очевидная задача - уместить 20-30 часов геймплея в 12 сериях! и они это сделали, это же безумие, народ! их можно поблагодарить хотя бы за это. с точки зрения человека, не знакомого с игрой, это аниме - скомканный комочек большого количества информации, неряшливо собранный вместе.но, мне, человеку прошедшему вн, оно понравилось! ( поставил 8-ку, коли это кому-то вообще интересно )многие говорят, что тут дольно странная стилистика. спойлер801x355она конечно своебразная, но сделана точь в точь по игре. пули с фактами, начало серий, выполненное в виде театра кумы, весь саундтрек прямиком из игры и много много мелких деталей, которые будут незамечены новичками, но будут оценены 'ветеранами"" серии. лично я получал однозначно только удовольствие, наблюдая эту ""перемотанную версию"". все старые и знакомые сцены, но только красиво нарисованные и прекрасно анимированные.могу придраться только к не особо зацепившему опенингу, но вскоре и он зашел.а так. это отличный ""порт"" 20 часов игры в двенадцатисерийку.говорю это на эмоциях и под бурным натиском ностальгии)",0.022,0.814,0.164,0.9785,Positive,5,5,Positive,0.9805033206939697,neutral,3,Neutral,0.7488475441932678,positive,5,Positive,0.9748332500457764,Negative,1,Negative,0.33036643266677856,5,Positive,0.9162363951276125,5,Positive,0.0,5,Positive,0.49,4.25,4,Positive,Negative,False,False,False,False,True,False,False,False,False,"The creators of this first season had an obvious task - to fit 20-30 hours of gameplay in 12 episodes! and they did it, it's crazy, folks! they can be thanked for at least that. from the point of view of a person unfamiliar with the game, this anime is a crumpled lump of a lot of information, sloppy put together. but, I, the person of the past century, it liked! (set 8, if it's anyone at all interesting ) Many say that there is a lot of strange stylistics. spoiler 801x355 of the series is certainly peculiar, but made exactly by the game. bullets with facts, the beginning of the series, made in the form of a theater cuma, the whole soundtrack straight from the game and many small details that will be unnoticed by the ""veterans"" of the series. personally I got unique pleasure, watching this ""rewinded version of all the old and the onboarding scenes, only beautifully attached to this watch.",True
POSITIVE,"сок отличный, заказывали для детей, дети постоянно просят ещё, пьём всей семьей на вкус на 5 с плюсом",0.0,0.814,0.186,0.6249,Positive,5,5,Positive,0.9988566637039185,positive,5,Positive,0.9263532757759094,positive,5,Positive,0.9952499866485596,Positive,5,Positive,0.6041405200958252,5,Positive,0.8254739274931779,5,Positive,0.0,5,Positive,0.91,5.0,5,Positive,Positive,True,True,True,True,True,True,True,True,True,"juice is great, ordered for children, children are constantly asking for more, drink the whole family to taste 5 plus",True
POSITIVE,"красивое, спокойное место, вежливые люди. это то место где приятно постоять и подумать: ""всё ли ты делаешь правильно?"" не бойтесь заходить, никто вас не осудит и с укором не посмотрит.",0.056,0.861,0.084,0.2732,Positive,3,5,Positive,0.9992732405662537,positive,5,Positive,0.9816504120826721,positive,5,Positive,0.7791483998298645,Very Negative,1,Negative,0.46933797001838684,3,Neutral,0.39182945086181203,1,Negative,0.0,3,Neutral,0.46,3.25,3,Neutral,Positive,True,True,True,True,False,False,False,False,False,"This is a place where it is pleasant to stand and think: ""Are you doing everything right?"" Do not be afraid to come in, no one will judge you and will not look at you with reproach.",True
POSITIVE,"как же я люблю наши посиделки,и как же мне их иногда не хватает.но ведь это так здорово,что у меня не одна,а целых три родные души )))i love you! ))",0.044,0.615,0.34,0.8925,Positive,5,5,Positive,0.9979144930839539,positive,5,Positive,0.9884394407272339,positive,5,Positive,0.9930928945541382,Very Negative,1,Negative,0.4668920934200287,5,Positive,0.643517240426916,5,Positive,0.0,3,Neutral,0.5050739273512024,4.25,4,Positive,Positive,True,True,True,True,False,True,True,False,True,"How much I love our gatherings, and how I sometimes miss them, but it’s so great that I have not one, but three souls )",True
NEGATIVE,странный picnic с привкусом нерафинированного подсолнечного масла.,0.205,0.795,0.0,-0.2023,Negative,3,1,Negative,0.9998053908348083,neutral,3,Neutral,0.7006723284721375,negative,1,Negative,0.7783782482147217,Neutral,3,Neutral,0.6628618836402893,3,Neutral,0.6646770882837953,3,Neutral,0.0,3,Neutral,0.8398903689158839,2.5,2,Negative,Negative,True,True,False,True,False,False,False,False,True,A strange picnic with a taste of unrefined sunflower oil.,True
POSITIVE,"всё отлично-продавцы внимательные, дружелюбные, правда иногда бывают излишне настойчивые. выбор товара большой, хороший, но ценыыыы-слишком дорого. вообще китайские продавцы не знают русского языка совсем-это затрудняет общение с ними и выбор товара становится мягко говоря трудным.",0.106,0.829,0.066,-0.5346,Negative,1,5,Positive,0.982988178730011,neutral,3,Neutral,0.8143032789230347,neutral,3,Neutral,0.5051335692405701,Negative,1,Negative,0.7528218626976013,3,Neutral,0.5047495480247901,5,Positive,0.0,5,Positive,0.45,3.25,3,Neutral,Positive,False,True,False,False,False,False,True,True,False,"The sellers are attentive, friendly, although sometimes they are too persistent. the choice of goods is large, good, but the prices are too expensive. in general, Chinese sellers do not know the Russian language at all - this makes it difficult to communicate with them and the choice of goods becomes difficult, to put it mildly.",True
NEUTRAL,"хорошая, красочная, сочная рисовка. приятная динамика, постановка, позы и ракурсы. персонажи ведут себя неадекватно, так что приятной связи между ними не будет. сюжет неприятен, мотивы и условия совокуплений тоже неприятные, в общем тут типичная попытка подорвать моральные устои и сказать, что ""сексом можно заниматься с кем-угодно без разбору, без рамок возраста и без каких-либо отношений, потому что приятно"", чушь в общем, забейте, лучше не вникать и смотреть без субтитров и перевода, наслаждаться действием и картинкой, конец второй серии лучше пропустить.",0.141,0.666,0.194,0.8126,Positive,5,1,Negative,0.5865420699119568,neutral,3,Neutral,0.6520302295684814,negative,1,Negative,0.908344030380249,Negative,1,Negative,0.5506322979927063,1,Negative,0.5395278274738214,1,Negative,0.0,3,Neutral,0.5,2.0,2,Negative,Neutral,False,False,True,False,False,False,False,True,False,"good, colorful, juicy drawing. pleasant dynamics, staging, postures and angles. characters behave inadequately, so there will be no pleasant connection between them. the plot is unpleasant, the motives and conditions of copulation are also unpleasant, in general there is a typical attempt to undermine moral foundations and say that ""sex can be engaged with anyone without indiscriminately, without age limits and without any relationship, because it is pleasant"", nonsense in general, it is better not to delve and watch without subtitles and translation, enjoy the action and picture, it is better to miss the second series.",True
NEGATIVE,"кроме доставки, и то месяц ждала, ничего не могу сказать положительного( на размер 46 огромнейшая бесформенная херня, дала померить маме и ей тоже огромная, сама не тёплая, тонкая прям, в общем не советую",0.211,0.692,0.097,-0.6658,Negative,1,1,Negative,0.7668694257736206,negative,1,Negative,0.7721401453018188,negative,1,Negative,0.9467530846595764,Very Negative,1,Negative,0.6645109057426453,3,Neutral,0.5633011386900804,3,Neutral,0.0,3,Neutral,0.5549788647548516,1.75,2,Negative,Negative,True,True,True,True,True,False,False,False,True,"except delivery, and that month waited, I can not say anything positive (at the size of 46 huge shapeless bullshit, gave to try on my mother and she is also huge, not warm, thin straight, in general do not advise).",True
POSITIVE,супер!сели отлично!очень довольна!,0.0,0.071,0.929,0.9333,Positive,5,5,Positive,0.9995019435882568,positive,5,Positive,0.9968834519386292,positive,5,Positive,0.9472225904464722,Positive,5,Positive,0.5876865983009338,3,Neutral,0.5298840322374212,3,Neutral,0.0,3,Neutral,0.4753664537256753,4.25,4,Positive,Positive,True,True,True,True,True,False,False,False,True,Great! great! very happy!,True
NEUTRAL,"не в восторге. очень тонкая ткань для пуховика. мех тоже жиденький. размерная сетка соответствует, можно сказать даже большемерит. на ог 103, 46 размер нормально. на фото фасон прямой, а на самом деле трапеция.",0.042,0.925,0.033,-0.103,Neutral,3,3,Neutral,0.9367605447769165,neutral,3,Neutral,0.7851232290267944,negative,1,Negative,0.5982538461685181,Negative,1,Negative,0.3556325137615204,3,Neutral,0.7262031341912804,3,Neutral,0.0,3,Neutral,0.63,2.5,2,Negative,Neutral,True,True,True,False,False,True,True,True,False,"not delighted. very thin fabric for the down jacket. fur is also liquid. the size grid corresponds, we can say even more dimensional. on og 103, 46 size is normal. in the photo the shape of the straight, but in fact the trapezoid.",True
NEGATIVE,"плохо. можно было бы закончить, но есть ещё кое-какие мысли. первые сезон пусть и не был шедевром, но планку таки выдерживал. в плане рисовки, сюжета, темпа повествования, персонажей. этот сезон проигрывает во всем первому и да, я уверен в качестве первоисточника, когда-нибудь и до него доберусь, но смотреть это аниме больно и неприятно. особенно на фоне первого сезона. дроп и разочарование",0.202,0.723,0.075,-0.903,Negative,1,1,Negative,0.9997010231018066,negative,1,Negative,0.5105279684066772,negative,1,Negative,0.9980039000511169,Negative,1,Negative,0.5722082853317261,3,Neutral,0.5492670323429127,3,Neutral,0.0,1,Negative,0.53,1.5,2,Negative,Negative,True,True,True,True,True,False,False,True,True,"bad. it would be possible to finish, but there are still some thoughts. the first season, although it was not a masterpiece, but the bar still stood. in terms of drawing, plot, pace of storytelling, characters. this season loses in all the first and yes, I am sure as a primary source, someday I will get to it, but watching this anime is painful and unpleasant, especially against the background of the first season.",True
NEGATIVE,брала по акции. без акции цена за 1 кг 1440. для этой колбасы это дорого. очень тонко нарезана. вся светится. брала на праздничный стол . на тарелку для сервировки выкладывала сразу по 2 кусочка . так как в колбасе тырки от такой нарезки. на вкус не очень.,0.096,0.8,0.104,0.0969,Neutral,3,1,Negative,0.9856151342391968,neutral,3,Neutral,0.7444843053817749,negative,1,Negative,0.7576133608818054,Negative,1,Negative,0.5687831044197083,3,Neutral,0.8079482114915358,3,Neutral,0.0,3,Neutral,0.66,2.25,2,Negative,Negative,False,True,False,True,True,False,False,False,True,"No share price for 1 kg 1440. for this sausage is expensive. very thinly sliced. all glowing. took on the festive table. On the plate for serving laid out at once 2 pieces. Because the sausage is smacked from this slicing, it doesn't taste very good.",True
NEUTRAL,"чисто, вкусно,но приходиться немного ждать заказ. часто бывает, что нет ингредиентов к какому нибудь лимонада. хорошее место посидеть компанией, можно без проблем поговорить самим и другим не мешать. ценник приемлемый.",0.06,0.751,0.189,0.7184,Positive,5,3,Neutral,0.9998735189437866,positive,5,Positive,0.7699568867683411,negative,1,Negative,0.619551956653595,Negative,1,Negative,0.49217158555984497,3,Neutral,0.7413310787404935,3,Neutral,0.0,3,Neutral,0.5,3.0,3,Neutral,Neutral,False,True,False,False,False,True,True,True,True,"clean, tasty, but you have to wait a little for an order. it often happens that there are no ingredients for any lemonade. a good place to sit with the company, you can easily talk yourself and others do not interfere.",True
NEUTRAL,"воротник сшит куце, а в целом сорочка свободная,.",0.269,0.731,0.0,-0.4497,Negative,1,3,Neutral,0.5536376237869263,neutral,3,Neutral,0.786937415599823,neutral,3,Neutral,0.7232059836387634,Neutral,3,Neutral,0.5848650932312012,3,Neutral,0.51327062426346,3,Neutral,0.0,1,Negative,0.45928177604816683,2.5,2,Negative,Neutral,False,True,True,True,True,True,True,False,False,"The collar is kutze, but the shirt is loose.",True
NEGATIVE,"с утра звонила несколько раз, просила скинуть, мрт открытого типа или закрытого, обещали видео, так ничего и не прислали, просто сталкивались, спрашиваешь открытого типа, говорят да, приезжаешь, а там закрытого, а если человек с другого города, и после короны, развилась фобия, поэтому попросили подтверждения, но администратор отнеслась халатно, очень жаль!",0.094,0.846,0.061,-0.2338,Negative,3,1,Negative,0.9999486207962036,negative,1,Negative,0.5651125311851501,negative,1,Negative,0.9665467739105225,Very Negative,1,Negative,0.779005765914917,3,Neutral,0.7134415241112763,3,Neutral,0.0,1,Negative,0.53,1.75,2,Negative,Negative,True,True,True,True,True,False,False,True,True,"in the morning called several times, asked to drop, mr. open or closed, promised a video, and did not send anything, just collided, ask an open type, say yes, come, and there closed, and if a person from another city, and after the crown, developed a phobia, so asked for confirmation, but the administrator was negligent, very sorry!",True
NEGATIVE,"заказ был сделан еще в мае! несколько раз продлили защиту! открыла спор,когда закончилась! деньги не вернули!молодцы ребята,так держать!",0.156,0.844,0.0,-0.5951,Negative,1,1,Negative,0.9996731281280518,negative,1,Negative,0.8644501566886902,negative,1,Negative,0.998175859451294,Very Positive,5,Positive,0.4707244038581848,3,Neutral,0.4670545412713046,3,Neutral,0.0,1,Negative,0.6229130862303583,2.0,2,Negative,Negative,True,True,True,True,False,False,False,True,True,The order was made back in May! several times extended the protection! opened the dispute when it ended! money did not return!,True
NEUTRAL,"иногда, лучше молчать и казаться идиотом, чем открыть рот и доказать это.",0.134,0.648,0.219,0.2732,Positive,3,3,Neutral,0.9997953772544861,negative,1,Negative,0.5812926292419434,neutral,3,Neutral,0.42943352460861206,Negative,1,Negative,0.7806929349899292,1,Negative,0.7207033573814794,1,Negative,0.0,3,Neutral,0.82,2.0,2,Negative,Neutral,False,True,False,True,False,False,False,True,False,Sometimes it's better to be silent and look like an idiot than to open your mouth and prove it.,True
POSITIVE,"это, конечно, по сути простое повторение прошлых отзывов, но почему бы и не написать.гокущуфудо буквально первая манга, в которой мне хотелось продолжать читать главы,даже не смотря на то, что я приверженец здорового сна и должен был лечь спать ещё 30минут назад. а происходит так потому, что главы абсолютно не растянуты. единственное:кажется, что они, наоборот, слишком маленькие. также иногда хотелось видеть продолже-ние прошлой главы, че там вообще после случилось, но йух мне, все истории длятся однуглаву.юмор тут очень крутой, я бы даже сказал, что он немного особенный. ну, например, в кагуеили в танаке комедия такая, что ты поржешь один- два раза за главу,а тут ржака растягивается на всю главу. была, кстати, лишь одна глава, которая мне не пока-залась смешной та, где тацу с бобом делали шашлык.а еще наблюдать за ухаживаниями тацу за женой очень мило. 1010, очень хорошая комедия.(сделал вертикальный отзыв гениально да)",0.0,0.85,0.15,0.9709,Positive,5,5,Positive,0.8523145914077759,neutral,3,Neutral,0.49859175086021423,positive,5,Positive,0.9898501634597778,Very Negative,1,Negative,0.5980618596076965,5,Positive,0.41378526611050925,5,Positive,0.0,1,Negative,0.43,3.75,4,Positive,Positive,True,True,False,True,False,True,True,False,True,"Gokushufudo is literally the first manga in which I wanted to continue reading chapters, even though I am an adherent of healthy sleep and should have gone to bed 30 minutes ago, and it happens so because the chapters are absolutely not stretched. the only thing: it seems that they, on the contrary, are too small. also sometimes I wanted to see the continuation of the last chapter, what happened there after that, but yohuh to me, all the stories last one head. the humor here is very cool, I would even say that he is a little bit funny for the head, while I was watching the head for the head, by the way, for example, you are still a little bit funny, where you do it for the head, by the way. 1010, a very good comedy. (made a vertical review genius yes)",True
NEUTRAL,"нежненький, гольно синтетический, дешевенький свитерок. без восторгов. мягонький. внутри куча ниток и остатков флизелина под вышивкой. поношу немного. выглядит свитер на свою невысокую стоимость, не обольщайтесь. на параметры 88-70, рост 173 подошел неплохо, рукава и общая длина достаточные. рукава узкие, в облипку прямо. доставка быстрая, трек отслеживался до конца",0.063,0.831,0.105,0.2561,Positive,3,3,Neutral,0.9072465300559998,neutral,3,Neutral,0.5946522951126099,neutral,3,Neutral,0.5503808856010437,Neutral,3,Neutral,0.6691986322402954,3,Neutral,0.5058372230358007,3,Neutral,0.0,5,Positive,0.7,3.25,3,Neutral,Neutral,False,True,True,True,True,True,True,False,True,"delicate, purely synthetic, cheap sweater. without delights. soft. inside a pile of threads and residues of flieselin under embroidery. I wear a little. the sweater looks at its low cost, do not be deceived. on the parameters 88-70, the height of 173 came well, the sleeves and overall length are sufficient. the sleeves are narrow, in the sticker straight. delivery is fast, the track was tracked to the end.",True
POSITIVE,"буду кратка.с нетерпением ожидала первой серии, так как являюсь таким небольшим фанатом манги. экранизация мне очень понравилась, ребятки взявшую эту историю молодцы. рисовка приятная, яркая, в нужных моментах атмосферна. а взгляд сато, когда её начинает клинить на темненькую сторону прекрасен. в общем, вся сама сато прекрасна спойлерособенно на моменте, когда она ловко нагнула менеджера, в который раз растекаюсь в лужице кавая от этой сценыопенинг и эндинг получились хорошими, музыка приятная и возможно даже уйдёт в мой плейлист.пока все бодренько, в какой-то степени лампово, когда моменты с сато и милой шио, и буду ожидать продолжение. и да, это 10 из 10.p.s. кто сравнивает сладкую жизнь с дневником будущего, знаете что, идите лесом. здесь им и не пахнет. и запомните, что яндере - это не только юно гасай. яндер много в индустрии аниме разного посола. усе.",0.0,0.763,0.237,0.9738,Positive,5,5,Positive,0.9998619556427002,positive,5,Positive,0.9834628701210022,positive,5,Positive,0.9989677667617798,Positive,5,Positive,0.8754838705062866,3,Neutral,0.5757955000269377,3,Neutral,0.0,3,Neutral,0.3648582071215054,4.25,4,Positive,Positive,True,True,True,True,True,False,False,False,True,"I will be brief.I was looking forward to the first series, as I am such a small fan of the manga. the film adaptation I really liked, the guys who took this story well. the drawing is pleasant, bright, in the right moments atmospheric. and the look of the Sato, when it begins to wed on the dark side is beautiful. in general, the whole Sato itself is a beautiful spoiler especially at the time when she deftly bent the manager, once again spreading in the puddle from this sceneopening and cheerfulness.",True
POSITIVE,"достоинства: вкусный, не дорогой недостатки: не совсем натуральный хороший сок",0.268,0.272,0.46,0.5453,Positive,5,5,Positive,0.9996128678321838,positive,5,Positive,0.7358103394508362,neutral,3,Neutral,0.8200063109397888,Positive,5,Positive,0.894823431968689,5,Positive,0.8285428098871785,5,Positive,0.0,5,Positive,0.89,4.75,5,Positive,Positive,True,True,True,False,True,True,True,True,True,"Advantages: delicious, not expensive disadvantages: not quite natural good juice",True
NEGATIVE,"заказ не прибыл за 60дней. с 16ноября до 11января трек не отслеживался,никакого движения абсолютно. пришлось открыть спор. продавец отвечал,какое-то шевеление началось,но возвращать деньги отказались,типа: ждите,заказ в пути. поэтому оценка пока 2 звезды-за общение. подождём прибытия заказа,но если кто хочет получить заказ к определённому времениучтите,что можете пролететь",0.077,0.845,0.078,0.0114,Neutral,3,1,Negative,0.9993816614151001,neutral,3,Neutral,0.6246518492698669,negative,1,Negative,0.9947839379310608,Negative,1,Negative,0.3929600119590759,1,Negative,0.8106728568632336,1,Negative,0.0,1,Negative,0.84,1.5,2,Negative,Negative,False,True,False,True,True,True,True,True,True,"The order did not arrive for 60 days. from November 16 to January 11, the track was not tracked, no movement absolutely. had to open the dispute. the seller answered, some stirring began, but they refused to return the money, like: wait, the order is on the way. so the estimate is still 2 stars-for communication.",True
NEUTRAL,"брюки для коротконогих. смотрятся дешево, не красиво подчеркивают фигуру, особенно на попе.",0.36,0.64,0.0,-0.7758,Negative,1,3,Neutral,0.9909113049507141,neutral,3,Neutral,0.7231518626213074,neutral,3,Neutral,0.5813680291175842,Positive,5,Positive,0.44186046719551086,3,Neutral,0.5682755567168559,3,Neutral,0.0,5,Positive,0.6919365168273361,3.25,3,Neutral,Neutral,False,True,True,True,False,True,True,False,True,"Short-legged pants look cheap, do not beautifully emphasize the figure, especially on the ass.",True
NEGATIVE,"делала ренген 3 раза. первые 2 раза у врача не было компьютера, все писали в тетрадь, очередь большая. 31 марта, на 3 ренген появился компьютер но это не помогло, опять писали в тетрадь, кроме снимка, я получила мнение специалиста афанасьевой натальи александровны о себе, как самом скандальном представителе болеющих - учителях. признается, что не умеет работать на компьютере, а на людей вешает ""ярлыки"". если б в платных клиниках был ренген, никогда не пришла бы сюда. не болейте, чтоб не попасть на ренген к афанасьевой наталье александровне, в этот ужасный кабинет с оборудованием времен ссср. врачи - травматологи разные: первый раз был внимательный, особенно в сравнении со вторым -мусиным а.с. , который не мог видеть ни меня, ни мой поломанный палец. в целом, нет ощущения элементарной эмпатии к больным. неприятное место. не рекомендую!",0.161,0.816,0.023,-0.9594,Negative,1,1,Negative,0.9846029281616211,negative,1,Negative,0.8144798278808594,negative,1,Negative,0.9982158541679382,Negative,1,Negative,0.582944393157959,1,Negative,0.9136045319899454,1,Negative,0.0,1,Negative,0.67,1.0,1,Negative,Negative,True,True,True,True,True,True,True,True,True,"did x-ray 3 times. the first 2 times the doctor did not have a computer, everyone wrote in a notebook, the queue is large. March 31, 3 rengen appeared computer but it did not help, again wrote in the notebook, except for the picture, I got the opinion of a specialist Afanasieva Natalia Alexandrovna about himself, as the most scandalous representative of the sick - teachers. admits that he does not know how to work on the computer, and people hang ""tags"". if in paid clinics there was a x-ray, never came here. not to get on the x-ray to Natalia Alexandrovna, in this terrible office with equipment of times, doctors - I do not recommend the patient.",True
NEGATIVE,ге имеет ничего общего с баклажановой икрой! отвратительный вкус !,0.0,1.0,0.0,0.0,Neutral,3,1,Negative,0.9972587823867798,negative,1,Negative,0.7114608883857727,negative,1,Negative,0.8253397345542908,Very Negative,1,Negative,0.6671785712242126,1,Negative,0.9865451193084775,1,Negative,0.0,3,Neutral,0.5076699321405852,1.5,2,Negative,Negative,False,True,True,True,True,True,True,False,True,It has nothing to do with eggplant caviar!,True
POSITIVE,"недавно пересмотрел 13-й район и хочу, наконец, поделится своим мнением. фильм просто сногсшибательный! я видел много боевиков, но подобного - нет главными фишками американских боевиков являются лихие погони на автомобилях, мотоциклах, самолетах и прочем транспорте, в 13-м районе этого нет - здесь мы видим красивейший боевик, построенный на великолепной дисциплине, под названием паркур. весь фильм у вас есть возможность лицезреть как двое настоящих профессионалов своего дела, показывают нам умопомрачительные и захватывающие трюки. и не нужно выбрасывать сотни миллионов долларов, чтобы снять боевик, напичканный одними взрывами и кровавыми драками за 12 миллионов евро создатели сняли просто шикарный фильм, который я даже не побоюсь назвать эталоном экшна. весь фильм я смотрел на одном дыхании, не отрывая глаз от экрана, и наслаждался красотой увиденного. дэвид белль и сирил рафаэли, которых я раньше и не знал (!), выдающиеся спортсмены-паркуристы, показали какими должны быть герои боевиков, и с помощью своего мастерства вытянули фильм на высший уровень. и пусть большинство актеров в этом фильме не профессионалы, но та картинка, которую мы видим на экране компенсирует все. скажу, что я никогда не увлекался французским кино и тем более их боевиками, но после того как я посмотрел 13-й район я понял, что во франции есть мастера, которым даже в голливуде могут позавидовать бомба! 10 из 10",0.024,0.775,0.201,0.9866,Positive,5,5,Positive,0.9999700784683228,positive,5,Positive,0.48606398701667786,positive,5,Positive,0.9751026034355164,Very Positive,5,Positive,0.4743342101573944,1,Negative,0.5040013975930027,1,Negative,0.0,5,Positive,0.43,4.0,4,Positive,Positive,True,True,True,True,True,False,False,True,True,"I recently revised the 13th district and I want to finally share my opinion. the film is just stunning! I have seen a lot of action movies, but similar - there are no main features of American fighters are dashing chases on cars, motorcycles, airplanes and other vehicles, in the 13th district this is not - here we see a beautiful action movie, built on a magnificent discipline, called parkour. the whole film you have the opportunity to see as two real professionals of your business, show us mind-blowing and exciting stunts. and do not need to throw away hundreds of millions of dollars to film, in order to make a movie, I don't even know the best of the filmmakers, but I did not see them in this movie, but I did not even with the beauty of the movie, I did not see the movie, but I did not see the filmmakers. 10 out of 10",True
NEGATIVE,"размер не соответствует таблице размеров, на всех параметрах -5см. только длинна правильная",0.0,1.0,0.0,0.0,Neutral,3,3,Neutral,0.6605943441390991,negative,1,Negative,0.5192599296569824,negative,1,Negative,0.6034391522407532,Negative,1,Negative,0.47252821922302246,3,Neutral,0.5376825823705923,3,Neutral,0.0,3,Neutral,0.5165756017846019,2.25,2,Negative,Negative,False,False,True,True,True,False,False,False,True,"the size does not correspond to the table of dimensions, on all parameters -5 cm. only the length of the correct",True
NEGATIVE,"бронировали стол заранее, пришли ко времени, посадка была практически полная, за столиком, который был забронирован для нас, со слов администратора, сидел нетрезвый гость, который не собирался покидать заведение, попутно он вынудил уйти девушек, которые сидели за столиком рядом, так как слушать нецензурную брань в свой адрес желания не было. была неприятно поражена неспособностью администрации решить этот вопрос. в итоге, так и не дождавшись места, мы также вынуждены были уйти. настроение в субботу вечером и в личный семейный праздник было испорчено.",0.154,0.76,0.086,-0.8874,Negative,1,1,Negative,0.9999462366104126,negative,1,Negative,0.8778290152549744,negative,1,Negative,0.9921171069145203,Very Negative,1,Negative,0.5248517394065857,1,Negative,0.6446003540904867,1,Negative,0.0,1,Negative,0.5,1.0,1,Negative,Negative,True,True,True,True,True,True,True,True,True,"booked the table in advance, came to the time, the boarding was almost complete, at the table that was booked for us, according to the administrator, sat a drunk guest who was not going to leave the institution, along the way he forced to leave the girls who were sitting at the table next to him, since there was no desire to listen to obscene language in his address. was unpleasantly struck by the inability of the administration to solve this issue. in the end, and without waiting for a place, we were also forced to leave. the mood on Saturday evening and in a personal family holiday was spoiled.",True
NEUTRAL,"товар получил , к нему претензий нет, а вот с доставкой как то не хорошо, выбрал вид - наложенным платежом но компания отказалась сделать опись товара, в связи н чем я лишён возможности проверить товар до оплаты. хорошо что размер заказал с запасом 54-56, хотя сам 50-52, но оказался впритык. со стоимостью доставки тоже накладка, в счёте была одна цена, при получении больше на 300 руб. мелочь а не приятно, могли бы голову не кружить и указать реальную стоимость или уж совсем ни чего, раз сами посчитать не могут.",0.159,0.811,0.03,-0.9334,Negative,1,3,Neutral,0.9997873902320862,neutral,3,Neutral,0.5082412958145142,negative,1,Negative,0.8458285927772522,Negative,1,Negative,0.713621973991394,3,Neutral,0.45294897599113515,1,Negative,0.0,3,Neutral,0.37,2.0,2,Negative,Neutral,False,True,True,False,False,True,False,True,False,"I received the goods, there are no claims to it, but with delivery somehow not good, I chose the form - imposed payment but the company refused to make an inventory of the goods, in connection with what I am deprived of the opportunity to check the goods before payment. it is good that the size ordered with a margin of 54-56, although 50-52 himself, but was side by side. with the cost of delivery is also an overlay, there was one price in the account, when receiving more by 300 rubles. trifles and not pleasant, could not spin my head and indicate the real cost or at all, since they cannot calculate anything.",True
NEGATIVE,"я разочарована. ужасно тонкая ткань. сшито, как из пакета. совершенно не оправдывает себе стоимость. даже за такую небольшую цену. не сидит по фигуре.",0.229,0.685,0.086,-0.6369,Negative,1,1,Negative,0.9959789514541626,negative,1,Negative,0.5713531970977783,negative,1,Negative,0.8038020133972168,Very Negative,1,Negative,0.5411688685417175,1,Negative,0.8358193284556659,1,Negative,0.0,1,Negative,0.8,1.0,1,Negative,Negative,True,True,True,True,True,True,True,True,True,"I'm disappointed, terribly thin fabric, stitched like a bag, absolutely not justifying the cost, even for such a small price, not sitting on the figure.",True
NEUTRAL,не хватает второго менеджера. создаётся большая очередь,0.196,0.625,0.179,-0.0516,Neutral,3,3,Neutral,0.9994602799415588,neutral,3,Neutral,0.8537523746490479,negative,1,Negative,0.891883373260498,Negative,1,Negative,0.5850462317466736,3,Neutral,0.6050180736454018,3,Neutral,0.0,3,Neutral,0.5596074496300257,2.5,2,Negative,Neutral,True,True,True,False,False,True,True,True,False,"A second manager is missing, a large queue is being created.",True
NEUTRAL,"юбка сильно отличается от верха и цветом и тканью, выглядит не очень, я расстроенна(((",0.127,0.794,0.079,-0.2682,Negative,3,3,Neutral,0.8335534930229187,negative,1,Negative,0.5164923071861267,negative,1,Negative,0.6817996501922607,Negative,1,Negative,0.8161556720733643,3,Neutral,0.502921483382717,3,Neutral,0.0,3,Neutral,0.5118051825324585,2.25,2,Negative,Neutral,False,True,False,False,False,True,True,True,False,"The skirt is very different from the top and color and fabric, it does not look very, I am upset (((())",True
NEUTRAL,"соответсвует ценакачество, не рекомендую",0.232,0.768,0.0,-0.2755,Negative,3,3,Neutral,0.9108452796936035,negative,1,Negative,0.5230890512466431,neutral,3,Neutral,0.5275754928588867,Negative,1,Negative,0.7915561199188232,3,Neutral,0.794871594210323,3,Neutral,0.0,5,Positive,0.4647890962856085,2.75,3,Neutral,Neutral,False,True,False,True,False,True,True,False,True,"It fits the quality, I do not recommend it.",True
NEUTRAL,"качество хорошее, но абсолютно не держатся и постоянно сползают. резинка отсутсвует. ходить невозможно, постоянно приходится подтягивать. заказывала размер м",0.0,0.925,0.075,0.2382,Positive,3,3,Neutral,0.9990122318267822,neutral,3,Neutral,0.6415385007858276,negative,1,Negative,0.6832019090652466,Very Negative,1,Negative,0.5654626488685608,1,Negative,0.8451214964082093,1,Negative,0.0,1,Negative,0.63,1.75,2,Negative,Neutral,False,True,True,False,False,False,False,False,False,"quality is good, but absolutely do not hold and constantly slide. gum is absent. it is impossible to walk, you constantly have to pull up.",True
NEUTRAL,"не верьте, обыкновеные пресные и невкусные сухари.",0.0,0.777,0.223,0.3182,Positive,3,1,Negative,0.8251527547836304,neutral,3,Neutral,0.6428959369659424,negative,1,Negative,0.9115973114967346,Very Negative,1,Negative,0.43566465377807617,3,Neutral,0.5298840322374212,3,Neutral,0.0,3,Neutral,0.47536645372567526,2.25,2,Negative,Neutral,False,False,True,False,False,True,True,True,False,"Do not believe, the usual fresh and tasteless crackers.",True
NEUTRAL,"не понравились, хотя огурцы этой фирмы очень вкусные.",0.0,0.469,0.531,0.7783,Positive,5,3,Neutral,0.7950915098190308,neutral,3,Neutral,0.6396878957748413,negative,1,Negative,0.7870304584503174,Negative,1,Negative,0.9217326641082764,3,Neutral,0.7625030310590186,3,Neutral,0.0,3,Neutral,0.6509987855765758,2.75,3,Neutral,Neutral,False,True,True,False,False,True,True,True,True,"I didn’t like it, but the cucumbers are delicious.",True
NEUTRAL,"к деятельности российского кинематографа многие относятся скептически, а точнее будет сказать: вообще не обращают на него никакого внимания. и пока в отечественном огороде киноиндустрии хватает вот таких вот камней, урожай, увы, будет весьма скуден. идея, положенная в основу сюжета, достаточно небанальна и интересна по сути. другое дело - ее реализация. что нужно для хорошего триллера? прежде всего, это наличие саспенса и убедительной актерской игры. и что мы имеем?. если первая треть еще худо-бедно выдерживает какую-то интригу, то чем дальше, тем больше действо скатывается в неуклюжий балаган. ближе к финалу перед нами раскрываются все карты, и якобы мы должны понять мотивы преступника, прочувствовать его сложную натуру, но что-то упорно не стыкуется. концовка, скорее, порождает кучу новых вопросов, так толком и не ответив на старые, что только вводит в большее недоумение. стоит уделить немного внимания и актерскому мастерству. все взрослые, за исключением светлакова, кое-как совладали со своими ролями. сергей совершенно не вписывается, и об этом лучше даже и не говорить. но настолько ужасно сыграть всему детскому составу - это бесспорно великий талант. не было ни секунды хотя бы намека на эмоцию при лицезрении мальчишеской физиономии (т. к. девочек в фильме замечено не было). если не хотите окончательно разувериться в отечественном кинопроме, то лучше обходите стороной. 5 из 10",0.032,0.859,0.109,0.8247,Positive,5,1,Negative,0.9969747066497803,neutral,3,Neutral,0.7547473311424255,negative,1,Negative,0.5290533304214478,Negative,1,Negative,0.7279680967330933,1,Negative,0.668746365714381,1,Negative,0.0,1,Negative,0.45,1.75,2,Negative,Neutral,False,False,True,False,False,False,False,False,False,"Many are skeptical of the activities of Russian cinema, or rather it will be said: they do not pay any attention to it at all. and while there are enough such stones in the domestic garden of the film industry, the harvest, alas, will be very scanty. the idea put in the basis of the plot is quite banal and interesting in essence. another matter is needed for a good thriller? first of all, this is the presence of suspense and convincing acting. and what we have? if the first third still poorly withstands some intrigue, then the more the action slides into the film, if the old one does not finally notice it is not even more difficult to the author in this way. 5 out of 10",True
NEUTRAL,размер не совпадает.мало.,0.0,1.0,0.0,0.0,Neutral,3,3,Neutral,0.61945641040802,neutral,3,Neutral,0.7296267747879028,negative,1,Negative,0.5842697620391846,Negative,1,Negative,0.808715283870697,3,Neutral,0.5376825823705923,3,Neutral,0.0,3,Neutral,0.5165756017846019,2.5,2,Negative,Neutral,True,True,True,False,False,True,True,True,False,The size doesn't match. Little.,True
NEGATIVE,"посылка не пришла,но продавец сразу же вернул деньги.за что огромное спасибо",0.0,1.0,0.0,0.0,Neutral,3,5,Positive,0.5288677215576172,negative,1,Negative,0.42609965801239014,positive,5,Positive,0.4071574807167053,Very Negative,1,Negative,0.44485709071159363,5,Positive,0.7816209007949884,5,Positive,0.0,5,Positive,0.7967816358600686,3.75,4,Positive,Negative,False,False,True,False,True,False,False,False,False,"The package did not arrive, but the seller immediately returned the money.",True
NEUTRAL,"по идее, этот фильм должен был стать ответом на дурацкую американскую адаптацию теккена. к слову, у японцев получилось все-таки лучше, чем у американцев, хотя, все равно здесь слишком много ненужных разговоров и слишком мало нормальных драк - а для файтинга это непростительно. с другой стороны, графика и постановка боев (тех, что есть) - все таки классные. к слову, почему они использовали так мало персонажей? фактически, здесь есть только семейство мишима и сестрички вильямс - далеко не самые харизматичные персонажи.",0.114,0.8,0.085,-0.4404,Negative,1,3,Neutral,0.9289309978485107,neutral,3,Neutral,0.7525790929794312,negative,1,Negative,0.8038977384567261,Negative,1,Negative,0.8875848650932312,3,Neutral,0.6411571282009986,3,Neutral,0.0,3,Neutral,0.65,2.25,2,Negative,Neutral,False,True,True,False,False,True,True,True,False,"In theory, this film was supposed to be a response to the stupid American adaptation of tekken. by the way, the Japanese did better than the Americans, although, anyway, there are too many unnecessary conversations and too few normal fights - and for fighting it is inexcusable. on the other hand, the graphics and staging of fights (the ones that are) - still cool. by the way, why they used so few characters? in fact, there is only a family of Mishima and sister Williams - not the most charismatic characters.",True
POSITIVE,"отличные брюки на осень, всё подошло. на фото получились слишком яркие - в реале спокойный темносиний цвет",0.0,0.533,0.467,0.886,Positive,5,5,Positive,0.9972918629646301,positive,5,Positive,0.9929357171058655,positive,5,Positive,0.9852286577224731,Positive,5,Positive,0.8893575668334961,3,Neutral,0.7399365466960802,3,Neutral,0.0,3,Neutral,0.73,4.25,4,Positive,Positive,True,True,True,True,True,False,False,False,True,"excellent trousers for autumn, everything fit. the photo turned out too bright - in real calm dark color",True
NEUTRAL,"начало отличное, я бы даже сказал великолепное. немного подвела середина, но конец был прекрасен. из плюсов могу отметить прекрасную графику, хороший саундтрек, немного шаблонный, напомнивший мне true tears, однако сделанный весьма и весьма добротно сюжет. из минусов размазанная середина, местами, натянутость происходящего. итого 810, определённо стоит посмотреть.",0.061,0.561,0.379,0.9831,Positive,5,3,Neutral,0.9998420476913452,positive,5,Positive,0.9548152685165405,positive,5,Positive,0.9879279732704163,Positive,5,Positive,0.9135408401489258,3,Neutral,0.8348711402997641,3,Neutral,0.0,3,Neutral,0.4978085048335885,4.0,4,Positive,Neutral,False,True,False,False,False,True,True,True,False,"The beginning is great, I would even say great. a little summed up the middle, but the end was beautiful. of the pluses I can note the beautiful graphics, a good soundtrack, a little template, reminding me of true tears, but made very, very good plot. of the minuses smeared middle, in some places, the tension of what is happening. total 810, definitely worth watching.",True
POSITIVE,"thank you! product great, delivery fast, the quality is high. recommend!",0.0,0.537,0.463,0.784,Positive,5,5,Positive,0.9995875954627991,positive,5,Positive,0.9929136633872986,positive,5,Positive,0.9992237091064453,Positive,5,Positive,0.6749618649482727,5,Positive,0.5622749973682006,5,Positive,0.0,5,Positive,0.8961512053880237,5.0,5,Positive,Positive,True,True,True,True,True,True,True,True,True,"Thank you! product great, delivery fast, the quality is high.",True
NEUTRAL,сыр не понравился солёный с горчинкой.,0.551,0.449,0.0,-0.6007,Negative,1,3,Neutral,0.8659201264381409,neutral,3,Neutral,0.8033426403999329,negative,1,Negative,0.8006347417831421,Negative,1,Negative,0.8546698689460754,3,Neutral,0.549673173187686,3,Neutral,0.0,1,Negative,0.5599626390279849,2.0,2,Negative,Neutral,False,True,True,False,False,True,True,False,False,"I didn't like the salty, bitter cheese.",True
POSITIVE,"мне очень понравилось. классные, красывые и раритетные автомобили. я была рада сюда прийти, спасибо вам!",0.0,0.305,0.695,0.9595,Positive,5,5,Positive,0.9997455477714539,positive,5,Positive,0.9954509139060974,positive,5,Positive,0.8826855421066284,Positive,5,Positive,0.8956166505813599,5,Positive,0.7478349355029007,5,Positive,0.0,5,Positive,0.75,5.0,5,Positive,Positive,True,True,True,True,True,True,True,True,True,"I loved the beautiful and beautiful cars, I was happy to come here, thank you!",True
NEGATIVE,"ткать очень тонкая, и даже не осень зима, а скорее лето.",0.0,1.0,0.0,0.0,Neutral,3,1,Negative,0.998563826084137,neutral,3,Neutral,0.7510160207748413,neutral,3,Neutral,0.5861665606498718,Negative,1,Negative,0.6441259980201721,3,Neutral,0.6597784772046932,3,Neutral,0.0,3,Neutral,0.51,2.5,2,Negative,Negative,False,True,False,False,True,False,False,False,True,"Weaving is very thin, and not even autumn winter, but rather summer.",True
POSITIVE,аааааааааа у меня вчера родился сыночек)))),0.0,1.0,0.0,0.0,Neutral,3,5,Positive,0.9998515844345093,positive,5,Positive,0.9671841859817505,neutral,3,Neutral,0.8269928097724915,Neutral,3,Neutral,0.41156005859375,5,Positive,0.3899055583582732,5,Positive,0.0,5,Positive,0.5880791206748053,4.25,4,Positive,Positive,False,True,True,False,False,True,True,True,True,I had a baby boy yesterday.),True
POSITIVE,"футболочка прекрасная! в точности, как на фото. принт четкий. ткань синтетика, но очень приятная! не мнется, хорошо тянется. доставка быстрая, трек остлеживался",0.078,0.669,0.253,0.7143,Positive,5,5,Positive,0.9930762052536011,positive,5,Positive,0.9906576871871948,positive,5,Positive,0.9897745847702026,Positive,5,Positive,0.8857895135879517,3,Neutral,0.6186764427756944,3,Neutral,0.0,5,Positive,0.6,4.5,4,Positive,Positive,True,True,True,True,True,False,False,True,True,"T-shirt beautiful! exactly as in the photo. print crisp. synthetic fabric, but very nice! not crumpled, well stretched. delivery fast, track cooled",True
NEGATIVE,"фильм не просто разочаровал, а рассердил. и если малобюджетная первая часть заинтриговала и обнадежила, то дальше можно было не смотреть. студенты-филологи едут в глубинку собирать фольклор и вдруг наталкиваются на чужеродную культуру. россия - полна интересных и мистических мест, легенд, загадок. они до сих пор не разгаданы и будоражат умы. вот бы попытаться об этом пофантазировать. а вместо этого предлагается что-то подобное 'константину - повелителю тьмы' с компьютерной эстетикой и технологиями голливуда. неужели так россия духовно бедна, что не может выработать свой киноязык, осваивать свои темы и иметь своих героев! угрохать безумный бюджет и получить копию того, чего пачками выпускают в западном киномире. 1 балл за кинотехнологии, 1 балл за операторскую работу, 1 балл за потраченные артистами нервы 3 из 10",0.122,0.763,0.115,0.0289,Neutral,3,1,Negative,0.9998797178268433,neutral,3,Neutral,0.8847838044166565,negative,1,Negative,0.9997344613075256,Negative,1,Negative,0.6001545786857605,1,Negative,0.6717312981272217,1,Negative,0.0,1,Negative,0.54,1.5,2,Negative,Negative,False,True,False,True,True,True,True,True,True,"The film was not just disappointing, but angry. and if the low-budget first part was intrigued and encouraging, then it was possible not to look further. students-philologists go to the outback to collect folklore and suddenly stumble upon a foreign culture. Russia is full of interesting and mystical places, legends, riddles. they are still not solved and excite minds. here to try to fantasize about it. instead, something like ""constantine - the lord of darkness"" with computer ethics of cinema and technology. 1 point for film technology, 1 point for camera work, 1 point for nerves spent by artists 3 out of 10",True
NEUTRAL,"зетман великолепен. одна из немногих манг, где герои показались мне правдоподобными. в их действия и их отношения верилось, а поэтому, когда всё шло по звезде, я искренне надеялся, что герои смогут как-то пережить это. аниме - это кастрированный кусок сюжета да еще и с перевранной концовкой, полностью сливающей персонажа хайтани. советую читать всем, кому нравится реализм в перемешку с фантастикой, правдоподобные герои и жуткие, но интересные сюжетные повороты.",0.0,0.812,0.188,0.9144,Positive,5,3,Neutral,0.9998855590820312,positive,5,Positive,0.7261327505111694,positive,5,Positive,0.9989519119262695,Positive,5,Positive,0.5857802629470825,5,Positive,0.5184693475008181,5,Positive,0.0,3,Neutral,0.59,4.5,4,Positive,Neutral,False,True,False,False,False,False,False,True,False,"Zetman is great. one of the few mangas where the characters seemed believable to me. their actions and their relationships were believed, and so when everything went to stardom, I sincerely hoped that the characters could somehow survive it. Anime is a castrated piece of the plot and even with a twisted ending, completely merging the character of haitani. I recommend reading to anyone who likes realism in a mix of fiction, believable heroes and creepy, but interesting plot twists.",True
NEUTRAL,чернослив очень сухой и кислый,0.0,1.0,0.0,0.0,Neutral,3,3,Neutral,0.9754619598388672,neutral,3,Neutral,0.7429143786430359,positive,5,Positive,0.7675201296806335,Negative,1,Negative,0.37568923830986023,1,Negative,0.5454011196044851,1,Negative,0.0,3,Neutral,0.7765868752747807,2.5,2,Negative,Neutral,True,True,True,False,False,False,False,True,False,prune,True
NEGATIVE,"раньше были вкусные кальяны, а теперь даже покурить их не дают, вчера хотел отметить др, пришли часов в 7 и занят был только один столик, сели у приставки, сразу же подошла девушка и сказала, что разрешает нам посидеть только 2 часа, а потом уходите, сказала что забронировано, но выяснилось от другого сотрудника, что брони никакой нету и что если каждые 2 часа заказывать новый кальян, то сидеть можно сколько влезет, просто хотят больше денег зарабатывать с места для приставки. nперсонал кстати невежлив, не поздоровались и не попрощались, кальянщик с бородой так вообще подошел к нам и смотрел молча, как будто мы незваные гости пришли. nне рекомендую это место, есть множество других кальянных на верхушке где делают вкусно, например потом пошли в обнял и там сделали шикарно.",0.038,0.895,0.068,0.4854,Positive,5,3,Neutral,0.9998631477355957,negative,1,Negative,0.6738723516464233,negative,1,Negative,0.9857192635536194,Negative,1,Negative,0.6374903917312622,1,Negative,0.6271780889720332,1,Negative,0.0,1,Negative,0.4843829964654968,1.75,2,Negative,Negative,False,False,True,True,True,True,True,True,True,"before there were delicious hookahs, and now they are not even allowed to smoke, yesterday I wanted to mark the other, came to 7 hours and was occupied only one table, sat down at the console, immediately a girl came up and said that she allowed us to sit only 2 hours, and then leave, said that it was booked, but it turned out from another employee that there is no reservation and that if every 2 hours to order a new hookah, then you can sit as long as you like, just want to earn more money from the place for the console.",True
NEGATIVE,"самый не вкусный из йогуртов. и вообще, какой то странный, почему то когда ешь на губах образуестся жирная пленка с привкусом дешевой помады. такого эффекта даже от самой жирной продукции небыло и вообще напоминает растительный жир. покупать больше не буду.",0.134,0.866,0.0,-0.7096,Negative,1,1,Negative,0.996561586856842,negative,1,Negative,0.6404940485954285,negative,1,Negative,0.9890350103378296,Very Negative,1,Negative,0.5834112167358398,1,Negative,0.7284796725581796,1,Negative,0.0,1,Negative,0.4,1.0,1,Negative,Negative,True,True,True,True,True,True,True,True,True,"The worst yogurt. And in general, some strange, why when you eat on your lips will form a fatty film with a taste of cheap lipstick, such an effect even from the most fatty products was not and generally resembles vegetable fat.",True
NEUTRAL,"не очень понравилась, по качеству м свойствам хуже зевы, но она и дешевле, поэтому",0.175,0.825,0.0,-0.3828,Negative,1,3,Neutral,0.9969092011451721,neutral,3,Neutral,0.7418227195739746,negative,1,Negative,0.9760422706604004,Negative,1,Negative,0.9063795208930969,3,Neutral,0.7874487449306933,3,Neutral,0.0,3,Neutral,0.7342645847826549,2.25,2,Negative,Neutral,False,True,True,False,False,True,True,True,False,"I did not like it very much, the quality and properties are worse than yawn, but it is cheaper, so",True
NEUTRAL,"на горловине имеются торчащие нитки, швы расходятся",0.0,1.0,0.0,0.0,Neutral,3,3,Neutral,0.9999858140945435,neutral,3,Neutral,0.6948226094245911,neutral,3,Neutral,0.5496629476547241,Neutral,3,Neutral,0.8933573961257935,3,Neutral,0.5298840322374212,3,Neutral,0.0,3,Neutral,0.47536645372567543,3.0,3,Neutral,Neutral,True,True,True,True,True,True,True,True,True,"There are sticking threads on the neck, the seams diverge.",True
POSITIVE,дошла за 16 дней до бурятии . качество отличное,0.0,1.0,0.0,0.0,Neutral,3,5,Positive,0.9979883432388306,positive,5,Positive,0.9943537712097168,positive,5,Positive,0.9725789427757263,Positive,5,Positive,0.8717046976089478,3,Neutral,0.6443344620202665,3,Neutral,0.0,3,Neutral,0.5400064671087498,4.0,4,Positive,Positive,False,True,True,True,True,False,False,False,True,It was 16 days before the storm. quality,True
POSITIVE,"очень вкусный. темный. есть оттенок легкой горчинки, но на общем сладко-квасном вкусе она звучит восхитительно. мой любимый.",0.066,0.609,0.324,0.8481,Positive,5,5,Positive,0.9963894486427307,positive,5,Positive,0.967247724533081,positive,5,Positive,0.8723107576370239,Positive,5,Positive,0.8269001245498657,5,Positive,0.9029799387343209,5,Positive,0.0,5,Positive,0.95,5.0,5,Positive,Positive,True,True,True,True,True,True,True,True,True,"very tasty. dark. there is a shade of light bitterness, but on the general sweet-sweet taste it sounds delicious. my favorite.",True
NEGATIVE,"в данном агентстве находится офис boxberry. пришла посылка через данный сервис, пришёл получать в 19.02. во первых долго искал где это вообще находится. никаких вывесок. проход какими то лабиринтами. когда наконец то добрадся, оказалось, что работает до 19 часов. мне это объяснила сотрудница за стойкой. пришлось уйти. я то думал что boxberry это другие сотрудники)))) когда пришёл через 2 дня, оказалось, что это та же сотрудница и работает от имени компании))) вот кто ей мешал мне выдать готовую посылку 2 дня назад, когда я приходил? это просто такое отношение к клиентам. 2 минуты решили все. все равно сидела же там, на этом же стуле.",0.035,0.965,0.0,-0.34,Negative,1,1,Negative,0.9999690055847168,neutral,3,Neutral,0.5543813705444336,negative,1,Negative,0.9676409363746643,Negative,1,Negative,0.5676367282867432,1,Negative,0.8047110758563462,1,Negative,0.0,1,Negative,0.67,1.25,1,Negative,Negative,True,True,False,True,True,True,True,True,True,"The boxberry office is located in this agency. the parcel came through this service, came to receive at 19.02. the first long time looking for where it is at all. no signage. the passage of some mazes. when I finally got there, it turned out that it works until 19:00. I explained this to the employee at the counter. I had to leave. I thought that the boxberry is other employees.)) When I came in 2 days, it turned out that this is the same employee and works on behalf of the company. 2 minutes decided everything, still sitting there, on the same chair.",True
POSITIVE,"мимо пробегала . смотрела не прям сейчас , а даже не помню когда . была темная ночь я сидела в одеялке выпивая что-то . продолжалось это до самого конца сериала . спать я пошла утром . и мне это запомнилось ,потому что мне понравилось . у меня к этому сериалу 1010 стоит для меня это аниме , которые я не забыла спустя года .",0.0,0.925,0.075,0.5371,Positive,5,5,Positive,0.9991377592086792,neutral,3,Neutral,0.5973139405250549,positive,5,Positive,0.9988096952438354,Positive,5,Positive,0.8613519072532654,3,Neutral,0.5797336164068768,3,Neutral,0.0,3,Neutral,0.4559299982577522,4.0,4,Positive,Positive,True,True,False,True,True,False,False,False,True,"I was running by. I didn’t see it right now, I don’t even remember when. It was a dark night I was sitting in a blanket drinking something. This continued until the end of the series. I went to bed this morning. And I remember it because I liked it. I have for this series 1010 is for me this anime, which I have not forgotten years later.",True
NEGATIVE,"это не платье , а туника. чёрное пришло бракованное",0.293,0.707,0.0,-0.4404,Negative,1,1,Negative,0.999336302280426,negative,1,Negative,0.8759249448776245,negative,1,Negative,0.7767162919044495,Very Negative,1,Negative,0.6351352334022522,3,Neutral,0.43516572337267573,3,Neutral,0.0,3,Neutral,0.5097801095229064,1.75,2,Negative,Negative,True,True,True,True,True,False,False,False,True,"It's not a dress, it's a tunic. Black came defective.",True
NEGATIVE,мне достался с начинкой из риса и моркови. мяса не нашла.,0.0,1.0,0.0,0.0,Neutral,3,1,Negative,0.9986056685447693,neutral,3,Neutral,0.693989098072052,negative,1,Negative,0.844513475894928,Negative,1,Negative,0.5842304229736328,3,Neutral,0.5298840322374212,3,Neutral,0.0,3,Neutral,0.47536645372567526,2.25,2,Negative,Negative,False,True,False,True,True,False,False,False,True,I got stuffed with rice and carrots. I didn't find any meat.,True
NEUTRAL,"пришло быстро,претензий нет,но заказанный 5хl не соответствует своему размеру,присланный товар идет на 48разм (русский), у меня бюст 110см,в таблице указан бюст 137см, прошу решить вопрос с полученным заказом",0.034,0.859,0.108,0.5499,Positive,5,3,Neutral,0.9992915391921997,neutral,3,Neutral,0.6557265520095825,negative,1,Negative,0.431182324886322,Neutral,3,Neutral,0.42818132042884827,1,Negative,0.6086293297117281,1,Negative,0.0,1,Negative,0.6610414079417544,2.25,2,Negative,Neutral,False,True,True,False,True,False,False,False,False,"came quickly, there are no claims, but the ordered 5xl does not correspond to its size, the goods sent go to 48 rzm (Russian), I have a bust of 110 cm, the table shows a bust of 137 cm, please solve the issue with the order received.",True
NEUTRAL,"хотелось бы хоть какой-нибудь зелени, серо, уныло",0.293,0.435,0.272,-0.0516,Neutral,3,3,Neutral,0.997240424156189,neutral,3,Neutral,0.5403639078140259,negative,1,Negative,0.6590175032615662,Very Negative,1,Negative,0.4672032296657562,1,Negative,0.516845149037341,1,Negative,0.0,3,Neutral,0.4088683728530815,2.0,2,Negative,Neutral,True,True,True,False,False,False,False,True,False,"I would like some greenery, gray, dull.",True
POSITIVE,"немного велики, но это не страшно) мотивирует набрать немного вес чтобы сели как на фото продавца.",0.0,0.708,0.292,0.8338,Positive,5,5,Positive,0.998079776763916,positive,5,Positive,0.8617271780967712,positive,5,Positive,0.9417865872383118,Negative,1,Negative,0.8384047746658325,3,Neutral,0.5984071503331836,3,Neutral,0.0,3,Neutral,0.5213074746005604,3.75,4,Positive,Positive,True,True,True,True,False,False,False,False,True,"a little big, but it's not scary) motivates you to gain a little weight to sit like in the photo of the seller.",True
NEGATIVE,"маломерка! меньше размера на два, я разочарована!",0.38,0.62,0.0,-0.5696,Negative,1,1,Negative,0.8743566870689392,negative,1,Negative,0.6654859781265259,neutral,3,Neutral,0.5067436099052429,Negative,1,Negative,0.48935559391975403,3,Neutral,0.6813374396529327,3,Neutral,0.0,3,Neutral,0.9948234095645492,2.0,2,Negative,Negative,True,True,True,False,True,False,False,False,True,"Little girl! two smaller sizes, I'm disappointed!",True
NEUTRAL,"честно было бы назвать подобное разводом. в первой части нам преподносят веселую дерзкую тему, герои чуть ли не до трусов доходят, но очень быстро история изменяется и вдруг они уже и за ручку взяться стесняются и история превращается в обычную тему про то как один персонаж любит другого но не решается признаться, боже как это заезжено и все эти сцены которые вы уже знаете наизусть. в общем в начале глава дерзкая интересная веселая, далее 15 глав обычной тягомотины что есть в практически каждой манге этого жанра и глава где несколькими сценами герои все решают и ещё несколько приятных сцен. я думаю автор точно знала что делает, после прочтения такое чувство что тебя грамотно развели.",0.054,0.73,0.217,0.9781,Positive,5,3,Neutral,0.9996484518051147,neutral,3,Neutral,0.7531901001930237,neutral,3,Neutral,0.6156806945800781,Negative,1,Negative,0.5845938324928284,3,Neutral,0.39450144431751477,5,Positive,0.0,5,Positive,0.46,3.5,4,Positive,Neutral,False,True,True,True,False,True,False,False,False,"It would be honest to call such a divorce. in the first part we are presented with a cheerful audacious theme, the characters almost reach the cowards, but very quickly the story changes and suddenly they are already shy and take up the handle and the story turns into an ordinary theme about how one character loves another but does not dare to confess, God how bad it is and all these scenes that you already know by heart. in general, at the beginning the chapter is daring interesting funny, then 15 chapters of the usual traction that is in almost every manga of this genre and the chapter where the heroes decide several scenes and a few more pleasant scenes I think that the author knows exactly after you.",True
NEGATIVE,полы пальто разной длины,0.0,1.0,0.0,0.0,Neutral,3,1,Negative,0.9989920258522034,neutral,3,Neutral,0.7171288728713989,neutral,3,Neutral,0.9269180297851562,Neutral,3,Neutral,0.8924015164375305,3,Neutral,0.5253765452630286,3,Neutral,0.0,3,Neutral,0.3895084920221828,2.75,3,Neutral,Negative,False,True,False,False,False,False,False,False,False,coat-floors,True
NEGATIVE,"единственное, что понравилось в этом мясе, это - запах. вкусно пахнет. но есть его невозможно - резина. бульон использовала для борща. мясо выкинула.",0.0,0.857,0.143,0.431,Positive,5,1,Negative,0.9981264472007751,neutral,3,Neutral,0.5156179666519165,negative,1,Negative,0.9779314398765564,Negative,1,Negative,0.33208775520324707,1,Negative,0.8151661152348617,1,Negative,0.0,1,Negative,0.5520173751536313,1.75,2,Negative,Negative,False,True,False,True,True,True,True,True,True,"The only thing I liked about this meat was the smell, it smelled good, but it was impossible to eat it - rubber, broth used for borscht.",True
POSITIVE,"супер фитнес центр!nнаходится очень комфортно, все продумано до мелочей!nне хожу на групповые, поэтому о них ничего сказать не могу.nно тренажерный зал очень хороший, самое главное не видела от трениров не понятных программ (это очень радует, потому что до этого в разных клубах страны видела много не адекватных программ). все приветливы и готовы помочь с любым вопросом.",0.038,0.681,0.281,0.9553,Positive,5,5,Positive,0.9990330934524536,positive,5,Positive,0.9889833331108093,positive,5,Positive,0.7613846659660339,Positive,5,Positive,0.7587361335754395,5,Positive,0.7530983230742657,5,Positive,0.0,5,Positive,0.69,5.0,5,Positive,Positive,True,True,True,True,True,True,True,True,True,"super fitness center!n is very comfortable, everything is thought out to the smallest detail!n I do not go to group, so I can not say anything about them.nno gym is very good, most importantly I did not see from trainers incomprehensible programs (this is very happy, because before that in different clubs of the country I saw many inadequate programs).",True
NEUTRAL,"рубашка хорошая, но пришла большая, на мой 42 посоветовали заказать m",0.0,0.899,0.101,0.2263,Positive,3,3,Neutral,0.9808212518692017,positive,5,Positive,0.9030250906944275,neutral,3,Neutral,0.5773938298225403,Negative,1,Negative,0.6827777624130249,5,Positive,0.4655613690494964,5,Positive,0.0,5,Positive,0.4601356951454621,3.75,4,Positive,Neutral,False,True,False,True,False,False,False,False,False,"The shirt is nice, but a big one came in, on my 42 I was advised to order an m.",True
POSITIVE,"спасибо за кардиган! смотрится хорошо. нитки не торчат, запаха постороннего нет. на мой 48-50 взяла 2xl и не прогадала. доставка супер быстрая",0.156,0.583,0.261,0.5568,Positive,5,5,Positive,0.9995879530906677,positive,5,Positive,0.9901673793792725,positive,5,Positive,0.990497887134552,Positive,5,Positive,0.7440313696861267,5,Positive,0.9752772934754628,5,Positive,0.0,5,Positive,0.99,5.0,5,Positive,Positive,True,True,True,True,True,True,True,True,True,"Thanks for the cardigan! looks good. threads don't stick out, there's no outsider smell. on my 48-50 took 2xl and didn't fail. delivery super fast",True
POSITIVE,"размер xl на об100 большой- они очень хорошо тянутся. качество нормальное, буду брать еще.",0.0,0.862,0.138,0.3384,Positive,5,5,Positive,0.9968050718307495,positive,5,Positive,0.9345583319664001,positive,5,Positive,0.7395554780960083,Positive,5,Positive,0.9228572249412537,3,Neutral,0.5943776205932577,3,Neutral,0.0,3,Neutral,0.5029609684878827,4.25,4,Positive,Positive,True,True,True,True,True,False,False,False,True,"xl size by about 100 large - they stretch very well. quality is normal, I will take more.",True
NEGATIVE,"постоянно захожу в этот магазин. продавщица не очень приветливая. а зашла тут сутра перед работой она разговаривала по телефону. видимо я ей помешала. я ее попросила колбасы порезать, она отрезала кусок и дает мне. я ей опять говорю , мне надо порезать и она прям своему абоненту в телефоне начала возмущаться. непонятно она на работу пришла или по телефону разговаривать. уже не первый раз замечаю, что когда там что-то покупаешь ее как-будто от важных дел отрываеш.",0.15,0.834,0.017,-0.9071,Negative,1,1,Negative,0.9997853636741638,negative,1,Negative,0.8414503931999207,negative,1,Negative,0.9935738444328308,Negative,1,Negative,0.7438308596611023,3,Neutral,0.5918342632192952,3,Neutral,0.0,3,Neutral,0.61,1.75,2,Negative,Negative,True,True,True,True,True,False,False,False,True,"I go into this store all the time, the saleswoman is not very friendly, and she came in here in the morning before work, she was talking on the phone, apparently I interrupted her. I asked her to cut the sausages, she cut off a piece and gives me. I tell her again, I need to cut and she directly to her subscriber in the phone began to be indignant. it is unclear she came to work or on the phone to talk. it is not the first time I notice that when you buy something there as if you break away from important things.",True
NEGATIVE,"не вкусные, жутко химозные, вафля какая-то засохшая, начинка вообще не понятно что. не съедобно. покупайте лучше акульчев, они вкусные и хорошие.",0.126,0.714,0.16,0.3036,Positive,3,1,Negative,0.9977807402610779,neutral,3,Neutral,0.5844826102256775,negative,1,Negative,0.9985324144363403,Negative,1,Negative,0.6485254764556885,3,Neutral,0.5556730232906721,3,Neutral,0.0,1,Negative,0.7522149715585956,2.0,2,Negative,Negative,False,True,False,True,True,False,False,True,True,"not tasty, terribly chemical, the waffle is some kind of dried, the filling is not clear at all, it is not edible. buy better sharks, they are tasty and good.",True
NEGATIVE,"здание старое, снаружи выглядит лучше,чем внутри. внутри разруха, висят провода , обшарпанные стены и двери, неудобные ""убитые скамейки"". регистратура на втором. касса на первом.были по направлению у гастроэнтеролога герасимов ой . просидели в очереди,хотя приехали вовремя, больше часа. потом выслушала от врача о вреде прививок, хотя были не у иммунолога ,а только ответили положительно на вопрос врача о сделанных прививках. получили перечень анализов,которые надо сделать и назначения.nвпечатление осталось не самое лучшее,к тому же несколько лет назад приезжали на консультацию к лору и потом не вернулись. nочень большая разница среди специалистов центра и самой больницей .",0.081,0.856,0.063,0.0258,Neutral,3,3,Neutral,0.999748170375824,neutral,3,Neutral,0.7707366943359375,negative,1,Negative,0.9479926824569702,Neutral,3,Neutral,0.48370808362960815,3,Neutral,0.5407265375448972,3,Neutral,0.0,1,Negative,0.5,2.5,2,Negative,Negative,False,False,False,True,False,False,False,True,True,"The building is old, the outside looks better than the inside. inside the devastation, there are wires, shabby walls and doors, inconvenient ""killed benches."" the register at the second. the ticket office at the first. were in the direction of the Gerasimus gastroenterologist oh. sat in the queue, although they arrived on time, more than an hour. then listened to the doctor about the dangers of vaccinations, although they were not at the immunologist, but only answered positively to the doctor's question about vaccinations. received a list of tests that need to be done and appointments.",True
NEGATIVE,дороже чем такси)) делают платную посадку! мод высокий спрос а вокруг в 3 х мин 5 машин и смотрел через 30 мин никто их не забрал. после того как подписку на 1499 оформил.,0.133,0.867,0.0,-0.4574,Negative,1,1,Negative,0.9999654293060303,neutral,3,Neutral,0.740772008895874,negative,1,Negative,0.9379111528396606,Positive,5,Positive,0.36373695731163025,3,Neutral,0.52792200439842,3,Neutral,0.0,3,Neutral,0.47931959929486195,2.5,2,Negative,Negative,True,True,False,True,False,False,False,False,True,More expensive than taxis) make a paid boarding! mod high demand and around 3 x min 5 cars and watched after 30 minutes no one took them. after a subscription to 1499 issued.,True
NEUTRAL,"17 дней до самарской области. разочарована качеством ткани - ооочень тонкие, посадка не высокая, как на фото. чувствую себя в них не уютно, всё время кажется, что спадают, хочется подтянуть. нитки торчат в местах где стыки с сеткой. не довольна покупкой.",0.102,0.876,0.023,-0.6707,Negative,1,3,Neutral,0.999523401260376,neutral,3,Neutral,0.8552570939064026,neutral,3,Neutral,0.7593944668769836,Negative,1,Negative,0.594406008720398,3,Neutral,0.7119878187582407,3,Neutral,0.0,3,Neutral,0.65,2.5,2,Negative,Neutral,False,True,True,True,False,True,True,True,False,"17 days to the Samara region. disappointed with the quality of the fabric - very thin, the landing is not high, as in the photo. I feel not comfortable in them, all the time it seems that they fall down, I want to pull up. threads stick out in places where the joints with the grid.",True
NEGATIVE,товар не пришёл. доставили эти штаны в другой город непонятно куда,0.0,1.0,0.0,0.0,Neutral,3,1,Negative,0.9983099699020386,negative,1,Negative,0.8461794853210449,negative,1,Negative,0.9528793692588806,Negative,1,Negative,0.7965252995491028,1,Negative,0.4706209529321802,1,Negative,0.0,1,Negative,0.552763802171524,1.25,1,Negative,Negative,False,True,True,True,True,True,True,True,True,The goods did not come. I took these pants to another city.,True
POSITIVE,"в целом второй сезон держится на том же уровне что и первый. немного нового узнаем о главных персонажах, появляются несколько новых. что меня бесило оба сезона, особенно последний, так это то что участники клуба соседний до сих пор не догоняют что они уже друзья, или попросту не хотят этого признавать. хотя тесно общаются с друг другом каждый день уже пол года, помогают друг другу, ходят на разные мероприятия вместе и так далее. по-моему такие отношения как раз называются дружескими, но они говорят что это все нужно лишь для того чтобы завести друзей, когда станут популярными. лично мне даром не нужны были бы другие друзья, будь я на месте кодаки. как я уже писал, я был в ахрене от того что происходило в конце последней серии, но я с нетерпением жду 3 сезон!",0.036,0.844,0.119,0.892,Positive,5,5,Positive,0.9842221140861511,neutral,3,Neutral,0.714214026927948,negative,1,Negative,0.6607869267463684,Positive,5,Positive,0.688017725944519,3,Neutral,0.8020962155734224,3,Neutral,0.0,3,Neutral,0.48,3.5,4,Positive,Positive,True,True,False,False,True,False,False,False,True,"In general, the second season is on the same level as the first. a little new learn about the main characters, there are a few new. what annoyed me both seasons, especially the last one, is that the members of the club neighbor still do not catch up that they are already friends, or simply do not want to admit it. although I communicate closely with each other every day for half a year, help each other, go to different events together and so on. in my opinion, such a relationship is just called friendly, but they say that it is all necessary only to make friends when they become popular.",True
NEUTRAL,"театр уж полон, ложи блещут большой театр bolshoi theatre",0.0,1.0,0.0,0.0,Neutral,3,3,Neutral,0.9995318651199341,neutral,3,Neutral,0.4901922345161438,neutral,3,Neutral,0.6970432996749878,Very Negative,1,Negative,0.6502607464790344,3,Neutral,0.5649354415083535,3,Neutral,0.0,3,Neutral,0.81,2.75,3,Neutral,Neutral,True,True,True,True,False,True,True,True,True,"The theatre is full, the lodges shine the big Bolshoi theatre",True
NEUTRAL,"свитер очень толстый, везде торчат нитки, белая полоска местами окрашена в розовый цвет",0.0,1.0,0.0,0.0,Neutral,3,3,Neutral,0.9855543375015259,neutral,3,Neutral,0.7669451236724854,neutral,3,Neutral,0.7041667699813843,Positive,5,Positive,0.75263911485672,3,Neutral,0.7088596790048314,3,Neutral,0.0,3,Neutral,0.69,3.25,3,Neutral,Neutral,True,True,True,True,False,True,True,True,True,"sweater is very thick, threads stick out everywhere, the white strip is sometimes painted pink.",True
POSITIVE,"не понимаю, как можно сравнивать с евангелионом? кроме того, что и там, и там есть мехи - общего нет.смотрела дважды - в подростковом возрасте и сейчас, в 24. но при первом просмотре аниме показалось слишком детским: рисовка, шутки, нелепые бои. но пересмотрев во второй раз я убедилась, что юмор тут как раз скорее взрослый. многих аналогий и карикатур просто не заметишь без двух десятков прожитых лет. перебор с пафосом - не недостаток, а скорее является изюминкой аниме. сюжет, текущие цели героев отходят на второй план, а на первый выносятся персонажи и их развитие. пройдя путь в 20 серий никто из персонажей не остался прежним и это именно то, за чем интересно наблюдать.обязательно к просмотру и пересмотру, 9 из 10 (снимаю балл за сбавляющую темп повествования середину аниме).",0.097,0.774,0.128,0.5499,Positive,5,5,Positive,0.9999760389328003,neutral,3,Neutral,0.800309956073761,positive,5,Positive,0.9967191815376282,Negative,1,Negative,0.6652393937110901,3,Neutral,0.7009573441756436,3,Neutral,0.0,3,Neutral,0.35,3.5,4,Positive,Positive,True,True,False,True,False,False,False,False,True,"I do not understand how you can compare with the gospel? except that there are mechs there, there is no general. I watched twice - in adolescence and now, at 24. but at the first viewing of the anime it seemed too childish: drawing, jokes, ridiculous fights. but after reviewing the second time, I made sure that humor here is just an adult. many analogies and caricatures simply will not notice without two dozen years lived. too much pathos - not a drawback, but rather is a highlight of the anime, the current characters, interesting from the second point of viewing of the 20 characters.",True
POSITIVE,"кеннет энгер является одним из самых влиятельных авангардных режиссеров хх века. в его фильмах, наполненных оккультной и сюрреалистической образностью, может быть множество прочтений, каждому свое. восход скорпиона является своеобразной попыткой режиссера разобраться в сути самого явления возникновения байкеров в современном мире. коллаж из мотоциклистов, обнаженной мускулатуры, свастик и религиозных символов на саундтреках поп-песен 50-х г.г. байкеры у него показаны как особая группа, стремящаяся выйти за рамки устоявшегося уклада современного общества. садомазохистская байкерская эстетика в фильме энгера становится бомбой для современной американской культуры. гомоэротизм, нацистские и религиозные символы используются режиссером как образы, способные взбудоражить людей. энгер великолепно обыгрывает в восходе скорпиона культ марлона брандо (фильм с его участием смотрит герой ленты) и джеймса дина (фотографии которого висят на стенах квартиры байкера). именно брандо с фильмом дикарь (1953) и джеймс дин с фильмом бунтарь без причины (1955) мрачными ангелами пронеслись по экранам америки, а уже за ними по городам и весям помчались парни в черных кожаных куртках, в обтянутых футболках и дранных джинсах с цепями, с набриолиненными коками а-ля элвис. восход скорпиона - один из самых сильных фильмов режиссера, чей неповторимый кинематографический стиль продолжает завораживать каждое новое поколение зрителей, знакомящихся с его творчеством.",0.0,0.955,0.045,0.7089,Positive,5,5,Positive,0.999907374382019,neutral,3,Neutral,0.5283267498016357,positive,5,Positive,0.9835954904556274,Neutral,3,Neutral,0.9260844588279724,5,Positive,0.5652761613568871,5,Positive,0.0,5,Positive,0.44653988289205715,4.5,4,Positive,Positive,True,True,False,True,False,True,True,True,True,"Kenneth Enger is one of the most influential avant-garde directors of the twentieth century. in his films, filled with occult and surreal imagery, there can be many familiar readings, to each his own. the rise of the scorpion is a kind of attempt by the director to understand the essence of the very phenomenon of the emergence of motorcycles, swastikas and religious symbols on the soundtracks of the 50s. the bikers are shown as a special group, seeking to go beyond the framework of the filmmakers of the modern Jacobite (the filmmakers) and the s in the fashionable fashion of the filmmakers from the jordokostokogorodnogorodnogorodnogorodnogorodnogorodnogorodnogorodnogorodnogorodnogorodnogorodnogo in the filmmakersovaniye in the modern style of the filmmakersovozhnogo (from the film to the filmmakers in the filmmakers in the modern era of the film).",True
NEUTRAL,"швы ровные, нитки в разные стороны ( не проблема, можно обрезать). материал просвечивает сильнее чем думала. материал неприятный на ощупь. носить не буду. деньги на ветер. сама виновата думала что за 228 руб можно что-то вменяемое купить своих денег может и стоит, но к покупке не рекомендую.",0.128,0.85,0.022,-0.7018,Negative,1,3,Neutral,0.6572950482368469,neutral,3,Neutral,0.8019431233406067,negative,1,Negative,0.7488747239112854,Very Negative,1,Negative,0.578342080116272,3,Neutral,0.5334806384508582,3,Neutral,0.0,3,Neutral,0.59,2.25,2,Negative,Neutral,False,True,True,False,False,True,True,True,False,"seams are smooth, threads in different directions (no problem, you can cut), the material shines through more than I thought. the material is unpleasant to the touch. I will not wear. money to the wind. I myself was to blame thought that for 228 rubles you can buy something sane to buy your money can and is worth, but I do not recommend buying.",True
POSITIVE,"фильм с самого начала затягивает какой-то легкостью и в то же время уверенностью повествования. на актеров приятно смотреть, шутки приятно слушать и смеешься над ними от души, и картинка такая приятная, дорого смотрится. в фильм я влюбился уже на первых минутах, и жадно смотрел в ожидании дальнейшего развития событий. главным плюсом назову то, что герои - настоящие. они говорят как твои знакомые, друзья. тут нет этой неестественности в речи, что чувствуется в очень многих картинах. и такое общение, знакомое и близкое - сразу располагает к себе. и ещё - герои очень забавные. не нелепые, а именно забавные и интересные. в них чувствуется внутренняя энергия. фильм будто бы от этого заряда разрывается, спешит куда-то, и это только на пользу - можно позаимствовать у кино энергию, подзарядиться. отдельно хочу поблагодарить автора диалогов. они самые остроумные. может со мной что-то не так, но у меня каждая следующая сцена, каждое действие и реплика персонажей вызывало восторг. про актеров и говорить нечего - все к месту и все замечательно сыграли. при каждом повторном просмотре получаю все тот же запал, от которого хочется жить, жить энергично, без притворства, быть самим собой. 10 из 10",0.041,0.702,0.257,0.9852,Positive,5,5,Positive,0.9997528195381165,neutral,3,Neutral,0.8791291117668152,positive,5,Positive,0.9991143345832825,Positive,5,Positive,0.825078547000885,3,Neutral,0.49261782348145144,3,Neutral,0.0,5,Positive,0.41,4.25,4,Positive,Positive,True,True,False,True,True,False,False,True,True,"The film from the very beginning draws some ease and at the same time the confidence of the narrative. on the actors are nice to look, jokes are pleasant to listen and laugh at them from the heart, and the picture is so pleasant, expensive looks. in the film I fell in love already in the first minutes, and greedily looked in anticipation of further development of events. the main advantage I will call that the characters are real. they speak like your friends. there is no such unnaturalness in speech that is felt in many pictures. and such communication, familiar and close to myself, and yet - the characters are very funny without a dialogue, I do not want to be excited about each scene. 10 out of 10",True
POSITIVE,"сегодня мой лутший день,я переполнен радостью за динамо и днепр,они в нелёхкой борьбе смогли победить своих соперников,бело-синие самие сильные,надеюсь черноморец сегодня покажет сегодня не хутший футбол чем другие нашие команды",0.259,0.588,0.153,-0.7717,Negative,1,5,Positive,0.9988980293273926,positive,5,Positive,0.808671236038208,positive,5,Positive,0.39814454317092896,Very Positive,5,Positive,0.6686608791351318,3,Neutral,0.453966452917445,3,Neutral,0.0,3,Neutral,0.6322015211625283,3.75,4,Positive,Positive,False,True,True,True,True,False,False,False,True,"Today is my worst day, I am filled with joy for the dynamo and the Dnieper, they in a difficult fight were able to defeat their rivals, the white and blue strongest, I hope the Black Seaer today will show not the worst football than our other teams.",True
NEUTRAL,"узко.мало.плечи не открыты почти. явная подделка на маленьких женщин до 42 ращмера xl будет смотреться нормально. на мой 50 размер налезло. но совсем не то,что на фото",0.102,0.845,0.053,-0.1641,Negative,3,3,Neutral,0.8976607918739319,neutral,3,Neutral,0.7417174577713013,negative,1,Negative,0.8165117502212524,Negative,1,Negative,0.7192672491073608,1,Negative,0.46123883293926826,1,Negative,0.0,3,Neutral,0.64,2.0,2,Negative,Neutral,False,True,True,False,False,False,False,True,False,narrow.shoulders are not open almost. a clear fake on small women up to 42 raschmer xl will look normal. on my 50 size fit. but not at all what in the photo,True
NEUTRAL,свекла очень мелкая,0.0,1.0,0.0,0.0,Neutral,3,3,Neutral,0.9317746758460999,neutral,3,Neutral,0.7456033229827881,negative,1,Negative,0.5245329141616821,Negative,1,Negative,0.7071797251701355,3,Neutral,0.6896656062400399,3,Neutral,0.0,3,Neutral,0.5464574092258726,2.5,2,Negative,Neutral,True,True,True,False,False,True,True,True,False,petite,True
NEGATIVE,"""посчастливилось"" мне вчера побывать на ельцовской, д.20, центр урегулирования убытков, после дтп. да, очередей нет, общаются корректно, но, где вы видели такие расценки: покраска двери со стороны водителя и крыло бампера (т.е. два полных элемента авто) замена корпуса зеркала дальнего вида в общую цену 13000руб.?! дайте мне адрес этой чудо мастерской, я схожу и посмотрю на этих мастеров. однозначно никому не рекомендую связываться с этой страховой! изначально все занижают, надеются на то, что мало людей пойдут оспаривать! nкроме того, вопрос о продлении моего полиса на страховку квартиры также уже не стоит, закрываю все полиса с данной страховой и прекращаю взаимодействие!",0.14,0.739,0.121,0.4958,Positive,5,1,Negative,0.9992471933364868,negative,1,Negative,0.669186532497406,negative,1,Negative,0.9982890486717224,Very Negative,1,Negative,0.6929062604904175,1,Negative,0.420428945552568,1,Negative,0.0,3,Neutral,0.4267966506211684,1.75,2,Negative,Negative,False,True,True,True,True,True,True,False,True,"""lucky"" I was yesterday to visit the Yeltsovskaya, D.20, the center of settlement of losses, after the accident. yes, there are no queues, communicate correctly, but where you saw such prices: painting the door from the driver's side and the bumper wing (ie, two full elements of the car) replacement of the body of the mirror in the total price of 13000 rubles.?! give me the address of this miracle workshop, I will go and look at these masters. definitely do not recommend anyone to contact this insurance! initially everyone underestimates, hope that few people will dispute the issue of closing my insurance policy, I also stop the policy!",True
NEGATIVE,"повествование рваное , избыток пафоса непонятных персонажей , из за чего мало что понятно , боёвка отвратительная цензура убрала всю атмосферу ужаса , в результате мы получаем невнятное затянутое мыльное кинцо , музыка ничего ,оценка 6 (пипец они сделали перезказ всего что тут происходило только в последней серии )",0.163,0.796,0.041,-0.7854,Negative,1,1,Negative,0.9998292922973633,negative,1,Negative,0.8780980706214905,negative,1,Negative,0.993914783000946,Very Negative,1,Negative,0.748572826385498,3,Neutral,0.5739314653851814,3,Neutral,0.0,3,Neutral,0.7394894387020995,1.75,2,Negative,Negative,True,True,True,True,True,False,False,False,True,"story ragged, an excess of pathos of incomprehensible characters, because of which little is clear , combat disgusting censorship removed all the atmosphere of horror , as a result we get a slurred long soap kinzo , music nothing , score 6 (kick-ass they made a retelling of everything that happened here only in the last series )",True
NEUTRAL,"первое что приглянулось в этом аниме- красивая рисовка, хотя сначала размер глаз юки немного пугал, замечательное музыкальное сопровождение, море романтики, яркие герои и, пожалуй самое главное, интересный и захватывающий сюжет, который не отпускал меня до самого конца, так я и посмотрела аниме за ночь и хотя я ходила потом как зомби, о потраченном времени и бессонной ночи я не жалела, это аниме действительно стоило того. конечно, помимо романтики тут присутствует не меньше драмы, чего стоит вечно страдающий зеро. на протяжении аниме чувствуется действительно жуткая вампирская атмосфера, ее дополняет так же леденящий душу эндинг. аниме стоит смотреть любителям романтики и таких загадочных и легендарных созданий как вампиры.",0.057,0.628,0.315,0.9882,Positive,5,3,Neutral,0.9999691247940063,positive,5,Positive,0.5142215490341187,positive,5,Positive,0.9987055063247681,Positive,5,Positive,0.8253636956214905,3,Neutral,0.4074411333817811,5,Positive,0.0,3,Neutral,0.45,4.25,4,Positive,Neutral,False,True,False,False,False,True,False,True,False,"The first thing that attracted me in this anime is a beautiful drawing, although at first the size of the yuki eyes was a little scary, a wonderful musical accompaniment, a sea of romance, bright heroes and, perhaps most importantly, an interesting and exciting plot that did not let me go to the very end, so I watched the anime overnight and although I went later like a zombie, I did not regret it, this anime was really worth it. Of course, in addition to romance, there is no less drama, which is eternally suffering zero. During the anime, you feel really creepy vampire atmosphere during the anime, as well as a lover of the legendary one.",True
NEGATIVE,"защиту не продлили,товар не получилабуду открывать спор(.очень жаль",0.213,0.787,0.0,-0.4019,Negative,1,1,Negative,0.9969879984855652,negative,1,Negative,0.8543767929077148,negative,1,Negative,0.9980654120445251,Negative,1,Negative,0.5937396287918091,3,Neutral,0.5183030697518803,3,Neutral,0.0,1,Negative,0.8835243236680382,1.5,2,Negative,Negative,True,True,True,True,True,False,False,True,True,"I didn't get the protection extended, I didn't get to open the dispute.",True
NEUTRAL,"безумные расценки на услуги. предложить нечего, но оплата дикая! обычный спортзал с обычными услугами, ни чего особенного, кроме цен. я так думаю с такими раскладами не долго продержится.",0.143,0.857,0.0,-0.4903,Negative,1,3,Neutral,0.9999613761901855,neutral,3,Neutral,0.5352062582969666,negative,1,Negative,0.9989858269691467,Very Negative,1,Negative,0.796613872051239,3,Neutral,0.6721834203134407,3,Neutral,0.0,3,Neutral,0.78,2.25,2,Negative,Neutral,False,True,True,False,False,True,True,True,False,"There is nothing to offer, but the payment is wild! an ordinary gym with ordinary services, nothing special except prices.",True
NEGATIVE,"ждала долго, но так ничего и не получила :'(",0.0,1.0,0.0,0.0,Neutral,3,1,Negative,0.8946062326431274,negative,1,Negative,0.5785960555076599,negative,1,Negative,0.9928621649742126,Negative,1,Negative,0.573388397693634,3,Neutral,0.5646569221908089,3,Neutral,0.0,5,Positive,0.7163647717631211,2.25,2,Negative,Negative,False,True,True,True,True,False,False,False,True,"I waited a long time, but I didn’t get anything.",True
NEUTRAL,"не понимаю, почему у этого спешла такая низкая оценка? на мой взгляд это довольно забавное дополнение к сериалу, которое не раскрывает никаких персонажей, но ведь это и не нужно! гораздо веселее было наблюдать за особо выраженные ""бзики"" большинства персонажей оригинального сериала. согласен, это не шедевр, но твердой семерки заслушивает, а я и вовсе поставлю 8 крокетов из 8",0.096,0.738,0.167,0.77,Positive,5,3,Neutral,0.9892048835754395,neutral,3,Neutral,0.7325568795204163,positive,5,Positive,0.9996514320373535,Negative,1,Negative,0.42334091663360596,3,Neutral,0.7291705405849618,3,Neutral,0.0,3,Neutral,0.6248582071215054,3.25,3,Neutral,Neutral,False,True,True,False,False,True,True,True,True,"I don’t understand why this has such a low rating? in my opinion, this is a rather funny addition to the series, which does not reveal any characters, but it is not necessary! it was much more fun to watch the especially pronounced “blinks” of most of the characters of the original series. I agree, this is not a masterpiece, but a solid seven hears, and I will put 8 croquets out of 8.",True
NEUTRAL,"шла кофта примерно 1 мес в спб,размер м даже на рост 160 и вес 53 кг коротковат,носить только с джинсами с высокой талией,на голое тело кофта колится",0.051,0.949,0.0,-0.2263,Negative,3,3,Neutral,0.9977026581764221,neutral,3,Neutral,0.7649372220039368,neutral,3,Neutral,0.6836497783660889,Neutral,3,Neutral,0.6889910697937012,3,Neutral,0.40405417706352154,5,Positive,0.0,5,Positive,0.55,3.5,4,Positive,Neutral,False,True,True,True,True,True,False,False,False,"was a sweater about 1 month in St. Petersburg, the size of m even for a height of 160 and a weight of 53 kg is short, wear only with jeans with a high waist, on the naked body the sweater pricks.",True
NEUTRAL,"странное место, вроде ресторан морепродуктов, интерьер никаким образом на это не намекает. не вкусно, понравилось мясо креветки сверху, остальное на 3-ку, рано закрывается. лучше пойти в хвосты и клешни он в 5 минутах пешком. были и там и там, в клешнях вкуснее.",0.106,0.773,0.121,0.2187,Positive,3,3,Neutral,0.7338476181030273,neutral,3,Neutral,0.7975807189941406,negative,1,Negative,0.9949894547462463,Negative,1,Negative,0.4962272047996521,3,Neutral,0.6639623962421303,3,Neutral,0.0,3,Neutral,0.4,2.5,2,Negative,Neutral,False,True,True,False,False,True,True,True,False,"a strange place, like a seafood restaurant, the interior in no way hints at it. not tasty, liked the meat of the shrimp on top, the rest on 3, closes early. it is better to go to the tails and claws it in 5 minutes on foot. were there and there, in the claws tastier.",True
NEUTRAL,очень вкусное! лучшее из нулевок!,0.0,0.498,0.502,0.7225,Positive,5,3,Neutral,0.5746737718582153,positive,5,Positive,0.983100175857544,positive,5,Positive,0.6075947284698486,Very Positive,5,Positive,0.6278219819068909,3,Neutral,0.6896656062400399,3,Neutral,0.0,3,Neutral,0.5464574092258726,4.0,4,Positive,Neutral,False,True,False,False,False,True,True,True,False,Very tasty! the best of zero!,True
NEUTRAL,"мясо хорошее, но мне хотелось бы получить его одним куском, так как хотела запечь. а эти два кусочка даже на отбивные поехать весьма проблематично.",0.121,0.733,0.147,-0.0231,Neutral,3,3,Neutral,0.9998416900634766,neutral,3,Neutral,0.7698614597320557,neutral,3,Neutral,0.5984817147254944,Very Negative,1,Negative,0.4997631907463074,3,Neutral,0.8048207502768376,3,Neutral,0.0,3,Neutral,0.59,2.75,3,Neutral,Neutral,True,True,True,True,False,True,True,True,True,"The meat is good, but I'd like to get it in one piece, because I wanted to bake it, and these two pieces even go on chops is very problematic.",True
POSITIVE,"русские, - народ, воюющий с энтропией, со смертью. у нас есть ряд восхитительных сказок, где главный герой, шутливо побеждает и иногда пленяет смерть. русские в своей культуре менее всего боятся смерти и воспринимают ее как то иногда даже слишком спокойно. это кардинальная разница с католической, и уже тем более протестантской культурой ужаса перед смертью, этих пугающих изображений и произведений искусства призванных внушить страх перед смертью. только западная цивилизация могла породить такой феномен как массовое распространение фильмов ужасов, все эти ужастики, хеллоуины, и прочий треш, все это не могло родиться у нас, в рамках нашей культуры. отмечу еще, что больная цивилизация, так как только больная культура способна порождать такие культурные феномены. в россии, с ее культурой могли родиться такие мечтатели как федоров с его идеей общего дела и оживления мертвых, преодоления смерти. русская культура наполнена красками и радостью, любовью к жизни. явная противоположность дегенеративным позывам западной культуры и сумрачному германскому гению .",0.262,0.633,0.105,-0.9837,Negative,1,5,Positive,0.9983847141265869,negative,1,Negative,0.6238621473312378,positive,5,Positive,0.8022398948669434,Very Negative,1,Negative,0.5155658721923828,3,Neutral,0.42139908184933594,3,Neutral,0.0,3,Neutral,0.52,2.75,3,Neutral,Positive,False,True,False,True,False,False,False,False,False,"Russians, a people at war with entropy, with death. we have a number of delightful fairy tales where the main character, jokingly wins and sometimes captivates death. Russians in their culture are least afraid of death and perceive it as something sometimes too calm. this is a cardinal difference with the Catholic, and even more so the Protestant culture of horror before death, these frightening images and works of art designed to inspire fear of death. only Western civilization could give rise to such a phenomenon as the mass distribution of horror films, all these horrors, Halloween, and other thrash, all this could not be born from the Germanic culture, filled with such a dead culture, as a cultural phenomenon, which could be born from our common culture, as a fascination with such a disease.",True
NEGATIVE,"увы, это моя самая неудачная покупка на али. во первых, продавец отправил заказ за считанные часы до автоматической отмены заказа, то есть все 10 дней. во вторых, полностью разочарована ее видом и качеством. сам ""мех"" толи стрижен, толи брит криво. ткань, имитирующая кожу или замшу, просто невнятный тканевой материал. для сравнения купленная дочке жилетка имеет кожаные вставки. около горловины вырезано неаккуратно, из-за чего получились проплешины с торчащими клочками меха. крючки меньшее из зол, но и они пришиты бестолково и только до середины, их не просто перешивать, а переносить и докупать минимум один. вообщем, я бы и за 500 руб такое не купила, выброшенные деньги. вроде хороший магазин, но это просто жесть. носить не буду точно((",0.097,0.894,0.01,-0.7538,Negative,1,1,Negative,0.9889246821403503,negative,1,Negative,0.5977006554603577,negative,1,Negative,0.8711944818496704,Very Negative,1,Negative,0.7666845321655273,3,Neutral,0.5245843040148124,3,Neutral,0.0,1,Negative,0.43,1.5,2,Negative,Negative,True,True,True,True,True,False,False,True,True,"Alas, this is my most unsuccessful purchase on Ali. firstly, the seller sent the order in a matter of hours before the automatic cancellation of the order, that is, all 10 days. secondly, completely disappointed with its appearance and quality. the ""fur"" itself is sheared, or shaves crooked fabric, imitating leather or suede, just slurred fabric material. for comparison, the vest bought to the daughter has leather inserts. near the neck is cut careless, because of which the bald patches with sticking out bits are cut, or crooked. 500 clothing, but I just do not wear them to the middle, but just do not wear them.",True
NEGATIVE,очень нравился вкус этой колбасы. но последний раз купила по акции 2 батона. одна соль. есть невозможно. не заслуживает и одной звезды.,0.0,0.898,0.102,0.2609,Positive,3,1,Negative,0.9977622032165527,neutral,3,Neutral,0.7726895213127136,neutral,3,Neutral,0.5404590964317322,Negative,1,Negative,0.45735082030296326,1,Negative,0.5577356775883349,1,Negative,0.0,1,Negative,0.5442012451195873,1.75,2,Negative,Negative,False,True,False,False,True,True,True,True,True,"I really liked the taste of this sausage, but the last time I bought a stock of 2 bars. one salt is impossible.",True
NEUTRAL,"в здании давно большинство арендаторов. не знаю, работает ли вообще моспроект в этом здании. само здание недалеко от метро. работают 2-3 лифта из 8.",0.0,1.0,0.0,0.0,Neutral,3,3,Neutral,0.9999949932098389,neutral,3,Neutral,0.7706602811813354,negative,1,Negative,0.47085845470428467,Neutral,3,Neutral,0.5417187809944153,3,Neutral,0.7657407845650176,3,Neutral,0.0,3,Neutral,0.6065704741633037,2.75,3,Neutral,Neutral,True,True,True,False,True,True,True,True,True,"In the building for a long time, most tenants. I do not know whether the mosproekt works in this building. the building itself is not far from the metro. 2-3 elevators out of 8 work.",True
NEUTRAL,"ну не знаю, не знаю. начало и правда довольно хорошее, красивый бой, музыка, операторская работа, но в процессе развития фильм как-то утопает в банальности, и в отсутствие актёрского таланта. панин без всяких упрёков играет просто на ура, но я не могу тоже самое сказать про никифорова, я как то не особо заметил какой то талант у молодого парня. не заметил и у девушки, и даже у безрукова как то глупо звучат слова, мол передавай привет от саши белого. кстати привет передаётся всё тому же панову, который уже поменял ф.и.о., отсидел, и у него даже остался большой шрам на спине от предыдущего привета саши белого в бригаде.:) конечно есть и позитивная сторона этой ленты, есть и красивые моменты, особенно падающий шелк в театре, из под которого медленно появляется чёрная фигура киллера, есть и не плохой сценарий, и ещё некоторые вещи, но в целом фильм меня не порадовал. особенно своей концовкой.",0.114,0.705,0.181,0.8208,Positive,5,5,Positive,0.8492597937583923,neutral,3,Neutral,0.4678131341934204,negative,1,Negative,0.9189745187759399,Negative,1,Negative,0.6745023727416992,3,Neutral,0.5543565081316069,3,Neutral,0.0,3,Neutral,0.43,3.0,3,Neutral,Neutral,False,False,True,False,False,True,True,True,True,"I don't know, I don't know. the beginning is really quite good, beautiful fight, music, camera work, but in the process of development, the film somehow drowns in banality, and in the absence of acting talent. Panin without any reproaches plays just hurrah, but I can't say the same about Nikiforov, I somehow didn't notice any talent in the young guy. I didn't notice even the girl, and even the headless ones sound like stupid words, saying hello from Sasha white. By the way, hello to the same panov, who has already changed the name.",True
NEGATIVE,"youtube ввел нововведение: теперь видеохостинг не отображает просмотры, собранный роликами на сторонних сайтах. мнененравится",0.0,0.86,0.14,0.3818,Positive,5,1,Negative,0.999914288520813,neutral,3,Neutral,0.78844153881073,positive,5,Positive,0.9874516129493713,Negative,1,Negative,0.7714999318122864,1,Negative,0.41117900666600604,1,Negative,0.0,3,Neutral,0.3854754008472792,2.5,2,Negative,Negative,False,True,False,False,True,True,True,False,True,YouTube introduced an innovation: now video hosting does not display views collected by videos on third-party sites.,True
NEUTRAL,"ничего особенного по вкусу, а рыбное блюдо - полный провал (похоже было, что вместо палтуса принесли, что-то другое). обслуживание приятное.",0.236,0.764,0.0,-0.6765,Negative,1,3,Neutral,0.9863278865814209,neutral,3,Neutral,0.632226824760437,negative,1,Negative,0.8546302914619446,Negative,1,Negative,0.6710891723632812,1,Negative,0.9263461654383176,1,Negative,0.0,1,Negative,0.5604511581743203,1.5,2,Negative,Neutral,False,True,True,False,False,False,False,False,False,"nothing special to taste, and the fish dish is a complete failure (it seemed that instead of halibut brought something else).",True
POSITIVE,огромное спасибо за ваши своевременные услуги . всем здоровьях и творческих успехов в новом 2022 году !,0.0,0.598,0.402,0.8553,Positive,5,5,Positive,0.998986542224884,positive,5,Positive,0.9614487886428833,positive,5,Positive,0.9949355721473694,Very Positive,5,Positive,0.7714779376983643,5,Positive,0.9845498180462443,5,Positive,0.0,5,Positive,0.6912034449104901,5.0,5,Positive,Positive,True,True,True,True,True,True,True,True,True,Thank you very much for your timely services . all health and creative success in the new 2022!,True
NEUTRAL,очень много статики - липнет ко всему: к телу к двери - ко всему. знали бы - не стали бы заказывать. цвет пришел не бордовый,0.0,1.0,0.0,0.0,Neutral,3,3,Neutral,0.9929552674293518,neutral,3,Neutral,0.8417859077453613,neutral,3,Neutral,0.42541980743408203,Negative,1,Negative,0.49831733107566833,3,Neutral,0.5273483786017432,3,Neutral,0.0,5,Positive,0.42300109744195113,3.0,3,Neutral,Neutral,True,True,True,True,False,True,True,False,True,a lot of static - sticks to everything: to the body to the door - to everything.,True
NEUTRAL,"замечательная вещь!хорошая последовательность истории,расположение кадров,нет тотального нашествия чибиков,поэтому ощущается некая серьёзность.рисовка очень понравилась,несмотря на то,что она по большей степени условна,но есть в ней какая то естественность и чувственность.сюжет очень простой и всё же не оставляет равнодушным.очень понравились финальные зарисовки учеников,которые проживают свою юность,проходят через свой внутренний мир и пытаются искать свой путь.такие аниме можно смотреть и смотреть,они очень добрые. люблю вот я школьные истории!",0.018,0.825,0.157,0.8774,Positive,5,3,Neutral,0.9739649295806885,positive,5,Positive,0.9786471128463745,positive,5,Positive,0.9992679953575134,Positive,5,Positive,0.6950228810310364,3,Neutral,0.5625188611010203,3,Neutral,0.0,3,Neutral,0.49,4.0,4,Positive,Neutral,False,True,False,False,False,True,True,True,False,"a wonderful thing! a good sequence of history, the location of the cadres, there is no total invasion of chibiks, so there is a certain seriousness.The drawing is very liked, despite the fact that it is mostly conditional, but there is some kind of naturalness and sensuality in it.The plot is very simple and yet does not leave indifferent.I really liked the final sketches of students who live their youth, pass through their inner world and try to look for their way.",True
NEGATIVE,"бестолковое аниме. некоторые сравнивают его с оверлордом, но в оверлорде логичности в плане структуры повествования побольше будет, да и персонажи далеко не все безликие хотя бы за счёт внешнего образа. тут же раскрытие персонажей практически нулевое (за 6 то просмотренных серий). персонажи совсем уж шаблонны. сюжета, считай, что и нет. но худшее в этом аниме - это гг: пустой, глупый, мэрисьюшный (то бишь имба). не особо чем цепляющий гг - это, конечно, не редкое явление в исекаях, но тут даже зацепиться не за что, чтобы хотя бы попытаться оправдать то, что гг просто никакой (по типу:""нуу, гг не очень, за то персонажи второго плана прикольные или там бэкграунд"").",0.092,0.862,0.046,-0.5513,Negative,1,1,Negative,0.9999260902404785,negative,1,Negative,0.8018754720687866,negative,1,Negative,0.9993064403533936,Negative,1,Negative,0.7534272074699402,1,Negative,0.7031314401658398,1,Negative,0.0,3,Neutral,0.56,1.25,1,Negative,Negative,True,True,True,True,True,True,True,False,True,"stupid anime. some compare it with an overlord, but in the overlord logic in terms of the structure of the narrative will be more, and the characters are not all faceless at least due to the external image. immediately the disclosure of the characters is almost zero (for 6 episodes viewed). the characters are quite template. the plot, consider that not. but the worst in this anime is years: empty, stupid, mayoryuska (that is, not much than catching ? - this is, of course, not a rare phenomenon in the second series.",True
NEGATIVE,"жесткая, с хрящами. не рекомендую",0.467,0.533,0.0,-0.3632,Negative,1,1,Negative,0.999622106552124,negative,1,Negative,0.520858883857727,negative,1,Negative,0.573789119720459,Negative,1,Negative,0.5172149538993835,3,Neutral,0.5298840322374212,3,Neutral,0.0,3,Neutral,0.47536645372567526,1.75,2,Negative,Negative,True,True,True,True,True,False,False,False,True,"Hard, with cartilage. I don't recommend it.",True
NEUTRAL,дочка попросила больше не заказывать. эта вода ей не понравилась.,0.154,0.846,0.0,-0.3343,Negative,1,3,Neutral,0.9700029492378235,neutral,3,Neutral,0.6415256857872009,negative,1,Negative,0.6478256583213806,Negative,1,Negative,0.8223850727081299,1,Negative,0.4742448196820725,1,Negative,0.0,3,Neutral,0.4193464981126642,1.75,2,Negative,Neutral,False,True,True,False,False,False,False,True,False,My daughter asked me not to order any more. She didn't like the water.,True
POSITIVE,"очень сильная эмоциональная психологическая драма. сюжет повествует о том как группа друзей, несколько семейных пар с детьми отправляются на выходные к каспийскому морю. с ними едет и элли - учительница одной из девочек, с целью познакомиться там с молодым человеком. выходные в тесной компании проходят весело, пока однажды не происходит трагедия, после чего возникает много вопросов и всплывают интересные факты об элли. перед нами один из ранних фильмов уже успевшего засветиться с фильмом развод надера и симин и взявшего оскар в этом году - иранского режиссера асгара фархади. этот фильм тоже повествует об иранском обществе и поднимающий довольно серьезные темы: чувство вины, ответственность за себя, свои поступки и близкого человека и о случайности, которая зачастую играет в жизни очень большую роль. этот фильм, как и нашумевший развод надера и симин, тоже получился довольно камерный, напряженный и драматичный, заставляющий думать и размышлять с отличной актерской игрой, стоит заметить что в этом фильме даже тот же актерский состав, видимо у режиссера сложилась своя постоянная команда, плюс примкнувшая к ним красавица - голшифте фарахани ( цыпленок с черносливом ). фильм с первых же кадров засасывает вас в водоворот событий с живыми и искренними персонажами, интересным сценарием и держит в напряжении до самого конца. фильм получил приз берлинского кинофестиваля за лучшую режиссёрскую работу. рекомендую к просмотру.",0.025,0.849,0.126,0.9704,Positive,5,5,Positive,0.999862790107727,neutral,3,Neutral,0.6863482594490051,positive,5,Positive,0.992419421672821,Neutral,3,Neutral,0.467035710811615,3,Neutral,0.7282284213533586,3,Neutral,0.0,3,Neutral,0.69,3.75,4,Positive,Positive,True,True,False,True,False,False,False,False,True,"a very strong emotional psychological drama. the plot tells how a group of friends, several couples with children go on a weekend to the Caspian Sea. with them goes Ellie - a teacher of one of the girls, in order to get acquainted there with a young man. the weekend in close company are fun, until one day there is a tragedy, after which interesting facts about Ellie arise and before us one of the early films that has already managed to light up with an interesting film divorce and an Oscar this year - the Iranian director Asgar Farhadi, this film also narrates the film about the film in the Iranian events, until the actor, who is very close to this story with his own life, and who is also playing the best in the film, with the film, who is very close to you, and who is also playing with the film, with the film, with the film, with the best of the film, with the film, and who is also having his own experience of the film, with the film, who has a rather serious role of the film, with the film, and who is also the film, with the film, with the film, with his own, with the film, with the film, with the",True
POSITIVE,"великолепный салон с невероятно красивыми платьями! салон был первым в списке на примерку платьев и последним, тут случилась любовь с платьем мечты! спасибо консультатну элине за чуткий подход",0.0,0.597,0.403,0.9421,Positive,5,5,Positive,0.999859094619751,positive,5,Positive,0.989697277545929,positive,5,Positive,0.9321743249893188,Very Positive,5,Positive,0.8114834427833557,5,Positive,0.9360848063015481,5,Positive,0.0,5,Positive,0.956161829816694,5.0,5,Positive,Positive,True,True,True,True,True,True,True,True,True,"magnificent salon with incredibly beautiful dresses! the salon was the first in the list for fitting dresses and the last, there was love with a dream dress!",True
NEGATIVE,"покупала платье в рассрочку в первый раз, пришла в пункт выдачи, платье отдали, сходила примерила, затем подошла к девушке уточнить детали рассрочки (как проходит оплата и т.д.) на что она мне ответила, что необходимо скачать приложение мокка и уже оттуда будет происходить оплата. я, благословясь, покинула данное место. через час позвонила девушка, представившись работником пункта выдачи ламода и сообщила, что, видите ли, мне необходимо было подойти с паспортом и оформить рассрочку, хотя я, как ранее говорила, подходила уточнить детали рассрочки. в приказном тоне она потребовала мне вернуться с паспортом и оформить рассрочку, либо вернуть платье в этот же день. извините меня, но у меня есть другие свои дела, и в пункт я не смогу сегодня подойти, о чем я вежливо сообщила. затем мне минут через 10 позвонила другая девушка, которая потребовала все то же самое, а в конце припугнула полицией. я ответила, что некомпетентность ваших сотрудников - это не моя проблема, я подходила и уточняла насчёт рассрочки, я подойду, но завтра. на что эта дама ответила, что это все - сугубо мои проблемы, и они будут смотреть по камерам и слушать наш разговор. спасибо данному пункту, некомпетентности и грубости данных работников за испорченный деньnтакже в пункте выдачи очень грязные примерочные, платье выдали в рваном пакете.",0.0,0.967,0.033,0.775,Positive,5,1,Negative,0.9999196529388428,neutral,3,Neutral,0.6495348215103149,negative,1,Negative,0.9980508089065552,Neutral,3,Neutral,0.8322876691818237,1,Negative,0.44408609250538666,1,Negative,0.0,1,Negative,0.39,2.0,2,Negative,Negative,False,True,False,True,False,True,True,True,True,"bought the dress in installments for the first time, came to the point of issue, the dress was given, went to try on, then went to the girl to clarify the details of the installment (how the payment is, etc.) to which she answered me that it is necessary to download the mocha appendix and already from there the payment will occur. I, blessed, left this place. after an hour, the girl called, posing as an employee of the point of issue of the lamoda and said that, see, I needed to come up with a passport and issue an installment, although I, as previously said, also came to clarify the details of the installments in the order of the example of the installment of the employees, and then I did not ask for my own issue, but I did not respond to my friend, but I did not answer to my question, and I did not answer to my question, but I did not answer to my own, on the other point of the same day, but I did not answer, I did not ask for my question, but I did not ask for my question, on my own, but I did not ask for my own, on the same thing, and",True
POSITIVE,классное место рязани. чисто. уютно. есть прокат самокатов и великов на территории. хорошие фото на фоне природы.,0.0,0.717,0.283,0.7845,Positive,5,5,Positive,0.9989159107208252,positive,5,Positive,0.9917964935302734,positive,5,Positive,0.5127421617507935,Positive,5,Positive,0.83768630027771,5,Positive,0.47880080893306265,5,Positive,0.0,3,Neutral,0.7000175851404371,4.75,5,Positive,Positive,True,True,True,True,True,True,True,False,True,cool place of ryazan. clean. cozy. there is a rental of scooters and bikes on the territory. good photos against the background of nature.,True
POSITIVE,"замечательный театр, великолепная игра актеров.nспектакль "" женитьба бальзаминова "" очень понравился. все актеры играли бесподобно, особенно ирина вадимовна муравьева.",0.0,0.489,0.511,0.9401,Positive,5,5,Positive,0.9983645081520081,positive,5,Positive,0.9814624786376953,positive,5,Positive,0.9943324327468872,Positive,5,Positive,0.8755291700363159,5,Positive,0.6538448881746601,5,Positive,0.0,5,Positive,0.71,5.0,5,Positive,Positive,True,True,True,True,True,True,True,True,True,"wonderful theater, great acting.n play ""Marriage of Balzaminov"" very much liked. all the actors played incomparable, especially Irina Vadimovna Ant.",True
NEUTRAL,все в лес.уединяться.,0.0,1.0,0.0,0.0,Neutral,3,3,Neutral,0.9999058246612549,neutral,3,Neutral,0.6649208068847656,neutral,3,Neutral,0.9937902092933655,Very Negative,1,Negative,0.34912264347076416,3,Neutral,0.5298840322374212,3,Neutral,0.0,3,Neutral,0.47536645372567526,2.75,3,Neutral,Neutral,True,True,True,True,False,True,True,True,True,Everybody in the woods.,True
NEUTRAL,"мясо неплохое, но перемороженное",0.0,0.719,0.281,0.2382,Positive,3,3,Neutral,0.9517673254013062,neutral,3,Neutral,0.5554295778274536,neutral,3,Neutral,0.6104676127433777,Positive,5,Positive,0.7691474556922913,1,Negative,0.4851488392822797,1,Negative,0.0,1,Negative,0.8725158850072134,2.5,2,Negative,Neutral,False,True,True,True,False,False,False,False,False,"The meat is good, but frozen.",True
NEUTRAL,"кофту прислали, ну с браком(( зацепка на рукаве. не приятно. в целом все норм",0.161,0.714,0.125,-0.1536,Negative,3,1,Negative,0.6569917798042297,neutral,3,Neutral,0.6546653509140015,negative,1,Negative,0.7400364279747009,Negative,1,Negative,0.6764304637908936,5,Positive,0.6500932403652158,5,Positive,0.0,5,Positive,0.86,3.0,3,Neutral,Neutral,False,False,True,False,False,False,False,False,True,"The shirt was sent, well, with marriage (the lead on the sleeve, not pleasant.",True
POSITIVE,товар пришел быстро в хорошем состоянии.чуть рукава меньше,0.0,0.756,0.244,0.4404,Positive,5,5,Positive,0.9831476211547852,positive,5,Positive,0.9129245281219482,positive,5,Positive,0.9996243715286255,Positive,5,Positive,0.9283353090286255,5,Positive,0.5889895501354969,5,Positive,0.0,5,Positive,0.4988198895492715,5.0,5,Positive,Positive,True,True,True,True,True,True,True,True,True,The goods came quickly in good condition. a little less sleeves,True
NEGATIVE,"заехала с проблемой шумастука постороннего и сделать развал.nв итоге сделали развал полный и сказали, что стука быть не должно. поправили пыльник. уехала, машину так и вело влево. приехала на след.день, сказали, что надо рулевые наконечники менять и потом снова делить развал. чистый развод. была обозначена проблема с посторонним шумом, а они даже не посмотрели ходовую, что делают в других сервисах прежде, чем делать развал. единственное что предложили в свое оправдание, что при условии, если буду ходовую делать у них, то на развал будет скидка.",0.156,0.808,0.036,-0.9325,Negative,1,1,Negative,0.9998549222946167,negative,1,Negative,0.6984408497810364,negative,1,Negative,0.9956784844398499,Negative,1,Negative,0.4750635325908661,3,Neutral,0.5604648033397822,3,Neutral,0.0,1,Negative,0.44,1.5,2,Negative,Negative,True,True,True,True,True,False,False,True,True,"I drove with the problem of stranger noise and make a collapse.n in the end made a complete collapse and said that the knock should not be. corrected the anther. left, the car and led to the left. came to the next day, said that it is necessary to change the steering tips and then again divide the collapse. a clean divorce. was marked by a problem with extraneous noise, and they did not even look at the running, what they do in other services before making a collapse. the only thing that offered in their defense, that if I run do them, then the collapse will be a discount.",True
NEUTRAL,средневековый рынок в зигбурге))),0.0,1.0,0.0,0.0,Neutral,3,3,Neutral,0.9995530247688293,neutral,3,Neutral,0.9082053899765015,neutral,3,Neutral,0.5072453022003174,Neutral,3,Neutral,0.7576303482055664,3,Neutral,0.7024332240085902,3,Neutral,0.0,3,Neutral,0.5601865612402291,3.0,3,Neutral,Neutral,True,True,True,True,True,True,True,True,True,Zigburg medieval market),True
POSITIVE,"заказ доставили курьером на дом. пришел в воронеж за месяц. трек полностью отслеживался и сдек звонил заранее, за день до доставки. теперь о костюме. цвет костюма -пудрово-розовый. мех на капюшоне -натуральный. тонковат , на теплую зиму. азмер мои параметры: 164 см рост. ог -94, от -70, об-95см. вес 64. плечи -40 см. российские размер мой м -l., в зависимости от производителя. размер костюма брала 2xl, по совету продавца. , который был очень любезен и всегда на связи. единственный косяк, я считаю, куртка узковата немного в пройме, под мышками, возможно это такой фасон. к покупке рекомендую.",0.0,0.932,0.068,0.7322,Positive,5,5,Positive,0.9976296424865723,positive,5,Positive,0.897693395614624,positive,5,Positive,0.8145673871040344,Neutral,3,Neutral,0.7912039160728455,5,Positive,0.6521663940142857,5,Positive,0.0,3,Neutral,0.39,4.5,4,Positive,Positive,True,True,True,True,False,True,True,False,True,"The order was delivered by courier to the house. came to the Voronezh for a month. the track was fully tracked and the deck rang in advance, the day before delivery. now about the costume. the color of the suit - powder-pink. fur on the hood - natural. thin. azmer my parameters: 164 cm tall. og -94, from -70, about-95 cm. weight 64. shoulders -40 cm. the Russian size of my m -l., depending on the manufacturer. the size of the suit took 2xl, on the advice of the seller. , who was very thin for a warm winter, we always recommend a little bit of such a chicken.",True
POSITIVE,"прекрасный отель, начиная с ресепшена, встретила нас администратор айгуль приветливо, доброжелательно. в номере чисто, уютно, всё новое. бассейн чистый с подогревом, лежаки свободные. на территории кухня, очень вкусно готовят, санитарные условия соблюдаются.персонал решает всё возникшие вопросы. расположен недалеко от пляжа, это большой плюс. в планах в следующий раз отдыхать только в этом отеле.",0.0,0.737,0.263,0.9643,Positive,5,5,Positive,0.9984344840049744,positive,5,Positive,0.9817111492156982,positive,5,Positive,0.994997501373291,Positive,5,Positive,0.8008195757865906,5,Positive,0.8479365817612413,5,Positive,0.0,5,Positive,0.64,5.0,5,Positive,Positive,True,True,True,True,True,True,True,True,True,"beautiful hotel, starting with the reception, met us the administrator aigul friendly, friendly. in the room clean, cozy, everything new. the pool is clean with heating, sunbeds are free. on the territory of the kitchen, very tasty cooking, sanitary conditions are observed. the staff solves all the issues. located near the beach, this is a big plus. in plans next time to rest only in this hotel.",True
POSITIVE,"все по размеру. мой ог 133, от 120. длинная, ткань приятная, хлопок. шло вроде норм, трек отслеживался. спасибо продавцу",0.0,0.751,0.249,0.6486,Positive,5,5,Positive,0.9990807771682739,positive,5,Positive,0.985007107257843,positive,5,Positive,0.9430213570594788,Very Negative,1,Negative,0.4432690441608429,3,Neutral,0.4372326750862377,3,Neutral,0.0,5,Positive,0.66,4.0,4,Positive,Positive,True,True,True,True,False,False,False,True,True,"everything in size. my og 133, from 120. long, nice fabric, cotton. went like normal, track track track.",True
NEUTRAL,"при прибытии у куртки был неприятный запах. так же, куртка маловата, и это печально",0.307,0.693,0.0,-0.7351,Negative,1,3,Neutral,0.9991230368614197,neutral,3,Neutral,0.6727098822593689,negative,1,Negative,0.7155658602714539,Negative,1,Negative,0.8523113131523132,1,Negative,0.5095515319479724,1,Negative,0.0,3,Neutral,0.52,1.75,2,Negative,Neutral,False,True,True,False,False,False,False,True,False,"When I arrived, the jacket had an unpleasant odor. Also, the jacket is small, and it's sad.",True
NEGATIVE,"превращается в кашу, в соус, во что угодно.это не лечо, однозначно. вкус тоже не соответствует. брать не буду больше.",0.22,0.78,0.0,-0.5448,Negative,1,1,Negative,0.9874421954154968,neutral,3,Neutral,0.5369320511817932,neutral,3,Neutral,0.677419900894165,Very Negative,1,Negative,0.5056997537612915,5,Positive,0.5534536773189921,5,Positive,0.0,5,Positive,0.6944053146723852,3.0,3,Neutral,Negative,True,True,False,False,True,False,False,False,False,"It turns into porridge, into sauce, into anything. it's not a treat, definitely. the taste is also not consistent.",True
NEUTRAL,я только что подобрала тебе пару. узнай кого!,0.0,1.0,0.0,0.0,Neutral,3,3,Neutral,0.9999961853027344,neutral,3,Neutral,0.903785228729248,neutral,3,Neutral,0.9957202076911926,Positive,5,Positive,0.4281986355781555,3,Neutral,0.5298840322374212,3,Neutral,0.0,3,Neutral,0.47536645372567526,3.25,3,Neutral,Neutral,True,True,True,True,False,True,True,True,True,I just picked you up. Find out who!,True
NEUTRAL,король и шут - лесник,0.0,1.0,0.0,0.0,Neutral,3,3,Neutral,0.9999927282333374,neutral,3,Neutral,0.9017144441604614,neutral,3,Neutral,0.5611119270324707,Very Positive,5,Positive,0.47453051805496216,3,Neutral,0.5085367616490932,3,Neutral,0.0,3,Neutral,0.9003623431037542,3.25,3,Neutral,Neutral,True,True,True,True,False,True,True,True,True,king and jester,True
NEUTRAL,"ну что ж. закончилось это аниме. и конец был довольно предсказуемым. хотя это везде так.хорошая рисовка, прекрасное музыкальное сопровождение. персонажи? тоже хороши. вечные сражения, гибели товарищей, красивые фоны - вот, что меня впечатлило. пару раз даже мурашки пробегали по коже.смысл есть. может, из него вы вынесите какой-нибудь урок. ставлю 9 из 10. может слишком щедро, но мне данное аниме очень понравилось.",0.046,0.67,0.284,0.926,Positive,5,3,Neutral,0.9998435974121094,positive,5,Positive,0.6510184407234192,positive,5,Positive,0.9407932162284851,Positive,5,Positive,0.6130557060241699,3,Neutral,0.8099510717408324,3,Neutral,0.0,3,Neutral,0.53,4.0,4,Positive,Neutral,False,True,False,False,False,True,True,True,False,"Well, this anime ended. and the end was quite predictable. although it was everywhere so.good drawing, great musical accompaniment. characters? are also good. eternal battles, the deaths of comrades, beautiful backgrounds - that's what impressed me. a couple of times even goosebumps ran over the skin.",True
POSITIVE,"неожиданно крутой фильм. в стилистике 'мальтийского сокола', мрачной, холодной и скользкой, с преобладанием ночных сцен и точечного освещения лиц, с плотно застегнутыми плащами и вечерними платьями. журналистское расследование посвящено странным убийствам - будто какой-то вампир выпивает кровь из своих жертв. наверное не мне одному журналист напомнит внешне жана марэ, особенно при общих планах (которые будут преобладать). далее все будет как в хорошем нуаре - ничего не понятно, но герой приближается к центру какой-то страшной тайны и неожиданное перевоплощение одного из якобы второстепенных персонажей окажется очень и очень к месту. это будет ровно тогда, когда фильм успеет немного наскучить. так что, бава и фреда прекрасно передадут всю гамму эмоций - страсть, инфернальные заговоры, светские балы. да и сцена стремительного старения графини мне приглянулась. но самое важное - вампирская тематика в ленте практически и не обыгрывается. тут самое крутое в композиции кадра. вроде бы ничего особенного. но присмотритесь к примеру к сцене, когда взволнованная племянница графини беседует с копами. на заднем плане явно заметный сквозняк (вздергивается штора) и только он выдает всю напряженность эпизода. по мне, так высший пилотаж 8 из 10",0.084,0.759,0.156,0.9393,Positive,5,5,Positive,0.9996809959411621,neutral,3,Neutral,0.766382098197937,positive,5,Positive,0.9962045550346375,Very Negative,1,Negative,0.7880353331565857,3,Neutral,0.7794474864300054,3,Neutral,0.0,3,Neutral,0.42,3.5,4,Positive,Positive,True,True,False,True,False,False,False,False,True,"an unexpectedly cool film. in the style of the Maltese Falcon, gloomy, cold and slippery, with a predominance of night scenes and spot lighting of faces, with tightly buttoned capes and evening dresses. The journalistic investigation is devoted to strange murders - as if some vampire is drinking blood from his victims. probably not for me alone the journalist will remind outwardly Jean Maret, especially with general plans (which will prevail). then everything will be as if in a good noir - nothing is clear, but the hero approaches the center of some terrible secret and the unexpected reincarnation of one of the supposedly secondary characters will be very, very much to the place. it will be exactly when the film has time to get a little bored. so that, bav and Freda perfectly convey the whole range of emotions - passion, infernal conspiracies, like a pilot, gives me an episode of the most important scene.",True
NEUTRAL,"на троечку потянет, качество плохое, по размеру подошло",0.28,0.72,0.0,-0.5423,Negative,1,3,Neutral,0.9976919889450073,neutral,3,Neutral,0.777850866317749,neutral,3,Neutral,0.6245663166046143,Very Negative,1,Negative,0.5822609066963196,3,Neutral,0.6443344620202665,3,Neutral,0.0,3,Neutral,0.5400064671087498,2.5,2,Negative,Neutral,False,True,True,True,False,True,True,True,False,"He'll pull three, the quality is bad, the size fits.",True
NEUTRAL,вариация на тему suffer bitch. выживал и монтировал самостоятельно.,0.392,0.43,0.177,-0.6124,Negative,1,3,Neutral,0.9999648332595825,neutral,3,Neutral,0.8192931413650513,positive,5,Positive,0.5355021357536316,Neutral,3,Neutral,0.8481752276420593,1,Negative,0.39616430347515375,1,Negative,0.0,1,Negative,0.7483268968065205,2.25,2,Negative,Neutral,False,True,True,False,True,False,False,False,False,A variation on the theme of suffer bitch. survived and edited independently.,True
POSITIVE,"вкусненько и не дорого, всё свежее",0.203,0.414,0.383,0.4094,Positive,5,5,Positive,0.9861391186714172,positive,5,Positive,0.7673351764678955,positive,5,Positive,0.775366485118866,Positive,5,Positive,0.5927314758300781,3,Neutral,0.5459395912307434,3,Neutral,0.0,5,Positive,0.4342489884084674,4.5,4,Positive,Positive,True,True,True,True,True,False,False,True,True,"delicious and not expensive, all fresh",True
NEUTRAL,"харе в больнице там страдать) вернешься домой завтра,посмотришь)",0.0,1.0,0.0,0.0,Neutral,3,1,Negative,0.9949173927307129,neutral,3,Neutral,0.6241625547409058,positive,5,Positive,0.6646494269371033,Very Negative,1,Negative,0.42273232340812683,1,Negative,0.4487407483794163,3,Neutral,0.0,1,Negative,0.5500806938445849,2.25,2,Negative,Neutral,True,False,True,False,False,False,True,False,False,"You'll be home tomorrow, you'll see.",True
NEUTRAL,"немного пустоват,многие помещения закрыты.не хватает недорогих сетевых брендовых магазинов,например-глория джинс,лапоток и конечно же,фикс прайс.рынок пустоват и однотипен,цены нормальные,все всегда свежее",0.073,0.871,0.056,0.0736,Neutral,3,3,Neutral,0.9998170733451843,neutral,3,Neutral,0.8032792806625366,negative,1,Negative,0.8733876347541809,Negative,1,Negative,0.645672082901001,5,Positive,0.5062806116049974,5,Positive,0.0,3,Neutral,0.5660714457981978,3.0,3,Neutral,Neutral,True,True,True,False,False,False,False,True,True,"a little empty, many rooms are closed. there is not enough inexpensive chain brand stores, for example, gloria jeans, pallet flow and of course, the price.market is empty and of the same type, prices are normal, everything is always fresh.",True
NEGATIVE,"торчат нитки внутри и снаружи. качество ткани хорошее, но сшито очень не аккуратно. швы на сердечке не совпали. криво! в спортзал одевать стремно, это только дома в них теперь ходить. я осталась не довольна. никому не советую.",0.126,0.769,0.106,-0.2618,Negative,3,1,Negative,0.7637072205543518,negative,1,Negative,0.7312665581703186,negative,1,Negative,0.7007168531417847,Very Negative,1,Negative,0.5552589297294617,3,Neutral,0.6889572680727946,3,Neutral,0.0,3,Neutral,0.6133145728825388,2.0,2,Negative,Negative,True,True,True,True,True,False,False,False,True,"Stick the threads inside and out. the quality of the fabric is good, but sewn very neatly. The stitches on the heart did not match. crooked! in the gym to dress crazily, it is only at home to wear them now. I was not satisfied.",True
POSITIVE,"нечасто смотрю аниме 20-х гг., но здесь было попадание в яблочко - я влюбился в ""куклу"" )очень лёгкий, добрый и позитивный сериал, с двумя противоположностями в главных ролях: марин китагава и вакана годзё, городская модница и скромный парень из глубинки, современность и традиционность.рисовка отличная, перевод (смотрел на плеере сибнет в переводе alvakarp) шикарен! огромная благодарность переводчику за субтитры: пусть порой и порол отсебятину, но это было настолько весело и к месту!) одна отсылка к ""потерянному раю"" чего стоит!сюжет, в принципе, незамысловатый: когда встречаются два абсолютно непохожих друг на друга человека, но у них находится что-то общее, что их сближает. оба героя - личности увлечённые, приятные внешне и с чистой душой; они, как ни странно. подошли друг другу, как две половинки одного паззла. забавных ситуаций хватало, всё же это комедийный слайс, и юмор был хорош! сейю отработали профессионально и качественно, прям с душой) история развивается плавно, без рывков, всё как положено, с прицелом ещё на один сезон, как минимум. на шикимори указан рейтинг 13, но это вряд ли - по мне, минимум 16 д.б.)повторюсь, исключительно позитивный тайтл, нет ни грамма злобы, грубости и т.д. отдохнуть, расслабиться и посмеяться - самое то! но это не тупой ржач: здесь есть, над чем задуматься, и некоторые темы вполне себе серьёзны, просто подаётся это без напряга и нравоучений, а легко и с задором)от меня - однозначная ""десятка"" и повсеместные рекомендации!)",0.085,0.682,0.234,0.9719,Positive,5,5,Positive,0.9992726445198059,positive,5,Positive,0.9515700936317444,positive,5,Positive,0.9987401366233826,Very Negative,1,Negative,0.6310179829597473,5,Positive,0.832100463125079,5,Positive,0.0,5,Positive,0.6,4.5,4,Positive,Positive,True,True,True,True,False,True,True,True,True,"I don't often watch the anime of the 20s, but there was a hit in the apple - I fell in love with the ""doll"" ) a very easy, kind and positive series, with two opposites in the main roles: a friend's marin and a vacan gozo, ""the urban fashionista and a modest guy from the outback, modernity and traditionality. the translation (I watched the player sibnet in translation alvakarp) is great thanks to the translator for the subtitles: sometimes, 13 people are stupid, without any suggestions, they are just one thing, but it's are not good for me, but it's from a good one thing!",True
NEUTRAL,"кто-то скажет, что ""твоё имя"" мол бессмысленная сказка, ну что тут скажешь, да это сказка, и в жизни так не бывает, думаю здесь все это понимают, чай не наивные чукотские мальчики (да, если кто-то из читающих эти строки реально парень, живущий на чукотке, то извини друг, я ничего плохого в виду не имел ), однако без таких сказок мы бы уже взвыли на луну, ведь такие сказки что бы там не говорили, но помогают жить, и порой кому то дают силы и вдохновение для совершения реальных чудес. а если вам хочется реализма и побольше, то что я могу тут сказать? включите телевизор и смотрите новости. у меня всё. а аниме и правда хорошее и годное, заявляю как человек, который фанатом аниме в общем то не является. пожалуй выделю ему место в своей личной фильмотеке. вот теперь точно всё.",0.048,0.773,0.179,0.9511,Positive,5,3,Neutral,0.9999805688858032,neutral,3,Neutral,0.5260754227638245,positive,5,Positive,0.9516698122024536,Very Negative,1,Negative,0.7125241160392761,3,Neutral,0.5416751152520584,3,Neutral,0.0,3,Neutral,0.5,3.25,3,Neutral,Neutral,False,True,True,False,False,True,True,True,True,"someone will say that ""your name"" is a meaningless fairy tale, well, what can you say here, but this is a fairy tale, and in life it does not happen, I think everyone here understands this, tea is not naive Chukotka boys (yes, if someone reading these lines is a real guy living in Chukotka, then I'm sorry friend, I didn't mean anything bad), but without such fairy tales we would have soared up on the moon, because such fairy tales that no matter what they say, but help to live, and sometimes give someone strength and inspiration to perform real miracles. and if you want realism and more, then I can say everything in my personal.",True
NEUTRAL,"олег модный, оказывается",0.0,1.0,0.0,0.0,Neutral,3,3,Neutral,0.999923586845398,neutral,3,Neutral,0.5830142498016357,neutral,3,Neutral,0.6247669458389282,Very Negative,1,Negative,0.60575270652771,1,Negative,0.541082260108639,1,Negative,0.0,3,Neutral,0.6969223818783559,2.25,2,Negative,Neutral,True,True,True,True,False,False,False,True,False,"Oleg fashionable, it turns out",True
NEGATIVE,"товар так и не пришел , находиться 1,5 месяца в одном месте",0.0,1.0,0.0,0.0,Neutral,3,1,Negative,0.9750253558158875,negative,1,Negative,0.7897861003875732,negative,1,Negative,0.9971886277198792,Negative,1,Negative,0.4701628088951111,1,Negative,0.5298589636167338,1,Negative,0.0,1,Negative,0.6490314475991684,1.25,1,Negative,Negative,False,True,True,True,True,True,True,True,True,"The goods never arrived, stay 1.5 months in one place",True
NEGATIVE,"очень дорого! качество не соответствует ценам. дочке поставили пломбы на молочные зубы. обошлось около 21000руб. пломба вылетела. отказались переделывать по гарантии. затребовали за осмотр деньги и записали на месяц вперёд. в итоге пришлось вставлять выпавшую пломбу в другой клинике. всех знакомых отговариваю от посещения данной клиники. не клиентоориентированные. гребут деньги, а на здоровье детей и качество наплевать!",0.156,0.805,0.038,-0.8182,Negative,1,1,Negative,0.9996050000190735,negative,1,Negative,0.7660713195800781,negative,1,Negative,0.9992532134056091,Very Negative,1,Negative,0.8103319406509399,1,Negative,0.7441444603067654,1,Negative,0.0,3,Neutral,0.55,1.25,1,Negative,Negative,True,True,True,True,True,True,True,False,True,"very expensive! quality does not correspond to prices. the daughter put fillings on the milk teeth. cost about 21000 rubles. filling flew out. refused to redo under warranty. demanded money for the inspection and recorded for a month in advance. as a result, I had to insert the fallen filling in another clinic. I discourage all friends from visiting this clinic. not customer-oriented. raking money, and the health of children and quality do not care!",True
NEGATIVE,"после первой стирки изображение на свитере стало бледным , такое чувство что свитеру сто лет . качеством недовольна",0.0,0.889,0.111,0.3612,Positive,5,1,Negative,0.9995158910751343,neutral,3,Neutral,0.5436884164810181,negative,1,Negative,0.6783692240715027,Negative,1,Negative,0.7805265784263611,3,Neutral,0.6293419852477368,3,Neutral,0.0,5,Positive,0.38533000036086035,2.75,3,Neutral,Negative,False,True,False,True,True,False,False,False,False,"After the first wash, the image on the sweater turned pale, it feels like the sweater is a hundred years old. quality",True
NEUTRAL,"та схема показывает, что кроме оправдательных приговоров есть: 1) отказы в возбуждении дела, 2) прекращенные следствием дела. и их куда больше чем полпроцента. в суд приходят только те, которые не прекратили раньше. а чем опошлил интересно? тем, что сказал, что один из пунктов его аргументации по лично его опыту не работает? или я что то пропустил? насколько я понимаю, это сравнение для того, чтобы показать, что сравнивать в лоб 2 разные системы невозможно, есть очень много отличий и нюансов. вообще то работает :-) если я скажу сколько именно оправдательных приговоров в нью йорке, то меня камнями закидают.просто помимо оправдания у них есть и другие варианты положительного для обвиняемого исхода дела. ну как тут спорить ты прав мне неизвестно случае когда злодея из под стражи выпускали на стадии утверждения обвинительного заключения. эта схема оправдывает 99,5 обвинительных приговоров в первой инстанции вы исходите из ложной посылки, что их надо оправдывать. тут пришел автор и опошлил всю романтику кровавой гебнитм :-) а нафига? отказных - море, куда больше чем возбужденных. сколько из них с реальным подозреваемым, а сколько бред про украденные инопланетянами тапочки - никто не считает",0.169,0.78,0.051,-0.9766,Negative,1,3,Neutral,0.9997372031211853,neutral,3,Neutral,0.6705652475357056,negative,1,Negative,0.8837490677833557,Negative,1,Negative,0.6081144213676453,1,Negative,0.4553903019440493,1,Negative,0.0,1,Negative,0.44602027269660594,1.5,2,Negative,Neutral,False,True,True,False,False,False,False,False,False,"The diagram shows that in addition to acquittals there are: 1) refusals to initiate a case, 2) terminated by the investigation of the case. and there are much more than half a percent. only those who have not stopped before come to court. and what has been vulgarized by the fact that he said that one of the points of his argument on his personal experience does not work? or I missed something? as far as I understand, this comparison in order to show that it is impossible to compare 2 different systems in the forehead, there are very many differences and nuances. :- if I say exactly how many bloody verdicts in the new 99, by saying that you said that you have justified the entire sentence of the guilty from the first instance of the guilty of the guilty of the guilty of the guilty of the wrongdoers. 5 you are here, how much more than you justifying the guilty of the guilty of the guilty of the guilty of the guilty of the case from the first sentence.",True
POSITIVE,"юбку заказала 16.10, а 31.10 уже получила. полностью соответствует описанию, трек отслеживался. юбка из плотного трикотажа, стреч, без застежки (молнии нет), хорошо обтягивает, длиной по колено, разрез небольшой. запахов нет никаких. покупкой довольна. рекомендую товар и продавца.",0.085,0.769,0.146,0.4767,Positive,5,5,Positive,0.9996805191040039,positive,5,Positive,0.9943073391914368,positive,5,Positive,0.9723736047744751,Neutral,3,Neutral,0.7635481357574463,5,Positive,0.5072898798196046,5,Positive,0.0,3,Neutral,0.44,4.5,4,Positive,Positive,True,True,True,True,False,True,True,False,True,"skirt ordered 16.10, and 31.10 has already received. fully corresponds to the description, track track track tracked. skirt of tight knitwear, streak, without a fastener (no zipper), well tight, knee-length, cut small. there are no odors. purchase is satisfied. recommend the goods and the seller.",True
NEGATIVE,"уф, тайтл не прям плохой, но почему же я чувствую к нему такое отвращение.для меня очень важны мои ощущения во время просмотра аниме. kageki shoujo! не самое плохое аниме, но есть обьективные причины, почему я на постоянной основе чувствовал рвотные позывы во время просмотра. даже более того, прошло уже 3 месяца с тех пор как я посмотрел тайтл, но даже сейчас, когда я пишу отзыв или когда переслушиваю опенинг, меня буквально тошнит.причины подобного моего самочувствия не в том, что аниме мерзкое. оно вполне нормальное, милое. вся проблема заключается в другой проблеме: аниме ощущается невероятно пустым. словно я ем хлеб, который и на вкус, и по текстуре как обычная бумага.аниме пустое и плоское.персонажи не прям ужасные и проходные, в них изначально был потенциал. но все их действия, мотивации, мысли, желания - всё это ощущается как та же бумага, которую я жую и не чувствую вкуса. вместо вкуса я чувствую лишь желание выблевать уже проглоченные куски бумаги.ужас. я до последнего хотел поставить оценку 610, однако тайтл вызывает ну слишком неприятные чувства.бумажно-тошнящие 4.110.",0.046,0.839,0.116,0.7996,Positive,5,1,Negative,0.9991496801376343,negative,1,Negative,0.814267098903656,negative,1,Negative,0.9830938577651978,Negative,1,Negative,0.8529043793678284,3,Neutral,0.6086250867818885,3,Neutral,0.0,1,Negative,0.43,2.0,2,Negative,Negative,False,True,True,True,True,False,False,True,True,"of, the title is not really bad, but why do I feel such disgust for him. my feelings during watching the anime are very important to me. kageki shoujo! is not the worst anime, but there are objective reasons why I constantly felt vomiting urges while watching it. even more, it has already been 3 months since I watched the title, but even now, when I write a review or when I overlistened, I am literally nauseated. 4 reasons for such a paper’s well-being are not that I feel the same paper, which I feel improbly bad and do not feel the same thing on paper, but I do not feel the same thing about them.",True
NEUTRAL,"на иностранка. хоть и русская. я, конечно, не разбираюсь в современной российской действительности, и ни в коей мере не считаю себя вправе осуждать или обвинять, но мне кажется, что позиция в округе нет никого другого - наймём таджиков - неправильной. опять же, проведу параллели с местными реднеками. при желании можно найти людей, которые им сделают то же, что и мексы (причём у меня нет абсолютно никакой неприязни к латиносам, которые выполняют тут большую часть грязной работы - они по-большей части очень трудолюбивые и усердные работники). да - это будет дороже. да - им нужно будет платить не кэшем. но если мы с одной стороны возмущаемся засилием нелегальной рабочей силой, а с другой стороны эту рабсилу кормим и даём ей средства к существованию, то наши обвинительные тирады девальвируются очень быстро и ничего не стоят. бригаду равшана в снт поселил председатель за мзду",0.174,0.775,0.051,-0.9514,Negative,1,3,Neutral,0.9997939467430115,neutral,3,Neutral,0.7683261632919312,negative,1,Negative,0.963883101940155,Negative,1,Negative,0.799002468585968,3,Neutral,0.3842328406078856,1,Negative,0.0,5,Positive,0.44,2.25,2,Negative,Neutral,False,True,True,False,False,True,False,False,False,"I, of course, do not understand modern Russian reality, and in no way consider myself entitled to condemn or accuse, but it seems to me that there is no other position in the district - we will hire Tajiks - wrong. again, I will draw parallels with the local Rednecks. if you want, you can find people who will do the same to them as the Mexes (and I have absolutely no dislike for the Latinos who do most of the dirty work here - they are for the most part very hardworking and diligently the chairman - we will quickly give this to the laborers with the other side, and we will not pay them for their livelihood.",True
POSITIVE,"одно из самых первых анимешек в просмотренных. окончил в 2013. аниме из разряда эпик вин в списке, было к сожелению по глупости просмотренно после полнометражки ""изчезновение"". главный плюс пожалуй это юмор, он на высоте, отличные персонажи в частности кён и судзумия графон типичный для kyoto animation. пересмотренно было раза 3-4, в отличии от полнометражки 15-20 рекомендую 1010 судзумий.",0.074,0.794,0.132,0.5267,Positive,5,5,Positive,0.999909520149231,neutral,3,Neutral,0.6984525918960571,positive,5,Positive,0.5690639615058899,Neutral,3,Neutral,0.926070511341095,3,Neutral,0.45808566036353976,5,Positive,0.0,3,Neutral,0.5,4.0,4,Positive,Positive,True,True,False,True,False,False,True,False,True,"one of the very first animeshkas viewed. graduated in 2013. anime from the category of epic wines in the list, was to the regret of stupidity viewed after the full-length film ""disappearance"". the main plus is perhaps humor, he is on top, excellent characters in particular ken and suzumia graphon typical of kyoto animation. revised was 3-4 times, in contrast to the full-length 15-20 recommend 1010 suzumiya.",True
POSITIVE,"да был, приветливый персонал, сотрудник катерина долго и дружелюбно помогла настроить телефон и планшет, большое ей спасибо,гаджет работает хорошо.",0.0,0.593,0.407,0.9136,Positive,5,5,Positive,0.7041724324226379,positive,5,Positive,0.8886752128601074,positive,5,Positive,0.9987479448318481,Positive,5,Positive,0.8930293917655945,3,Neutral,0.4324209243447877,5,Positive,0.0,5,Positive,0.42,4.75,5,Positive,Positive,True,True,True,True,True,False,True,True,True,"Yes, it was, friendly staff, employee Katherine long and friendly helped set up the phone and tablet, thank you very much, the gadget works well.",True
NEUTRAL,"размер не подошёл,2xl прям как раз на размер s. заказывали маме,но ей очень маленькая,поэтому буду носить я. а так сама по себе не плохая,но не стоит этих денег.",0.061,0.939,0.0,-0.1419,Neutral,3,3,Neutral,0.9962368011474609,neutral,3,Neutral,0.6156914830207825,neutral,3,Neutral,0.6929153203964233,Negative,1,Negative,0.7795002460479736,3,Neutral,0.6917983130737833,3,Neutral,0.0,3,Neutral,0.5585764457827803,2.75,3,Neutral,Neutral,True,True,True,True,False,True,True,True,True,"The size did not fit, 2xl was just the size of s. ordered to my mother, but she is very small, so I will wear it.",True
NEUTRAL,"посылка шла очень долго, размер не подошёл м очень большая!",0.179,0.821,0.0,-0.3404,Negative,1,1,Negative,0.9272942543029785,neutral,3,Neutral,0.6005913019180298,negative,1,Negative,0.6157723069190979,Negative,1,Negative,0.5998103022575378,3,Neutral,0.6326962249834653,3,Neutral,0.0,3,Neutral,0.642198851221745,2.0,2,Negative,Neutral,False,False,True,False,False,True,True,True,False,"The package was very long, the size did not fit m very large!",True
NEUTRAL,"вкусная колбаска, но оболочка не натуральная и её всю приходится снимать. я считаю так не должно быть. очень неудобно! ((",0.094,0.704,0.202,0.4728,Positive,5,3,Neutral,0.9977739453315735,neutral,3,Neutral,0.7181212306022644,negative,1,Negative,0.6054754257202148,Negative,1,Negative,0.6044355034828186,3,Neutral,0.7432678326158513,3,Neutral,0.0,3,Neutral,0.67,2.75,3,Neutral,Neutral,False,True,True,False,False,True,True,True,True,"delicious sausage, but the shell is not natural and it all has to be removed. I think it should not be. very uncomfortable! (c)",True
POSITIVE,рисунок четкий. качество хорошее. майка подошла идеально,0.0,0.522,0.478,0.6705,Positive,5,5,Positive,0.8434016704559326,positive,5,Positive,0.985817015171051,positive,5,Positive,0.9958964586257935,Positive,5,Positive,0.8654276728630066,5,Positive,0.42665687079733583,5,Positive,0.0,5,Positive,0.93,5.0,5,Positive,Positive,True,True,True,True,True,True,True,True,True,"The picture is clear, the quality is good.",True
POSITIVE,"мала, сбылась мечта идиота) id8877221татьяна немченко",0.0,1.0,0.0,0.0,Neutral,3,5,Positive,0.9990531802177429,neutral,3,Neutral,0.5945858955383301,negative,1,Negative,0.46179866790771484,Negative,1,Negative,0.3314747214317322,5,Positive,0.5839835027889282,5,Positive,0.0,5,Positive,0.7338848502361296,3.5,4,Positive,Positive,False,True,False,False,False,True,True,True,True,id8877221 Tatiana Nemchenko,True
POSITIVE,"куртка классная, тёплая. за такие деньги вообще подарок! четыре кармана- два в швах, два на груди. спасибо! пришла за девять дней в москву.",0.0,0.709,0.291,0.75,Positive,5,5,Positive,0.9991084933280945,positive,5,Positive,0.9854530692100525,positive,5,Positive,0.9439653754234314,Positive,5,Positive,0.493564635515213,5,Positive,0.7200246122740543,5,Positive,0.0,5,Positive,0.7434439544572266,5.0,5,Positive,Positive,True,True,True,True,True,True,True,True,True,"The jacket is cool, warm. for such money in general a gift! four pockets - two in the seams, two on the chest.",True
NEUTRAL,куплю хелл за 36 труб 75 гвоздей 24 сквой 22 пружыны,0.295,0.705,0.0,-0.6808,Negative,1,3,Neutral,0.9999736547470093,neutral,3,Neutral,0.8560766577720642,negative,1,Negative,0.5073744654655457,Neutral,3,Neutral,0.9235751628875732,3,Neutral,0.5298840322374212,3,Neutral,0.0,3,Neutral,0.47536645372567526,2.5,2,Negative,Neutral,False,True,True,False,True,True,True,True,False,I'll buy a hell for 36 pipes 75 nails 24 squaw 22 springs,True
POSITIVE,"с первой серии затянуло и затянуло очень сильно, пока всё не посмотрела. аниме действительно стоящее просмотра. нравятся конечно же герои. не только главные. многие вызывают интерес. даже вот как-то нет и самого любимого персонажа, все как-то идут вровень. сюжет прост. команды играют в баскетбол и стремятся выиграть турнир. кто-то играет хорошо, кто-то плохо, а кто-то просто блестяще. так вот самая лакомая часть - это конечно же сами игры. и пусть они растянуты, зато ты можешь ими насладиться вдоволь. они насыщенны динамикой, интригой. одна атака сменяется другой. очень много разных приемов в зависимости от талантов игроков. и все стараются победить. что именно они делают? смотрите сами. а моя оценка 10 из 10.",0.094,0.715,0.192,0.8535,Positive,5,5,Positive,0.9999102354049683,neutral,3,Neutral,0.5192614197731018,positive,5,Positive,0.9991913437843323,Positive,5,Positive,0.7755241990089417,3,Neutral,0.8097224582959464,3,Neutral,0.0,3,Neutral,0.58,4.0,4,Positive,Positive,True,True,False,True,True,False,False,False,True,"With the first series delayed and delayed very much, until I watched. the anime is really worth watching. the characters are of course. not only the main ones. many cause interest. even here somehow there is no most favorite character, all somehow go level. the plot is simple. teams play basketball and strive to win the tournament. someone plays well, someone bad, and someone just brilliant. so the most tasty part is of course the games themselves. and let them be stretched, but you can enjoy them enough. they are saturated with dynamics, intrigue. one attack changes from another.",True
POSITIVE,"что-то не понятно. 1 часть заканчивается одним, а 2 часть пересняли начиная с 5 серии 1 части с другой как я понял альтернативной концовкой, ради чего или кого? в общем странная сумбурная концовка, чтоб быстрее закончить. история 2 сезона как будто оборвана на половине. очень странное решение, но даже с этим кувырком через себя я принял развитие истории и жду продолжения. поставлю 7 баллов, всё же экшн был, персонажи также хороши, а сюжет движется вперед, но повторный финт с переписыванием сценария со мной уже не пройдёт, так что ждём и надеемся на то, что продолжение будет как минимум не хуже предыдущих 2-х сезонов.",0.05,0.857,0.093,0.8414,Positive,5,5,Positive,0.9999833106994629,neutral,3,Neutral,0.7697250247001648,positive,5,Positive,0.9973160624504089,Negative,1,Negative,0.48232489824295044,3,Neutral,0.6998994267606911,3,Neutral,0.0,3,Neutral,0.52,3.5,4,Positive,Positive,True,True,False,True,False,False,False,False,True,"what - I don't understand. 1 part ends with one, and 2 part reshooted starting with 5 series 1 part with another as I understood the alternative ending, for what or who? in general, a strange confused ending to finish. the story of season 2 seems to be cut off at half. a very strange decision, but even with this upside down, I took the development of the story and wait for the continuation. I will put 7 points, still the action was, the characters are also good, and the plot moves forward, but the replay of the script with me will not pass, so we wait and hope that the continuation will be at least not worse than the previous 2 seasons.",True
NEGATIVE,"ужасно, заказали два рамена, не вкусная лапша, мясо со странным привкусом, но это не самое интересное. к рамену положили одну ложку, мы попросили палочки, а парень на кассе сказал что за них нужно заплатить 5 рублей я такое впервые вижу",0.183,0.817,0.0,-0.7401,Negative,1,1,Negative,0.9979248046875,neutral,3,Neutral,0.5462989211082458,negative,1,Negative,0.999346911907196,Very Negative,1,Negative,0.6867710947990417,1,Negative,0.8371614417458602,1,Negative,0.0,1,Negative,0.75,1.25,1,Negative,Negative,True,True,False,True,True,True,True,True,True,"terrible, ordered two ramen, not tasty noodles, meat with a strange taste, but this is not the most interesting. to the ramen put one spoon, we asked for sticks, and the guy at the checkout said that they need to pay 5 rubles.",True
NEGATIVE,"пообещали отремонтировать за 17500 руб., по факту заплатил 20500 руб.nпрейскурант на цены не предоставили. в итоге один узел не сделали,так как сумма ещё бы увеличилась на 3000 руб. примазались под завод, на самом деле , которыми надо заниматься налоговой инспекции. не связывайтесь с ними.",0.0,0.907,0.093,0.5574,Positive,5,1,Negative,0.9999204874038696,negative,1,Negative,0.6290608048439026,negative,1,Negative,0.9958707690238953,Negative,1,Negative,0.45549315214157104,3,Neutral,0.5081791204436716,3,Neutral,0.0,3,Neutral,0.7771794112830608,2.25,2,Negative,Negative,False,True,True,True,True,False,False,False,True,"promised to repair for 17,500 rubles., In fact, paid 20,500 rubles. the price list was not provided. in the end, one node did not do, as the amount would have increased by 3000 rubles. smeared under the plant, in fact, which should deal with the tax inspectorate.",True
POSITIVE,"были одну ночь- чисто, доброжелательный хозяин, в номере есть все, что нужно. брали номер с отдельным душем и туалетом.",0.0,0.753,0.247,0.7096,Positive,5,5,Positive,0.998802661895752,positive,5,Positive,0.5017570853233337,positive,5,Positive,0.9540277123451233,Positive,5,Positive,0.8544492125511169,3,Neutral,0.6565726371878816,3,Neutral,0.0,3,Neutral,0.49509052601826825,4.25,4,Positive,Positive,True,True,True,True,True,False,False,False,True,"We had one night - clean, friendly host, the room has everything you need, took a room with a separate shower and toilet.",True
NEUTRAL,"не подошёл размер. мне велико, особенно в бедах. и на высоких девушек",0.298,0.702,0.0,-0.4549,Negative,1,3,Neutral,0.9944314360618591,neutral,3,Neutral,0.6651023626327515,negative,1,Negative,0.7952439785003662,Negative,1,Negative,0.5422607660293579,3,Neutral,0.5622510289132943,3,Neutral,0.0,3,Neutral,0.586847187885666,2.25,2,Negative,Neutral,False,True,True,False,False,True,True,True,False,"I'm big, especially in trouble, and tall girls.",True
NEGATIVE,вместо платья пришла какая-то майка и продавец даже не пытался решить этот момент. деньги не вернули. не заказывать у него ничего!ужасный продавец. обман.,0.0,0.921,0.079,0.2023,Positive,3,1,Negative,0.9989042282104492,negative,1,Negative,0.9751853942871094,negative,1,Negative,0.9973857998847961,Very Negative,1,Negative,0.7615069150924683,1,Negative,0.9083426054563989,1,Negative,0.0,1,Negative,0.65,1.25,1,Negative,Negative,False,True,True,True,True,True,True,True,True,Instead of a dress came some t-shirt and the seller did not even try to solve this moment. the money was not returned.,True
NEUTRAL,ну что;) кто в конце августа приезжает на пересдачу;) не стесняемся;) признаёмся ;),0.0,0.832,0.168,0.2057,Positive,3,3,Neutral,0.9999927282333374,neutral,3,Neutral,0.8236512541770935,neutral,3,Neutral,0.9370426535606384,Neutral,3,Neutral,0.42516762018203735,3,Neutral,0.5298840322374212,3,Neutral,0.0,3,Neutral,0.47536645372567526,3.0,3,Neutral,Neutral,False,True,True,True,True,True,True,True,True,"who comes to the end of August, do not hesitate;",True
POSITIVE,"2 раза были там с ребёнком, удаляли молочные зубы с воспалением. хорошо что есть в городе стоматология для экстренной помощи. ставили платный укол, молодой стоматолог быстро удалил, но без всяких нежностей конечно) понять можно, там как конвейер, очереди огромные, контингент разный.",0.086,0.789,0.125,0.2964,Positive,3,5,Positive,0.99868243932724,neutral,3,Neutral,0.7467710971832275,neutral,3,Neutral,0.6614762544631958,Positive,5,Positive,0.7816586494445801,5,Positive,0.6397438521762254,5,Positive,0.0,5,Positive,0.5114599958224465,4.25,4,Positive,Positive,True,True,False,False,True,True,True,True,True,"2 times were there with a child, removed milk teeth with inflammation. it is good that there is dentistry in the city for emergency care. put a paid injection, a young dentist quickly removed, but without any tenderness of course) you can understand, there is a conveyor, queues are huge, the contingent is different.",True
NEUTRAL,"мне не очень понравился этот фарш, в нём говяжий жир и привкус не очень, если фрикадельки делать из него",0.255,0.745,0.0,-0.7029,Negative,1,3,Neutral,0.9757201075553894,neutral,3,Neutral,0.6850934028625488,negative,1,Negative,0.7511974573135376,Negative,1,Negative,0.9173896312713623,1,Negative,0.500642871076177,1,Negative,0.0,3,Neutral,0.6091540441133572,1.75,2,Negative,Neutral,False,True,True,False,False,False,False,True,False,"I didn't really like this mince, it's got beef fat and a bad taste if you make meatballs out of it.",True
NEUTRAL,"в населенных пунктах дар аль-кабира, аль-ганту, тельбиса, макраб, кафр-ляха, кисин, ар-растан, дейр-фуль были уничтожены скопления боевиков.на автотрассе акраб тель-дахаб военнослужащие уничтожили автомобиль с грузом оружия и боеприпасов.в районе аль-мушерфа в селении айн ад-данамир военные противостояли членам террористических группировок, нападавшим на армейские блокпосты. большинство атаковавших ликвидировано.в поселке тельбиса к востоку от здания культурного центра были уничтожены базы террористов и склады оружия и боеприпасов вместе с большим количеством бандитов.на юго-востоке провинции алеппо в селениях квейрис и расм-аль-аббуд, военнослужащие уничтожили скопления террористов.",0.251,0.749,0.0,-0.9796,Negative,1,3,Neutral,0.995618462562561,negative,1,Negative,0.884416401386261,positive,5,Positive,0.9733709096908569,Neutral,3,Neutral,0.9283937811851501,3,Neutral,0.5445155405752629,3,Neutral,0.0,3,Neutral,0.667615157267487,2.75,3,Neutral,Neutral,False,True,False,False,True,True,True,True,True,"in the settlements of Dar al-Kabira, Al-Ghantu, Telbisa, Makrab, Kafr-Laha, Kisin, Ar-Rastan, Deir Ful, clusters of militants were destroyed.On the akra tel-Dahab highway, military personnel destroyed a car with a load of weapons and ammunition.In the area of al-Musherf in the village of Ain ad-Danamir, the military confronted members of terrorist groups attacking army checkpoints. Most of the attackers were eliminated.In the village of Telbisa to the east of the building of the cultural center, the terrorists were destroyed with a large amount of ammunition and ammunition depots in the southeast.",True
NEUTRAL,"ни намека на натуральные ингредиенты, неестественно плотный, специи (скорее, ароматизаторы) делают вкус еще более неприятным. марка сама нравится, но здесь явно прокол с качеством.",0.115,0.667,0.218,0.5273,Positive,5,3,Neutral,0.999757707118988,neutral,3,Neutral,0.8182142972946167,negative,1,Negative,0.7126243710517883,Negative,1,Negative,0.7884957194328308,3,Neutral,0.708008980946609,3,Neutral,0.0,3,Neutral,0.5241364795213913,2.75,3,Neutral,Neutral,False,True,True,False,False,True,True,True,True,"No hint of natural ingredients, unnaturally dense, spices (rather, flavors) make the taste even more unpleasant. the brand likes it, but there is clearly a puncture with quality.",True
NEGATIVE,"продавец ужасный ничего не понимать, деньги вернули с помощью поддержки али.",0.132,0.638,0.23,0.3182,Positive,3,1,Negative,0.997575581073761,negative,1,Negative,0.751929759979248,negative,1,Negative,0.9957031607627869,Very Negative,1,Negative,0.646689236164093,1,Negative,0.9374926277159226,1,Negative,0.0,1,Negative,0.74,1.25,1,Negative,Negative,False,True,True,True,True,True,True,True,True,"The seller is terrible not to understand anything, the money was returned with the help of ali support.",True
NEUTRAL,"этот сезон, лично для меня, стал паразитированием на первом сезоне. повествование стало хуже, сопли микадо стало уже хорошенько доставать. добавление новых персонажей немного добавило антуража в происходящее, ибо представление русских было очень забавным но особо сильных положительных сторон это не добавило, учитывая еще и то, что они не раскрыты.возможно, здесь идет задел на то, что следует еще и еще сезон и раскрытие пойдет дальше.",0.028,0.782,0.19,0.9153,Positive,5,3,Neutral,0.9998196959495544,neutral,3,Neutral,0.7737734317779541,positive,5,Positive,0.5273619890213013,Negative,1,Negative,0.6868796348571777,3,Neutral,0.5722796176436609,3,Neutral,0.0,3,Neutral,0.69,3.25,3,Neutral,Neutral,False,True,True,False,False,True,True,True,True,"This season, personally for me, became a parasitism in the first season. the narrative became worse, the snot of the mikado began to get well. the addition of new characters added a little entourage to what is happening, because the presentation of the Russians was very funny but especially strong positive aspects it did not add, given the fact that they are not disclosed.",True
NEGATIVE,"по итогам торгов акциями на казахстанской фондовой бирже (kase) во вторник значение индекса kase понизилось на 0,2 с 1349,71 до 1346,97. объем сделок с акциями, включенными в представительский список индекса, понизился относительно предыдущего торгового дня на 45,4 и составил т82,3 млн, или 247,5 тыс. по данным биржи, в ходе торгов выросли в цене акции ао казтрансойл (0,3). упали в цене акции ао баст (-1), kaz minerals pls (-0,5), ао народный банк казахстана (-0,5), кселл (-0,4) и ао kegoc (-0,1).",0.0,0.871,0.129,0.891,Positive,5,1,Negative,0.9996021389961243,negative,1,Negative,0.6939653754234314,negative,1,Negative,0.8829544186592102,Neutral,3,Neutral,0.9371621012687683,3,Neutral,0.46709031232909287,1,Negative,0.0,3,Neutral,0.6065877600645694,2.25,2,Negative,Negative,False,True,True,True,False,False,True,False,True,"following the results of trading in shares on the Kazakhstan Stock Exchange (kase) on Tuesday, the value of the kase index decreased by 0.2 from 1349.71 to 1346.97. the volume of transactions with shares included in the representative list of the index decreased by 45.4 compared to the previous trading day and amounted to 82.3 million, or 247.5 thousand according to the exchange, during the trading, the value of the shares of Ao Kaztransoil (0.3). fell in the price of the shares of Ao Bast (-1), kaz minerals (-0.5), Ao People's Bank of Kazakhstan (0, 0.5) (0, 0.4)",True
NEUTRAL,"неплохое место для отдыхаnцены очень даже приемлемыеnбассейн вообще просто супер!nсауны вот напротив дороговато nномера простенькие некоторые неудобные, но и цены недорогие. nв домах же конечно получше,но цены там на порядок выше",0.036,0.719,0.245,0.8584,Positive,5,3,Neutral,0.9999439716339111,positive,5,Positive,0.6726486086845398,positive,5,Positive,0.5626130104064941,Positive,5,Positive,0.7817701101303101,3,Neutral,0.5180326496577473,3,Neutral,0.0,1,Negative,0.56,3.75,4,Positive,Neutral,False,True,False,False,False,True,True,False,False,"a good place to relax nprice very even acceptable in the pool in general just super! nsauna here in front of the expensive room simple some uncomfortable, but the prices are inexpensive. n houses of course better, but the prices there are much higher",True
POSITIVE,творог вкусный. удобная небольшая упаковка - на один раз. рекомендую.,0.0,0.682,0.318,0.4215,Positive,5,5,Positive,0.9985068440437317,positive,5,Positive,0.9907698035240173,neutral,3,Neutral,0.49578359723091125,Positive,5,Positive,0.831405520439148,5,Positive,0.3700502182904472,5,Positive,0.0,5,Positive,0.55,4.75,5,Positive,Positive,True,True,True,False,True,True,True,True,True,"It's a nice little package, just for once.",True
POSITIVE,"маленький пляж, все необходимое есть.бунгало, кафе, батуты, лежаки , кафе.весь персонал приветливый и улыбчивый.можно и кальян на берегу покурить приличный .но тут тихо, если вы хотите шума и тусовок-точно не сюда.нам нужен был покой, поэтому мы довольны",0.071,0.696,0.233,0.8245,Positive,5,5,Positive,0.9993346333503723,positive,5,Positive,0.6794139742851257,positive,5,Positive,0.5899550318717957,Positive,5,Positive,0.91135174036026,3,Neutral,0.7288369623239354,3,Neutral,0.0,3,Neutral,0.7047308327894787,4.25,4,Positive,Positive,True,True,True,True,True,False,False,False,True,"small beach, everything you need is.bungalows, cafes, trampolines, sunbeds, cafes.all the staff are friendly and smiling.you can and hookah on the shore to smoke decent .but it's quiet, if you want noise and partying - just not here.we needed peace, so we're happy",True
NEGATIVE,"100 тысяч тенге проиграл в компьютерном клубе подросток из рудного сегодня, 14:00 сбежавший из дома подросток из рудного проиграл 100 тысяч тенге. мальчика нашли ювенальные полицейские в одном из компьютерных клубов костаная, передает today.kz со ссылкой на пресс-службу двд региона. школьник ушел из дома после ссоры с родными. ""днем подросток проводил время в компьютерном клубе, там же и просадил накопления родителей. причем администратора игрового заведения никак не насторожило наличие столь крупной суммы денег у несовершеннолетнего. он спокойно принимал оплату за сыгранные часы"", - сообщили подробности полицейские. сейчас подросток находится дома. в связи с инцидентом полицейские направят ходатайство в комиссию по делам несовершеннолетних и защите их прав детей, действующую при акимате рудного. с мальчиком проведет беседу психолог. в случае выявления игровой зависимости подростку будет оказана необходимая помощь специалистов. по информации полиции, в костанайской области проходит оперативно-профилактические мероприятия ""подросток"". во время рейдов в игровых клубах выявлены три административных правонарушения. напомним, 2 ноября алматинские полицейские обнаружили на территории автовокзала ""сайран"" подростка из талдыкоргана.",0.038,0.911,0.051,0.304,Positive,3,1,Negative,0.999991774559021,negative,1,Negative,0.6797878742218018,negative,1,Negative,0.9124959111213684,Neutral,3,Neutral,0.9370097517967224,3,Neutral,0.43546108477275675,3,Neutral,0.0,3,Neutral,0.5139020679923586,2.25,2,Negative,Negative,False,True,True,True,False,False,False,False,True,"100 thousand tenge lost in a computer club teenager from the ore today, 14:00 escaped from the house of a teenager from the ore lost 100 thousand tenge. the boy was found by juvenile police in one of the computer clubs Kostanaya, reports today.kz with reference to the press service of the regions. schoolboy left home after a quarrel with relatives. ""day the teenager spent time in a computer club, there and lost the savings of parents. and the administrator of the gaming institution was not alarmed by the presence of such a large amount of money from a minor. he calmly accepted payment for the hours played,"" - reported the details of the police. now the teenager is at home. in connection with the incident, the police will send a petition to the Commission for minors and the protection of their children's rights, acting at the akimat. with the boy will conduct a conversation with a psychologist. in case of detection of gambling addiction, the teenager will be provided with the necessary help of specialists on information from the police.",True
POSITIVE,"супер платье! очень нежное. как на фото. не знаю, что будет после стирки,но пока оно великолепно. спасибо продавцу! ))",0.0,0.632,0.368,0.8882,Positive,5,5,Positive,0.9995617270469666,positive,5,Positive,0.9962825179100037,positive,5,Positive,0.9935223460197449,Positive,5,Positive,0.5971233248710632,5,Positive,0.9634447960001102,5,Positive,0.0,5,Positive,0.82,5.0,5,Positive,Positive,True,True,True,True,True,True,True,True,True,"Super dress! very gentle. as in the photo. I don't know what will happen after washing, but so far it is great.",True
NEGATIVE,"снаружи ткань очень приятная, но внутри жёсткая,очень не приятно носить",0.07,0.614,0.315,0.764,Positive,5,3,Neutral,0.707652747631073,neutral,3,Neutral,0.7939257621765137,neutral,3,Neutral,0.5338226556777954,Negative,1,Negative,0.7543671131134033,3,Neutral,0.7440290490384394,3,Neutral,0.0,3,Neutral,0.5,3.0,3,Neutral,Negative,False,False,False,False,True,False,False,False,False,"The fabric is very pleasant outside, but it is hard inside, it is not pleasant to wear.",True
NEGATIVE,"у меня есть привычка, не, не так, устой, согласно которому я не дропую ни одно аниме,которое я в какое-то время по каким-то причинам решилась посмотреть. а как мне хотелось! именно убийцу акамэ я хотела дропнуть уже на 5 серии. я держалась. в итоге, я отложила просмотр, потом опять приступила к нему, потом опять отложила и опять начала смотреть. в данный момент ,,смотрю"". все предсказуемо. но это одно дело. тупость. тупость. тупость. и еще раз тупость. она везде! мне совсем не жалко этих сдохшихподыхающих идиотов. пускай мрут! акамэ как персонаж и личность одно сплошное разочарование. ничего из себя не представляет. ничего . разочарование. одно сплошное разочарование.",0.301,0.688,0.011,-0.9869,Negative,1,1,Negative,0.9996461868286133,negative,1,Negative,0.9531012177467346,negative,1,Negative,0.9855947494506836,Very Negative,1,Negative,0.47366300225257874,1,Negative,0.8900142508598926,1,Negative,0.0,1,Negative,0.53,1.0,1,Negative,Negative,True,True,True,True,True,True,True,True,True,"I have a habit, no, no, no, the attitude, according to which I do not drip any anime, which I at some time for some reason decided to watch. but how I wanted! it was the akame killer I wanted to drop for 5 episodes. I held. in the end, I postponed the viewing, then again started to it, then again postponed and again began to watch. at the moment, I see. everything is predictable. but this is one thing. stupidity. and again stupidity. she is everywhere! I do not feel sorry for these idiots and one of herself. Disappointment, one big disappointment.",True
POSITIVE,181121 привезли отличный сельдерей. стебли мясистые и сочные. это в первый раз. ранее все было гораздо хуже.,0.136,0.702,0.162,0.1531,Positive,3,5,Positive,0.9989967942237854,neutral,3,Neutral,0.5978723168373108,neutral,3,Neutral,0.5238900780677795,Positive,5,Positive,0.3717421293258667,5,Positive,0.7017222148726319,5,Positive,0.0,5,Positive,0.76,4.25,4,Positive,Positive,True,True,False,False,True,True,True,True,True,181121 brought excellent celery. stems fleshy and juicy. this is the first time. before everything was much worse.,True
POSITIVE,"кохина одинокая младшеклассница, по неясной причине играющая в игру я кукла. она без эмоциональна, рассудительна, практична, что поражает вызванного ею духа лисы коккури-сан, и он решает сделать из неё человека, хотя изначально хотел, как это принято в призрачном мире, просто немного попреследовать. коккури-сан учит улыбаться, кормит правильной пищей, ведёт домашнее хозяйство, но в воспитании девочки достиг только того, что она осознала, сколь глубоко её одиночество с его исчезновением. довольно занятное аниме, из ряда себе подобных, отличается неожиданными финалами в шаблонных ситуациях. по-хорошему смешное. персонажи разнообразны, красивы, с интересными характерами и целями в жизни. судя по всему, эта история может продолжаться бесконечно, так что сериал ощутимо коротковат. 7 из 10",0.084,0.792,0.124,0.5804,Positive,5,3,Neutral,0.5083584785461426,neutral,3,Neutral,0.661774754524231,positive,5,Positive,0.9986795783042908,Positive,5,Positive,0.30332162976264954,3,Neutral,0.4135238592330843,5,Positive,0.0,3,Neutral,0.57,4.0,4,Positive,Positive,True,False,False,True,True,False,True,False,True,"Kohina is a lonely junior schoolgirl, for some unclear reason playing the game I am a doll. she is without emotional, reasonable, practical, which amazes the spirit of the fox Kokkuri-san caused by her, and he decides to make her a person, although initially he wanted, as is customary in the ghost world, just to follow a little. Kokkuri-san teaches to smile, feeds the right food, leads the house, but in the upbringing of the girl she only realized how deeply her loneliness with his disappearance. rather amusing anime, from a number of similar ones, differs in an unexpected template, in endlessly interesting situations, this story can go on the whole. 7 out of 10",True
NEGATIVE,"вообщем то как и все автосалоны ,лишь бы обмануть и накрутить.nбудьте внимательней при выборе машины,и следите за пробегом,очень много подводных камней.",0.115,0.728,0.157,0.0258,Neutral,3,1,Negative,0.999984622001648,neutral,3,Neutral,0.76027512550354,negative,1,Negative,0.9876894950866699,Very Negative,1,Negative,0.5234168171882629,1,Negative,0.8235977648501335,1,Negative,0.0,1,Negative,0.7375319916253588,1.5,2,Negative,Negative,False,True,False,True,True,True,True,True,True,"In general, like all car dealerships, just cheat and cheat.n be careful when choosing a car, and watch the mileage, a lot of pitfalls.",True
NEGATIVE,очень хороший парк я там с группой занимаюсь скандинавской ходьбой,0.0,0.744,0.256,0.4754,Positive,5,3,Neutral,0.6465659141540527,positive,5,Positive,0.9506661891937256,neutral,3,Neutral,0.4983178675174713,Positive,5,Positive,0.8820989727973938,5,Positive,0.7851502593785286,5,Positive,0.0,5,Positive,0.93,4.5,4,Positive,Negative,False,False,False,False,False,False,False,False,False,It's a very nice park. I'm doing Nordic walking with a group.,True
NEUTRAL,"бизнес-ланч всегда лотерея: то нормальные порции, то ""детские"", то вкусно, то так себе, то быстро обслуживают, а иногда и в час не укладываешься. при этом блюда из меню вкусные и нетривиальные.",0.084,0.916,0.0,-0.2755,Negative,3,3,Neutral,0.9998773336410522,neutral,3,Neutral,0.48250848054885864,neutral,3,Neutral,0.6624917984008789,Negative,1,Negative,0.4678990840911865,1,Negative,0.6304448458750527,1,Negative,0.0,5,Positive,0.6284919066404416,2.5,2,Negative,Neutral,False,True,True,True,False,False,False,False,False,"Business lunch is always a lottery: then normal portions, then ""children's"", then tasty, then so-so, then quickly served, and sometimes an hour does not fit.",True
NEUTRAL,"раньше был оптимальный вариант. стали хуже, орехов практически нет, вместо них теперь семечки, кокосовой стружки тоже сильно меньше и это при том что цена выросла с 80 до 140 рублей за последние 3 года. :(",0.17,0.783,0.047,-0.6705,Negative,1,3,Neutral,0.9998875856399536,neutral,3,Neutral,0.7132285833358765,negative,1,Negative,0.9462965130805969,Negative,1,Negative,0.6146709322929382,3,Neutral,0.6781648134733103,3,Neutral,0.0,1,Negative,0.44,2.0,2,Negative,Neutral,False,True,True,False,False,True,True,False,False,"They became worse, there are practically no nuts, instead of them now seeds, coconut shavings are also much less and this is despite the fact that the price has increased from 80 to 140 rubles over the past 3 years. :",True
NEGATIVE,"скучноватое получилось аниме для 26 серий. смотрелось сложно, поэтому и долго. максимум удавалось осилить 2-3 серии в день. персонажи получились какими-то блеклыми и безжизненными. графика даже для того года получилась скудная, а задники - однообразными. в сюжете имеются интересные моменты, но даже они не вывозят.",0.049,0.92,0.032,-0.0,Neutral,3,1,Negative,0.9999058246612549,neutral,3,Neutral,0.7973662614822388,negative,1,Negative,0.9957371950149536,Negative,1,Negative,0.6183533072471619,1,Negative,0.48184620766781994,1,Negative,0.0,3,Neutral,0.44,1.75,2,Negative,Negative,False,True,False,True,True,True,True,False,True,"The anime for 26 episodes looked difficult, therefore for a long time. maximum managed to master 2-3 series a day. the characters turned out to be some faded and lifeless. the graphics even for that year turned out to be scanty, and the backs - monotonous. there are interesting moments in the plot, but even they do not take out.",True
NEUTRAL,"вкусно, но цены бешеные для фастфуда, картошка фри с соусом 500р",0.238,0.617,0.145,-0.3612,Negative,1,3,Neutral,0.9995465874671936,neutral,3,Neutral,0.5948179364204407,negative,1,Negative,0.5828870534896851,Neutral,3,Neutral,0.43886542320251465,1,Negative,0.4586071477394501,1,Negative,0.0,5,Positive,0.3913301209040153,2.25,2,Negative,Neutral,False,True,True,False,True,False,False,False,False,"delicious, but prices are frantic for fast food, fries with 500p sauce",True
NEUTRAL,куртка пришла рваная качество не очень хорошее,0.304,0.696,0.0,-0.3865,Negative,1,1,Negative,0.546473503112793,neutral,3,Neutral,0.5059468746185303,neutral,3,Neutral,0.6642881631851196,Negative,1,Negative,0.9112650156021118,3,Neutral,0.6604576354417768,3,Neutral,0.0,3,Neutral,0.7,2.25,2,Negative,Neutral,False,False,True,True,False,True,True,True,False,The jacket is not very good quality.,True
NEUTRAL,начфин не дал отксерить документы?!,0.0,1.0,0.0,0.0,Neutral,3,3,Neutral,0.9998080134391785,neutral,3,Neutral,0.5738047957420349,negative,1,Negative,0.8863356113433838,Very Negative,1,Negative,0.4227854013442993,3,Neutral,0.5298840322374212,3,Neutral,0.0,3,Neutral,0.47536645372567526,2.5,2,Negative,Neutral,True,True,True,False,False,True,True,True,False,Hasn't he let the paperwork go?!,True
POSITIVE,"очень хороший сервис! у меня была проблема с объективом, требовалась замена шлейфа диафрагмы. заказ выполнили буквально за 2 рабочих дня)nтехнику принимает реально крутой мастер, после посещения только положительные эмоции! спасибо за великолепную работу",0.066,0.688,0.245,0.8058,Positive,5,5,Positive,0.9996082186698914,positive,5,Positive,0.9811045527458191,positive,5,Positive,0.9965019226074219,Very Positive,5,Positive,0.4826790690422058,5,Positive,0.8976161237435377,5,Positive,0.0,5,Positive,0.9,5.0,5,Positive,Positive,True,True,True,True,True,True,True,True,True,"very good service! I had a problem with the lens, needed to replace the aperture plume. the order was executed literally in 2 working days)n technique takes a really cool master, after visiting only positive emotions!",True
POSITIVE,мечта женщины-быть женщиной мечты праздничные приятности дня. любимый красный зинашамоян включениеженственности,0.0,0.564,0.436,0.9169,Positive,5,5,Positive,0.999792754650116,positive,5,Positive,0.8702943325042725,positive,5,Positive,0.9468936920166016,Positive,5,Positive,0.5522909164428711,5,Positive,0.7915390096629924,5,Positive,0.0,5,Positive,0.88,5.0,5,Positive,Positive,True,True,True,True,True,True,True,True,True,The dream of a woman is to be a woman of dreams of festive pleasures of the day. beloved red Zinashamoyan of inclusion of women,True
NEGATIVE,"отвратительный пересказ 1 сезона, где всё переврали и вырезали кучу персонажей. ещё могу понять, почему вырезали шу и саузера, но токи.рао же из харизматичного властителя превратился просто в злого дурака без мотивации. на рэя вообще забили и толком никак не раскрыли. концовка - полный бред.210",0.271,0.729,0.0,-0.9502,Negative,1,1,Negative,0.999786913394928,negative,1,Negative,0.8520298600196838,negative,1,Negative,0.9962434768676758,Very Negative,1,Negative,0.8452524542808533,1,Negative,0.9598029663205779,1,Negative,0.0,1,Negative,0.84,1.0,1,Negative,Negative,True,True,True,True,True,True,True,True,True,"disgusting retelling of season 1 where everything was twisted and cut a bunch of characters. I can still understand why the shu and souser were cut out, but toki.rao from the charismatic ruler turned into just an evil fool without motivation. on Ray they were generally scored and did not really reveal. the ending is complete nonsense.210",True
NEUTRAL,"заказала размер l, оказались максимум на s, если совсем растянуть, по размеру на 9-ти летнего ребенка, открыла спор на возврат части денег, выиграла спор, но продавец деньги так и не вернул, разменная сетка не соответствует, ещё и очень долго отправлял, пока я сама не написала",0.062,0.899,0.039,-0.09,Neutral,3,3,Neutral,0.5632333159446716,negative,1,Negative,0.8146297335624695,negative,1,Negative,0.9895657300949097,Very Negative,1,Negative,0.767992377281189,1,Negative,0.5728817960250238,1,Negative,0.0,1,Negative,0.71,1.5,2,Negative,Neutral,True,True,False,False,False,False,False,False,False,"I ordered the size of l, turned out to be a maximum of s, if you stretch it out, the size of a 9-year-old child, opened a dispute for the return of some money, won the dispute, but the seller never returned the money, the exchange grid does not match, and also sent for a very long time, until I wrote it myself.",True
NEGATIVE,"раньше были вкусные, сейчас испортились, сухие очень мясо кусками вываливается",0.0,0.791,0.209,0.5719,Positive,5,1,Negative,0.8572301864624023,neutral,3,Neutral,0.4965966045856476,negative,1,Negative,0.8668367266654968,Negative,1,Negative,0.6120959520339966,3,Neutral,0.5402421915217541,3,Neutral,0.0,3,Neutral,0.8266478532737122,2.5,2,Negative,Negative,False,True,False,True,True,False,False,False,True,"They used to be delicious, now they're spoiled, very dry meat falls out in pieces.",True
POSITIVE,"коротенький первый сезон, состоящий из 6 основных и одной пилотной серии, по 11 минут каждая, содержит в себе такое количество хауса, безумия, наркомании, сюра, психоза и всего-всего подобного, что просто диву даёшься, чем 'вдохновлялись' и чем только не вдохновлялись создатели. не стоит полагать, что сериал можно посмотреть чуть больше, чем за час. чтобы разглядеть каждую деталь, каждую мелочь-пасхалочку, каждую психоделическую зарисовочку, щедро разбросанные в каждом кадре - нужно либо смотреть сезон на несколько раз, каждый раз открывая что-то новое, либо смотреть, периодически ставя на паузу и рассматривая кадры. проделана поистине колоссальная и качественная работа художников-аниматоров, а так же 'сценаристов' (ну или кто там ответственен за весь тот разрыв шаблона, что мы видим), что как бы вы ни относились к подобного жанра произведениям, нельзя не признавать 'необычный гений', вложенный в данный мульт. 8 из 10",0.062,0.855,0.083,0.3356,Positive,5,5,Positive,0.9998162388801575,neutral,3,Neutral,0.6731138825416565,negative,1,Negative,0.9380193948745728,Neutral,3,Neutral,0.7509348392486572,5,Positive,0.4792682349694548,5,Positive,0.0,3,Neutral,0.37,3.75,4,Positive,Positive,True,True,False,False,False,True,True,False,True,"The short first season, consisting of 6 main and one pilot series, 11 minutes each, contains such a number of house, madness, drug addiction, sura, psychosis and everything like that, that you just wonder what was “inspired” and what only the creators were not inspired. you should not assume that the series can be viewed a little more than in an hour. to see every detail, every little Easter egg, every psychedelic sketch, generously scattered in each frame - you either need to watch the season several times, truly opening something new (you can not admit that the creators are so ripped in the same genre). 8 out of 10",True
NEGATIVE,"рыба стала в последнее время какая-то сухая, перемороженная что ли. как картон. по такой-то цене.",0.0,0.848,0.152,0.3612,Positive,5,1,Negative,0.9166842699050903,neutral,3,Neutral,0.6774534583091736,negative,1,Negative,0.7322985529899597,Negative,1,Negative,0.8040820956230164,3,Neutral,0.4973250197711491,3,Neutral,0.0,3,Neutral,0.5979692963663376,2.5,2,Negative,Negative,False,True,False,True,True,False,False,False,True,"The fish has recently become something dry, frozen like cardboard at such and such a price.",True
NEGATIVE,"вооооот она! настоящая русская весна! наконец то! дождались маза фака)))) вокруг все в весеннем говне, а на дорогах дыры такие, что в них как в джакузи полежать можно. весенний снег захуярил все вокруг. попробуй с утреца свою тачку найди в сугробе. шик, блеск, красота. ох люблю я свою страну, нигде такой весны нет))))",0.146,0.603,0.251,0.8061,Positive,5,1,Negative,0.9999059438705444,positive,5,Positive,0.5519030094146729,positive,5,Positive,0.5455366969108582,Very Positive,5,Positive,0.7048869729042053,5,Positive,0.6081664749460423,5,Positive,0.0,3,Neutral,0.5324914466253051,4.25,4,Positive,Negative,False,True,False,False,False,False,False,False,False,"Whoa! a real Russian spring! finally! waited for the ointment faca))) all around in the spring shit, and on the roads holes so that in them like in a jacuzzi you can lie. spring snow has fucked everything around. Chic, splendor, beauty. oh I love my country, there is no such spring anywhere.",True
NEUTRAL,один из самых брутальных нокаутов в истории женских мма (видео),0.268,0.732,0.0,-0.659,Negative,1,3,Neutral,0.9999854564666748,neutral,3,Neutral,0.874123215675354,positive,5,Positive,0.5685962438583374,Neutral,3,Neutral,0.6944063901901245,3,Neutral,0.7784925849642323,3,Neutral,0.0,3,Neutral,1.0,3.0,3,Neutral,Neutral,False,True,True,False,True,True,True,True,True,One of the most brutal knockouts in the history of women's mma (video),True
NEGATIVE,"смотреть можно, однако не всем подойдёт. лично у меня осталось неприятное ,,послевкусие"" после данного тайтла, так как концовка меня отнюдь не порадовала. как писали выше, сделано по визуальной новелле, отсюда сложилось впечатление, что начало(1-10 серии) и конец (11-12) с разных рутов персонажей. с рейтингом на сайте полностью согласен, сам поставил 6. к слову, жанр этти и рейтинг r вообще не про это аниме.",0.067,0.841,0.092,0.2337,Positive,3,1,Negative,0.9987051486968994,neutral,3,Neutral,0.7463261485099792,negative,1,Negative,0.95123690366745,Negative,1,Negative,0.8213562369346619,3,Neutral,0.44750487222489127,3,Neutral,0.0,3,Neutral,0.49,2.25,2,Negative,Negative,False,True,False,True,True,False,False,False,True,"I personally have an unpleasant, aftertaste"" after this title, since the ending did not please me at all. as we wrote above, it is made according to a visual novel, hence the impression that the beginning (1-10 series) and end (11-12) with different rues of characters. with a rating on the site I completely agree, I put 6. by the way, the ethy genre and the rating r is not about this anime at all.",True
POSITIVE,лббимое лакомство ребёнка. заменяет конфеты,0.0,0.319,0.681,0.7506,Positive,5,5,Positive,0.999893307685852,negative,1,Negative,0.5719264149665833,positive,5,Positive,0.9644042253494263,Neutral,3,Neutral,0.7923453450202942,3,Neutral,0.5298840322374212,3,Neutral,0.0,3,Neutral,0.4753664537256753,3.5,4,Positive,Positive,True,True,False,True,False,False,False,False,True,The baby's sweetness replaces sweets.,True
POSITIVE,"товар хороший, размер подошёл, как и заказывала s, товар пришёл быстро)",0.0,0.597,0.403,0.6597,Positive,5,5,Positive,0.9921265840530396,positive,5,Positive,0.9643518328666687,positive,5,Positive,0.9978325963020325,Positive,5,Positive,0.930631160736084,5,Positive,0.6229618090453268,5,Positive,0.0,5,Positive,0.74,5.0,5,Positive,Positive,True,True,True,True,True,True,True,True,True,"Good product, size fit as ordered s, goods came quickly",True
POSITIVE,"упаковка целая, на вид все хорошо, еще не пробовала, но думаю что будет вкусно)",0.0,0.655,0.345,0.7003,Positive,5,5,Positive,0.9944379329681396,positive,5,Positive,0.971507728099823,positive,5,Positive,0.7236853837966919,Positive,5,Positive,0.867753803730011,3,Neutral,0.3460833183914882,5,Positive,0.0,5,Positive,0.4323318462176646,4.75,5,Positive,Positive,True,True,True,True,True,False,True,True,True,"It looks good, I haven’t tried it yet, but I think it will taste good.",True
NEUTRAL,слишком крупная. похожа на соль для посыпки дорог при гололёде,0.0,0.8,0.2,0.3612,Positive,5,3,Neutral,0.9995922446250916,neutral,3,Neutral,0.864081859588623,negative,1,Negative,0.8742043375968933,Negative,1,Negative,0.8209975957870483,3,Neutral,0.5794866770332158,3,Neutral,0.0,3,Neutral,0.7896131570779871,2.75,3,Neutral,Neutral,False,True,True,False,False,True,True,True,True,It's too big. It's like salt to sprinkle roads with ice.,True
NEGATIVE,у меня получился темно красный или темно рыжий. закрасил седину на 100 процентов.,0.0,1.0,0.0,0.0,Neutral,3,3,Neutral,0.8638038039207458,neutral,3,Neutral,0.8404698967933655,negative,1,Negative,0.5665791630744934,Neutral,3,Neutral,0.9076464176177979,3,Neutral,0.4956146126328581,3,Neutral,0.0,3,Neutral,0.6262442458908456,2.75,3,Neutral,Negative,False,False,False,True,False,False,False,False,False,I've got a dark red or a dark red color. I've painted my gray hair 100 percent.,True
POSITIVE,"начало не предвещало чего-то оригинального: любовный сюжет, она расстается с ним в аэропорту, томный взгляд актера на нее, он же прощальный взгляд (у него жена, дети.). она - барышня немного дерзкая и с претензией. находится в поиске себя. ищет-ищет и мечтает. мечтает о своей выставке в художественной галерее парижа, который уже успел ей полюбиться. квартиру, а точнее комнату, в которой ей предстоит жить, подкидывает ей сама судьба в лице немолодой и немного назойливой бабушки, лукаво улыбающейся нам весь фильм. фильм смотрится на одном дыхании, все женские фобии, боязни одиночества и вопросы вечной красоты подняты и спрятаны в тайной комнате, куда наша героиня постоянно пытается попасть. и знаете, ей это удается. вот только жалко ее. любопытство до добра не доведет. советую после фильма вечером не провожать подруг на каких-нибудь недостроенных районах, а лучше вообще не выходить в этот вечер. вдруг и ваше тело поменяют. 9 из 10",0.035,0.795,0.17,0.9519,Positive,5,5,Positive,0.9998514652252197,neutral,3,Neutral,0.6879852414131165,positive,5,Positive,0.9992775321006775,Negative,1,Negative,0.76677006483078,1,Negative,0.39427797476917853,1,Negative,0.0,1,Negative,0.41,2.75,3,Neutral,Positive,True,True,False,True,False,False,False,False,False,"The beginning did not foreshadow something original: a love story, she parted with him at the airport, the languid look of the actor at her, he is a farewell look (he has a wife, children... she is a little daring to go out and with a claim. she is in search of herself. she is looking for and dreams. she dreams of her exhibition in the art gallery of Paris, who has already managed to fall in love. the apartment, or rather the room in which she will live, fate throws herself in the face of an elderly and a little annoying grandmother, who smiles us all the film. she is curious. 9 out of 10",True
NEUTRAL,в этот раз не очень кусок попался,0.0,1.0,0.0,0.0,Neutral,3,3,Neutral,0.9881114959716797,neutral,3,Neutral,0.7261492013931274,negative,1,Negative,0.7826290726661682,Negative,1,Negative,0.8469423055648804,3,Neutral,0.5247667767273543,3,Neutral,0.0,3,Neutral,0.7347529746750048,2.5,2,Negative,Neutral,True,True,True,False,False,True,True,True,False,This time it wasn't really a piece.,True
POSITIVE,достоинства: в жару то что надо квас просто супер,0.0,0.584,0.416,0.7506,Positive,5,5,Positive,0.9997137188911438,positive,5,Positive,0.978628396987915,neutral,3,Neutral,0.7052115797996521,Very Negative,1,Negative,0.5068941116333008,5,Positive,0.6445959932558963,5,Positive,0.0,5,Positive,0.98,4.25,4,Positive,Positive,True,True,True,False,False,True,True,True,True,"Advantages: in the heat, what you need kvass is just super",True
NEGATIVE,"полная синтетика, прозрачный материал. не берите детям. может там и есть хлопок, как написано в описании, но на ощупь полное ""г"".",0.0,1.0,0.0,0.0,Neutral,3,1,Negative,0.9990843534469604,negative,1,Negative,0.5997214317321777,negative,1,Negative,0.8967293500900269,Very Negative,1,Negative,0.6301013231277466,3,Neutral,0.610276255488527,3,Neutral,0.0,3,Neutral,0.73,2.0,2,Negative,Negative,False,True,True,True,True,False,False,False,True,"It's full of synthetics, transparent material. Don't take the kids. Maybe there's cotton, as it says in the description, but to the touch full ""g.""",True
POSITIVE,для шубы самая правильная селедка без масла. но костей много.,0.0,1.0,0.0,0.0,Neutral,3,5,Positive,0.9988890290260315,positive,5,Positive,0.5706833600997925,neutral,3,Neutral,0.7280218005180359,Positive,5,Positive,0.4224042594432831,3,Neutral,0.5298840322374212,3,Neutral,0.0,3,Neutral,0.4753664537256753,3.75,4,Positive,Positive,False,True,True,False,True,False,False,False,True,"For a fur coat, the most correct herring without oil, but there are many bones.",True
NEGATIVE,товар так и не пришел. продавец отказывался продлевать защиту. отвратительный продавец! отказывался вернуть деньги!,0.403,0.597,0.0,-0.7959,Negative,1,1,Negative,0.999160647392273,negative,1,Negative,0.9767308235168457,negative,1,Negative,0.9981891512870789,Very Negative,1,Negative,0.7008802890777588,1,Negative,0.9884357786837668,1,Negative,0.0,1,Negative,0.94,1.0,1,Negative,Negative,True,True,True,True,True,True,True,True,True,"The seller refused to renew the protection, the disgusting seller refused to return the money!",True
POSITIVE,"этот фильм не открывает глаза на суровую реальность сегодняшних дней. в какой то степени он воспитывает внутреннюю борьбу в каждом из нас. хотя возможно многие даже и не знают, что такое шахта, что такое труд простых, рабочих людей. снят фильм максимально просто, ничего лишнего возможно есть мелкие недоработки по актером, но по главным героям нет вопросов. фактически каждое действие положительных героев я прогонял через себя, мысленно поступал так как поступали они. картина погружает нас в быт окраины, которая есть в каждом уголке нашей необъятной родины. в нём есть все, любовь, ненависть. фильм достоин большого проката, но не факт что его удастся популизиравать. ведь люди не привыкли к правде. отдельное спасибо всей операторской, технической команде. также порадовала работа со звуком. спасибо карену геворканяну и продюсерской семье, безусловно главному человеку - оператору александру шаботаеву. буду следить за вашими работами, и ждать продолжение этой истории. с уважением, станислав. 10 из 10",0.08,0.759,0.161,0.9473,Positive,5,5,Positive,0.9999490976333618,negative,1,Negative,0.5531828999519348,positive,5,Positive,0.9984405636787415,Positive,5,Positive,0.3950401842594147,5,Positive,0.48191368527189893,5,Positive,0.0,5,Positive,0.66,4.5,4,Positive,Positive,True,True,False,True,True,True,True,True,True,"This film does not open your eyes to the harsh reality of today. to some extent it brings up the internal struggle in each of us. although perhaps many do not even know what a mine is, what the work of ordinary, working people is. the film is made as simple as possible, nothing superfluous is possible to have minor flaws in the actor, but there are no questions about the main characters. In fact, every action of positive heroes I drove through myself, mentally acted as they did. the picture immerses us in the life of our vast homeland. it has everything, love, hatred. the film is worthy of great rolling, but I will not be able to follow the main cameraman's work. 10 out of 10",True
POSITIVE,"доставка 1 месяц.джинсы отличные,качество тоже порадовало.на свой 46 р.заказала 32,подошли отлично,немного свободные,спасибо.",0.0,0.491,0.509,0.9385,Positive,5,5,Positive,0.9977705478668213,positive,5,Positive,0.9947109222412109,positive,5,Positive,0.9279244542121887,Positive,5,Positive,0.9178277850151062,5,Positive,0.6064881897432388,5,Positive,0.0,5,Positive,0.43364573255730154,5.0,5,Positive,Positive,True,True,True,True,True,True,True,True,True,"Delivery 1 month.jeans are excellent, the quality is also pleased. on your 46 r. ordered 32, perfect, a little free, thank you.",True
POSITIVE,"ткань очень тонкая и прозрачная, качество на три",0.0,1.0,0.0,0.0,Neutral,3,3,Neutral,0.9798843860626221,neutral,3,Neutral,0.8144493103027344,neutral,3,Neutral,0.9267116785049438,Positive,5,Positive,0.8728319406509399,3,Neutral,0.7453739273095057,3,Neutral,0.0,3,Neutral,0.7415402437415329,3.25,3,Neutral,Positive,False,False,False,False,True,False,False,False,False,"fabric is very thin and transparent, quality on three",True
NEGATIVE,"доставка заняла два месяца до спб, трек номер отслеживался. трикотаж приятный к телу, мягкий, вышивка аккуратная, но размер это караул. заказывала xl для мамы на российский 48-50, в итоге прислали не понятно что. в этот свитер еле еле поместилась я (ношу российский 42 и мои параметры рост 158 вес 50 ог 84 и от 68 ). подойдёт разве что ребёнку лет 10. рукава вообще на 5-6 см меньше заявленного. в сравнении приложила свитер зеленого цвета размер которого m, покупался у другого продавца, ткань кстати у них тоже отличается, зелёный качественнее, цены одинаковые. открывала спор на возврат денег, продавец согласился, оказался в этом плане порядочным, за это ему спасибо.",0.023,0.863,0.114,0.8314,Positive,5,1,Negative,0.9993077516555786,neutral,3,Neutral,0.6042720079421997,neutral,3,Neutral,0.6738876700401306,Neutral,3,Neutral,0.9010845422744751,3,Neutral,0.5287945514876073,3,Neutral,0.0,1,Negative,0.42,2.75,3,Neutral,Negative,False,True,False,False,False,False,False,True,False,"delivery took two months to St. Petersburg, track number was tracked. knitwear pleasant to the body, soft, embroidery is neat, but the size of this guard. ordered xl for mom on the Russian 48-50, in the end sent it is not clear that. in this sweater barely fit me (wearing Russian 42 and my parameters height 158 weight 50 og 84 and 68 ). fit only that the child is 10 years old. the sleeves are generally 5-6 cm less than the stated. in comparison attached a sweater of green size m, I bought from another one, by the same price, by the way, the seller agreed to it is also green.",True
NEGATIVE,"это худшее мытье машины за все время, сполоснули только кузов за 700 р на крошечной шкоде фабии nприезжала на мойку 30 марта мытье кузова и ковриков 400 р по времени больше 20 минут. приехала сегодня 13 апреля, отошла прогуляться рядом к пруду машину оставила на мойке в 9:51, возвращаюсь в 10:08 на встречу бежит сотрудник, что все готово. при оплате администратор сообщает, что машина давно готова за ожидание 150 р, представляете прошло меньше 20 минут с начала мытья машины, а она уже давно готова, а также мойка подорожала и теперь 550 р итого 700 рnмашину просто сполоснули абсолютно посредственно. на фото видно, как почистили коврики- просто позор ребята, приехала домой начала их вытряхивать, вообще ничего с ними не сделали, щеткой провели только по водительскому коврику, остальные не доставали даже.nесли вы берете не комплекс, им просто не интересно вас мыть и результат печаль. лично я брезгую тряпками с мойки внутри салона и никогда не полирую пластик, что мне настойчиво предлагали сделать, а также в этот раз мне не нужен был воск снаружи.nтолько обрадовалась, что нашла удобную мойку, но после такого отношения и результата буду искать дальше.n",0.014,0.965,0.02,0.0129,Neutral,3,1,Negative,0.99994957447052,negative,1,Negative,0.8338819146156311,negative,1,Negative,0.9990710020065308,Neutral,3,Neutral,0.3951745331287384,1,Negative,0.6496526838988019,1,Negative,0.0,1,Negative,0.49,1.5,2,Negative,Negative,False,True,True,True,False,True,True,True,True,"This is the worst washing of the car for all time, rinsed only the body for 700 r on a tiny school Fabia n came to the wash on March 30 washing the body and mats 400 r in time for more than 20 minutes. came today on April 13, went to walk next to the pond car left on the sink at 9:51, return at 10:08 to the meeting running employee. when paying, the administrator reports that the car is long ready for waiting for 150 r, imagine it's been less than 20 minutes since the start of washing the car, and she's only interesting, and I didn't even need to do it in person with my car, but I didn't just did not get it in the end, but I didn't just do it, but I didn't get it from the rest of my car, I didn't see it, but I didn't get it, but I didn't get it from the end, I didn't get it, I did not even then I did it, I did it, I did it, I did it, I did not even get it, I did it, I",True
NEUTRAL,"был сет в 4 руки, без покрытия. (маникюрпедикюр). мастер ангелина, которая делала педикюр, сделала всё прекрасно. к мастеру, которая делала маникюр есть замечания. я перед процедурой попросила максимально деликатно убрать кутикулу на руках. одна рука, которая была сделана с помощью аппаратного маникюра, выглядит хорошо и на ней кутикулы не раздражённые, целые. но видимо из-за того, что мастер торопилась закончить работу (процедура проходила вечером), она на другой руке срезала кутикулу ножницами и на ней после этого остались маленькие царапинки. сейчас кутикулы на одной руке немного красненькие и раздражённые. и, к сожалению, это нельзя списать на мою мнительность или придирчивость, потому что ситуация повторяется уже не первый раз. я просто хочу, чтобы мастера не резал мне пальцы.",0.089,0.794,0.117,0.5877,Positive,5,3,Neutral,0.999966025352478,positive,5,Positive,0.6632552742958069,negative,1,Negative,0.6088812947273254,Positive,5,Positive,0.6136097311973572,3,Neutral,0.38489371686432416,5,Positive,0.0,3,Neutral,0.45,3.75,4,Positive,Neutral,False,True,False,False,False,True,False,True,False,"It was a 4-hand set, no cover. The master angelina who did the pedicure, did everything perfectly. to the master who did the manicure there are remarks. I before the procedure asked to remove the cuticle as delicately as possible on the hands. one hand, which was made with the help of a hardware manicure, looks good and on it cuticles are not irritated, whole. but apparently due to the fact that the master was in a hurry to finish the work (the procedure took place in the evening), she cut off the cuticle with sciscissors on the other hand and after that there are small scratches on it now, I do not want to cut my fingers a little, unfortunately, and I do not want to do this.",True
POSITIVE,"посмотрев все вышедшие на данный момент серии (19), прочитав все главы до онгоинга, я с уверенностью могу сказать, что магическая битва является лучшим сёненом современности. после таких типикал-сёненов как мга, чёрный клевер, магическая битва смотрится свежо и интересно. да, магическая битва также нахватала много чего со своих старших братьев, но при этом не скатывается в помойку и привносит в жанр что-то новое. отзыв я пишу об аниме, так что пару слов о нём. к качеству предъяв нету, маппа держит планку на протяжении всех серий, а сакуга моменты вообще шедевр (имхо).окей, перейдём к оценкам.сюжет - 7 из 10. неплохой, и он здесь далеко не для галочки. персонажи - 9 из 10. лично для меня персонажи в магической битве вышли интересными и уникальными. если честно уже надоели рофлы про команду 7 из наруто, ведь юджи - далеко не наруто, мэгуми - далеко не саске, и уж тем более сатору - далеко не какаши.экшен сцены - 10 из 10. да, выделил это как отдельный пункт, ведь экшен сцены в магической битве - это то, что ты будешь пересматривать, и не раз.рисовка - 9 из 10музыкальное сопровождение - 8 из 10итог - 8,6, но от себя доведу до 9. рекомендуется к просмотру.",0.065,0.845,0.09,0.4238,Positive,5,5,Positive,0.9998645782470703,neutral,3,Neutral,0.6673663258552551,positive,5,Positive,0.9706128835678101,Positive,5,Positive,0.5762842297554016,3,Neutral,0.4263513312475645,3,Neutral,0.0,1,Negative,0.52,3.75,4,Positive,Positive,True,True,False,True,True,False,False,False,True,"After watching all the series released at the moment (19), after reading all the chapters before ongoing, I can say with confidence that the magical battle is the best shoenen of our time. after such typical shoenens as mg, black clover, magical battle looks fresh and interesting. Yes, the magical battle also grabbed a lot of things from its older brothers, but it does not slide into the trash and brings something new to the genre. I write about anime, so a couple of words about it. to the quality of presenting nothing, 10 scenes - 8 - with the magic scenes. - it is not recommended for you to watch 7.",True
POSITIVE,"платье прекрасно село, на 44 мой размер заказывала s. качество хорошее, материал тянется",0.0,0.585,0.415,0.7964,Positive,5,5,Positive,0.9963000416755676,positive,5,Positive,0.9886638522148132,positive,5,Positive,0.9561434388160706,Positive,5,Positive,0.8720127940177917,5,Positive,0.7117864499532244,5,Positive,0.0,5,Positive,0.74,5.0,5,Positive,Positive,True,True,True,True,True,True,True,True,True,"dress perfectly sat, 44 my size ordered s. quality good, material stretches",True
NEGATIVE,а пердоган то совсем дурачёк оказывается,0.367,0.633,0.0,-0.4404,Negative,1,1,Negative,0.9963884353637695,negative,1,Negative,0.8109322190284729,negative,1,Negative,0.777353048324585,Negative,1,Negative,0.4837478697299957,3,Neutral,0.5298840322374212,3,Neutral,0.0,3,Neutral,0.47536645372567526,1.75,2,Negative,Negative,True,True,True,True,True,False,False,False,True,And the perdog is a complete fool.,True
POSITIVE,"по всему видно не обошлось! чудная музыка гения каравайчука за кадром и баха в кадре провели по минному полю. чудная игра ефремова, бурляева, и люсьены - нефальшивые слезы. люди, смотрите шестидесятые, вы не увидите спасителя мира, киборгов, вирусов, чужих и прочую нечисть. плачьте по шестидесятым! да, по теме - кто не исполнил гражданский долг? тракторист не выпил на троих? люсьена отказала трактористу? курьер съел пару тортов? нет, но. делай свое дело, и тебя оценит-зритель.",0.155,0.742,0.103,-0.6319,Negative,1,1,Negative,0.7640693187713623,negative,1,Negative,0.530066967010498,positive,5,Positive,0.9922239780426025,Very Negative,1,Negative,0.5933447480201721,3,Neutral,0.4509408821229246,3,Neutral,0.0,3,Neutral,0.6505203266007732,2.25,2,Negative,Positive,False,False,False,True,False,False,False,False,False,"The wonderful music of the genius of Karavaichuk behind the scenes and Baha in the frame was held on a minefield. a wonderful game of Ephraim, Burlyaev, and Lyaenas - non-fake tears. people, look the sixties, you will not see the savior of the world, cyborgs, viruses, strangers and other evil spirits. cry for the sixties! yes, on the topic - who did not fulfill his civic duty? tractor driver did not drink for three? lyaena refused a tractor driver? the courier ate a couple of cakes?",True
POSITIVE,"золотое божество - то аниме, которое было вначале перспективным, но к концу всё больше и больше падало вниз. такое чувство, что geno studio специально делают начало хорошим, а потом сдают позиции к концу. мы имеем простой и предсказуемый сюжет про поиск золота. но чтобы его найти, нужна не просто карта бумажная, а нужно собрать все татуировки заключенных. неплохо, не правда ли? потом нам на лицо кидают таких же интересных персонажей, как сугимото и асирпа, которые являются единственными персонажами, за которыми интересно наблюдать. есть ещё много разных второстепенных персонажей, из которых как-то многовато антагонистов, и которых так же почти не раскрывают. рисовка хромает. мы имеем неплохой дизайн персонажей, но очень плохие задники, и убогий 3d! всё затмевает. студии явно не хватало денег создать более хорошую картинку. музыка - светлая часть тайтла лишь отчасти. отличный опенинг и эндинг затмевают фоновая музыка, которой почти нету, а если есть, то слабая. за то почти в каждой серии нам показывают, как персонажи едят вкусную еду.и, ах да, юмор тут странный. вроде и смешно, но и не смешно. шутки в основном про ""говно"", которое сугимото в каждое блюдо пихает, и ""корчащиеся"" лица. сначала смешит, потом раздражает.на каждый аспект мы имеем и свои плюсы, и свои существенные недостатки. но смотреть было интересно, да и атмосфера вполне неплоха.6 асирп из 10.",0.058,0.76,0.182,0.972,Positive,5,5,Positive,0.9999240636825562,neutral,3,Neutral,0.874121367931366,negative,1,Negative,0.994357168674469,Negative,1,Negative,0.6760803461074829,3,Neutral,0.6309144725830487,3,Neutral,0.0,3,Neutral,0.44,3.0,3,Neutral,Positive,True,True,False,False,False,False,False,False,False,"The golden deity is that anime that was promising at first, but by the end it fell more and more down. the feeling that the geno studio deliberately make the beginning good, and then give positions to the end. we have a simple and predictable plot about the search for gold. but to find it, you need not just a map of paper, but you need to collect all the tattoos of prisoners. not bad, isn't it? then we are thrown on the face of such interesting characters as Sugimoto and Asyrpa, who are the only interesting to watch. there are many different secondary characters, of which there is a lot of some kind of humor, but we don't have enough music for the lighting. The jokes are mainly about ""shit"", which shoves in every dish, and ""whirlwind"" faces. at first laughs, then annoys. on each aspect we have its advantages, and its significant disadvantages. but it was interesting to watch, and the atmosphere is quite good.6 Asirp out of 10.",True
NEGATIVE,"ну, начнём с того, что заказ очень долго не отправлялся продавцом! а потом до москвы шёл больше месяца.через все города россии! это просто жуть! благо продавец всегда оперативно отвечал! платье сшито не качественно, впереди переход от топа к юбке прошит толстым слоем, что делает вид огромного живота,так как топорщится! нужен обязательно ремешок! по размеру на 46-48 надо брать m-ку, l на 50тый.",0.0,0.895,0.105,0.8544,Positive,5,1,Negative,0.9907373785972595,neutral,3,Neutral,0.5104877352714539,neutral,3,Neutral,0.7635247111320496,Very Positive,5,Positive,0.7867969274520874,5,Positive,0.6839947684983415,5,Positive,0.0,5,Positive,0.41,4.0,4,Positive,Negative,False,True,False,False,False,False,False,False,False,"Well, let's start with the fact that the order was not sent by the seller for a very long time! and then to Moscow it went more than a month.Through all the cities of Russia! it's just creepy! the benefit of the seller always promptly answered! the dress is sewn not of high quality, in front of the transition from top to skirt is stitched with a thick layer, which makes the appearance of a huge belly, since it is trenched! you need a strap! in size of 46-48 you need to take m-ka, l on the 50th.",True
POSITIVE,"красивейший дворец nдворец нарышкиных-шуваловых на набережной фонтанки- он же музей фаберже. первый частный музей в россии федерального значения. вряд ли ещё какой-то частный музей располагает такими экспонатами-помимо знаменитой коллекции пасхальных яиц фаберже здесь представлен русский фарфор xix века, эмали, камнерезные изделия, русские иконы какой-то невероятной красоты с тонким кружевом из серебра, живопись, потрясают роскошью столовые сервизы из драгметаллов.nесть аудиогид",0.0,0.803,0.197,0.9468,Positive,5,5,Positive,0.9997473359107971,neutral,3,Neutral,0.5328713655471802,positive,5,Positive,0.9819914698600769,Very Positive,5,Positive,0.5203132033348083,3,Neutral,0.5121957871812859,5,Positive,0.0,3,Neutral,0.7093087863914767,4.25,4,Positive,Positive,True,True,False,True,True,False,True,False,True,"The most beautiful palace of the naryshkin-shuvalovs on the embankment of the fountain - it is a faberge museum. the first private museum in Russia of federal significance. hardly any other private museum has such exhibits - in addition to the famous collection of Easter Faberge eggs, there are Russian porcelain of the XIX century, enamel, stone-cutting products, Russian icons of some incredible beauty with a thin silver lace, painting, stunning dining sets from precious metals.",True
POSITIVE,"понравилась. быстрая доставка, хорошее качество. спасибо продавцу.",0.0,0.508,0.492,0.7003,Positive,5,5,Positive,0.9983649849891663,positive,5,Positive,0.9953433871269226,positive,5,Positive,0.9997591376304626,Positive,5,Positive,0.9011222124099731,5,Positive,0.92969861069787,5,Positive,0.0,5,Positive,0.9177396782849487,5.0,5,Positive,Positive,True,True,True,True,True,True,True,True,True,"Fast delivery, good quality, thanks to the seller.",True
NEGATIVE,"сотрудник по имени иван-это конечно нечто. с комплексом наполеона ( маленького человека) возомнил себя большим начальником над посетителями, и наслаждается этим. с каким удовольствием он заставил выворачивать содержимое посадок, что даже не скрывал этого. к сожалению очень срочно нужно было отправить, поэтому не поехала в другой пункт. но больше в этот пункт не обращусь, и другим не советую. на титова например вполне себе приятная и адекватная сотрудница,",0.019,0.829,0.152,0.8932,Positive,5,3,Neutral,0.9976109266281128,neutral,3,Neutral,0.5903119444847107,negative,1,Negative,0.9787108302116394,Positive,5,Positive,0.4514709413051605,3,Neutral,0.6743168763029341,3,Neutral,0.0,3,Neutral,0.47748411499278653,3.25,3,Neutral,Negative,False,False,False,True,False,False,False,False,False,"An employee named Ivan is of course something. with a complex of Napoleon (a little man) imagined himself as a big boss over the visitors, and enjoys it. with what pleasure he made him turn the contents of the landings, which did not even hide it. unfortunately very urgently needed to be sent, so I did not go to another point. but more to this point I will not address, and others I do not advise. on tito e.g. quite pleasant and adequate employee,",True
NEUTRAL,"первое время после открытия была великолепна. но с каждым днем она все хуже. ценников нет, часто попадаются овощи сомнительного качества, вечные очереди на кассах. и да, тут не работает галя, поэтому с отменами тут тоже беда",0.277,0.62,0.102,-0.8873,Negative,1,3,Neutral,0.9997454285621643,neutral,3,Neutral,0.6039028763771057,negative,1,Negative,0.9957277774810791,Negative,1,Negative,0.7476992607116699,3,Neutral,0.7684214565378578,3,Neutral,0.0,3,Neutral,0.6849689630426838,2.25,2,Negative,Neutral,False,True,True,False,False,True,True,True,False,"The first time after the opening was great. but every day it gets worse. there are no price tags, often come across vegetables of dubious quality, eternal queues at the ticket office. and yes, there is no gal, so with cancellations here too trouble.",True
NEUTRAL,"парк не плохой ,но древний .ничего не обновляют, нового нет ,а. нужен хороший меценат вложить деньги и окупить. но парк тогда будет платным. народ не хочет и администрация тоже",0.075,0.772,0.154,0.4543,Positive,5,3,Neutral,0.9967989921569824,neutral,3,Neutral,0.6419111490249634,negative,1,Negative,0.5831053256988525,Negative,1,Negative,0.6666537523269653,3,Neutral,0.5552717994984492,3,Neutral,0.0,3,Neutral,0.6,2.75,3,Neutral,Neutral,False,True,True,False,False,True,True,True,True,"The park is not bad , but the ancient . do not update anything, there is no new , and need a good patron to invest money and recoup. but the park will then be paid.",True
POSITIVE,"никакой навязчивости со стороны дизайнера не было, учел все мои пожелания по новой кухне, показал всевозможные варианты решения и в итоге проект был согласован. проект и установка мне достались бесплатно, отдельно оплачивала доставку за пределы мкад, а также подключение техники",0.074,0.753,0.173,0.6369,Positive,5,5,Positive,0.9985073208808899,negative,1,Negative,0.5752078294754028,positive,5,Positive,0.9978700876235962,Negative,1,Negative,0.4435484707355499,3,Neutral,0.526826698992948,3,Neutral,0.0,3,Neutral,0.6,3.25,3,Neutral,Positive,True,True,False,True,False,False,False,False,False,"There was no obsession on the part of the designer, took into account all my wishes for the new kitchen, showed all possible solutions and in the end the project was agreed. the project and installation I got free of charge, separately paid for delivery outside the mkads, as well as the connection of equipment.",True
NEGATIVE,"сшиты на каких-то гномиков.по длине короткие, а на животе очень тугая резинка",0.0,1.0,0.0,0.0,Neutral,3,1,Negative,0.9998873472213745,neutral,3,Neutral,0.5405339002609253,negative,1,Negative,0.8583624362945557,Negative,1,Negative,0.5870469808578491,3,Neutral,0.5940846623291672,3,Neutral,0.0,3,Neutral,0.47598508894429825,2.25,2,Negative,Negative,False,True,False,True,True,False,False,False,True,"sewn on some gnomes. the length is short, and on the stomach is a very tight rubber band.",True
NEUTRAL,"хотелось скоротать вечер под что то спокойное, семейное и не напрягающее. выбор пал на the joneses из-за дуэта деми мур - девид духовны. так же в актёрском составе порадовали гэри коул и восходящая актриса эмбер хёрд. работа семейства - скрытый маркетинг и реклама миллиона товаров, отчёты каждый месяц и высокие показатели продаж. без которых, увы, их с лёгкостью заменят на лучших лжецов. особой актёрской игры замечено не было, весь фильм держится на главном дуэте и их харизме. правда, картинка приятная глазу и не раздражающая. продолжительность фильма небольшая, но иногда всё же хочется посмотреть на часы, так как почти весь фильм ничего интересного не происходит. и пара интересных поворотов сюжета явно пошли бы на пользу семейству джонсов. а то из-за такой прямолинейности чувствуешь себя, как водитель на трассе без поворотов. юмора в фильме мало, драматическая часть хорошая, но далека от шедевра. итог: для поклонников мур и духовны, фильм будет интересен, а так же под настроение пофилософствовать, семейку джонсов вполне можно посмотреть. кровь не будоражит, но и неприятного послевкусия не оставляет. 5 из 10",0.029,0.867,0.104,0.7304,Positive,5,3,Neutral,0.9999330043792725,neutral,3,Neutral,0.798237681388855,negative,1,Negative,0.9560933113098145,Positive,5,Positive,0.7959966063499451,3,Neutral,0.7360158583677381,3,Neutral,0.0,3,Neutral,0.37,3.25,3,Neutral,Neutral,False,True,True,False,False,True,True,True,True,"I wanted to pass the evening under something calm, family and not tense. the choice fell on the joneses because of the duo demi Moore - David spiritual. just in the cast pleased Gary Cole and rising actress Ember Heard. the work of the family - hidden marketing and advertising of a million products, reports every month and high sales figures. without which, alas, they will easily be replaced by the best liars. the special acting game was not noticed, the whole film is based on the main duet and their charisma, the picture is given to the spirituality of the film, but you do not want to look at the whole thing after the movie. 5 out of 10",True
NEUTRAL,"м, да. фотоманы - это как графоманы, только хуже, потому что фотографии делать быстрее, чем писать тексты. поэтому их в последнее время много и развелось.",0.176,0.682,0.142,-0.1531,Negative,3,3,Neutral,0.9998562335968018,neutral,3,Neutral,0.6303879022598267,neutral,3,Neutral,0.7205711007118225,Negative,1,Negative,0.6518259048461914,3,Neutral,0.6831319468011198,3,Neutral,0.0,1,Negative,0.54,2.5,2,Negative,Neutral,False,True,True,True,False,True,True,False,False,"Photophiles are like graphomaniacs, only worse, because taking photos is faster than writing texts.",True
POSITIVE,"поднялись холостыми, спустились обручеными :)",0.0,0.69,0.31,0.4019,Positive,5,5,Positive,0.9717066884040833,positive,5,Positive,0.4275852143764496,neutral,3,Neutral,0.9078269600868225,Very Negative,1,Negative,0.42304882407188416,3,Neutral,0.5298840322374212,3,Neutral,0.0,3,Neutral,0.47536645372567526,3.5,4,Positive,Positive,True,True,True,False,False,False,False,False,True,"We got up unmarried, came down engaged :",True
NEGATIVE,"5-летняя жизнь в общаге дополнительно закаляет сельских ребят и в свои 21-22 такие духи становятся головной болью для дедушек. а где, блять, мне интересно, в это время находится дежурный офицер, мать его кошка?в свое время, когда бойцы попытались устроить что-то подобное, я написал план-конспект занятий по рукопашному бою, подписал его у командира роты, и провел 4 занятия, с 4мя бойцами, которые возомнили себя дедами.больше не потребовалось не тот дед пошёл.в наше время толковые деды вкупе с сержантами делали так, что дерзкого успокаивали сопризывники. а почему не дисбат кстати? находящиеся на страже родины представители титульной нации вполне успешно справляются с задачами нагнетания взаимной ненависти без помощи младших народов. кстати, вконтакте уже пробили личные данные, как минимум, двух затрахаются. нет. на шестёрках отыграются, как всегда.",0.051,0.914,0.035,-0.0258,Neutral,3,1,Negative,0.9999836683273315,neutral,3,Neutral,0.5380557179450989,negative,1,Negative,0.5256486535072327,Neutral,3,Neutral,0.47801315784454346,3,Neutral,0.7483367349036117,3,Neutral,0.0,3,Neutral,0.61,2.5,2,Negative,Negative,False,True,False,True,False,False,False,False,True,"5-year life in the dormitory additionally hardens the rural guys and in his 21-22 such spirits become a headache for grandfathers. and where, I wonder, at this time is the officer on duty, his mother's cat? at one time, when the soldiers tried to arrange something like this, I wrote a plan-summary of classes on hand-to-hand combat, signed it with the company commander, and held 4 classes, with 4 fighters who think themselves grandfathers.",True
NEUTRAL,слишком пережарены и с чесноком перебор,0.0,1.0,0.0,0.0,Neutral,3,1,Negative,0.9311556220054626,neutral,3,Neutral,0.8251663446426392,negative,1,Negative,0.7414557933807373,Negative,1,Negative,0.9121127724647522,3,Neutral,0.7244441644634639,3,Neutral,0.0,3,Neutral,0.7174794869638448,2.25,2,Negative,Neutral,True,False,True,False,False,True,True,True,False,overcooked and overcooked,True
NEGATIVE,"начали точно хорошо) , а потом, как всегда. с 11 декабря товар отправлен с иркутска и до сих пор ""пешком "" идёт ! nв пункте всё завалено коробками, которые не разобраны ещё. люди заказывали подарки на новый год, до сих пор не пришли, ужас! nу персонала один сканер для штрих кода! как они должны улучшить скорость работы и быстро разобрать товары, с одним сканером , а работают 3 человека! почему вышестоящее руководство не решит эту проблему .?",0.053,0.823,0.124,0.7391,Positive,5,1,Negative,0.9996457099914551,negative,1,Negative,0.7129708528518677,negative,1,Negative,0.9951600432395935,Very Negative,1,Negative,0.7267688512802124,1,Negative,0.7029822121644779,1,Negative,0.0,1,Negative,0.39,1.5,2,Negative,Negative,False,True,True,True,True,True,True,True,True,"It started exactly well, and then, as always. from December 11, the goods were sent from Irkutsk and still ""walking""! n at the point everything is littered with boxes that have not been disassembled yet. people ordered gifts for the new year, still did not come, horror! n staff one scanner for bar code! how they should improve the speed of work and quickly disassemble goods, with one scanner, and work 3 people! why does the top management not solve this problem?",True
NEUTRAL,"заказ шел почти 2 месяца. материал отличается от того, что в описании, я думала она будет плотнее. рукава оказались короткие, хотя по плечам как раз. очень маленькие карманы, торчат нитки.",0.0,1.0,0.0,0.0,Neutral,3,3,Neutral,0.9727429151535034,neutral,3,Neutral,0.7554251551628113,negative,1,Negative,0.5148348808288574,Negative,1,Negative,0.5872936248779297,3,Neutral,0.6835517124645096,3,Neutral,0.0,3,Neutral,0.5028886357946859,2.5,2,Negative,Neutral,True,True,True,False,False,True,True,True,False,"The order was almost 2 months. the material is different from what in the description, I thought it would be denser. the sleeves were short, although on the shoulders just. very small pockets, sticking threads.",True
NEUTRAL,"совсем не моцарелла, скорее сулугуни.",0.0,1.0,0.0,0.0,Neutral,3,3,Neutral,0.9882060885429382,neutral,3,Neutral,0.6270249485969543,neutral,3,Neutral,0.5490013360977173,Negative,1,Negative,0.7784178853034973,3,Neutral,0.6804525565566165,3,Neutral,0.0,3,Neutral,0.7815541669025629,2.75,3,Neutral,Neutral,True,True,True,True,False,True,True,True,True,"Not mozzarella, but rather suluguni.",True
POSITIVE,шикарный отдых на природе,0.0,0.0,1.0,0.2732,Positive,3,5,Positive,0.992340087890625,positive,5,Positive,0.992152750492096,positive,5,Positive,0.8998202085494995,Positive,5,Positive,0.48579585552215576,5,Positive,0.8301942905704064,5,Positive,0.0,5,Positive,0.95,4.75,5,Positive,Positive,True,True,True,True,True,True,True,True,True,chic,True
NEGATIVE,"сегодня зашла в магазин, и увидела, помидоры гнилые и мандарины тоже такиежы, купила фаршь приготовила, но ни запоха мясо там даже ни пахло, даже на мясо ни похоже, собака и коты не стали его есть",0.16,0.84,0.0,-0.766,Negative,1,1,Negative,0.9999619722366333,negative,1,Negative,0.5487973690032959,negative,1,Negative,0.9879393577575684,Very Negative,1,Negative,0.47444242238998413,1,Negative,0.598332107950424,1,Negative,0.0,3,Neutral,0.5706119235041751,1.25,1,Negative,Negative,True,True,True,True,True,True,True,False,True,"Today I went to the store, and I saw that tomatoes are rotten and tangerines are also so much, I bought minced meat, but there was no smell of meat there, even meat does not look like it, the dog and cats did not eat it.",True
NEGATIVE,"героическое фэнтези, основанное на произведениях роберта говарда, создателя жанра 'меча и магии' в литературе. самый знаменитый герой говарда, разумеется, конан, хорошо известный благодаря фильмам со шварцнеггером 80-х и экранизации 2011 с джейсоном момоа, и изначально фильм планировался про него. но в процессе арни отказался играть конана и решили снять картину про еще одного героя писателя кулла, варвара, ставшего королем. фильм получился довольно слабый. кевин сорбо ('удивительные странствия геракла') играет как-то без огонька, да и в смысле фактуры и харизмы выглядит не очень. из всех актеров выделяется разве что тия каррере, сыгравшая злодейку акивашу. фильму бы рейтинг пожестче, а так для жанра он выглядит слишком по-детски. явно не хватает брутальности и динамики действия. а сражения и спецэффекты выглядят неубедительно. такая себе посредственная фэнтезийная поделка родом из 90-х. 5 из 10",0.102,0.738,0.16,0.747,Positive,5,1,Negative,0.9994226694107056,neutral,3,Neutral,0.6338570713996887,negative,1,Negative,0.9744812250137329,Negative,1,Negative,0.4359515309333801,3,Neutral,0.7538763557689139,3,Neutral,0.0,3,Neutral,0.55,2.5,2,Negative,Negative,False,True,False,True,True,False,False,False,True,"heroic fantasy based on the works of Robert Howard, the creator of the genre of ""sword and magic"" in literature. the most famous hero of Howard, of course, Conan, well known thanks to the films with Schwarzenegger of the 80s and the 2011 film adaptation with Jason Momoa, and the film was originally planned about him. but in the process Arnie refused to play Conan and decided to shoot a picture about another hero of the writer Kull, a barbarian who became a king. the film turned out quite weak. kevin Sorbo ('amading Journeys of Herakla) does not look like a kartazhevkarati in a special effect. 5 out of 10",True
NEUTRAL,"жаль, что о100 предоплате узнала после оформления заказа, а качество по отзывам бывает разное, не хочу получить проблемы, а не заказ.nхочу оплачивать при получении заказа, мне важны сроки, n",0.179,0.821,0.0,-0.4976,Negative,1,3,Neutral,0.9976931214332581,negative,1,Negative,0.5178064703941345,negative,1,Negative,0.9881104230880737,Very Negative,1,Negative,0.46681007742881775,3,Neutral,0.4780523393639836,3,Neutral,0.0,3,Neutral,0.4758499306142117,2.0,2,Negative,Neutral,False,True,False,False,False,True,True,True,False,"I am sorry that I learned about 100 prepayment after placing an order, and the quality of reviews is different, I do not want to get problems, not an order.",True
NEUTRAL,"обычные синтетические лосины, слабенькая резинка, на ногах чёрный цвет растягивается и становится серым, белая попа просвечивает, одевать только с белым бельем",0.211,0.789,0.0,-0.7506,Negative,1,3,Neutral,0.9827073216438293,neutral,3,Neutral,0.7287737727165222,negative,1,Negative,0.867080807685852,Neutral,3,Neutral,0.7900300025939941,3,Neutral,0.49631869323662836,3,Neutral,0.0,3,Neutral,0.7903689650456981,2.5,2,Negative,Neutral,False,True,True,False,True,True,True,True,False,"ordinary synthetic leggings, weak rubber band, on the legs the black color stretches and becomes gray, the white ass shines through, dress only with white underwear",True
NEUTRAL,"заказала s, пришло l",0.0,1.0,0.0,0.0,Neutral,3,3,Neutral,0.5358896255493164,negative,1,Negative,0.38439226150512695,negative,1,Negative,0.8596698045730591,Neutral,3,Neutral,0.6840025782585144,3,Neutral,0.5298840322374212,3,Neutral,0.0,3,Neutral,0.47536645372567526,2.5,2,Negative,Neutral,True,True,False,False,True,True,True,True,False,"ordered s, came l",True
NEUTRAL,"на густые и длинные волосы не подходит , не держит",0.174,0.826,0.0,-0.2755,Negative,3,3,Neutral,0.98240065574646,neutral,3,Neutral,0.7774868607521057,negative,1,Negative,0.6692053079605103,Negative,1,Negative,0.728924036026001,3,Neutral,0.5298840322374212,3,Neutral,0.0,3,Neutral,0.47536645372567526,2.5,2,Negative,Neutral,False,True,True,False,False,True,True,True,False,"For thick and long hair does not fit, does not hold",True
POSITIVE,захватывающий вид на переславль-залесский лучше всего открывается со звонницы. в монастыре все пропитано историей. есть 14 залов с экспонатами. рекомендую,0.0,0.753,0.247,0.802,Positive,5,5,Positive,0.9998583793640137,positive,5,Positive,0.9871232509613037,positive,5,Positive,0.8799471259117126,Neutral,3,Neutral,0.853639543056488,3,Neutral,0.6407645813374543,3,Neutral,0.0,5,Positive,0.831989259676183,4.25,4,Positive,Positive,True,True,True,True,False,False,False,True,True,breathtaking view of Pereslavl-Zalessky is best opened from the belfry. in the monastery everything is saturated with history. there are 14 halls with exhibits.,True
NEUTRAL,внешний вид на отлично!nв здании не рационально и не эффективно сделан зал получения багажа. очень тесно.,0.139,0.861,0.0,-0.3089,Negative,3,3,Neutral,0.9999488592147827,positive,5,Positive,0.6880051493644714,negative,1,Negative,0.6919031739234924,Negative,1,Negative,0.6584099531173706,3,Neutral,0.8586315120847282,3,Neutral,0.0,3,Neutral,0.76,2.75,3,Neutral,Neutral,False,True,False,False,False,True,True,True,True,The building is not rational and not efficiently made the baggage collection hall. very tight.,True
POSITIVE,"отличный каток, любительские хоккейные тренировки замечательные, тренеры профессиональналы. nбыла проблема с заточкой - мастер уходил не по расписанию. этот момент, как я понял, решили, nтеперь мастер всегда уходит вовремя, продолжаю посещать с удовольствием!",0.056,0.707,0.237,0.8655,Positive,5,5,Positive,0.9984415173530579,positive,5,Positive,0.9846318960189819,neutral,3,Neutral,0.5948596000671387,Very Positive,5,Positive,0.5467904806137085,5,Positive,0.8835760454510315,5,Positive,0.0,5,Positive,0.72,4.75,5,Positive,Positive,True,True,True,False,True,True,True,True,True,"excellent ice rink, amateur hockey training is wonderful, coaches are professional. n there was a problem with sharpening - the master left on schedule. this moment, as I understood, decided, now the master always leaves on time, continue to visit with pleasure!",True
NEGATIVE,"куртка не белая, а бежевая! размер нормальный, внутри пух комками свалявшийся со стороны смотрится как черные пятна! много ниток торчит, на капюшоне мелкие черные точки! куртка тяжелая",0.05,0.842,0.109,0.4983,Positive,5,3,Neutral,0.9967854022979736,neutral,3,Neutral,0.6136796474456787,negative,1,Negative,0.5291929841041565,Very Negative,1,Negative,0.6538456678390503,3,Neutral,0.5907848323045393,3,Neutral,0.0,5,Positive,0.47,3.0,3,Neutral,Negative,False,False,False,True,True,False,False,False,False,"jacket is not white, but beige! the size is normal, inside the down lumps falling from the side looks like black spots! many threads stick out, on the hood small black dots! jacket heavy",True
NEGATIVE,это просто ужас. рассол старый отдают чем то не понятно не приятным. всё на выброс есть не возможно!,0.152,0.737,0.111,-0.2121,Negative,3,1,Negative,0.9996260404586792,negative,1,Negative,0.9154118299484253,negative,1,Negative,0.995647132396698,Very Negative,1,Negative,0.8025539517402649,1,Negative,0.9269042356449739,1,Negative,0.0,1,Negative,0.88,1.25,1,Negative,Negative,True,True,True,True,True,True,True,True,True,"It's just terrible. The old brine is given away with something that is not understandable, not pleasant.",True
NEGATIVE,"сомнительный ларёк. продавцы тоже не вызывают доверие. никогда там ничего не брала, боюсь как бы было несвежее",0.0,1.0,0.0,0.0,Neutral,3,1,Negative,0.9996421337127686,negative,1,Negative,0.7119885683059692,negative,1,Negative,0.9230127930641174,Negative,1,Negative,0.5203278660774231,1,Negative,0.5053369520085449,3,Neutral,0.0,1,Negative,0.5450780750954395,1.5,2,Negative,Negative,False,True,True,True,True,True,False,True,True,"I've never taken anything there, I'm afraid it's stale.",True
NEGATIVE,"доска отвратительная, после первого же использования треснула посередине, ужасно!",0.382,0.618,0.0,-0.7777,Negative,1,1,Negative,0.9997933506965637,negative,1,Negative,0.8276399970054626,negative,1,Negative,0.9293266534805298,Very Negative,1,Negative,0.794007420539856,3,Neutral,0.5501820181181618,3,Neutral,0.0,1,Negative,0.82,1.5,2,Negative,Negative,True,True,True,True,True,False,False,True,True,"The board is disgusting, after the first use cracked in the middle, terrible!",True
NEUTRAL,"павел санаев на данный момент является одним из самых перспективных российских режиссер, и каждую его новую работу ждешь с нетерпением. режиссер, который не только умеет качественно снимать фильмы, но так же пишет хорошие сценарии, но вот для своей короткометражки джерри он использовал чужую историю, и мне кажется в этом и заключается его главная ошибка. джерри расскажет нам историю об обычной девушке, которая уехала в нью-йорк в поисках лучшей жизни, и каждый день она связывается с таинственным незнакомцем (кой) по скайпу (в этом и заключается главная интрига фильма) чтобы поведать о своей нелегкой жизни. сам фильм снят очень качественно. понравилась операторская работа, музыка, монтаж, даже не смущала игра марины петренко, которая моментами переигрывала, но все-таки достойно держалась в кадре, если учитывать еще что весь фильм держался на ее плечах. но вот концовка искажает все впечатление от просмотра. неужели нельзя было придумать что-нибудь более оригинальное или менее бредовое? мне даже кажется, что фильм бы получился лучше, если бы все закончилось более банально, нежели то, что придумали авторы. ну да ладно. кто захочет тот сам все увидит, а я лишь скажу, что получилась качественная в техническом плане новелла на тему нью-йорк я люблю тебя с довольно слабым финалом который, по мнению авторов должен был повергнуть всех в шок или состояние ступора, а в итоге он сыграл злую шутку против них же самих.",0.031,0.885,0.085,0.9011,Positive,5,3,Neutral,0.9999499320983887,neutral,3,Neutral,0.9098294973373413,positive,5,Positive,0.7740046381950378,Positive,5,Positive,0.428772509098053,1,Negative,0.3763090477846681,1,Negative,0.0,5,Positive,0.41,3.5,4,Positive,Neutral,False,True,True,False,False,False,False,False,False,"Pavel Sanayev is currently one of the most promising Russian directors, and each of his new work you can look forward to. director, who not only knows how to make films, but also writes good scripts, but for his short film Jerry he used someone else's story, and it seems to me that this is his main mistake. Jerry will tell us a story about an ordinary girl who left for New York in search of a better life, and every day she contacts a mysterious stranger (who) by Skype (this is the main intrigue of the film) to tell about his difficult state, and I think of the film, but I'm not even better at the end that I'm going to see all the film, but I don't think that I'm going to think I'm going to the film, but I'm going to think it'm going to think it'm going to the film, but I'm going to think it've got a better than the film, but I'm going to think that I'm going to the film, but I'm going to think that I'm going to think it'm going to think it'm going to be",True
NEGATIVE,цены привышают на 100 написала жалобу в роспотребнадзор.,0.21,0.571,0.219,0.0258,Neutral,3,1,Negative,0.9998466968536377,neutral,3,Neutral,0.7306344509124756,negative,1,Negative,0.8999713063240051,Neutral,3,Neutral,0.8297210931777954,3,Neutral,0.5298840322374212,3,Neutral,0.0,3,Neutral,0.4753664537256753,2.5,2,Negative,Negative,False,True,False,True,False,False,False,False,True,Prices increase by 100 wrote a complaint to Rospotrebnadzor.,True
POSITIVE,"рейс 93 это те люди, которые не побоялись пожертвовать своими жизнями ради жизней других людей, которым, скорее всего, угрожала опасность. несмотря на определенную пафосность фильма, я не думаю, что это столь значимо, это может всего лишь немного раздражать поначалу. главное это мужество тех людей, которые были в самолете. я бы не сказал, что актеры, сыгравшие эти невероятные роли, отличились особым мастерством, этим мастерством больше выделялись те, кто не побоялся сыграть террористов, в чем им большая благодарность, и еще за то, что сыграли лучше остальных. но ведь не в игре дело, правильно? фильм, по сути, документальный, но переложенный на художественный манер, возможно, поэтому какую-то его часть все время кажется, что тебя разыгрывают. но самое страшное, что это было на самом деле. документальность, конечно же, не столь резкая как в фильме иньяриту внутри фильма 11 сентября, где несколько режиссеров показали свой взгляд на эти события, но для сентиментальных людей, происходящее будет серьезным испытанием. для остальных это будет не знаю чем, может быть, чувством уважения к тем людям, может просто состраданием к близким погибших, может возникнет чувство причастности ко всему, что в мире происходит. одно ясно - что это пусть и не столь впечатляющая с точки зрения кино, но эмоциональная картина в память о тех людях, которые пытались что-то изменить, и у них это получилось.",0.045,0.817,0.137,0.972,Positive,5,5,Positive,0.9718124270439148,neutral,3,Neutral,0.4837360978126526,positive,5,Positive,0.894977331161499,Very Negative,1,Negative,0.38968557119369507,5,Positive,0.6317588653999004,5,Positive,0.0,5,Positive,0.6,4.25,4,Positive,Positive,True,True,False,True,False,True,True,True,True,"Flight 93 are those people who were not afraid to sacrifice their lives for the lives of other people who were most likely in danger. despite the certain pathos of the film, I do not think that this is so significant, it can only be a little annoying at first. the main thing is the courage of those people who were on the plane. I would not say that the actors who played these incredible roles distinguished themselves by special skill, those who were not afraid to play terrorists, in which they were greatly grateful, and even for the fact that they played the film better than the other ones - the film, but the most serious feeling of those events that happened in the film, in fact, it is not so terrible for the film, but for the fact that it is not so much that it happens in the film, but it is true that it is not so much that this time that it is true that the film, for the film, for the film, for the film, but it is not so much that it is not so much that it is true that it is not true that it does not that the film, for the film, for the film, but for the film, for the film, for the film, but for the",True
NEGATIVE,".теперь осталось забыть. впрочем, особого труда это не составит. и уж точно не появится желание посмотреть этот фильм еще раз. никогда не оправдывайте такую муть низким бюджетом. им можно оправдать отсутствие в фильме известных актеров, графику не самого высшего качества, даже некоторые ляпы можно оправдать. но удручающая игра актеров, сценарий, написанный на большой перемене восьмиклассником-двоечником. все это напоминает мне персонажа советской мультипликации повторявшего: 'и так сойдет!'. будто самыми часто звучащими фразами на съемочной площадке были не 'мотор!' и 'камера!', а 'сойдет' и 'все равно никто смотреть не будет'. я реалист, и не ожидал от фильма с таким актерским и творческим составом супер впечатлений, но и такой подставы тоже не ожидал. перечисление всех ляпов и несуразностей по времени превысит хронометраж картины. чего стоит размеренная и спокойная езда в абсолютно пустом тоннеле - а что, кто-то куда-то спешит? деревянный стеллаж, упавший на девушку, весит не более ста килограмм. весил бы больше - девушка получила бы серьезные травмы. и этот хмырь не смог поднять стеллаж? договорились с родителями встретиться у башни. какого спрашивается лезть на башню!? или я заблуждаюсь, считая что посадка в вертолет удобнее на земле, нежели на высоте десятков метров? мир состоит из мелочей. об этих мелочах нельзя забывать. как только мы о них забываем - мир становится другим. 4 из 10 в топку!",0.078,0.822,0.1,0.3215,Positive,3,1,Negative,0.9993295669555664,neutral,3,Neutral,0.6009083390235901,negative,1,Negative,0.9996840953826904,Very Negative,1,Negative,0.6653206944465637,3,Neutral,0.4683924933416845,3,Neutral,0.0,3,Neutral,0.38,2.25,2,Negative,Negative,False,True,False,True,True,False,False,False,True,"Now it is left to forget. however, it will not be difficult. and certainly will not be a desire to see this film again. never justify such a mess with a low budget. they can justify the absence of famous actors in the film, the graphics are not of the highest quality, even some blunders can be justified. but the depressing play of actors, the script written at a big break by an eight-grader-twoman. all this reminds me of the character of the Soviet animation repeating: 'And so it will come down!'. 4 out of 10 to the furnace!",True
POSITIVE,блузка клевая. под маечку выглядит лучше.,0.0,0.606,0.394,0.6369,Positive,5,5,Positive,0.996631920337677,neutral,3,Neutral,0.6187617182731628,positive,5,Positive,0.7075495719909668,Negative,1,Negative,0.6244063973426819,3,Neutral,0.40145671957530865,3,Neutral,0.0,5,Positive,0.8583304338029865,3.75,4,Positive,Positive,True,True,False,True,False,False,False,True,True,The blouse is cool. It looks better under the shirt.,True
NEGATIVE,"чтобы сидело как на модели необходимо быть максимум 44 размера. доставка 3 недели до мо. на фото выглядит намного богаче. в реальности очень легкий, а пряжа совсем жидкая. заказывала белый - по факту какой-то с желтизной. горловина до безобразия узкая! вообщем, не в восторге.",0.105,0.838,0.057,-0.4393,Negative,1,1,Negative,0.9994807839393616,neutral,3,Neutral,0.5828758478164673,negative,1,Negative,0.5833362340927124,Negative,1,Negative,0.3239137828350067,3,Neutral,0.6017255147129421,3,Neutral,0.0,3,Neutral,0.66,2.0,2,Negative,Negative,True,True,False,True,True,False,False,False,True,"in order to sit as on the model, it is necessary to be a maximum of 44 sizes. delivery 3 weeks to Mo. in the photo looks much richer. in reality very light, and the yarn is completely liquid. ordered white - in fact some kind of yellowness. neck is ugly narrow! in general, not delighted.",True
NEUTRAL,"красивый и инстаграмный интерьер не спасает от того, как грязно в туалете, по крайней мере в женском) персонал не здоровается, мест в гардеробе не хватаетnпри этом экран хороший, смотреть фильмы приятно, прекрасная возможность пересмотреть старые фильмы на большом экране. nnотдельное недовольство из-за того, что во время сеанса можно заказывать еду, официанты постоянно бегают и отвлекают внимание, но возможно это я такая привереда",0.08,0.676,0.245,0.9095,Positive,5,3,Neutral,0.9939996004104614,neutral,3,Neutral,0.7200323343276978,negative,1,Negative,0.748846709728241,Positive,5,Positive,0.5154430270195007,3,Neutral,0.43196565287093003,5,Positive,0.0,5,Positive,0.47,3.75,4,Positive,Neutral,False,True,True,False,False,True,False,False,False,"beautiful and instagram interior does not save from how dirty in the toilet, at least in the female) the staff does not say hello, there are not enough places in the wardrobe at the same time the screen is good, watching movies is pleasant, a great opportunity to review old movies on the big screen.",True
NEUTRAL,"локация хорошая, помещение большое, практически всегда есть свободные места. есть даже своя небольшая парковка. хорошо работают хостес и официанты. но, главный минус-это кухня. качество блюд оставляет желать лучшего. шашлык из свинины приносят с кровью, лепёшки-сырыми, фокачча ужасная бефстроганов ацтой и многое, многое другое. в баре по ощущению, работают вообще вредители. из плюсов-снова появился в меню грушевый пирог. стоимость блюд не высокая.",0.046,0.864,0.09,0.2525,Positive,3,3,Neutral,0.9999067783355713,neutral,3,Neutral,0.6164608001708984,negative,1,Negative,0.662246823310852,Positive,5,Positive,0.45553353428840637,3,Neutral,0.7913267054236274,3,Neutral,0.0,3,Neutral,0.5114751034781797,3.0,3,Neutral,Neutral,False,True,True,False,False,True,True,True,True,"The location is good, the room is large, there are almost always free spaces. there is even a small parking lot. the hostess and waiters work well. but, the main minus is the kitchen. the quality of dishes leaves much to be desired. kebabs from pork are brought with blood, raw flatbreads, focaccia terrible befstrogans azta and much, much more. in the bar, pests work in general. from the pros-s again appeared in the menu pear pie. the cost of dishes is not high.",True
NEGATIVE,"парковка ужас. руководство максимально показывает, что выгода, дороже удобства посетителей. с каждый разом га парковки появляются новые ларьки, а мест становится меньше",0.095,0.767,0.138,0.1779,Positive,3,3,Neutral,0.5853663682937622,negative,1,Negative,0.6428937911987305,negative,1,Negative,0.8574193716049194,Very Negative,1,Negative,0.646140456199646,1,Negative,0.7065330932893418,1,Negative,0.0,1,Negative,0.77,1.5,2,Negative,Negative,False,False,True,True,True,True,True,True,True,"Parking horror. the guide maximally shows that the benefit is more expensive than the convenience of visitors. with each time the ha of parking there are new stalls, and there are fewer places",True
NEUTRAL,"не первый раз в этой евразии. проездом из ло в спб и обратно раньше было лучше. nпорции уменьшились. время ожидания увеличилось. об этом предупредили через 15 минут, после того, как мы сели за стол, и когда к нам подошла официантка. оливье (столичный) не вкусный. фото в меню не соответствуют блюдам при подаче (касательно суши).nно. это все относительно. думаю зависит от смены, дня недели и т.п. nно учитывая ценник ресторана и относительно хорошее качество, можно потерпеть. в общем, неплохо.n",0.032,0.891,0.077,0.4404,Positive,5,3,Neutral,0.9993304014205933,neutral,3,Neutral,0.6380422115325928,negative,1,Negative,0.9384912252426147,Negative,1,Negative,0.7464331984519958,3,Neutral,0.88297146868151,3,Neutral,0.0,3,Neutral,0.59,2.75,3,Neutral,Neutral,False,True,True,False,False,True,True,True,True,"This is not the first time in Eurasia. travel from lo to St. Petersburg and back before was better. portions decreased. waiting time increased. this was warned 15 minutes after we sat down at the table, and when we came to the waitress. Olivier (capital) is not tasty. photos in the menu do not match the dishes when served (concerning sushi).",True
POSITIVE,а почему нельзя добавить в apple pay карту мир ?,0.135,0.865,0.0,-0.1027,Neutral,3,5,Positive,0.9998956918716431,negative,1,Negative,0.502933919429779,negative,1,Negative,0.9593952894210815,Neutral,3,Neutral,0.7221631407737732,3,Neutral,0.5792857446149714,3,Neutral,0.0,5,Positive,0.41207029051224725,3.0,3,Neutral,Positive,False,True,False,False,False,False,False,True,False,Why can't you add a world to an apple pay card?,True
NEUTRAL,"красивое место не спорю, nплюсы: nвид, вкусный ресторан, прекрасные цены на аренду беседки и баньки.nnминусы:nих много.nвпервые видели такое обслуживание при въезде на базу отдыха, охрана задала многочисленные вопросы которые были бессмысленные. nну все таки пустили на базу отдыха.nрешили прокатится на катамаране ждали больше 40 минут, на что нам сказали ""я сейчас оформлю гостей в номера"". и хотелось бы иметь 2-их администраторов ну может мы не везучие что нам попался всего 1 администратор ( в летнее время )nnдумали что можно поплавать в бассейне но на что нам сказали что бассейн только для проживающий в номерах, мы уже стали настаивать на оплату бассейна. но так и не удалось нам это сделать, побывали покатались сделали выводы что это место только для тех кто реально там проживает для жителей междуреченска нет возможности поплавать хотя даже оплатить хотели эту возможность. nnотметка: 3 звезды из 5. надеюсь эти ""баги"" исправят в этом месте!",0.051,0.823,0.126,0.7336,Positive,5,3,Neutral,0.9999884366989136,neutral,3,Neutral,0.7780809998512268,negative,1,Negative,0.6102486252784729,Very Negative,1,Negative,0.5885758996009827,1,Negative,0.7208272969877476,1,Negative,0.0,1,Negative,0.36,2.0,2,Negative,Neutral,False,True,True,False,False,False,False,False,False,"beautiful place I do not dispute, nplus: nvid, delicious restaurant, excellent prices for renting arbors and baths.nnminus: there are many.n for the first time saw such service at the entrance to the recreation center, security asked numerous questions that were meaningless. n well still allowed to the recreation center.ndecided to ride a catamaran waited for more than 40 minutes, to which we were told ""I will now arrange guests in the room."" and we would like to have 2 administrators well, we may not have just 1 administrator (in the summer time nn) thought that you can even pay for this place in the pool, but we really did not have the opportunity to stay there.",True
NEGATIVE,"маленькие, жесткие , трудно чистящиеся и кислющие.",0.295,0.421,0.284,0.2263,Positive,3,1,Negative,0.9122161269187927,neutral,3,Neutral,0.771751880645752,negative,1,Negative,0.7452108263969421,Negative,1,Negative,0.7897205948829651,3,Neutral,0.5253064176700952,3,Neutral,0.0,1,Negative,0.4672982570748305,2.0,2,Negative,Negative,False,True,False,True,True,False,False,True,True,"Small, hard, hard to clean and sour.",True
NEUTRAL,"спустя почти 7 лет после эксмо азбука радует нас выходом культовой манги one piece в формате 3 тома-в-одном в твёрдом переплёте! сама манга и аниме в представлении не нуждаются, ну только если вы не спали последние лет 20 и всё пропустили. эпопея молодого пирата луффи и его команды - одна из самых успешных манг в истории, если даже не самая-самая. бесконечная, в хорошем смысле, история скитания по морям, сражений с конкурентами и морским дозором, поиск легендарного сокровища, история дружбы и боевого братства, годное фэнтези, море приключений (извините за каламбур) и вообще всё то, что делает годную сёнен мангу по-настоящему годной. знаю, что сумбурно, но слишком много эмоций. в своё время я купил все тома от эксмо, буду хранить их в качестве сувенира, видимо, и посмотрел больше пятиста серий аниме, так что повод расчехлить архивы и почитать заново, за пару лет как раз уложусь. был, вроде бы, слушок, что ода эйтиро подумывает о завершении серии. в общем, у меня эта манга занимает одну из верхних строчек среди приключенческих, оставляя далеко позади своих конкурентов. если вы ещё не читали, то съешьте свой любимый фрукт, заносите мангу в свой лист ожидания и вперёд, к новым приключениям!",0.025,0.866,0.11,0.858,Positive,5,3,Neutral,0.9999233484268188,positive,5,Positive,0.5070582628250122,positive,5,Positive,0.9995743632316589,Positive,5,Positive,0.5144643783569336,3,Neutral,0.5245760560096873,3,Neutral,0.0,1,Negative,0.44,3.75,4,Positive,Neutral,False,True,False,False,False,True,True,False,False,"Almost 7 years after the exmo alphabet pleases us with the release of the cult manga one piece in the format of 3 volumes-in-one hardcover! the manga itself and the anime do not need an introduction, well, only if you haven’t slept for the last 20 years and missed everything. the epic of the young pirate louffi and his team is one of the most successful mangas in history, if not even the most endless, in a good sense, this story of wandering around the seas, fighting with competitors and the sea watch, the search for a legendary treasure, the history of friendship and the new one, I see it in my life, I’s from a year agonym, but I’s in general I’ve been doing it for a lot of my own adventure.",True
POSITIVE,спасибо! как всегда все отлично!,0.0,0.295,0.705,0.8011,Positive,5,5,Positive,0.9981655478477478,positive,5,Positive,0.9948617815971375,positive,5,Positive,0.9911556243896484,Very Positive,5,Positive,0.708307147026062,5,Positive,0.9973981190275867,5,Positive,0.0,5,Positive,1.0,5.0,5,Positive,Positive,True,True,True,True,True,True,True,True,True,Thank you! it's always great!,True
POSITIVE,"единственное нормальное и лучшее аниме по манге ""берсерк"", которое экранизирует великолепную арку ""золотой век"". начало нас встречает филлерным эпизодом - сразу видно, что у студии мало бюджета, т.к. фоны нарисованы акварелью, но как по мне - это неплохое решение из-за того, что проявляется вся атмосфера тогдашнего времени. гатс нам представлен как брутальный, жестокий и целеустремлённый человек. далее идёт, собственно, арка ""золотой век"", авторы хорошо смогли показать человека, которого ""потрепала"" жизнь (гатса), и благородного везуньчика, которому льстит судьба (гриффита). история идёт неспеша, повествуя про дружбу, мечту и взаимоотношения людей. бои динамичные, и их интересно смотреть, особенно понравилось ""битва за долдрей"". отдельная благодарность композитору, который идеально подобрал музыку. вывод: сюжет 1010, рисовка 910, музыка 1010, бои 1010, персонажи 1010 рекомендую к просмотру. p.s: после того как досмотрели, рекомендую приступать к манге. т.к. последующие экранизации очень плохи.",0.091,0.764,0.146,0.7724,Positive,5,5,Positive,0.9999463558197021,positive,5,Positive,0.7008700966835022,positive,5,Positive,0.9975628852844238,Very Negative,1,Negative,0.5428783893585205,5,Positive,0.795231970281867,5,Positive,0.0,5,Positive,0.61,4.5,4,Positive,Positive,True,True,True,True,False,True,True,True,True,"The only normal and best anime on the manga ""berserk"", which screens the magnificent arc of the ""golden age"". the beginning of us meets us with a filler episode - you can immediately see that the studio has a small budget, since the backgrounds are painted in watercolor, but as for me - this is a good decision due to the fact that the whole atmosphere of the then time manifests itself. the gats is presented to us as a brutal, cruel and purposeful person. then there is, in fact, the arch of the ""golden age"", the authors were well able to show a person who was ""crippled"" by life (Gatsa) 10, but interesting to watch the story 10 people, 10, who are interested in the story 10, 10, the conclusion of their friendship. 10, 10, 10. P.S.: Once you’ve seen it, I recommend starting the manga. Because subsequent film adaptations are very bad.",True
NEUTRAL,"куртка пришла быстро. соответствует описанию. по размеру подошла. сшита вроде неплохо, нитки кое где висят, но это не критично. очень отвратительный запах! такое чувство что куртка была подстилкой для собаки. пахнет натуральной псиной. сразу закинула в стирку. надеюсь после стирки запаха не будет и не перекарёжит её.",0.04,0.595,0.365,0.9681,Positive,5,3,Neutral,0.9611793160438538,neutral,3,Neutral,0.676572859287262,neutral,3,Neutral,0.7316744327545166,Very Negative,1,Negative,0.3767148554325104,3,Neutral,0.620713302741763,3,Neutral,0.0,1,Negative,0.47,2.75,3,Neutral,Neutral,False,True,True,True,False,True,True,False,True,"The jacket came quickly. fits the description. size fit. sewn like good, threads hang somewhere, but it's not critical. very disgusting smell! it feels like the jacket was a dog litter. smells like a natural dog. immediately threw into the wash. I hope after washing there will be no smell and will not overcarry it.",True
NEUTRAL,"житель кокшетау выложил в сеть видео купленной в одном из местных супермаркетов колбасы. в продукте мужчина обнаружил перья, что подтвердила дальнейшая лабораторная экспертиза, сообщает nur.kz со ссылкой на пресс-службу комитета по защите прав потребителей. ""по результатам лабораторной экспертизы колбасных изделий, производства тоо prod company pyarn, города астана, реализуемые в оптомаркете small тоо скиф трейд кокшетау, по факту обращения жителей кокшетау, наличие перьев в них подтверждено. поставщиком продукции является сам производитель. материалы переданы в департамент по защите прав потребителей астаны для проведения внеплановой проверки тоо prod company pyarn"", - сообщили в пресс-службе кзпп рк. комитет выражает благодарность жителям кокшетау за оказание содействия в своевременном информировании о несоответствующей продукции.",0.0,1.0,0.0,0.0,Neutral,3,3,Neutral,0.9984357953071594,neutral,3,Neutral,0.8926700353622437,negative,1,Negative,0.9916262626647949,Neutral,3,Neutral,0.9380905032157898,3,Neutral,0.6890992696199031,3,Neutral,0.0,5,Positive,0.7819932214389438,3.0,3,Neutral,Neutral,True,True,True,False,True,True,True,False,True,"a resident of kokshetau posted a video purchased in one of the local supermarkets sausages. in the product, the man found feathers, which was confirmed by further laboratory examination, reports nur.kz with reference to the press service of the Committee for the Protection of Consumer Rights. ""According to the results of the laboratory examination of sausages, the production of too prod company pyarn, the city of Astana, sold in the optomarket small too skif trade kokchetau, the fact of the application of the inhabitants of the kokchetau, the presence of feathers in them is confirmed. the supplier of the product is the timely transfer of materials to the consumer protection committee.""",True
NEUTRAL,"качество так себе. на фигуру без попы, либо с пузом.",0.0,1.0,0.0,0.0,Neutral,3,3,Neutral,0.995172917842865,neutral,3,Neutral,0.8042796850204468,neutral,3,Neutral,0.6844547986984253,Negative,1,Negative,0.49673616886138916,3,Neutral,0.7126248553521917,3,Neutral,0.0,3,Neutral,0.7208134137044402,2.75,3,Neutral,Neutral,True,True,True,True,False,True,True,True,True,"The quality is so, on a figure without a butt, or with a belly.",True
POSITIVE,джентельмены! тир это прекрасно!))),0.0,0.527,0.473,0.6688,Positive,5,5,Positive,0.9990702271461487,positive,5,Positive,0.9785493016242981,positive,5,Positive,0.7555234432220459,Positive,5,Positive,0.4618229269981384,5,Positive,0.6583777162378806,5,Positive,0.0,5,Positive,0.49346215653216796,5.0,5,Positive,Positive,True,True,True,True,True,True,True,True,True,Gentlemen! the shooting range is beautiful!,True
NEUTRAL,"бронировали одноместный номер повышенной комфортности , с завтраком. из плюсов: 1) расположение в центре города. рядом все достопримечательности. 2) приветливый персонал 3) чистота номеров. из минусов: старые , неуютные номера, старая сантехника, нулевая звукоизоляция, окна выходят во внутренние помещения",0.057,0.771,0.172,0.6369,Positive,5,3,Neutral,0.9999761581420898,neutral,3,Neutral,0.869184672832489,negative,1,Negative,0.5205661654472351,Neutral,3,Neutral,0.9362321496009827,3,Neutral,0.6332689333912367,3,Neutral,0.0,3,Neutral,0.6,3.0,3,Neutral,Neutral,False,True,True,False,True,True,True,True,True,"booked a single room of increased comfort, with breakfast. from the pluses: 1) location in the city center. (2) friendly staff (3) cleanliness of the rooms. of the minuses: old, uncomfortable rooms, old plumbing, zero soundproofing, windows facing the interior",True
NEGATIVE,"не соленое от слова совсем. и вообще по вкусу не цыпленок табака, специй никаких не чувствуется абсолютно.",0.104,0.896,0.0,-0.296,Negative,3,1,Negative,0.9994109869003296,negative,1,Negative,0.6172078847885132,negative,1,Negative,0.5555326342582703,Negative,1,Negative,0.7081588506698608,1,Negative,0.9541379961465736,1,Negative,0.0,3,Neutral,0.4796959936807644,1.5,2,Negative,Negative,True,True,True,True,True,True,True,False,True,"Not salty with the word at all, and generally not to the taste of chicken tobacco, no spices feel absolutely.",True
POSITIVE,"наконец то я досмотрел продолжение блича, тысячелетняя кровавая война. много лет утекло с тех пор как я посмотрел 1 серию блича в далёком 2004 году. именно с этого аниме( и ряда других ) началось знакомство с миром японской анимации. что могу сказать ,пересмотрев много раз все 366 серий по 5 раз,дочитав мангу, могу сказать лишь одно, спасибо за ностальгию,классную графику. это пожалуй лучшее что было в 2022 году. всем тем кто ждал как и я продолжение,но откладывал ,советую посмотреть и окунуться в те добрые времена(если такие же старые как и я),а если вы новенький и решили узнать что это за видосы такие пафосные в пабликах или тт и наткнулись на это,то смотрите не пожалеете, а желательно начать с первого сезона( это так,чтоб понять что к чему),это один из ярких основоположников сёнен жанра1010",0.045,0.894,0.06,0.5689,Positive,5,5,Positive,0.4943698048591614,positive,5,Positive,0.832345724105835,positive,5,Positive,0.9983124732971191,Positive,5,Positive,0.49363023042678833,3,Neutral,0.6360319926720016,3,Neutral,0.0,5,Positive,0.5,4.5,4,Positive,Positive,True,True,True,True,True,False,False,True,True,"Finally, I watched the continuation of the glare, a thousand-year bloody war. many years have passed since I watched the 1st series of glare in the distant 2004. it was with this anime (and a number of others) that I began to get acquainted with the world of Japanese animation. that I can say, after reviewing many times all 366 episodes 5 times, after reading the manga, I can say only one thing, thank you for the nostalgia, class graphics. this is probably the best thing that was in 2022. to all those who waited as I did, but postponed, advised to look at and plunge into those days in those genres.10 if you don't want to start with this one of the first season (if you are so bright and that you't think about it), but you't think about it, if you't think about it, you't think about it, and that you're the first one of the first one of the first season, and that you't look at it, but you'll see it.",True
NEGATIVE,"кормят в кафе не вкусно. капустный суп без свеклы, без мяса называют борщом. не рекомендую к посещению.",0.0,1.0,0.0,0.0,Neutral,3,1,Negative,0.9922724962234497,neutral,3,Neutral,0.5691736936569214,negative,1,Negative,0.9449751973152161,Negative,1,Negative,0.8351298570632935,3,Neutral,0.495220131451892,3,Neutral,0.0,5,Positive,0.3856672001795979,2.5,2,Negative,Negative,False,True,False,True,True,False,False,False,True,"They eat in the cafe is not tasty. cabbage soup without beets, without meat is called borscht.",True
POSITIVE,"немного маломерит,думала будет больше. а так всё хорошо!",0.0,0.741,0.259,0.5927,Positive,5,5,Positive,0.9953487515449524,positive,5,Positive,0.5178712010383606,neutral,3,Neutral,0.5148740410804749,Negative,1,Negative,0.759325385093689,5,Positive,0.5962813251367387,5,Positive,0.0,3,Neutral,0.5275270418145319,4.0,4,Positive,Positive,True,True,True,False,False,True,True,False,True,"It's a little small, I thought it would be more, but it's all good.",True
NEGATIVE,"два раза я заказывала этот товар,и два раза он не приходил мне",0.0,1.0,0.0,0.0,Neutral,3,1,Negative,0.9993104934692383,negative,1,Negative,0.9246622323989868,negative,1,Negative,0.9684587717056274,Negative,1,Negative,0.7990310192108154,3,Neutral,0.5298840322374212,3,Neutral,0.0,3,Neutral,0.4753664537256753,2.0,2,Negative,Negative,False,True,True,True,True,False,False,False,True,I ordered this product twice and it didn't come to me twice.,True
NEGATIVE,haven't recieved the goods так и не получила товар,0.0,1.0,0.0,0.0,Neutral,3,1,Negative,0.9999668598175049,negative,1,Negative,0.9758591055870056,negative,1,Negative,0.9961572289466858,Negative,1,Negative,0.8761571645736694,1,Negative,0.5468242639476918,1,Negative,0.0,1,Negative,0.5962930890507124,1.25,1,Negative,Negative,False,True,True,True,True,True,True,True,True,Haven't recieved the goods never received the goods,True
NEUTRAL,"да уж, действительно хаос. по сути, это набор очень весёлых скетчей, которые не несут в себе никакого смысла. но для заявленного формата всё сделали как надо: персонажи милые, фансервис для дам на высоте, ситуации действительно забавные. только будьте осторожны, особенно чувствительные, здесь много намёков на всякие интересные другие жанры, например, на сёнен ай, но всё это только для создания комических ситуаций.лично мне тайтл понравился. я посмеялась от души и посмотрела на красивых мальчиков, но звёзд с неба анямка не хватает, поэтому ставлю 810.",0.028,0.686,0.286,0.9682,Positive,5,3,Neutral,0.9998517036437988,positive,5,Positive,0.6265557408332825,positive,5,Positive,0.9519068002700806,Very Negative,1,Negative,0.40023496747016907,3,Neutral,0.6928177062410404,3,Neutral,0.0,3,Neutral,0.5112519417260901,3.5,4,Positive,Neutral,False,True,False,False,False,True,True,True,False,"Yes, really chaos. in fact, this is a set of very funny sketches that do not carry any meaning. but for the stated format everything was done properly: the characters are cute, fan service for ladies on top, situations are really funny. only be careful, especially sensitive, there are many hints of all sorts of interesting other genres, for example, on shōnen ai, but all this is only to create comic situations.",True
NEUTRAL,"ракета создана для самолета пятого поколения т-50, но оснащаться ей будут и нынешние бомбардировщики и истребители испытания проводились весь 2012 год в режиме полной секретности. сейчас начинаются серийные поставки первых образцов. в первую очередь их получат фронтовые бомбардировщики су-34 и истребители миг-29смт. в дальнейшем х-38 вооружат новейшие истребители су-35с, а также модернизированные истребители су-30, сообщил известиям высокопоставленный источник в главкомате. х-38 это изделие корпорации тактическое ракетное вооружение, головной офис которой находится в подмосковном королеве. это сугубо российская разработка, начатая в 1990-х годах. она имеет несколько отличительных особенностей, дающих основание называть ее оружием нового поколения. во-первых, ракета универсальна, может оснащаться различными головками самонаведения (гсн) и боевыми частями. во-вторых, у нее складывающиеся крылья, благодаря чему ее можно размещать во внутренних отсеках.",0.09,0.84,0.07,-0.5187,Negative,1,3,Neutral,0.9999936819076538,neutral,3,Neutral,0.8888493180274963,positive,5,Positive,0.9888958930969238,Neutral,3,Neutral,0.9301543235778809,3,Neutral,0.5782920244298182,3,Neutral,0.0,3,Neutral,0.62,3.0,3,Neutral,Neutral,False,True,True,False,True,True,True,True,True,"The missile was created for the fifth-generation aircraft T-50, but it will be equipped with the current bombers and fighter tests conducted all 2012 in complete secrecy. now begin serial deliveries of the first samples. first of all, they will receive front-line bombers Su-34 and fighter MiG-29 cmt. in the future X-38 will arm the latest Su-35s fighters, as well as modernized Su-30 fighters, a high-ranking source in the Commander-in-Chief. x-38 this product of the corporation tactical missile weapons, the head office of which is located in the Moscow region of the queen, in the second generation, it can be called the most versatile weapons.",True
NEGATIVE,"заказала с платной доставкой, чтобы был нормальный трек. в результате продавец выдал левый трек, шорты за 80 дней так и не получила. просил закрыть спор, писал долго слезливые сообщения, как спор рейтинг магазина снизит. принял спор в последний день перед привлечением медиаторов али. очень недовольна таким отношением продавца.",0.128,0.839,0.033,-0.7184,Negative,1,1,Negative,0.9998393058776855,negative,1,Negative,0.799370527267456,negative,1,Negative,0.994045078754425,Negative,1,Negative,0.6985822916030884,1,Negative,0.6531810327670684,1,Negative,0.0,1,Negative,0.72,1.0,1,Negative,Negative,True,True,True,True,True,True,True,True,True,"ordered with paid delivery, so that there was a normal track. as a result, the seller issued the left track, shorts for 80 days and did not receive. asked to close the dispute, wrote a long tearful message, as the dispute the rating of the store will reduce. accepted the dispute on the last day before the involvement of mediators.",True
POSITIVE,"пришло платье быстро, качество и цвет как в описании, спасибо продавцу!",0.0,0.803,0.197,0.4926,Positive,5,5,Positive,0.9933425784111023,positive,5,Positive,0.984844982624054,positive,5,Positive,0.9990002512931824,Positive,5,Positive,0.809920608997345,5,Positive,0.8594499827098379,5,Positive,0.0,5,Positive,0.87,5.0,5,Positive,Positive,True,True,True,True,True,True,True,True,True,"The dress came quickly, the quality and color as described, thanks to the seller!",True
POSITIVE,"очень прикольная необычная атмосфера! много симпатичных милых людей! концепция танцев под открытым небом во дворе исторического центра напомнила питерские дискотеки радио рекорд лет 15 назад. хотелось бы конечно клубной качественной музыки, а не попсятины.но очень мило! еще придем!",0.0,0.747,0.253,0.8901,Positive,5,3,Neutral,0.9973255395889282,positive,5,Positive,0.9639090895652771,neutral,3,Neutral,0.861087441444397,Positive,5,Positive,0.5433061122894287,3,Neutral,0.49452576376890633,3,Neutral,0.0,3,Neutral,0.5165432908699411,3.75,4,Positive,Positive,True,False,True,False,True,False,False,False,True,"Very cool unusual atmosphere! a lot of cute cute people! the concept of open-air dancing in the courtyard of the historic center reminded St. Petersburg disco radio record 15 years ago. I would like of course club quality music, not posyatin. but very nice!",True
NEUTRAL,"не понравилась. сероватая, не пушистая, как будто склееная.",0.319,0.681,0.0,-0.4973,Negative,1,3,Neutral,0.809055745601654,neutral,3,Neutral,0.8061409592628479,negative,1,Negative,0.5990490317344666,Negative,1,Negative,0.6653226613998413,3,Neutral,0.5298840322374212,3,Neutral,0.0,3,Neutral,0.47536645372567526,2.25,2,Negative,Neutral,False,True,True,False,False,True,True,True,False,"I don't like it. It's grayish, not fluffy, like it's glued together.",True
NEUTRAL,"и вроде бы магазинов было много .цены как завышенные так и адекватные. как уже писали , многие вещи и правда буд-то с садовода. и как уже писали многие , дамские комнаты не отличаются чистотой и наличием туалетной бумаги. раньше нам данный тц очень нравился , но с годами тут стало меньше людей славянской внешности с культурным поведением ,а вот противоположного сброда все больше .",0.0,0.927,0.073,0.5017,Positive,5,3,Neutral,0.9999504089355469,neutral,3,Neutral,0.8183048367500305,negative,1,Negative,0.7953445315361023,Negative,1,Negative,0.7021784782409668,3,Neutral,0.5915312276572134,3,Neutral,0.0,3,Neutral,0.72,2.75,3,Neutral,Neutral,False,True,True,False,False,True,True,True,True,"And it seems that the shops were a lot of prices, both inflated and adequate. as already written, many things are really like a gardener. and as many have written, ladies' rooms are not distinguished by cleanliness and the presence of toilet paper. before we liked this tz very much, but over the years there were fewer people of Slavic appearance with cultural behavior, but the opposite rabble is more and more.",True
NEGATIVE,как было хорошо лет 10 назад.стало очень плохо! хуже только такси в этом городе!,0.295,0.591,0.114,-0.6785,Negative,1,1,Negative,0.9995960593223572,negative,1,Negative,0.6552520990371704,negative,1,Negative,0.9918465614318848,Very Negative,1,Negative,0.3450087606906891,1,Negative,0.6717665104318473,1,Negative,0.0,1,Negative,0.8300790071779002,1.0,1,Negative,Negative,True,True,True,True,True,True,True,True,True,"How good it was 10 years ago, it became very bad! only taxis in this city are worse!",True
NEGATIVE,"товаром не довольна, качество плохое, сшито косо",0.393,0.607,0.0,-0.7033,Negative,1,1,Negative,0.6220275163650513,negative,1,Negative,0.8068488836288452,negative,1,Negative,0.8443796634674072,Negative,1,Negative,0.5660824775695801,3,Neutral,0.6443344620202665,3,Neutral,0.0,3,Neutral,0.5400064671087498,1.75,2,Negative,Negative,True,True,True,True,True,False,False,False,True,"Not satisfied with the goods, the quality is bad, sewn obliquely",True
POSITIVE,"хорошо моет, приятный запах.",0.0,0.444,0.556,0.6124,Positive,5,5,Positive,0.9924893379211426,positive,5,Positive,0.9896774291992188,positive,5,Positive,0.902006983757019,Positive,5,Positive,0.9333102107048035,5,Positive,0.7386366348119381,5,Positive,0.0,5,Positive,0.8572587293674185,5.0,5,Positive,Positive,True,True,True,True,True,True,True,True,True,"It washes well, it smells good.",True
NEGATIVE,"товар не получила,деньги вернули.",0.0,1.0,0.0,0.0,Neutral,3,1,Negative,0.6608589291572571,neutral,3,Neutral,0.46816837787628174,negative,1,Negative,0.6740010380744934,Negative,1,Negative,0.5487368106842041,1,Negative,0.6421593247647877,1,Negative,0.0,1,Negative,0.43170684504810075,1.5,2,Negative,Negative,False,True,False,True,True,True,True,True,True,"The goods were not received, the money was returned.",True
NEGATIVE,"худшие обслуживание, по еде не могу сказать, наверное сложно испортить самое простое, пробовать мне не где, хотел оставить персоналу, может они съедят, но лучше собак покормлю. 1) половина зала пустая - но ни одно место не убрано, сам я проездом в этом прекрасном городе, так что может тут так принято что за клиентом убирает следующий клиент. на стойке приняли заказ, так как решил не садиться за грязные столы, при мне убрали стол и сел туда же. при заказе никто и не подумал спросить с собой мне или на вынос, спасибо, покушал",0.118,0.824,0.058,-0.3844,Negative,1,1,Negative,0.9999595880508423,neutral,3,Neutral,0.6429925560951233,negative,1,Negative,0.992279052734375,Very Negative,1,Negative,0.5946534872055054,1,Negative,0.7971526325302284,1,Negative,0.0,1,Negative,0.49,1.25,1,Negative,Negative,True,True,False,True,True,True,True,True,True,"I can’t say the worst service, I can’t say about food, it’s probably difficult to spoil the simplest, I have no place to try, I wanted to leave the staff, maybe they will eat, but I’d rather feed the dogs. 1) half of the hall is empty - but not a single place is cleaned, I myself am passing through this beautiful city, so it may be so customary that the next client cleans up for the client. at the counter they took an order, because they decided not to sit down at dirty tables, they removed the table with me and sat down there.",True
POSITIVE,какой же он хорошенький))),0.0,0.484,0.516,0.4939,Positive,5,5,Positive,0.9930304884910583,positive,5,Positive,0.9386143684387207,neutral,3,Neutral,0.9478031992912292,Positive,5,Positive,0.3692050278186798,3,Neutral,0.5298840322374212,3,Neutral,0.0,3,Neutral,0.47536645372567526,4.0,4,Positive,Positive,True,True,True,False,True,False,False,False,True,How pretty is he?,True
NEGATIVE,к сожалению товар так и не получила. ждала больше двух месяцев.,0.194,0.806,0.0,-0.34,Negative,1,1,Negative,0.9905907511711121,negative,1,Negative,0.7056907415390015,negative,1,Negative,0.9493196606636047,Negative,1,Negative,0.7190276980400085,1,Negative,0.6421593247647877,1,Negative,0.0,1,Negative,0.43170684504810075,1.0,1,Negative,Negative,True,True,True,True,True,True,True,True,True,"Unfortunately, the product was not received. waited more than two months.",True
POSITIVE,"они были ну очень странные. а молочка да - вкуснейшая. как и колбасы, в прочем. а беларусы другие. вот уж в ком нисколько нет ни наглости, ни желания обмануть. чотаржу вот! то, что в беларуси 2,5, в россии все 7, и то не всегда. вкусная! и без всякой химии на 100. в белоруссии по закону с 2000-какого то там года запрещено использовать любую химию в сельском хозяйстве. поэтому белорусские колбасы натурального серого цвета, потому что в них одно мясо.",0.109,0.766,0.125,0.3593,Positive,5,1,Negative,0.9940586090087891,neutral,3,Neutral,0.5823038220405579,positive,5,Positive,0.6905008554458618,Negative,1,Negative,0.4763387441635132,1,Negative,0.35938071150452006,5,Positive,0.0,3,Neutral,0.69,3.0,3,Neutral,Positive,True,False,False,True,False,False,True,False,False,"They were very strange, and the milk is delicious, as well as sausages, in other words. and the Belarusians are other. here in anyone there is no audacity or desire to cheat. Chotarzhu here! that in Belarus 2.5, in Russia all 7, and then not always. tasty! and without any chemistry 100. in Belarus by law since 2000-something there is forbidden to use any chemistry in agriculture. therefore Belarusian sausages of natural gray color, because they have only meat.",True
NEUTRAL,"нельзя требовать от грязи, чтобы она не была грязью. а. п. чехов",0.0,0.524,0.476,0.5334,Positive,5,3,Neutral,0.9993817806243896,negative,1,Negative,0.6635683178901672,neutral,3,Neutral,0.9311873912811279,Negative,1,Negative,0.43201547861099243,1,Negative,0.5384955099849894,1,Negative,0.0,3,Neutral,0.49930147702257843,2.25,2,Negative,Neutral,False,True,False,True,False,False,False,True,False,You cannot demand that dirt be not dirt. – Czech,True
POSITIVE,"отличная печень, всегда беру",0.0,0.494,0.506,0.6249,Positive,5,5,Positive,0.9980183839797974,positive,5,Positive,0.9959610104560852,positive,5,Positive,0.6867215037345886,Positive,5,Positive,0.5944944620132446,3,Neutral,0.5239936359597817,3,Neutral,0.0,5,Positive,0.6859599840566283,4.5,4,Positive,Positive,True,True,True,True,True,False,False,True,True,"Great liver, I always take it.",True
POSITIVE,товар пришёл быстро. качество. продавца советую,0.0,0.795,0.205,0.2023,Positive,3,5,Positive,0.9298952221870422,positive,5,Positive,0.9317118525505066,positive,5,Positive,0.9995081424713135,Positive,5,Positive,0.8740989565849304,5,Positive,0.4428800460617761,5,Positive,0.0,5,Positive,0.55,4.75,5,Positive,Positive,True,True,True,True,True,True,True,True,True,The product came quickly. quality. the seller recommended,True
NEGATIVE,"сегодня с сыном сделали ошибку и съели по куску пиццы в этом месте. nоба отравились - диарея, болели животы. nюридически предъявить нечего, хорошо хоть в больницу не угодили. nесли не хотите свалиться с отравлением или просто наложить в штаны по пути домой, обходите это горе-место стороной.",0.238,0.741,0.02,-0.9185,Negative,1,1,Negative,0.9999651908874512,negative,1,Negative,0.7953212857246399,negative,1,Negative,0.9984276294708252,Very Negative,1,Negative,0.5805127024650574,1,Negative,0.6903046319118017,1,Negative,0.0,1,Negative,0.527179386325162,1.0,1,Negative,Negative,True,True,True,True,True,True,True,True,True,"Today they made a mistake with their son and ate a piece of pizza in this place. Both were poisoned - diarrhea, stomach aches. n Legally there is nothing to show, well, even though the hospital did not please. n If you do not want to fall down with poisoning or just put in your pants on the way home, bypass this grief-place side.",True
POSITIVE,достоинства: очень вкусно! натуральный состав. недостатки: нет,0.364,0.223,0.414,0.1705,Positive,3,5,Positive,0.9994956254959106,positive,5,Positive,0.9240709543228149,positive,5,Positive,0.968158483505249,Positive,5,Positive,0.6635958552360535,5,Positive,0.6373367713651553,5,Positive,0.0,5,Positive,0.8861162352542429,4.75,5,Positive,Positive,True,True,True,True,True,True,True,True,True,Advantages: very tasty! natural composition. disadvantages: no,True
NEGATIVE,"ну как, видно что была хорошая основа, которую бездарно реализовали. саму игру я не проходила, но чувствуется, что она была неплохой. ожидала чего-то уровня корпс пати, получила какие-то кривлянья юродивых. может хоть фф почитаю, поэтому 4 из 10",0.09,0.757,0.153,0.2441,Positive,3,1,Negative,0.9986944794654846,neutral,3,Neutral,0.7264352440834045,negative,1,Negative,0.9685524106025696,Positive,5,Positive,0.5693576335906982,3,Neutral,0.7829166945877208,3,Neutral,0.0,3,Neutral,0.76,2.75,3,Neutral,Negative,False,True,False,True,False,False,False,False,False,"Well, it can be seen that there was a good basis, which was mediocrely implemented. the game itself I did not pass, but it feels that it was not bad. I expected something of the level of corps pati, got some crooked fools.",True
NEUTRAL,"ервый фактор характерен более высокоразвитым личностям.боязнь же наказания удерживает в основном примитивные личности с низким интеллектуальным развитием, с приземленной моралью.поэтому, если студента удерживает исключительно боязнь наказания, а потенциальный вред от дурного поступка его не пугает, то уже встает вопрос о моральном, умственном, интеллектуальном соответствии этого студента элитарному призванию. мы работаем в рамках существующего законодательства. есть достаточно много восточных студенток, которые работать не хотят ни дня, после окончания они выйдут замуж сидеть дома, а диплом получить у них престижно. вопросы о том, что должны быть какие-то санкции к тем, кто получил бесплатное образование, а потом по профилю не работает, ведутся уже много лет, но вопрос такой можно решать только на государственном уровне я на все экзамены брал шпаргалки, ни никогда ими не пользовался. но так было спокойнее эээ. неправда ваша. в прошлом году ребёнок поступал - проходил медкомиссию. по настоящему",0.189,0.709,0.102,-0.8623,Negative,1,3,Neutral,0.9999573230743408,neutral,3,Neutral,0.8318478465080261,negative,1,Negative,0.6285482048988342,Negative,1,Negative,0.7939761877059937,1,Negative,0.4854566825942515,1,Negative,0.0,3,Neutral,0.5901086702852456,1.75,2,Negative,Neutral,False,True,True,False,False,False,False,True,False,"The fear of punishment retains mainly primitive individuals with low intellectual development, with a down-to-earth morality. therefore, if the student is held solely by fear of punishment, and the potential harm from a bad act does not scare him, then the question of the moral, mental, intellectual compliance of this student with an elite vocation arises. we work within the framework of existing legislation. there are quite a lot of Eastern students who do not want to work a day, after graduation they will marry at home, and get a diploma from them incorrectly, questions about that I have never been asked for a free education.",True
POSITIVE,"не совсем легенсы, больше похожи на утепленные колготки без носка, нужно либо юбку надевать, либо удлинненую кофту, иначе выглядит как будто в одних колготках.в остальном мне нравятся, тёплые и мягкие, очень хорошо тянутся и быстрая отслеживаемая доставка.",0.0,0.71,0.29,0.9093,Positive,5,5,Positive,0.9742764830589294,positive,5,Positive,0.923119068145752,positive,5,Positive,0.8631344437599182,Negative,1,Negative,0.7530418038368225,3,Neutral,0.6678322546971417,3,Neutral,0.0,3,Neutral,0.6333145728825387,3.75,4,Positive,Positive,True,True,True,True,False,False,False,False,True,"not quite legences, more like insulated tights without a sock, you need to either wear a skirt or an elongated sweater, otherwise it looks like in some tights. otherwise I like, warm and soft, very well stretched and fast tracked delivery.",True
NEGATIVE,"капуста внутри оказалась серо-желтой, поэтому отварила, подумала и выбросила. не ожидала от надежного hortex такого качества",0.0,1.0,0.0,0.0,Neutral,3,1,Negative,0.9999761581420898,neutral,3,Neutral,0.7041581273078918,negative,1,Negative,0.8225231170654297,Negative,1,Negative,0.7461472749710083,3,Neutral,0.7873868413554073,3,Neutral,0.0,3,Neutral,0.71,2.25,2,Negative,Negative,False,True,False,True,True,False,False,False,True,"The cabbage inside turned out to be gray-yellow, so I boiled, thought and threw it away.",True
POSITIVE,хорошая плотная толстая фольга без деффектов. при заворачивании мяса не рвется.,0.0,0.66,0.34,0.6319,Positive,5,5,Positive,0.9953992962837219,positive,5,Positive,0.9903205037117004,positive,5,Positive,0.9689226746559143,Positive,5,Positive,0.7509721517562866,3,Neutral,0.5298840322374212,3,Neutral,0.0,3,Neutral,0.47536645372567526,4.25,4,Positive,Positive,True,True,True,True,True,False,False,False,True,good dense thick foil without defects. when wrapping meat does not tear.,True
NEUTRAL,"этот сезон зашел мне больше, его я смотрела с большим удовольствием. возможно из-за появления более колоритных и интересных персонажей, но самая главная причина - это шутки. со многих моментов я смеялась в голос. особенно с моментов арараги х маёй.",0.0,0.703,0.297,0.9328,Positive,5,3,Neutral,0.9920217990875244,positive,5,Positive,0.7146169543266296,positive,5,Positive,0.9951417446136475,Positive,5,Positive,0.6122373342514038,3,Neutral,0.6446839990817247,3,Neutral,0.0,3,Neutral,0.6148582071215054,4.0,4,Positive,Neutral,False,True,False,False,False,True,True,True,False,"This season came to me more, I watched it with great pleasure, perhaps because of the appearance of more colorful and interesting characters, but the most important reason is the jokes. from many moments I laughed in my voice, especially from the moments of araraga x mayoi.",True
NEUTRAL,"ждала 3 месяца, ничего не пришло. у продавца заявлено 40 дней доставка иначе полный возврат, когда открыла спор после 50 дней, продавец сказал ждите посылка в пути. а сам продлил время до 90 дней. через 40 деней спор решили в мою пользу.",0.102,0.847,0.051,-0.4019,Negative,1,3,Neutral,0.9865806102752686,negative,1,Negative,0.7925808429718018,negative,1,Negative,0.6303247809410095,Very Negative,1,Negative,0.4809666574001312,1,Negative,0.8161531000733632,1,Negative,0.0,1,Negative,0.74,1.25,1,Negative,Neutral,False,True,False,False,False,False,False,False,False,"waited 3 months, nothing came. the seller claimed 40 days delivery otherwise full refund when opened the dispute after 50 days, the seller said wait for the parcel on the way. and he extended the time to 90 days. after 40 days the dispute was decided in my favor.",True
NEUTRAL,"очень хороший ресторан. готовят очень вкусно. персонал очень услужлив. не раз проводили там мероприятия. всё здорово. спасибо! p.s к сожалению все это кануло в лету.это уже не тот ресторан.порции стали маленькими,еда стала безвкусной,персонал там не задерживается.с собой на банкеты приносить запретили нарезки,салаты.а то что там дадут ,люди сыты не будут! .",0.096,0.729,0.175,0.7947,Positive,5,3,Neutral,0.9993346333503723,positive,5,Positive,0.8157635927200317,positive,5,Positive,0.5029675960540771,Positive,5,Positive,0.5259327292442322,5,Positive,0.8381198519886524,5,Positive,0.0,5,Positive,0.66,4.75,5,Positive,Neutral,False,True,False,False,False,False,False,False,False,"very good restaurant. cook very tasty. staff very helpful. more than once held events there. all great. thank you! p.s unfortunately all this has sunk into oblivion. this is not the restaurant. portions have become small, the food has become tasteless, the staff there does not linger. bring to banquets forbidden cuts, salads. and what there will give, people will not be fed! .",True
NEUTRAL,"очередной фильм, названный в российском прокате война, а в оригинале человек убит, рассказывает о постапокалиптической америке, разрушенной, изрешеченной пулями, и перепаханной бомбами, как будто пережившей очередной замес трансформеров, где поехавший от цветных роботов, морпех шайа лабаф, ищет своих жену и сына. помогает ему джай кортни, который вместе с ним, бродит по этому, словно пережившему судный день, миру. и будучи неравнодушным к постапокалипсису в сепии, с которого начинается картина, поклонникам дороги и книги илая (да, здесь снимается гари олдман), вынужден сообщить: через несколько минут вас кинут. фильм оказывается социально направленным, сложно смонтированным слоеным способом, нужным для финального твиста. нас ждут немного стрельбы, немного учебки, и много копаний в душе шайи лабафа. фильм притом, довольно сносен, и даже идейно успешен, но вот только режиссер посчитал, своего зрителя туповатым. твист сливается за десять минут до конца фильма, лишая любителей поразмыслить над неоднозначными концовками. откровенным выпендрежем, выглядит частая смена декораций, с позиций разных персонажей, что больше работает на челлендж. финал ленты откровенно недобирает. много слез и слюн, а толку мало. лабаф и олдман играют хорошо, остальные играют. в итоге, все мотивы режиссера шиты белыми нитками. да, у фильма неслабая идея, которой хватает, чтобы вывезти фильм в нейтраль. но не хватает качественного воплощения, чтобы шагнуть в зеленую зону.",0.108,0.802,0.09,-0.6908,Negative,1,3,Neutral,0.9998959302902222,negative,1,Negative,0.6767571568489075,positive,5,Positive,0.906637966632843,Neutral,3,Neutral,0.7184828519821167,3,Neutral,0.8397825529906502,3,Neutral,0.0,3,Neutral,0.5610309330199698,2.75,3,Neutral,Neutral,False,True,False,False,True,True,True,True,True,"another film, called in the Russian box office war, and in the original man is killed, tells about post-apocalyptic America, destroyed, riddled with bullets, and plowed with bombs, as if surviving another mix of transformers, where he drove from colored robots, the Marine Shia LaBeouf, is looking for his wife and son, who, along with him, wanders along with him, like a survivor of the day of judgment, and is not indifferent to the post-apocalypse of the film, is more than the filmmaker, who is forced to play a little bit of the film from the end of the film, from the film, to the film, to the film, to the film's of the film, to the film's, to the film's point of the film, is not playing a little bit of the film.",True
NEUTRAL,"пора делать ремонт в номерном фонде. бассейн открывали в день отъезда, не успели искупаться. персонал приветливый, рацион блюд нормальный, выбор есть. красивое место.",0.0,0.827,0.173,0.7964,Positive,5,3,Neutral,0.9998804330825806,positive,5,Positive,0.6232564449310303,neutral,3,Neutral,0.480063259601593,Positive,5,Positive,0.8258914947509766,3,Neutral,0.806125347778412,3,Neutral,0.0,3,Neutral,0.6,3.75,4,Positive,Neutral,False,True,False,True,False,True,True,True,False,"time to do repairs in the room stock. the pool was opened on the day of departure, did not have time to swim. the staff is friendly, the diet is normal, the choice is. a beautiful place.",True
NEGATIVE,"странный фильм с 'космическим' бюджетом потраченным на озеленение луны. это фильм имеет крайне отдаленное отношение к оригиналу ромеро. все что происходит во второй части это неудачный стеб и такая же неудачная попытка напугать зрителя. все примитивно и противно - и от игры актеров и от спецэффектов которых практически нет. в некоторых моментах порадовали гримеры (гнойки очень натурально получились), а в остальном такое убожество в декарациях давно не видел. судя по всему съемочна группа вынуждена была снимать добровольно-принудительно, надо же было как-то списать мифический бюджет. зря потратил время. оценка 2 (чисто за труды)",0.149,0.767,0.084,-0.7269,Negative,1,1,Negative,0.9998014569282532,negative,1,Negative,0.7272299528121948,negative,1,Negative,0.9997343420982361,Very Negative,1,Negative,0.6860424876213074,1,Negative,0.7081380385891645,1,Negative,0.0,1,Negative,0.4,1.0,1,Negative,Negative,True,True,True,True,True,True,True,True,True,"This film has an extremely remote relation to the original Romero. everything that happens in the second part is an unsuccessful banter and the same unsuccessful attempt to scare the viewer. everything is primitive and nasty - and from the game of actors and from the special effects of which there is practically no. in some moments make-up artists were pleased (the pustules turned out very naturally), and otherwise such squalor in the scenery has not been seen for a long time.",True
NEGATIVE,мне не понравилось. совсем.,0.345,0.655,0.0,-0.2755,Negative,3,1,Negative,0.8543896079063416,neutral,3,Neutral,0.5724968314170837,negative,1,Negative,0.9905068874359131,Negative,1,Negative,0.8892519474029541,3,Neutral,0.5298840322374212,3,Neutral,0.0,3,Neutral,0.4753664537256753,2.25,2,Negative,Negative,True,True,False,True,True,False,False,False,True,I didn't like it at all.,True
NEGATIVE,"попалось очень странная, всегда брал, а теперь стремно",0.296,0.704,0.0,-0.4201,Negative,1,1,Negative,0.999089241027832,negative,1,Negative,0.6426264643669128,negative,1,Negative,0.9357966780662537,Negative,1,Negative,0.4596739709377289,3,Neutral,0.6896656062400399,3,Neutral,0.0,3,Neutral,0.5464574092258727,1.75,2,Negative,Negative,True,True,True,True,True,False,False,False,True,"It was very strange, always took it, and now it's weird.",True
NEUTRAL,"вообще не згаю что за ппц пришел. швы отстойные. очень низкая посадка, болтаются на уровне лобка",0.251,0.617,0.132,-0.3642,Negative,1,3,Neutral,0.9663622379302979,negative,1,Negative,0.6512162089347839,negative,1,Negative,0.8279608488082886,Very Negative,1,Negative,0.5005487203598022,3,Neutral,0.542962225459298,3,Neutral,0.0,1,Negative,0.6150211352451485,1.75,2,Negative,Neutral,False,True,False,False,False,True,True,False,False,"I don't know what kind of pz came. stitches suck, very low fit, dangling at pubic level",True
POSITIVE,"очень хороший садик, отличные воспитатели, огромное спасибо за их труд и любовь к работе всегда проводят с детьми занятия, находят к каждому ребёнку подход нам очень повезло с такими воспитателями и педагогами,а так же есть логопед который проводит замечательные занятия и помогает деткам помтроить правильную речь, не во многих садах такое осталосьпитание тоже очень хорошо, никогда не было проблемм с болями в животе! советую данный сад, все отлично",0.035,0.636,0.329,0.9794,Positive,5,5,Positive,0.9996187686920166,positive,5,Positive,0.993308424949646,positive,5,Positive,0.9528228044509888,Positive,5,Positive,0.5330711007118225,5,Positive,0.9543826690772798,5,Positive,0.0,5,Positive,0.86,5.0,5,Positive,Positive,True,True,True,True,True,True,True,True,True,"a very good kindergarten, excellent educators, thank you very much for their work and love of work always hold classes with children, find an approach to each child we are very lucky with such educators and teachers, as well as there is a speech therapist who conducts wonderful classes and helps children to put the right speech, not in many gardens such food is also very good, never had problems with abdominal pain!",True
NEGATIVE,"спойлер концав конце так-то жестко под-насрали людям. а если вообще, то само аниме это каша с непонятным сюжетом который фиг пойми кем написан. иногда такое чувство что на сценаристе сидит 12 летний школьник который даже к девушкам (кроме матери) не притронулся за всю свою жизнь.""это"" (по другому я назвать ни как не могу) повествует нам о начальной стадии шизофрении. когда человек еще может спастись от глупых картинок в его голове. но походу сюжета так называемый ""диагноз"" развивается в полноценное слабо умее. сам я по классификации дерматолог, у меня есть друг который работает в психиатрии, он мне много разказывал про то как люди просто воображают себе несусветную чушь и подобное.что мы видим в аниме? в принципе тоже самое ""обмен телами через поцелуй"" не чушь ли?. с этого момента у меня знатно пригорело, ни как не описанное (в здравом смысле) событие.512x512в итоге аниме на унылычах было досмотрено",0.052,0.93,0.018,-0.6143,Negative,1,1,Negative,0.9998617172241211,neutral,3,Neutral,0.5500059127807617,negative,1,Negative,0.998375415802002,Negative,1,Negative,0.7646108865737915,1,Negative,0.8885159086184842,1,Negative,0.0,1,Negative,0.71,1.25,1,Negative,Negative,True,True,False,True,True,True,True,True,True,"Spoiler at the end is so hard to fuck people. and if at all, the anime itself is a porridge with an incomprehensible plot, which is no clue who is written. sometimes there is a feeling that the screenwriter sits a 12-year-old schoolboy who even to girls (except mother) did not touch the whole of his life. (in other words, I can not call it how) tells us about the initial stage of schizophrenia. when a person can still escape from the stupid pictures in his head. but the course of the plot the so-called ""diagnosis"" develops in a full-fledged sense ""12 we do not see the same thing as a psychiatristress in my body in the end, I do not have a lot of myself, but I do not see it in my own way, in my own way, I do not know that I do not have a lot of my body?",True
NEGATIVE,"начну с приятного. первый раз заказала бардовое платье. дошло за три недели до мо, качество отличное, ткань плотная. сестра захотела такое но серое. заказала ей серое. в итоге пришло платье тоньше качества и клешоное внизу. смотрится ужасно, думали постирать лучше станет так после стирки по шву распустился рукав до локтя. открыла я спор на возврат за эту подделку денег, алиэкспресс одобрил спор в мою пользу. в конце концов меня слёзно уговорила мама заказать ей такое бордовое. но я не смогла его заказать. меня видимо продавец поставил в черный список. так вот уважаемы продавец прошу вас ответственность за свои не качественные вещи брать на себя и отвечать за них, если уж вы отправляете плохого качества вещи будьте говоты ждать плохие отзывы и споры от покупателей. очень сожалею что некоторые продавцы работают не добросовестно и в перемешку с хорошими вещами продают ширпотреб",0.083,0.773,0.145,0.8121,Positive,5,1,Negative,0.9996904134750366,negative,1,Negative,0.5282928347587585,negative,1,Negative,0.983260452747345,Very Negative,1,Negative,0.6410464644432068,1,Negative,0.8321689689205184,1,Negative,0.0,1,Negative,0.7,1.5,2,Negative,Negative,False,True,True,True,True,True,True,True,True,"I'll start with a nice one. first time I ordered a bard dress. it came three weeks before the mo, the quality is excellent, the fabric is dense. my sister wanted this but gray. she ordered a gray one. in the end, my mother came in a dress thinner quality and clawed at the bottom. looks terrible, thought it would be better to wash it so after washing at the seam the sleeve opened up to the elbow. I opened a dispute for the return for this counterfeit money, Aliexpress approved the dispute in my favor. in the end, my mother tearfully persuaded her to order such a burgundry. but I could not order it to be very good quality of my customers.",True
NEUTRAL,"нууууу. это очередной шедевр японской анимации. если можно так сказать. за один заход осилил всю мангу (у меня это получается очень редко) и могу сказать что ""если захочешь и на трапа подрочишь"". ага, там был трап и он или она(фиг поймёшь этих пацанов) мне понравился. если бы было время я 100 бы подрочил на него или нее (я все ещё не определился). но минус один бал что его или ее показали только один раз. один раз показать лучшую девочку или парня это слишком. остальные тоже неплохо себя показали. наверно. я все.710",0.0,0.812,0.188,0.9581,Positive,5,3,Neutral,0.9779123067855835,positive,5,Positive,0.5714670419692993,positive,5,Positive,0.9982262253761292,Positive,5,Positive,0.626785933971405,3,Neutral,0.823632075104839,3,Neutral,0.0,3,Neutral,0.56,4.0,4,Positive,Neutral,False,True,False,False,False,True,True,True,False,"This is another masterpiece of Japanese animation. if I may say so. in one go mastered all the manga (I do it very rarely) and I can say that ""if you want and on the ladder wank."" Yeah, there was a stairway and he or she liked it. if there was 100 times I would jack off on him or her (I'm still undecided) but minus one ball that he or she was only shown once. once to show the best girl or guy is too much. the others did pretty well too. probably. I'm all 710",True
POSITIVE,"товар я не получила , ибо почта россии так ужасно работает! а продавец на спор ответил и вернул все денежки ! спасибо !",0.229,0.696,0.076,-0.7242,Negative,1,5,Positive,0.8856346011161804,negative,1,Negative,0.8282864093780518,positive,5,Positive,0.5580206513404846,Very Negative,1,Negative,0.7510432600975037,1,Negative,0.8741065875752647,1,Negative,0.0,1,Negative,0.52,2.0,2,Negative,Positive,False,True,False,True,False,False,False,False,False,"I did not receive the goods, because the Russian post office works so badly! and the seller answered the dispute and returned all the money! Thank you!",True
POSITIVE,"все соответствует описанию. доставка быстрая, не смотря на то, что заказывала 11.11. пришло уже 5.12 до пермского края. бусинки на гвоздиках - не пришиты, не приклеены. брака нет. буду носить с удовольствием",0.062,0.937,0.0,-0.296,Negative,3,5,Positive,0.9965915679931641,positive,5,Positive,0.986572265625,positive,5,Positive,0.9944345355033875,Very Negative,1,Negative,0.5922183394432068,3,Neutral,0.47528858216532976,3,Neutral,0.0,5,Positive,0.5399645944136764,3.75,4,Positive,Positive,False,True,True,True,False,False,False,True,True,"everything corresponds to the description. delivery is fast, despite the fact that I ordered 11.11. it has already arrived 5.12 to the Perm region. beads on cloves - not sewn, not glued. there is no marriage.",True
NEGATIVE,"вот и посмотрел я 2-ой сезон спустя столько времени. даже пришлось пересмотреть 1-ый снова, чтобы вникнуть в сюжет и концепцию. второй сезон оказался хуже первого, он, так скажем, ничем не удивил. глав. герои не особо харизматичные, но и не совсем пластиковые, такой базовый среднячок. очень хорошо продвинулся сюжет, но его реализация как раз пострадала. скорее всего третий сезон будет заключительным и я получу ответы на несколько вопросов, которые мне интересны. не сказал бы, что в тайтле много драмы, я увидел ее всего несколько раз. очень запомнился и поразил меня момент когда огр пытался из последних сил спасти молодую королеву в лаве , это было воистину душераздирающие зрелище. ну и еще кое-какие жертвы чем то выделялись когда один из наемников держал корабль, сгорая в лаве и еще несколько. меня все время интересовал вопрос, который интересовал гг, мб кто-нибудь сочтет это спойлером, так что, насколько ценна жизнь? как оценивать жизнь людей, живущих в параллельных мирах, как в видеоиграх, или как настоящих людей?. но увы, философия в этом сезоне частично ушла на 2-ой план, хоть и изредка услышать рассуждения гг насчет этого можно. насчет всего остального могу сказать так, вышло посредственно. поставлю 710, думаю оценка адекватна. советую посмотреть, для одного просмотра более чем хорошо.",0.017,0.871,0.112,0.9648,Positive,5,3,Neutral,0.8931059837341309,positive,5,Positive,0.525689959526062,negative,1,Negative,0.8160983324050903,Negative,1,Negative,0.8320315480232239,3,Neutral,0.6855637550002713,3,Neutral,0.0,3,Neutral,0.51,3.0,3,Neutral,Negative,False,False,False,True,True,False,False,False,False,"I watched the 2nd season after so much time. even had to revise the 1st again to delve into the plot and concept. the second season turned out to be worse than the first, he, so to speak, did not surprise me. the main characters are not particularly charismatic, but also not quite plastic, such a basic average in parallel to the life in this season. very well advanced the plot, but its implementation is likely the third season will be the final and I will get answers. I would not adequately say that the title has a lot of drama, I saw it only a few times. I think, and amazed me when I was in parallel with the assessment of the video game life in this season, how much I can say, from the last one of life, how well to the last one of life in the last one of the season, how to say, how well did you to hear it, but from the last one of the last one of the show, how well, how to hear it, and how well did you in the last one of the show?",True
POSITIVE,"нравится этот магазинчик, частенько захожу туда за всякими безделушками.nнеплохой выбор, постоянно бывают акции на множество товаров, быстрое обслуживание и приятная атмосфера.",0.0,0.717,0.283,0.8271,Positive,5,5,Positive,0.9988794922828674,positive,5,Positive,0.7938333749771118,neutral,3,Neutral,0.7646971344947815,Positive,5,Positive,0.9267701506614685,3,Neutral,0.5239389038471027,3,Neutral,0.0,5,Positive,0.36880024543715484,4.25,4,Positive,Positive,True,True,True,False,True,False,False,True,True,"I like this store, I often go there for all sorts of trinkets.n a good choice, there are always promotions for many goods, quick service and a pleasant atmosphere.",True
NEUTRAL,"кулинария уютная,небольшая,еда вкусная и свежая,обед стоит 299р,внимательный персонал,в центре города очень удобно. но одноразовая посуда и нет туалета.nа так для экономного и вкусного обеда подойдет. место рекомендую.",0.089,0.859,0.052,-0.2846,Negative,3,3,Neutral,0.9996788501739502,positive,5,Positive,0.9898158311843872,neutral,3,Neutral,0.8661600947380066,Positive,5,Positive,0.5397119522094727,5,Positive,0.5479029370425397,5,Positive,0.0,5,Positive,0.57,4.25,4,Positive,Neutral,False,True,False,True,False,False,False,False,False,"cooking is cozy, small, food is tasty and fresh, lunch costs 299r, attentive staff, in the city center is very convenient. but disposable dishes and there is no toilet.",True
NEUTRAL,не в восторге. рукава очень узкие,0.232,0.768,0.0,-0.2755,Negative,3,3,Neutral,0.9180494546890259,neutral,3,Neutral,0.8180448412895203,negative,1,Negative,0.6170298457145691,Negative,1,Negative,0.8436873555183411,3,Neutral,0.6896656062400399,3,Neutral,0.0,3,Neutral,0.5464574092258726,2.5,2,Negative,Neutral,False,True,True,False,False,True,True,True,False,I don't like it. The sleeves are very narrow.,True
NEUTRAL,не свежая обжарка.,0.495,0.505,0.0,-0.2411,Negative,3,1,Negative,0.8385545611381531,neutral,3,Neutral,0.8160824179649353,negative,1,Negative,0.7085428833961487,Negative,1,Negative,0.6296272277832031,3,Neutral,0.5298840322374212,3,Neutral,0.0,3,Neutral,0.47536645372567526,2.25,2,Negative,Neutral,False,False,True,False,False,True,True,True,False,Not fresh roasting.,True
POSITIVE,"- я знаю, ты любишь танцевать. - конечно, я же тусовщик. очень даже можно предположить что жанр комедия практически полностью себя исчерпал. ведь сейчас фильмы этого жанра не смешные, и даже не весёлые, а юмор в них или ниже пояса или он практически отсутствует, а чаще всего встречается и то и другое. и не важно какой комедийный фильм уже снимут, ведь шансы на то что фильм получится смешным очень малы. это раньше было, каждая новая комедия-шедевр, а сейчас уже не то. сейчас с экранов слышатся глупые однообразные шутки которые вызывают лишь отрицательные эмоции, и так с каждым новым фильмом всё хуже и хуже. конечно можно понять что комедию снять очень сложно, но всё же если уж браться за дело, то с полной отдачей. от фильма 'одноклассники' я не ожидал ничего особенного. ни плохого, ни хорошего. в принципе мои ожидания оправдались. ну да комедия, ну да присутствует юмор. ну и что из этого?ничего. сюжет фильма довольно банален, но ведь для комедии это не так уж и важно. главное рассмешить зрителя. думаю 'одноклассникам' это удалось процентов на 70,что уже неплохо. к тому же юмор не пошлый-тоже плюс. да и актёрский состав радует, столько известных комедийных актёров в одном фильме-вот пожалуй самый главный плюс фильма. а уж адам сэндлер и компания дело своё знают. а вообще это кино на один раз. так чисто чтобы посмеяться. а посмеяться я думаю там есть над чем. в общем этот фильм понравится тем кто любит лёгкие комедии. да, именно так. 8 из 10 браво!",0.091,0.745,0.164,0.8229,Positive,5,3,Neutral,0.9998582601547241,negative,1,Negative,0.5347543358802795,positive,5,Positive,0.8133478760719299,Very Negative,1,Negative,0.47068724036216736,5,Positive,0.567979161767074,5,Positive,0.0,3,Neutral,0.51,3.5,4,Positive,Positive,True,False,False,True,False,True,True,False,True,"- I know you like to dance. - Of course, I'm a party man. it's very possible to assume that the genre of comedy is almost completely exhausted. because now the films of this genre are not funny, and not even funny, but humor in them or below the belt or it is practically absent, and most often there is both a comedy and another. and it does not matter what the comedy film is already removed, because the chances that the film will turn out funny are very small. 8 out of 10 bravo!",True
NEUTRAL,"качество на 3, сшито так же",0.0,1.0,0.0,0.0,Neutral,3,3,Neutral,0.9896915555000305,neutral,3,Neutral,0.8640323877334595,neutral,3,Neutral,0.823729395866394,Neutral,3,Neutral,0.6639987230300903,3,Neutral,0.6443344620202665,3,Neutral,0.0,3,Neutral,0.5400064671087498,3.0,3,Neutral,Neutral,True,True,True,True,True,True,True,True,True,"quality at 3, stitched the same",True
NEUTRAL,"боже эта милая рисовка от киоани прекрасна 3милые девочки делают милые вещи. музыка и эндинг понравились. сюжета можно сказать почти нет, это же слайс. глубины совсем нет, почти ничего не известно о героях. собственно смотрел ради фильма, а как вводная часть, сериал, вполне хорош. ах да без этой эгоистичной птички и принца было бы лучше, но тут каждому своё.",0.018,0.735,0.247,0.9239,Positive,5,3,Neutral,0.9992855191230774,positive,5,Positive,0.9305552840232849,positive,5,Positive,0.8893945813179016,Positive,5,Positive,0.78565913438797,3,Neutral,0.6782949827090375,3,Neutral,0.0,3,Neutral,0.64,4.0,4,Positive,Neutral,False,True,False,False,False,True,True,True,False,"God, this cute drawing from the kioani is beautiful 3 pretty girls do cute things. music and ending liked. the plot can be said almost no, it's slice. depth is not at all, almost nothing is known about the characters. actually watched for the film, and as the introductory part, the series, quite good. Oh yes without this selfish bird and prince would be better, but here everyone has their own.",True
POSITIVE,"мне нравятся нетипичные супер-герои. хенкок - не супермен, всю жизнь творивший добро, и даже не человек-паук, который потерял многих своих близких, и также стремящийся помочь всем вокруг. у хенкока совершенно другая история. в этом фильме видно, как меняется персонаж, как он борется со своими, можно сказать, психологическими проблемами. даже человек со сверхспособностями - просто человек, и волнуют его все те же вещи. фильм напоминает нам о важнейших человеческих ценностях, оставляя очень теплое, доброе впечатление. юмор - то, что заслуживает отдельной оценки. не пошло, но очень метко и удачно (как большинство фильмов с уиллом смитом). 'любовная линия', которой я совсем не ожидала, мне тоже понравилась своей нетипичностью. даже если что-то предначертано нам свыше - мы сами можем сделать выбор. не всё решает судьба. посмотрев этот фильм впервые в 2016 году - после выхода множества фильмов о супер-героях - не осталась разочарованной. к семейному или дружескому просмотру обязателен! за доброту, 'лёгкость' фильма и юмор: 8 из 10",0.05,0.755,0.195,0.9795,Positive,5,3,Neutral,0.9997038245201111,positive,5,Positive,0.615115761756897,positive,5,Positive,0.9830544590950012,Positive,5,Positive,0.7688254117965698,5,Positive,0.5918870600425196,5,Positive,0.0,3,Neutral,0.41,4.5,4,Positive,Positive,True,False,True,True,True,True,True,False,True,"I like atypical superheroes. Hancock is not a superman who has done good all his life, and not even a Spider-Man who has lost many of his loved ones, and also seeks to help everyone around. Hancock has a completely different story. in this film you can see how the character changes, how he struggles with his, you can say, psychological problems. even a person with superpowers is just a person, and all the same things worry him. the film reminds us of the most important human values, leaving a very warm, good impression. humor - something that deserves a separate assessment. did not go, but very aptly (as with most of the films and with Smith). 'love line', which I did not expect, I also liked its atypical. even if something is destined for us from above - we can make a choice. not everything is decided by fate. watching this film for the first time in 2016 - after the release of many films about superheroes - did not remain disappointed. to family or friendly viewing is mandatory! for kindness, 'lightness' of the film and humor: 8 out of 10",True
POSITIVE,"всегда свежая и вкусная, рекомендую",0.0,0.261,0.739,0.8176,Positive,5,5,Positive,0.9790189266204834,positive,5,Positive,0.9939822554588318,positive,5,Positive,0.5721891522407532,Positive,5,Positive,0.7127126455307007,3,Neutral,0.5298840322374212,3,Neutral,0.0,3,Neutral,0.47536645372567526,4.25,4,Positive,Positive,True,True,True,True,True,False,False,False,True,"Always fresh and delicious, I recommend it.",True
NEUTRAL,"очень плохой некачественный пошив. сделано как из под топора. это второй заказ у этого продавца. первая майка была идеальная. поэтому я заказала сразу три штука разного цвета. все три пошиты плохо. доставка кстати, очень быстрое, но хотелось бы качественный товар",0.104,0.772,0.124,0.1531,Positive,3,3,Neutral,0.9922194480895996,neutral,3,Neutral,0.5872382521629333,negative,1,Negative,0.8237558603286743,Very Negative,1,Negative,0.6880004405975342,3,Neutral,0.5413718044747279,3,Neutral,0.0,3,Neutral,0.45,2.5,2,Negative,Neutral,False,True,True,False,False,True,True,True,False,This is the second order from this seller. the first jersey was perfect. so I ordered three pieces of different colors. all three are sewn badly.,True
POSITIVE,все отлично sm на об 95 отлично материал очень приятный,0.0,0.391,0.609,0.8977,Positive,5,5,Positive,0.9981056451797485,positive,5,Positive,0.995142936706543,positive,5,Positive,0.9890254139900208,Positive,5,Positive,0.78969407081604,5,Positive,0.7168267284300734,5,Positive,0.0,5,Positive,0.84,5.0,5,Positive,Positive,True,True,True,True,True,True,True,True,True,All great sm on about 95 excellent material very nice,True
POSITIVE,"чудесное аниме, как всё из этой серии.получила удовольствие от просмотра. герой с внутренними комплексами и боязнью не соответствовать самим придуманному образу и парень, которой готов сразиться с выстроенной стеной ради любви.чудесно.",0.138,0.618,0.245,0.6705,Positive,5,5,Positive,0.9988555908203125,positive,5,Positive,0.9831029176712036,positive,5,Positive,0.6631307601928711,Positive,5,Positive,0.6926407217979431,3,Neutral,0.45359398890057434,3,Neutral,0.0,5,Positive,0.49,4.5,4,Positive,Positive,True,True,True,True,True,False,False,True,True,The hero with internal complexes and fear not to conform to the invented image and the guy who is ready to fight with the built wall for the sake of love.,True
POSITIVE,и гвоздь и рыба в одном месте ))nженам на заметку - отправляйте туда мужей с запасом по времени. и нагуляются по стройинструментам и еды купят,0.0,1.0,0.0,0.0,Neutral,3,1,Negative,0.9863013029098511,neutral,3,Neutral,0.722210705280304,neutral,3,Neutral,0.9523921608924866,Neutral,3,Neutral,0.385823130607605,1,Negative,0.5542066696945237,1,Negative,0.0,1,Negative,0.6207614859189466,2.0,2,Negative,Positive,False,False,False,False,False,False,False,False,False,and a nail and a fish in one place ) ) to the wives on note - send there husbands with a spare time.,True
NEGATIVE,мой рейс в екатеринбург задержан на 3 часа. разница во времени с мск- плюс 2 часа. прилечу и сразу на свадебку. снова с корабля на бал. аэропорты не хотят меня отпускать( международный аэропорт домодедово domodedovo international airport (dme),0.08,0.92,0.0,-0.2783,Negative,3,3,Neutral,0.6525156497955322,neutral,3,Neutral,0.5325132608413696,negative,1,Negative,0.5681039690971375,Neutral,3,Neutral,0.9108312129974365,3,Neutral,0.7029263537355499,3,Neutral,0.0,3,Neutral,0.5493899483836977,2.75,3,Neutral,Negative,True,False,False,True,False,False,False,False,False,My flight to Yekaterinburg is delayed by 3 hours. the time difference from Moscow - plus 2 hours. I will fly immediately to the wedding. again from ship to ball. airports do not want to let me go (Domodedovo international airport (dme),True
NEGATIVE,пришел в 12 дня. на окне- технический перерыв табличка. ждал полчаса- телефон мастера не отвечает. ждали открытия ещё три человека- в итоге плюнул и поехал в другое место,0.0,1.0,0.0,0.0,Neutral,3,1,Negative,0.9999722242355347,neutral,3,Neutral,0.5789420008659363,negative,1,Negative,0.9965937733650208,Neutral,3,Neutral,0.37474024295806885,1,Negative,0.5401994109095046,1,Negative,0.0,3,Neutral,0.5602181158488183,2.0,2,Negative,Negative,False,True,False,True,False,True,True,False,True,I arrived at 12 p.m. for a technical break. waited half an hour - the master's phone does not answer. waiting for the opening of three more people - eventually spat and went to another place.,True
NEUTRAL,"берём машину, едем на полигон (полигон из себя представляет большую асфальтированную площадку) и тренируемся!очень важно начинать с полигона-катка, т.е. тренировка будет на льду. потом и на асфальт можно.самое главное на льду это безопасно и для автомобиля и для водителя. на асфальте если инженеры-создатели машины просчитались, то можно конечно перевернуться, но на сегодняшний день даже джип на ровной площадке с такими выкрутасами не перевернётся. а я думала, на льду опаснее, чем на асфальте. на льду сцепление колёс с поверхностью (льдом) меньше и соответственно скользить (делать такой разворот) проще у тебя меньше шансов перевернуться.лёд опасен при обычной езде, т.к. не знаешь когда и где подскользнёшься (занесёт), а тут он безопаснее и при этом нету безумного свиста колёс) теперь буду знать. я пока только учусь, если права получу, хочу попробовать экстремальную езду. после того как сдашь экзамен на права, полгодика покатайся без курсов. и главное не ссы большинство водителей не хотят с тобой торчать до приезда гибдд, поэтому зачастую помогают новичкам (конечно кроме от дельных мажоров). да, надо быть смелее:) именно! нужно что-то объехать - включи поворотник! (исключение может быть только тогда, когда для объезда препятствия ты не выезжаешь из своей полосы).",0.032,0.887,0.081,0.6278,Positive,5,3,Neutral,0.9997239708900452,neutral,3,Neutral,0.8496421575546265,negative,1,Negative,0.5899662971496582,Negative,1,Negative,0.2798680067062378,5,Positive,0.5378149584271696,3,Neutral,0.0,3,Neutral,0.543872473327061,3.0,3,Neutral,Neutral,False,True,True,False,False,False,True,True,True,"Take the car, go to the landfill (the polygon is a large asphalt platform) and train! it is very important to start with the rink, i.e. the training will be on the ice. then on the asphalt you can. the most important thing on the ice is safe for the car and for the driver. on the asphalt if the engineers-creators of the car miscalculated, then you can turn over, but today even the jeep on a flat ground with such twists will not turn over. and I thought it is safer on the ice than the turn, but I do not want to do it with the usual one. (The only exception is if you do not leave your lane to avoid obstacles.)",True
POSITIVE,"обожаю такое кино! работа для души и мозга. как в церковь сходила. в моей памяти после этого фильма встали люди, которых я не могу простить, от души отпустить с миром и остаться с тихим спокойствием в своем сердце. я все думала: а кто я такая, чтобы их осуждать. от фильма веет невероятной чистотой, несмотря на картины российской действительности, все до боли показалось родным. актерская игра выше всяких похвал! меня сразил наповал момент, когда инна разговаривала со следователем. так нельзя сыграть, она как-будто это пережила сама. у марии смольниковой, как у актрисы, большая дорога впереди, если не завернут. фильм рекомендую посмотреть всем и каждому. 10 из 10",0.076,0.741,0.183,0.942,Positive,5,5,Positive,0.999212384223938,positive,5,Positive,0.8045496344566345,positive,5,Positive,0.9984208345413208,Very Positive,5,Positive,0.8075786828994751,3,Neutral,0.7047381109895186,3,Neutral,0.0,3,Neutral,0.7299624261562507,4.25,4,Positive,Positive,True,True,True,True,True,False,False,False,True,"I love such a movie! work for the soul and brain. how to go to church. in my memory after this film stood up people who I can not forgive, from the heart to let go in peace and remain with a quiet peace in my heart. I kept thinking: who am I to condemn them. from the film blows incredible purity, despite the pictures of Russian reality, everything seemed painfully native. acting above all praise! I was struck by the moment when Inna talked with the investigator. so it is impossible to play, as if she survived it herself. from the film, as if everyone is dear to watch. 10 out of 10",True
NEGATIVE,"персонал такое себе, не хотят разговоривать и обслуживать клиентов. nцены завышены продают сигореты по штуке всем, а целую пачку только по паспорту",0.047,0.953,0.0,-0.0572,Neutral,3,1,Negative,0.9998371601104736,negative,1,Negative,0.6425957083702087,negative,1,Negative,0.9933362007141113,Negative,1,Negative,0.5485470294952393,1,Negative,0.5527044628197477,1,Negative,0.0,1,Negative,0.500048487669,1.25,1,Negative,Negative,False,True,True,True,True,True,True,True,True,"The staff is such, do not want to talk and serve customers. n prices are inflated sell cigarettes to everyone, and a whole pack only on the passport.",True
POSITIVE,"соответсвует ожиданиям. на рост 178 длины достаточно. есть бирка на левом шве в районе талии, непонятно зачем она под прозрачной сеткой и получится ли срезать без потерь. пуговица с воротника отвалилась ещё до примерки, но это не страшно, легко пришить и в комплекте есть запасная. заказом довольна. отдельное спасибо продавцу. осень заботливый и внимательный, когда служба доставки заказ не доставила и я открыла спор, продавец успокаивал меня и связывался с курьерской службой, был всегда на связи. из за этой службы доставка заняла больше двух месяцев, но продавец показал себя с хорошей стороны.",0.068,0.754,0.178,0.9481,Positive,5,3,Neutral,0.930537223815918,positive,5,Positive,0.9527381658554077,positive,5,Positive,0.8489312529563904,Positive,5,Positive,0.8442932963371277,5,Positive,0.672704819693607,5,Positive,0.0,5,Positive,0.49,4.75,5,Positive,Positive,True,False,True,True,True,True,True,True,True,"meets expectations. the growth of 178 length is enough. there is a tag on the left seam in the waist area, it is unclear why it is under a transparent grid and whether it will be possible to cut without loss. the button from the collar fell off before fitting, but it is not terrible, easy to sew and in the kit there is a spare. order is satisfied. separate thank you to the seller. autumn is caring and attentive, when the delivery service did not deliver the order and I opened a dispute, the seller reassured me and contacted the courier service, was always in touch. from this service, the delivery took more than two months, but the seller showed himself a good delivery.",True
POSITIVE,"отличный магазин с большим выбором всех разновидностей светильников, люстр, лампочек и даже стройматериалов для электрики и что не мало важно с приемлемыми ценами! советую.",0.0,0.833,0.167,0.663,Positive,5,5,Positive,0.9975627660751343,positive,5,Positive,0.9866754412651062,positive,5,Positive,0.7461251020431519,Very Positive,5,Positive,0.5763810873031616,5,Positive,0.9344491139720151,5,Positive,0.0,5,Positive,0.96,5.0,5,Positive,Positive,True,True,True,True,True,True,True,True,True,"an excellent store with a large selection of all types of lamps, chandeliers, light bulbs and even building materials for electricity and that is not least important with reasonable prices!",True
NEGATIVE,"хватило на одну серию. жесть ради жести, и полное отсутствие здравого смысла. воспринимать серьезно треш происходящий на экране попросту невозможно, как и посмеяться над ним не выходит, так как все происходящее крайне примитивно. в мадоке шок контент работал, так как там была выстроена очень грамотная игра с чувствами зрителя, и многих вещей ты не ожидал. она хороша создавала ощущения чего то светлого и невинного а затем их разрушала. в эльфийской песне шок контент работал из за сильной эмоциональной связи которую повествование выстраивало со зрителем, мы сопереживали героям. а здесь на протяжении всей первой серии, нам показывают максимально унылые и примитивные истязания над каким то ноу нейм персонажем которого мы видим впервые, ничего о нем не знаем, не знаем причину травли, нам совершенно насрать на все что с ним делают, у нас нет ни одной причины ей сопереживать. кого? чего? зачем? почему? кому это интересно",0.049,0.775,0.176,0.9537,Positive,5,1,Negative,0.9998354911804199,negative,1,Negative,0.5762331485748291,positive,5,Positive,0.7139912247657776,Negative,1,Negative,0.49257051944732666,1,Negative,0.8947528891929563,1,Negative,0.0,1,Negative,0.71,2.0,2,Negative,Negative,False,True,True,False,True,True,True,True,True,"It is simply impossible to take seriously the thrash that is happening on the screen, as well as to laugh at it does not come out, since everything that is happening is extremely primitive. in Madok the shock content worked, since there was built a very competent game with the feelings of the viewer, and many things you did not expect. it was good to create feelings of something light and innocent and then destroyed them. in the Elvish song the content worked because of a strong emotional connection which the narrative was built with the viewer, we empathized with the hero, as there was built a very competent game with the feelings of the feelings of the viewer, and why we do not know everything about it for us for the first time?",True
POSITIVE,"год назад дропнула это аниме после 1-й серии. зря, ой, зря. давно не попадалось чего-то настолько шикарного. нечто среднее между ""таинственной игрой"", ""йоной на заре"" и ""хранителем священного духа"", только без слащавой романтики первой, юмора второй и некоторой, имхо, скучноватости третьего (никак не могу его досмотреть, может, с третьей попытки получится). вместо все этого - многослойный продуманный мир, сложная и увлекательная история, живые персонажи, не статичные, а с меняющимся на протяжении все истории характером, и с просто чудесной рисовкой. смотрится залпом. скучновато было только в трех-четырех сериях между арками, т.н. ""интерлюдиями"". я их благополучно проматывала и шла дальше. есть всего два минуса для меня - не хватает логического окончания арки с черным кирином; и хотелось бы чуть-чуть - самую-самую малость - больше романтики. а то я уж подумала, что после спойлерспасения йоко черноволосым красавцем императором эн, который тоже оказался тайка, и чего-то похожего на обмен ""роковыми"" взглядами будет что-то большее, ан нет. но это все мелочи, которые вовсе не портят удовольствия от просмотра этой атмосфернейшей вещи. однозначно, в избранное.",0.108,0.759,0.133,0.8093,Positive,5,5,Positive,0.9970386028289795,positive,5,Positive,0.8228662610054016,positive,5,Positive,0.9989702701568604,Negative,1,Negative,0.4451952278614044,1,Negative,0.4101629740254264,1,Negative,0.0,3,Neutral,0.42,3.25,3,Neutral,Positive,True,True,True,True,False,False,False,False,False,"A year ago, I dropped this anime after the 1st series. in vain, oh, in vain. for a long time there was not something so chic. something cross between the ""mysterious game"", ""yona at dawn"" and ""the keeper of the sacred spirit"", only without the sweet romance of the first, humor of the second and some, imho, dullness of the third (I can't see it at all, maybe with the third attempt it will turn out). instead of all this - a multi-layered thought-out world, a complex and fascinating story, live characters, not static, but with a changing character throughout the story, only a series of three. I squandered them safely and went on. there are only two disadvantages for me - there is no logical end to the arch with a black cyrin; and I would like a little - a little bit - more romance. I thought that after the spoiler rescue of the yoko black-haired handsome Emperor En, who also turned out to be a secret, and something like the exchange of ""fatal"" views will be something more, but these are all small things that do not spoil the pleasure of watching this atmospheric, definitely chosen thing.",True
NEUTRAL,"странный вкус, явно не очень натуральный продукт",0.381,0.369,0.249,-0.1095,Neutral,3,3,Neutral,0.9280793070793152,neutral,3,Neutral,0.7869659066200256,negative,1,Negative,0.6899625658988953,Negative,1,Negative,0.9205710291862488,3,Neutral,0.5741362096753427,3,Neutral,0.0,3,Neutral,0.59,2.5,2,Negative,Neutral,True,True,True,False,False,True,True,True,False,"Strange taste, clearly not a very natural product",True
NEGATIVE,"невкусный, сухой, как тряпка.",0.0,1.0,0.0,0.0,Neutral,3,1,Negative,0.8909279704093933,negative,1,Negative,0.6673577427864075,negative,1,Negative,0.995586633682251,Very Negative,1,Negative,0.5763993859291077,1,Negative,0.8145345422453084,1,Negative,0.0,1,Negative,0.8676332361799212,1.25,1,Negative,Negative,False,True,True,True,True,True,True,True,True,"tasteless, dry as a rag.",True
POSITIVE,"блузочка супер!ткань тяжеленькая, качество,плотная.смотрится очень достойно! на 48 подошел xxl свободно не в обтягивает,рукава короткие немного- не критично, очень довольна. заказала 14.09 получила 04.09",0.074,0.664,0.262,0.7593,Positive,5,5,Positive,0.9989481568336487,positive,5,Positive,0.9954320192337036,positive,5,Positive,0.995245635509491,Positive,5,Positive,0.5930199027061462,5,Positive,0.912313268739732,5,Positive,0.0,3,Neutral,0.5555790356896707,4.75,5,Positive,Positive,True,True,True,True,True,True,True,False,True,"blouse super! fabric heavy, quality, dense.look very decent! on 48 came xxl freely not in tight, sleeves short a little - not critical, very satisfied. ordered 14.09 received 04.09",True
POSITIVE,"все специалисты на уровне, принимают по времени предварительной записи четко, работа отложена на все сто. большое спасибо",0.097,0.757,0.146,0.2263,Positive,3,5,Positive,0.9843901991844177,positive,5,Positive,0.8515750765800476,negative,1,Negative,0.973357617855072,Positive,5,Positive,0.4434232711791992,5,Positive,0.7296493679174897,5,Positive,0.0,5,Positive,0.8915319802831783,4.25,4,Positive,Positive,True,True,True,False,True,True,True,True,True,"all specialists at the level, take the pre-registration time clearly, the work is postponed for a hundred.",True
POSITIVE,"отличные мандарины ,кожа легко очищается",0.0,0.45,0.55,0.7269,Positive,5,5,Positive,0.9721082448959351,positive,5,Positive,0.9953078627586365,positive,5,Positive,0.8600761890411377,Positive,5,Positive,0.8161507248878479,5,Positive,0.6537637455745391,5,Positive,0.0,5,Positive,0.8439562111672313,5.0,5,Positive,Positive,True,True,True,True,True,True,True,True,True,"excellent tangerines, the skin is easily cleaned",True
POSITIVE,"это повседневный учебный материал. то есть он, по идее, не должен отличаться редкостью. кафаров приобрёл единственный моголо-китайский список, то есть вообщеединственный.я не подозреваю ни в чём кафарова, он купил то, что ему продали.впрочем, дело даже не в этом. много вопросов возникает в связи с языком, на котором написан документ.к примеру, слово мерин в русском языке считается заимствованием из монгольского, оно наличествует в тексте сказания. между тем это слово, восходящее к одному корню, распространено во многих языках евразии morin (монгольский), murin (маньчжурский), mal (корейский) в тибето-китайских языках китайское слово ma, древнебирманское mran, древнетибетское rman в кельтских языках - marc (древне-ирландский), march (валлийский). из кельтского данная форма была заимствована в германские языки:marrmerr конькобыла (древнеисландский), marahmariha конькобыла (древневерхненемецкий),mearhmiere - конькобыла (древнеанглийский) и, наконец, в русском языке мерин.так вот. распространение слова мерин по просторам евразии связано не с татаро-монгольским нашествием, а с экспансией древних индоевропейцев, которые первыми одомашнили лошадь и изобрели спитчатую колесницу. скорее всего, это слово пришло в могольский язык из тохарского.",0.0,0.962,0.038,0.2472,Positive,3,5,Positive,0.9999712705612183,neutral,3,Neutral,0.7726970911026001,negative,1,Negative,0.9131789803504944,Negative,1,Negative,0.6448267698287964,3,Neutral,0.47698372353168933,5,Positive,0.0,3,Neutral,0.5547651647396825,3.0,3,Neutral,Positive,True,True,False,False,False,False,True,False,False,"This is everyday educational material. that is, he, in theory, should not be rare. Kafarov acquired the only Mughal-Chinese list, that is, the only one. I do not suspect anything Kafarov, he bought what he sold.however, the matter is not even in this. many questions arise in connection with the language in which the document is written. for example, the word merin in Russian is considered a borrowing from Mongolian, it is present in the text of the tale.",True
NEGATIVE,"швы не разглажены. как их вообще теперь разгладить? нет разреза впереди, хотя по описанию должны быть два разреза, на фото их тоже два. размер 4xl фактически по таблице продавца является размеров 3xl. вместо заявленной длины в 63, длина 60-61.",0.111,0.889,0.0,-0.6705,Negative,1,1,Negative,0.9988515377044678,negative,1,Negative,0.5149428248405457,negative,1,Negative,0.664689838886261,Neutral,3,Neutral,0.8772803544998169,1,Negative,0.6287168606695577,1,Negative,0.0,1,Negative,0.55,1.25,1,Negative,Negative,True,True,True,True,False,True,True,True,True,"seams are not smoothed. how to smooth them at all now? there is no cut in front, although according to the description there should be two cuts, in the photo there are also two. the size of 4xl is actually on the seller's table is 3xl. instead of the declared length of 63, length 60-61.",True
NEGATIVE,долго и не отслеживания вообще,0.306,0.694,0.0,-0.296,Negative,3,1,Negative,0.9926235675811768,neutral,3,Neutral,0.7684094905853271,negative,1,Negative,0.8042476773262024,Negative,1,Negative,0.5843803882598877,1,Negative,0.5802622654519299,1,Negative,0.0,1,Negative,0.8424137235606878,1.5,2,Negative,Negative,True,True,False,True,True,True,True,True,True,long and no tracking at all.,True
POSITIVE,"заказывал абрикосовый цвет, а пришел сиреневый )) супруга в восторге, очень мило смотрятся и удобно сидят!",0.0,0.573,0.427,0.8653,Positive,5,5,Positive,0.9997708201408386,positive,5,Positive,0.9909629225730896,positive,5,Positive,0.8187481164932251,Positive,5,Positive,0.7839435338973999,3,Neutral,0.4624317762880322,5,Positive,0.0,5,Positive,0.4418388259160909,4.75,5,Positive,Positive,True,True,True,True,True,False,True,True,True,"I ordered apricot color, and came lilac ) The wife is delighted, very cute look and sit comfortably!",True
POSITIVE,"хоть и была ярым ненавистником этого сериала, все равно решилась посмотреть до конца, ибо такой же нелюбитель недосматривать тайтлы. начинала раза два, с третьего все же осилила и вот, что скажу; сериал превлек своеобразным юмором, персонажами, такими как гинтоки, кацура, сого, хасегава и хиджиката. это как повседневность моей жизни. интересен процесс раскрывания персонажей. над одним всего моментом я пока прослезилась, и над несколькими улыбнулась. теперь совсем поменяла своё мнение об этом аниме. не буду призывать кого-либо смотреть его, потому что по душе не каждому придётся",0.028,0.835,0.137,0.8692,Positive,5,5,Positive,0.9988080263137817,neutral,3,Neutral,0.7722818851470947,negative,1,Negative,0.9952036142349243,Positive,5,Positive,0.6498698592185974,3,Neutral,0.5657028687282689,3,Neutral,0.0,3,Neutral,0.52,3.5,4,Positive,Positive,True,True,False,False,True,False,False,False,True,"Although I was an ardent hater of this series, I still decided to look to the end, because the same disliker to overlook the titles. I started twice, with the third I still did, and here's what I will say; the series turned into a kind of humor, characters such as gintoks, Katsura, Sogo, Hasegawa and Hijikata. This is like the everyday life of my life. the process of revealing characters is interesting. I teared over one moment, and smiled at a few. Now I completely changed my opinion about this anime, I will not have to watch anyone.",True
NEUTRAL,"министр энергетики казахстана канат бозумбаев заявил, что основная проблема, связанная с ценами на бензин, заключается в том, что казахстан по бензину аи-92 на 30 зависит от поставок из россии. наблюдается некоторое повышение цен на границе с казахстаном на бензин 92-ой из рф. я в субботу летал, сам встречался с министром энергетики рф господином новаком, мы прорабатываем поставки нашими компаниями российского бензина в объеме порядка до 100 тыс. тонн в декабре, сказал бозумбаев. канат бозумбаев рассказал о встрече с российским коллегой александром новаком, в ходе которого достигнута договоренность, что казахстанские компании импортируют 100 тыс. тонн бензина в декабре. этого будет достаточно, для того, чтобы наши три завода вышли на полную мощность сейчас. вы знаете, было непредвиденное обстоятельство на павлодарском нхз. это сбило наш баланс в ноябре месяце. поэтому импорта больше было, добавил он. по сообщению сайта banker.kz",0.017,0.923,0.06,0.3612,Positive,5,3,Neutral,0.9999531507492065,neutral,3,Neutral,0.839485228061676,negative,1,Negative,0.9318907260894775,Neutral,3,Neutral,0.9232105612754822,3,Neutral,0.4837292104170778,3,Neutral,0.0,3,Neutral,0.78,3.0,3,Neutral,Neutral,False,True,True,False,True,True,True,True,True,"Minister of Energy of Kazakhstan Kanat Bozumbayev said that the main problem associated with gasoline prices is that Kazakhstan for AI-92 gasoline depends on supplies from Russia. there is a slight increase in prices on the border with Kazakhstan for gasoline 92nd from Russia. I flew on Saturday, I met with the Minister of Energy of the Russian Federation Mr. Novak, we are working on the supply of Russian gasoline by our companies in the amount of about 100 thousand tons in December, Bozumbayev said about a meeting with his Russian counterpart Alexander Bozumbayev, but he said that our company had reached a full import capacity in December.",True
NEUTRAL,"новый зал, стильный, по количеству тренажеров и свободному пространству все отлично, раздевалки тоже норм, сауна греет отлично, но вот рамы для подтягиваний вообще никуда не годятся, они очень скользкие и руки на них вообще ге держаться, самые ужасные рамы из всех что я встречал. неужели их не тестируют перед покупкой, на них же невозможно подтягиваться и в зале очень холодно, мне кажется -18 градусов на всех кондиционерах это перебор",0.112,0.759,0.129,-0.4307,Negative,1,3,Neutral,0.9999573230743408,neutral,3,Neutral,0.48150545358657837,negative,1,Negative,0.7848261594772339,Very Negative,1,Negative,0.8208913803100586,1,Negative,0.46675870686525417,1,Negative,0.0,5,Positive,0.52,2.0,2,Negative,Neutral,False,True,True,False,False,False,False,False,False,"a new hall, stylish, in terms of the number of simulators and free space, everything is fine, the changing rooms are also normal, the sauna warms perfectly, but the frames for pull-ups are not good at all, they are very slippery and the hands on them are generally Ge to hold, the most terrible frames of all that I have met.",True
NEUTRAL,"из плюсов:n- лично для меня удобное расположение, так как место встречи на экскурсии было прям через дорогу n- просторный номер, полноценная квартира nиз минусов:n- пять этажей без лифта, для меня не критично, но не могу не сказать об этом n- в номере было реально холодно, приходилось спать под двумя одеялами, казалось , что постоянно откуда-то дует n- ну и самое главное, надо быть готовым к отключению электричества, а соответственно и воды. такое считаю недопустимым для отеля, тем более если он позиционирует себя как пятизвёздочный. но важным моментом является реакция администрации. на мой вопрос о сроках устранения неполадок, тк я не могу ни поесть , ни собраться, мне было сказано ну надо раньше вставать, время было 10 утра, и электричества не было как минимум с 9 утра. клиентоориентированный сервис ))",0.053,0.865,0.082,0.3961,Positive,5,3,Neutral,0.99993896484375,neutral,3,Neutral,0.8185986876487732,negative,1,Negative,0.6857109665870667,Very Negative,1,Negative,0.48189476132392883,3,Neutral,0.7132214871352606,3,Neutral,0.0,3,Neutral,0.47,2.75,3,Neutral,Neutral,False,True,True,False,False,True,True,True,True,"from pros:n- personally for me a convenient location, as the meeting place on the tour was right across the road n- spacious room, a full-fledged apartment n of minuses:n- five floors without an elevator, for me not critical, but I can not say about it n- the room was really cold, I had to sleep under two blankets, it seemed that constantly blowing from somewhere n-well and most importantly, you need to be ready to cut off electricity, and therefore water. this is unacceptable for the hotel, especially if it positions itself as a five-star, but the important moment is the administration is really cold, it was not necessary to get rid of food, it was not enough in the morning.",True
NEUTRAL,как горох. очень мелкий,0.0,0.545,0.455,0.3612,Positive,5,3,Neutral,0.6545314788818359,neutral,3,Neutral,0.7895395755767822,neutral,3,Neutral,0.4882350265979767,Very Negative,1,Negative,0.525398850440979,3,Neutral,0.582946069613722,3,Neutral,0.0,3,Neutral,0.5731357017342326,3.0,3,Neutral,Neutral,False,True,True,True,False,True,True,True,True,like peas. very small.,True
NEGATIVE,"товар в целом неплохо. но рост 170 максимум. но доставка отвратительная курьер не согласовав со мной передал мой товар чужому человеку, третьему лицу. мне об этом никто не сообщил. отвратительная доставка от службы сдэк. причём заказывала я доставку на вечер после 18:00, но видимо курьер так торопился, что решил приехать в 14:00, когда я на работе и передать третьему лицу мой товар. огромный минус за это продавцу и курьерской службе.",0.142,0.701,0.157,0.1521,Positive,3,1,Negative,0.9998883008956909,negative,1,Negative,0.6256417036056519,negative,1,Negative,0.830494225025177,Negative,1,Negative,0.7726062536239624,3,Neutral,0.6667047855925344,3,Neutral,0.0,3,Neutral,0.39,2.0,2,Negative,Negative,False,True,True,True,True,False,False,False,True,"goods in general good. but the growth of 170 maximum. but delivery disgusting courier without agreeing with me handed over my goods to a stranger, a third party. no one told me about this. disgusting delivery from the service sdek. and I ordered delivery for the evening after 18:00, but apparently the courier was in such a hurry that he decided to come at 14:00, when I am at work and hand over to a third person my goods. a huge minus for this seller and courier service.",True
POSITIVE,"огромное спасибо продавцу, кофточка супер, 2хl на ог 106 свободненько, мягенькая и уютная, советую",0.0,0.637,0.363,0.8658,Positive,5,5,Positive,0.9988466501235962,positive,5,Positive,0.9953246116638184,positive,5,Positive,0.9847692251205444,Positive,5,Positive,0.5271368026733398,5,Positive,0.9850541839915001,5,Positive,0.0,5,Positive,0.99,5.0,5,Positive,Positive,True,True,True,True,True,True,True,True,True,"Thank you very much to the seller, the jacket is super, 2xl on 106 free, soft and cozy, I advise you",True
NEGATIVE,качество данной туалетной бумаги очень испортилось (,0.0,1.0,0.0,0.0,Neutral,3,3,Neutral,0.8795910477638245,neutral,3,Neutral,0.5838168859481812,negative,1,Negative,0.5440950393676758,Negative,1,Negative,0.5441635847091675,3,Neutral,0.699247788874443,3,Neutral,0.0,3,Neutral,0.7937274999686116,2.5,2,Negative,Negative,False,False,False,True,True,False,False,False,True,The quality of the toilet paper has deteriorated.,True
POSITIVE,суперовское! до питера дошло за 22 дня! брала на объем груди 122-село идеально!,0.0,0.609,0.391,0.8743,Positive,5,5,Positive,0.9996209144592285,positive,5,Positive,0.9964247345924377,positive,5,Positive,0.9992959499359131,Very Positive,5,Positive,0.7547658681869507,5,Positive,0.9615472228396932,5,Positive,0.0,5,Positive,1.0,5.0,5,Positive,Positive,True,True,True,True,True,True,True,True,True,Super! to Peter came in 22 days! took on the volume of the breast 122-village perfectly!,True
POSITIVE,"мне очень нравиться этот магазин. посадочный материал заказываю уже не первый год. товар всегда качественный, приходит быстро и очень хорошо упакован. хорошо всходят семена и приживается корешки, луковицы. мне нравиться, что быстро, надежно, качественно работает магазин.",0.0,0.786,0.214,0.831,Positive,5,5,Positive,0.9996472597122192,positive,5,Positive,0.9938464760780334,positive,5,Positive,0.7901325821876526,Positive,5,Positive,0.9077152609825134,5,Positive,0.928529968946082,5,Positive,0.0,5,Positive,0.89,5.0,5,Positive,Positive,True,True,True,True,True,True,True,True,True,"I like this store very much. I have been ordering planting material for many years. the product is always high-quality, comes quickly and very well packaged. seeds grow well and roots, bulbs take root. I like that the store works quickly, reliably, qualitatively.",True
NEUTRAL,я про эту фотку))),0.0,1.0,0.0,0.0,Neutral,3,3,Neutral,0.9999595880508423,neutral,3,Neutral,0.7816822528839111,neutral,3,Neutral,0.8573392629623413,Neutral,3,Neutral,0.337322860956192,3,Neutral,0.5298840322374212,3,Neutral,0.0,3,Neutral,0.4753664537256753,3.0,3,Neutral,Neutral,True,True,True,True,True,True,True,True,True,I mean that picture.,True
NEGATIVE,"пришёл в клинику т, к попала стружка от болгарки думал пройдёт ну на третий день боль стала не выносим, глаз слезится, красный, всё это объяснил, но мне стали проверять глаз на сколько он видит, потом вытащили стружку и в результате поставили диагноз в котором глазу была стружка 0.7н.к и 1.0 ещё и линзы пытались ставить!",0.036,0.94,0.023,-0.2244,Negative,3,1,Negative,0.9999115467071533,neutral,3,Neutral,0.6535574793815613,negative,1,Negative,0.9955165982246399,Very Negative,1,Negative,0.4195307791233063,1,Negative,0.736494486324988,1,Negative,0.0,1,Negative,0.6,1.5,2,Negative,Negative,True,True,False,True,True,True,True,True,True,"I came to the clinic t, I got shavings from the Bulgarian thought it would pass well on the third day the pain became unbearable, the eye waters, red, explained it all, but they began to check my eye for how much he sees, then they pulled out the shavings and as a result they diagnosed the eye with shavings 0.7n.k and 1.0 also tried to put lenses!",True
NEUTRAL,"брюки (не джинсы) хорошо сидят, 26 размер идеально сидит на 6690 см. быстро доставили. по ощущениям должны были быть дешевле, брала за 1130 почти по той же цене то же самое можно купить в пулл энд беар. материал не впечатлил и очень линяют. самое грустное очень быстро протираются на коленях и попе и начинают в этих местах блестеть",0.142,0.771,0.087,-0.6146,Negative,1,3,Neutral,0.9999752044677734,neutral,3,Neutral,0.7785473465919495,neutral,3,Neutral,0.7721566557884216,Positive,5,Positive,0.35517793893814087,5,Positive,0.5917420188587138,5,Positive,0.0,5,Positive,0.71,3.75,4,Positive,Neutral,False,True,True,True,False,False,False,False,False,"trousers (not jeans) sit well, size 26 perfectly sits on 6690 cm quickly delivered. felt should have been cheaper, took for 1130 at almost the same price the same can be bought in the pool and Bear. material is not impressed and very molt. the saddest very quickly wiped on the knees and ass and begin to shine in these places",True
POSITIVE,"сценарий ужасно наивен и прямолинеен, и это единственное(но не маловажное), что портит фильм. неглубокие познания сценаристов в геологии, физике и просто логике делают его слишком фантастичным и недалеким, а жаль, ибо здесь и есть главный минус, и не будь его фильм был бы просто шикарен. побольше реализма и логичности ему пошло бы на пользу. пусть это и фантастика, но все же есть претензии не просто на фэнтези, а на научную фантастику! а это уже редкость в кино. понравился актерский состав: хилари суонк смотрится очень колоритно, и разбавляет мужской актерский состав весьма гармонично. туччи потрясающе вжился в роль, он действительно восхищает своей игрой почти в каждом фильме. расписывать достоинства каждого в отдельности я здесь не буду, но все же скажу, что 'команду' они создали достойную и правдоподобную. именно все вместе они сделали этот фильм как минимум интересным. 6 из 10",0.076,0.822,0.102,0.7248,Positive,5,3,Neutral,0.9954589605331421,positive,5,Positive,0.8691811561584473,positive,5,Positive,0.5953240990638733,Negative,1,Negative,0.48933708667755127,3,Neutral,0.45576672888339115,3,Neutral,0.0,1,Negative,0.47,3.25,3,Neutral,Positive,True,False,True,True,False,False,False,False,False,"The script is terribly naive and straightforward, and this is the only (but not unimportant) that spoils the film. the shallow knowledge of the screenwriters in geology, physics and just logic makes it too fantastic and short-sighted, and it is a pity, because here and there is the main disadvantage, and if his film was not just chic. more realism and logic would benefit him. even if it is fiction, but still there are claims not just for fantasy, but for scientific fiction! and this is already a rarity in the film, they really like this actor’s role in harmony with each actor. 6 out of 10",True
POSITIVE,"thanks. everything is excellent. :) очень довольна ,туника классная на осенне-зимний период , мягкая, уютная. товар дошел очень быстро за 19 дней и это из китай до туапсе ( черноморское побережье) ! продавец замечательный, быстро реагирует на сообщения ,быстро все отправляет. рекомендую продавца и магазин. все на 5",0.0,0.647,0.353,0.9721,Positive,5,5,Positive,0.9995773434638977,positive,5,Positive,0.9961054921150208,positive,5,Positive,0.9956974983215332,Positive,5,Positive,0.7013888955116272,5,Positive,0.6818490046625479,5,Positive,0.0,5,Positive,0.73,5.0,5,Positive,Positive,True,True,True,True,True,True,True,True,True,"thanks. everything is excellent. :) very happy , tunic cool for the autumn-winter period , soft, cozy. the product reached very quickly in 19 days and it is from China to Tuapse (Black Sea coast)! the seller is wonderful, responds quickly to messages , sends everything quickly. recommend the seller and the store. all at 5",True
POSITIVE,"вполне достойное старое анимедовольно хорошая рисовка для 1994 годахронометраж решили не растягивать и максимально сократили, но ничего важного не потерялине знаю для чего приплели к данному аниме жанр ""романтика"", ибо её тут нет.ну а сама история нескучная, посмотреть фоном самое то510",0.139,0.757,0.105,-0.2769,Negative,3,5,Positive,0.9982603192329407,neutral,3,Neutral,0.5326370596885681,neutral,3,Neutral,0.7779685854911804,Negative,1,Negative,0.6307434439659119,3,Neutral,0.45603291576880306,3,Neutral,0.0,3,Neutral,0.5371622349429108,3.0,3,Neutral,Positive,False,True,False,False,False,False,False,False,False,"quite decent old anime pretty good drawing for 1994 yearbook decided not to stretch and cut as much as possible, but nothing important is not lost I know why woven to this anime genre ""romantics"", because it is not here. well, and the story itself is boring, to look in the background the most 510",True
NEGATIVE,отвратительно.никогда не заказывайте у этого продавцв. одни обещания в течении месяца. хотя деньги обещали вернуть. посмотрим. категорически не рекомендую,0.0,0.745,0.255,0.5859,Positive,5,1,Negative,0.9995036125183105,negative,1,Negative,0.9658263921737671,negative,1,Negative,0.9946886301040649,Very Negative,1,Negative,0.8093380928039551,1,Negative,0.9072058387965131,1,Negative,0.0,1,Negative,0.6027115884282904,1.5,2,Negative,Negative,False,True,True,True,True,True,True,True,True,"Don't ever order from this salesman. one promise within a month, although the money promised to return.",True
NEUTRAL,по размеру не очень хорошо подошло,0.453,0.547,0.0,-0.4838,Negative,1,3,Neutral,0.9321518540382385,neutral,3,Neutral,0.6879228353500366,neutral,3,Neutral,0.6693101525306702,Negative,1,Negative,0.9114483594894409,3,Neutral,0.6896656062400399,3,Neutral,0.0,3,Neutral,0.5464574092258727,2.5,2,Negative,Neutral,False,True,True,True,False,True,True,True,False,It didn't fit very well in size.,True
NEUTRAL,"больше похож на ирис, чем на щербет сладости многовато хранился в открытом виде в холодильнике неделю и не зачерствел",0.0,0.786,0.214,0.7178,Positive,5,3,Neutral,0.9995748400688171,neutral,3,Neutral,0.8145661950111389,neutral,3,Neutral,0.6398991346359253,Negative,1,Negative,0.6632909178733826,3,Neutral,0.5710260014227648,3,Neutral,0.0,1,Negative,0.37668127800484796,2.75,3,Neutral,Neutral,False,True,True,True,False,True,True,False,True,It looks more like iris than sherbet sweetness a little too much stored in the open in the refrigerator for a week and did not stiffen.,True
NEUTRAL,"я досмотрела 5 серий. уже хочется дропнуть. по началу казалось, что это будет интересное аниме про выживание,науку и технику, восстановление человечества, но нет. с появлением цукасы всё пошло на перекосяк. типичные клише с псеводо-смертью гг, бессмысленные сражения и тд. персонаж цукаса довольно хороший, но бесполезный. с каждой серией смотреть всё скучнее и скучнее. дропаю.",0.275,0.636,0.089,-0.945,Negative,1,3,Neutral,0.9989595413208008,negative,1,Negative,0.601718008518219,negative,1,Negative,0.9996763467788696,Negative,1,Negative,0.4623704254627228,1,Negative,0.7495760875159748,1,Negative,0.0,3,Neutral,0.4412519417260901,1.5,2,Negative,Neutral,False,True,False,False,False,False,False,True,False,"I watched 5 episodes. I already want to drop. at first it seemed that it would be an interesting anime about survival, science and technology, the restoration of humanity, but no. With the advent of tsukasa, everything went awry. typical clichés with psevodo-death years, meaningless battles, etc. The character of tsukasa is quite good, but useless. with each series to watch more boring and boring.",True
NEGATIVE,"ночнушка пришла с двумя дырками и затяжками. продавец предложил выслать новую, но потом пропал.",0.115,0.885,0.0,-0.3291,Negative,3,3,Neutral,0.9816958904266357,negative,1,Negative,0.6669285297393799,negative,1,Negative,0.9601914286613464,Neutral,3,Neutral,0.5407321453094482,1,Negative,0.6162585299408112,1,Negative,0.0,1,Negative,0.58,1.75,2,Negative,Negative,True,False,True,True,False,True,True,True,True,"The night girl came with two holes and puffs, the salesman offered to send a new one, but then disappeared.",True
NEUTRAL,"заказ не пришёл, но продавец без проблем и споров вернул деньги. спасибо большое",0.0,0.818,0.182,0.438,Positive,5,3,Neutral,0.9995402097702026,neutral,3,Neutral,0.4547025263309479,positive,5,Positive,0.5146782398223877,Very Negative,1,Negative,0.4028397798538208,5,Positive,0.6465344793124159,5,Positive,0.0,5,Positive,0.64,4.0,4,Positive,Neutral,False,True,True,False,False,False,False,False,False,"The order did not come, but the seller returned the money without any problems.",True
NEUTRAL,"начиталась отзывов и купила для горохового супа- не впечатлило ((( пресная, не особо копченая((( на рёбрышках вкуснее",0.0,0.777,0.223,0.5777,Positive,5,3,Neutral,0.9983189702033997,neutral,3,Neutral,0.7449596524238586,neutral,3,Neutral,0.521307647228241,Negative,1,Negative,0.32920220494270325,3,Neutral,0.8597565285963362,3,Neutral,0.0,3,Neutral,0.7706515449315064,3.0,3,Neutral,Neutral,False,True,True,True,False,True,True,True,True,"I had a taste of it, and I had a taste of it, and it wasn’t so good.",True
NEGATIVE,"товар шел долго, прислали другой цвет, ждалаголубой, пришел белый ( мне белый не нужен), осталась не довольна! снизила оценки только за это!",0.096,0.858,0.045,-0.3707,Negative,1,1,Negative,0.9992508292198181,negative,1,Negative,0.628037691116333,negative,1,Negative,0.8097428679466248,Very Negative,1,Negative,0.7365744709968567,3,Neutral,0.5144894369544996,3,Neutral,0.0,3,Neutral,0.51,1.75,2,Negative,Negative,True,True,True,True,True,False,False,False,True,"The goods went for a long time, sent a different color, waited for blue, came white (I do not need white), was not satisfied! lowered the ratings only for this!",True
NEGATIVE,"товар не пришел, и деньги продавец не возвращает. ужасный продавец! не рекомендую заказывать!",0.195,0.805,0.0,-0.5255,Negative,1,1,Negative,0.9991540908813477,negative,1,Negative,0.9865638017654419,negative,1,Negative,0.9984443783760071,Very Negative,1,Negative,0.6988451480865479,1,Negative,0.9804719563781753,1,Negative,0.0,1,Negative,0.9,1.0,1,Negative,Negative,True,True,True,True,True,True,True,True,True,"The goods did not come, and the seller does not return the money. terrible seller!",True
NEUTRAL,"фильм мне понравился, хотя главный герой и выглядит нездоровым, прежде всего довольно депрессивным, без особого-то интереса к жизни вообще. что понравилось: отсутствие 'понтовства', художественная обыденность, красота пейзажей, т.е. жизни. слабоватым показалось завязка: как мог столь депрессивно настроенный, почти всё время засыпающий всё же решиться поехать - несколько неубедительно. в целом, фильм вообще без намёка на комедийность, по-моему, это трагедия человека без цели, который уже готов 'опуститься', у которого в жизни ничего нет и он .устал.",0.263,0.633,0.105,-0.9518,Negative,1,3,Neutral,0.9997112154960632,negative,1,Negative,0.7146954536437988,positive,5,Positive,0.9699801802635193,Very Negative,1,Negative,0.4515294134616852,3,Neutral,0.5240607693269662,3,Neutral,0.0,1,Negative,0.45,2.25,2,Negative,Neutral,False,True,False,False,False,True,True,False,False,"I liked the film, although the main character looks unhealthy, first of all quite depressed, without much interest in life at all. what I liked: the lack of ""pontamism"", artistic mundaneity, the beauty of landscapes, i.e. life. Weak seemed the entanglement: how could so depressingly minded, almost all the time falling asleep still decide to go - somewhat unconvincing. in general, the film without a hint of comedy, in my opinion, is the tragedy of a person without a goal who is already ready to ""descend"" in life and he is tired.",True
NEUTRAL,"ехал изтуапсе доуфы поезд 358 вагон12,не работал титан для горячей воды, поставили чайник и воду туда набирали из под крана в вагоне.был кулер с водой, там была только холодная вода, уборка туалетов и вагона хорошая.постоянно просили кондиционер держать 23-24 градуса,было прохлодно.",0.0,0.934,0.066,0.4404,Positive,5,3,Neutral,0.9995101690292358,neutral,3,Neutral,0.6275202631950378,positive,5,Positive,0.8211219906806946,Neutral,3,Neutral,0.9229937195777893,3,Neutral,0.6253397725354368,3,Neutral,0.0,3,Neutral,0.4944881346321097,3.5,4,Positive,Neutral,False,True,True,False,True,True,True,True,False,"The train 358 wagon12 did not work titanium for hot water, put a kettle and the water was dialed there from the tap in the car. there was a cooler with water, there was only cold water, cleaning toilets and the carriage is good.",True
NEUTRAL,грязная и иелкая,0.0,1.0,0.0,0.0,Neutral,3,1,Negative,0.9918901920318604,negative,1,Negative,0.5518664717674255,negative,1,Negative,0.8842027187347412,Neutral,3,Neutral,0.5742445588111877,3,Neutral,0.5298840322374212,3,Neutral,0.0,3,Neutral,0.4753664537256753,2.25,2,Negative,Neutral,True,False,False,False,True,True,True,True,False,foul,True
POSITIVE,"""теперь еще вкуснее!"" нет, но за свою цену отлично!",0.09,0.45,0.46,0.8217,Positive,5,5,Positive,0.9955807328224182,positive,5,Positive,0.9444517493247986,positive,5,Positive,0.6311222910881042,Negative,1,Negative,0.5250585079193115,5,Positive,0.9663065948741832,5,Positive,0.0,5,Positive,0.8592623752502808,4.5,4,Positive,Positive,True,True,True,True,False,True,True,True,True,"""It tastes better now!"" no, but it's great for the price!",True
NEUTRAL,невозможно обновить на айфоне,0.0,1.0,0.0,0.0,Neutral,3,3,Neutral,0.39188700914382935,neutral,3,Neutral,0.8048504590988159,negative,1,Negative,0.943330705165863,Negative,1,Negative,0.5958979725837708,1,Negative,0.7013212002025385,1,Negative,0.0,3,Neutral,0.64,2.0,2,Negative,Neutral,True,True,True,False,False,False,False,True,False,Impossible to upgrade on an iPhone,True
NEUTRAL,"несколько раз покупала эту соль - очень нравится запах, приятный, не резкий. не знаю, что произошло на производстве у агафьи, но в последнем заказе эта соль абсолютно без запаха! вот совсем ничем не пахнет. розовая, которая с боярышником, пахнет, а эта - нет. обидно((",0.0,0.874,0.126,0.5157,Positive,5,3,Neutral,0.999631404876709,neutral,3,Neutral,0.6317499279975891,negative,1,Negative,0.8384528160095215,Very Negative,1,Negative,0.43810510635375977,1,Negative,0.5779898749423302,1,Negative,0.0,1,Negative,0.5,2.0,2,Negative,Neutral,False,True,True,False,False,False,False,False,False,"I bought this salt several times - I like the smell very much, pleasant, not sharp. I don't know what happened at the production of agafya, but in the last order this salt is absolutely odorless!",True
POSITIVE,"заказала 10.07 пришла посылка 29.07 цена соответствует цене, швы хоршие размер брала xxl, полуобхват талии около 43см",0.0,0.872,0.128,0.4215,Positive,5,1,Negative,0.9157231450080872,positive,5,Positive,0.683641254901886,positive,5,Positive,0.9472641944885254,Neutral,3,Neutral,0.9142962694168091,3,Neutral,0.4488170212998584,3,Neutral,0.0,3,Neutral,0.5627412706325814,3.5,4,Positive,Positive,True,False,True,True,False,False,False,False,True,"order 10.07 came parcel 29.07 price corresponds to the price, seams nice size took xxl, half waist around 43 cm",True
NEGATIVE,"заказывала размер xl, пришёл l. размеры свитера не соответствуют описанию, длина 62 см (размер l), а пришёл 56 см! на фото кофта свободного кроя, по факту в обтяжку, ношу русский размер 46. носить не буду! будьте внимательны перед тем как покупать данный товар!",0.044,0.956,0.0,-0.3226,Negative,3,1,Negative,0.9986108541488647,negative,1,Negative,0.7581666111946106,negative,1,Negative,0.9534921050071716,Very Negative,1,Negative,0.4632880389690399,1,Negative,0.5472166788960593,1,Negative,0.0,3,Neutral,0.44,1.5,2,Negative,Negative,True,True,True,True,True,True,True,False,True,"I ordered the size of xl, came l. the dimensions of the sweater do not correspond to the description, the length is 62 cm (size l), and came 56 cm! in the photo of a free-cut jacket, in fact tight, I wear a Russian size 46. I will not wear! be careful before buying this product!",True
NEUTRAL,"джероми айронс всегда удивлял своей игрой, загадочный, всегда в своем герое что-то скрывает, либо какие-то мотивы, направленные на жестокость близких, либо непонятная справедливость. мне особенно понравилась его озвучка в мультфильме 'король лев', настолько сильно исполнил, что прям можно записать в его работы актера, действительно хорошо шрама изобразил голосом! на этот фильм наткнулся случайно и действительно было интересно смотреть на него сразу в двух ролях, он играл братьев-близнецов. видна игра, удалось ему с разных сторон изобразить героев, разный характер. но мне фильм не понравился, потому что какой-то муторный, пол фильма на одной и той же волне: споры с братом, выяснение отношений с главной героиней. через некоторое время просмотра начинает надоедать однотипная обстановка героев и не разворачивающийся сценарий.",0.029,0.79,0.181,0.9267,Positive,5,3,Neutral,0.9944155216217041,neutral,3,Neutral,0.7549136877059937,positive,5,Positive,0.9993295669555664,Positive,5,Positive,0.8875880241394043,1,Negative,0.5394729283116614,1,Negative,0.0,3,Neutral,0.56,3.25,3,Neutral,Neutral,False,True,True,False,False,False,False,True,True,"Jeromey Irons always surprised with his play, mysterious, always hides something in his hero, either some motives aimed at the cruelty of loved ones, or incomprehensible justice. I especially liked his voiceover in the cartoon ""The Lion King"", I performed so strongly that you can directly write down an actor in his work, I really well portrayed a scar in my voice! this film came across by chance and it was really interesting to look at him at once in two roles, he played twin brothers. the game was visible, he managed to portray the heroes from different sides, the film is necessary to explain one character through the main character, but I do not start to see the main character.",True
NEUTRAL,"внимательно читайте отзывы к кинофильмам. из .10, походов 5 просто выкинуть билеты и уйти не дожидаясь конца. плюсы- маленькие залы, близко от дома, чисто, персонал приятный",0.035,0.749,0.216,0.743,Positive,5,3,Neutral,0.9936415553092957,neutral,3,Neutral,0.8150505423545837,negative,1,Negative,0.9848054051399231,Positive,5,Positive,0.7827181220054626,3,Neutral,0.5348794068957565,1,Negative,0.0,1,Negative,0.45,2.75,3,Neutral,Neutral,False,True,True,False,False,True,False,False,True,"Read the movie reviews carefully. from .10, hikes 5 just throw out tickets and leave without waiting for the end. pluses - small halls, close to home, clean, the staff is pleasant",True
POSITIVE,"спасибо огромное продавцу. заказывала 11.11, пришла 28.11. привез курьер, отдал лично в руки. подошла по размеру идеально. довольна как слон",0.0,0.685,0.315,0.8481,Positive,5,5,Positive,0.9940434098243713,positive,5,Positive,0.99413001537323,positive,5,Positive,0.9620576500892639,Very Positive,5,Positive,0.29678452014923096,5,Positive,0.9173896816384117,5,Positive,0.0,5,Positive,0.9450014224758507,5.0,5,Positive,Positive,True,True,True,True,True,True,True,True,True,"Thank you very much to the seller. I ordered 11.11, came in 28.11. I brought the courier, handed it in person. I fit the size perfectly.",True
POSITIVE,хороший магазин большой выбор товаров.nвсегда все свежее хорошее обслуживание.,0.0,0.33,0.67,0.9042,Positive,5,5,Positive,0.9780169725418091,positive,5,Positive,0.9580419063568115,positive,5,Positive,0.6320532560348511,Positive,5,Positive,0.7858595252037048,5,Positive,0.8046240976348342,5,Positive,0.0,5,Positive,0.7,5.0,5,Positive,Positive,True,True,True,True,True,True,True,True,True,Good shop great choice of products.never all fresh good service.,True
NEGATIVE,"не пришёл. продавец долго не высылал,после сообщения,сказал,что проблемы с производством и что отправит через пару дней,спустя три недели сообщил об отмене доставки. открыла спор,деньги вернули,не полностью.",0.063,0.937,0.0,-0.4019,Negative,1,1,Negative,0.9862999320030212,negative,1,Negative,0.8483986854553223,negative,1,Negative,0.9786109328269958,Negative,1,Negative,0.5690651535987854,5,Positive,0.4781945954391161,5,Positive,0.0,5,Positive,0.46,2.5,2,Negative,Negative,True,True,True,True,True,False,False,False,True,"The seller did not come. the seller did not send for a long time, after the message, said that there were problems with production and that he would send in a couple of days, after three weeks he announced the cancellation of delivery.",True
NEUTRAL,присутствует сахар и крахмал,0.0,1.0,0.0,0.0,Neutral,3,3,Neutral,0.9247311353683472,neutral,3,Neutral,0.8263485431671143,neutral,3,Neutral,0.7159920930862427,Neutral,3,Neutral,0.9096067547798157,3,Neutral,0.5114942586422151,3,Neutral,0.0,1,Negative,0.8665726274978564,2.75,3,Neutral,Neutral,True,True,True,True,True,True,True,False,True,Sugar and starch are present,True
NEGATIVE,"тонкая кофта, больше похожая на пижаму. глупая трата денег",0.424,0.393,0.183,-0.5677,Negative,1,1,Negative,0.9996658563613892,negative,1,Negative,0.7994375824928284,negative,1,Negative,0.9615955948829651,Very Negative,1,Negative,0.5810195207595825,1,Negative,0.6842797542269259,1,Negative,0.0,3,Neutral,0.46009324074692676,1.25,1,Negative,Negative,True,True,True,True,True,True,True,False,True,"A thin sweater, more like pajamas, a stupid waste of money",True
NEUTRAL,"в целом фильм произвел неплохое впечатление. для российского кино - несомненный успех: снято действительно красиво и со вкусом, присутствующий в картине юмор не напрягает. а что напрягает так это миллион голливудских шаблонов и ляпов. неужели нельзя было вырезать из сценария эту донельзя надоевшую клюкву и добавить немного достоверности? сцена, где герои убегают от шведов под градом пуль и момент покушения на петра i (еще бы киркорова на его роль пригласили) - лишь малая часть многочисленных несуразиц, ориентирующих фильм исключительно на молодежь. впрочем, на все условности можно и нужно закрыть глаза, поскольку снято качественно, с душой и большим бюджетом.",0.06,0.801,0.139,0.8323,Positive,5,3,Neutral,0.9999759197235107,neutral,3,Neutral,0.8816168308258057,negative,1,Negative,0.6143996715545654,Positive,5,Positive,0.9012115001678467,3,Neutral,0.5503270109800625,3,Neutral,0.0,3,Neutral,0.55,3.25,3,Neutral,Neutral,False,True,True,False,False,True,True,True,True,"In general, the film made a good impression. for Russian cinema - an undoubted success: filmed really beautiful and tastefully, the humor present in the picture does not strain. and what strains it is a million Hollywood templates and blunders. really it was impossible to cut out of the script this annoying cranberries and add a bit of credibility? scene where the characters run away from the Swedes under a hail of bullets and the moment of an attempt on Peter i (even Kirkorov for his role was invited) - only a small part of the numerous absurdities that orient the film exclusively to young people, however, you need to close your eyes with a high-quality and high-quality.",True
POSITIVE,"пришла кофта довольно быстро. отличается немного от заявленной на фото, цвет не совсем как на картинке. но носить можно) спасибо продавцу)",0.07,0.93,0.0,-0.1688,Negative,3,3,Neutral,0.6628225445747375,positive,5,Positive,0.9285094141960144,positive,5,Positive,0.5336942672729492,Negative,1,Negative,0.49046096205711365,5,Positive,0.7271721492788403,5,Positive,0.0,5,Positive,0.73,4.0,4,Positive,Positive,False,False,True,True,False,True,True,True,True,"came the sweater quite quickly. differs slightly from the picture, the color is not quite like the picture, but you can wear it.",True
NEUTRAL,"качество хорошее, однако белые пришли с пятном. на мой русский 39-40 размер отлично подошли. однако по сравнению с другими цветами сшиты крупнее.",0.0,0.73,0.27,0.8294,Positive,5,3,Neutral,0.9986500144004822,neutral,3,Neutral,0.6094365119934082,neutral,3,Neutral,0.8497916460037231,Positive,5,Positive,0.75800621509552,3,Neutral,0.6128326316891355,3,Neutral,0.0,5,Positive,0.8679847332540988,3.75,4,Positive,Neutral,False,True,True,True,False,True,True,False,False,"The quality is good, but white came with a stain. on my Russian 39-40 size perfectly suited, but compared to other colors stitched larger.",True
NEUTRAL,я чувствую спящий,0.0,1.0,0.0,0.0,Neutral,3,3,Neutral,0.9997724890708923,positive,5,Positive,0.5419144034385681,neutral,3,Neutral,0.9970058798789978,Positive,5,Positive,0.7351540923118591,3,Neutral,0.5298840322374212,3,Neutral,0.0,3,Neutral,0.47536645372567526,3.5,4,Positive,Neutral,True,True,False,True,False,True,True,True,False,I feel sleepy.,True
NEUTRAL,на большую грудь нет смысла заказывать. ничего не держит.,0.216,0.784,0.0,-0.296,Negative,3,3,Neutral,0.9998999834060669,neutral,3,Neutral,0.7606321573257446,negative,1,Negative,0.9481359124183655,Negative,1,Negative,0.72793048620224,3,Neutral,0.433108208974417,3,Neutral,0.0,3,Neutral,0.41035029761131553,2.5,2,Negative,Neutral,False,True,True,False,False,True,True,True,False,There is no point in ordering for a large breast.,True
POSITIVE,"спасибо менеджеру наталье за свою терпеливость. задался вопросом перегородки ещё в конце апреля, долго не мог решиться, наталья напоминала о себе ничего не навязывая. 29 мая договорились с замерщиком, приехал вовремя все измерил, дал рекомендации. заключили договор. срок выполнения работ 35 рабочих дней. 22 июня позвонили сказали, что изделие готово. 25-го числа приехали мастера и шикарно установили перегородку. сделали все быстро, буквально за полтора часа. все очень понравилось, всем рекомендую!",0.0,0.874,0.126,0.8656,Positive,5,5,Positive,0.9997642636299133,positive,5,Positive,0.9801082015037537,positive,5,Positive,0.9684128165245056,Positive,5,Positive,0.6844883561134338,5,Positive,0.816534121889447,5,Positive,0.0,5,Positive,0.7989630092549271,5.0,5,Positive,Positive,True,True,True,True,True,True,True,True,True,"Thanks to the manager Natalia for his patience. asked the question of partitions at the end of April, for a long time could not decide, Natalia reminded herself without imposing anything. On May 29, we agreed with the surveyor, arrived on time to measure everything, gave recommendations, concluded a contract. the deadline for the work is 35 working days. On June 22, they said the product was ready. On the 25th, the masters arrived and elegantly installed the partition. did everything quickly, literally in an hour and a half.",True
NEGATIVE,мне не понравился,0.513,0.487,0.0,-0.2755,Negative,3,1,Negative,0.715736985206604,neutral,3,Neutral,0.7429149746894836,negative,1,Negative,0.9612582921981812,Negative,1,Negative,0.89520663022995,3,Neutral,0.5298840322374212,3,Neutral,0.0,3,Neutral,0.47536645372567526,2.25,2,Negative,Negative,True,True,False,True,True,False,False,False,True,I didn't like it.,True
NEUTRAL,в целом рубашка неплохая. на наш 40-42 размер s очень велик.,0.0,0.808,0.192,0.431,Positive,5,5,Positive,0.6296067237854004,neutral,3,Neutral,0.5328376293182373,neutral,3,Neutral,0.7867226004600525,Positive,5,Positive,0.9452325701713562,3,Neutral,0.4518252159290844,3,Neutral,0.0,5,Positive,0.37,4.0,4,Positive,Neutral,False,False,True,True,False,True,True,False,False,"Overall, the shirt is not bad. on our 40-42 size S is very large.",True
NEUTRAL,"у меня было сорок (40) фамилий, у меня было семь (7) поспортов. меня семьдесят (70) женщин любили у меня было двести (200) врагов.)",0.139,0.693,0.169,0.1779,Positive,3,3,Neutral,0.9990488886833191,neutral,3,Neutral,0.7371631264686584,positive,5,Positive,0.5329040288925171,Neutral,3,Neutral,0.8420268297195435,3,Neutral,0.7043228302561169,3,Neutral,0.0,3,Neutral,0.37591045082998925,3.25,3,Neutral,Neutral,False,True,True,False,True,True,True,True,True,"I had forty (40) surnames, I had seven (7) sportsmen. I had seventy (70) women loved I had two hundred (200) enemies.",True
NEUTRAL,"шли месяц до спб,за эти деньги доставка могла быть быстрее,забрала звезду джинсы соответствуют описанию,есть небольшой запах отправлял долго -еще звезда",0.0,1.0,0.0,0.0,Neutral,3,5,Positive,0.9889166355133057,positive,5,Positive,0.9113922119140625,neutral,3,Neutral,0.5642572045326233,Negative,1,Negative,0.6514400839805603,3,Neutral,0.5307960178344622,3,Neutral,0.0,3,Neutral,0.53,3.25,3,Neutral,Neutral,True,False,False,True,False,True,True,True,True,"went a month to St. Petersburg, for this money the delivery could be faster, took the star jeans match the description, there is a small smell sent for a long time - another star",True
NEUTRAL,"один из пумпончиков сразу же оторвался,жалко( ворсинки,да, если потянуть, сразу вытаскиваются. натянулись чуть выше колен,хотелось бы выше. но это уже от ног зависит,хотя я достаточно худая. но ножкам тепло и приятно,носить буду, посмотрим что станет после стирки.",0.028,0.793,0.179,0.8316,Positive,5,3,Neutral,0.9998016953468323,neutral,3,Neutral,0.7253090143203735,neutral,3,Neutral,0.9181777834892273,Negative,1,Negative,0.7184556722640991,3,Neutral,0.6226591518636503,3,Neutral,0.0,3,Neutral,0.7633145728825387,3.0,3,Neutral,Neutral,False,True,True,True,False,True,True,True,True,"One of the bumpers immediately came off, it's a pity (villi, yes, if you pull, immediately pull out. stretched a little above the knees, I would like higher. but it already depends on the legs, although I'm quite thin. but the legs are warm and pleasant, I will wear, we'll see what happens after washing.",True
POSITIVE,отличное платье! спасибо большое!,0.0,0.358,0.642,0.8011,Positive,5,5,Positive,0.9976636171340942,positive,5,Positive,0.9966442584991455,positive,5,Positive,0.9902074933052063,Positive,5,Positive,0.5993058681488037,5,Positive,0.9017970283702866,5,Positive,0.0,5,Positive,0.8190671580269133,5.0,5,Positive,Positive,True,True,True,True,True,True,True,True,True,Great dress! thank you very much!,True
NEGATIVE,"заказал перевыпуск бизнес карты 16.12.22, согласовали что представитель банка привезет карту 18.12.22 в диапозоне 10-12 часов, представитель приехал, передал карту и не смог ее активировать. в поддержке банка ситуацию также не смогли никаким образом решить, обещали это сделать в течение дня, тк было много дел завязанных на бизнес карте. обещания исправить ситуация в течение дня, остались пустыми словами. один из операторов сказала чтоб составить претензию необходимо от руки ее написать и отправить на юр. адрес, конечно подобный бред, я слушать не стал, и более настойчиво попросил составить претензию и прислать номер, по которому смогу узнать статус моего вопроса. итого карту привезли, но не рабочую, представитель пытался объяснить ситуацию, но для меня важен результат, меня не интересует, ваши внутренние проблемы. мне важно чтоб ситуация была разрешена в кратчайшие сроки. этого к сожалению не произошло. целый день пошёл на смарку, все планы порушились. место действия г. чебоксары",0.039,0.891,0.07,0.383,Positive,5,1,Negative,0.9996904134750366,negative,1,Negative,0.6190188527107239,negative,1,Negative,0.9996834993362427,Neutral,3,Neutral,0.8174883723258972,3,Neutral,0.56137741479194,3,Neutral,0.0,1,Negative,0.57,2.25,2,Negative,Negative,False,True,True,True,False,False,False,True,True,"ordered the reissuance of the business card 16.12.22, agreed that the representative of the bank will bring the card 18.12.22 in the range of 10-12 hours, the representative came, handed over the card and could not activate it. in the support of the bank, the situation was also not solved in any way, promised to do it during the day, because there were many cases tied to the business card. promises to correct the situation during the day, remained empty words. one of the operators said to make a claim it is necessary to write it by hand and send it to the legal address, of course, I did not listen, and more persistently asked to make a claim and send it to do it during the day, I was not able to explain the situation, but I was not interested in my internal situation.",True
NEGATIVE,кофта мне не понравилось она как то сверху широкоя а снизу обтягивает носить не буду,0.211,0.699,0.09,-0.3442,Negative,1,3,Neutral,0.6426156163215637,neutral,3,Neutral,0.5723416805267334,negative,1,Negative,0.6416745185852051,Negative,1,Negative,0.895343542098999,3,Neutral,0.68182077729798,3,Neutral,0.0,3,Neutral,0.4596040041291283,2.25,2,Negative,Negative,True,False,False,True,True,False,False,False,True,"I don't like the shirt, it's like it's wide on top and I'm not wearing it from below.",True
NEUTRAL,"клуб был очень хороший,но сегодня зашел поиграть а тут такое, в кс го на серваках по 90 фпс макс 120 было. нужно менять уже комплектующие. n",0.0,0.843,0.157,0.6365,Positive,5,3,Neutral,0.991193950176239,positive,5,Positive,0.4685426652431488,negative,1,Negative,0.906086802482605,Negative,1,Negative,0.7079927921295166,3,Neutral,0.6275026562959921,3,Neutral,0.0,3,Neutral,0.7533145728825388,3.0,3,Neutral,Neutral,False,True,False,False,False,True,True,True,True,"The club was very good, but today I came to play and here is such, in ksgo on servaks at 90 fps max 120 was. you need to change the components.",True
NEGATIVE,"фильм глупый и абсолютно не страшный. не спасла его ни лив тайлер, ни жутковатые кукольные маски, ни даже громкий лозунг основано на реальных событиях (что, кстати, совсем не правда). по ходу фильма не перестаёшь удивляться глупости главных героев. к примеру, если вы находитесь одни в загородном доме, окружённом лесом, неужели кому-то в голову придёт ехать ночью за сигаретами, да ещё и одному? вдвоём же спокойнее гораздо хотя может я и придираюсь, надо же было как-то действие начать. а приехавший друг, который зачем-то крался к дому, как партизан? эти трое в масках, им просто нечем заняться? если им нравятся убивать, какой смысл в масках? интересно, слова вы просто оказались дома должны были что-то прояснить или успокоить жертву? вопросов к создателям много. здесь мне вспомнился фильм забавные игры, где есть и жестокость, и главные герои явно получают удовольствие от убийств, а причины просты и понятны. в незнакомцах же нет ни грамма смысла ни в поступках, ни в диалогах. видимо, режиссёр понимал, что его фильм не тянет на фильм ужасов, и решил-таки добавить чего-нибудь страшного, дабы убедить зрителя, что они не зря потратили полтора часа. я сейчас говорю о лужах крови и страшном крике главной героини. но концовка настолько примитивна и банальна, что ничего кроме улыбки не вызывает. 3 из 10",0.142,0.817,0.041,-0.8911,Negative,1,1,Negative,0.9999619722366333,negative,1,Negative,0.5765441656112671,negative,1,Negative,0.9995966553688049,Very Negative,1,Negative,0.7214969992637634,1,Negative,0.5102162361307933,1,Negative,0.0,1,Negative,0.53,1.0,1,Negative,Negative,True,True,True,True,True,True,True,True,True,"The film is stupid and absolutely not terrible. did not save him either Liv Tyler, or creepy doll masks, or even a loud slogan based on real events (which, by the way, is not true at all). In the course of the film, you do not cease to be surprised by the stupidity of the main characters. for example, if you are alone in a country house surrounded by a forest, does anyone come to mind to go for cigarettes at night, and even one? they spent much more in vain, even though I should have some kind of an action to start. 3 out of 10",True
NEUTRAL,"свежая. зеленая,но не вкусная и отдает землей.",0.0,0.829,0.171,0.1655,Positive,3,3,Neutral,0.9805192351341248,neutral,3,Neutral,0.6298817992210388,negative,1,Negative,0.9519739747047424,Neutral,3,Neutral,0.3504320979118347,3,Neutral,0.5298840322374212,3,Neutral,0.0,3,Neutral,0.47536645372567526,2.75,3,Neutral,Neutral,False,True,True,False,True,True,True,True,True,"Fresh, green, but not tasty and gives the earth.",True
POSITIVE,"очень трогательная история с отличным визуалом. все персонажи так или иначе запали в душу. история главных героев раскрыта на все сто, я даже прослезился. приятная, теплая атмосфера, сказочность, волшебство. очень рекомендую данное произведение к просмотру.",0.0,0.681,0.319,0.9381,Positive,5,5,Positive,0.9996863603591919,positive,5,Positive,0.9874613881111145,positive,5,Positive,0.998969316482544,Positive,5,Positive,0.6187085509300232,3,Neutral,0.5761210468633949,3,Neutral,0.0,3,Neutral,0.4919311775437521,4.25,4,Positive,Positive,True,True,True,True,True,False,False,False,True,"a very touching story with an excellent visual. all the characters somehow fell into the soul. the story of the main characters is revealed for a hundred, I even teared. pleasant, warm atmosphere, fabulousness, magic. I highly recommend this work for viewing.",True
NEUTRAL,"есть все что нужно и не нужно , магазин у дома покупки по мелочи ,цену кусаются , для больших приобретений к соседям .",0.0,1.0,0.0,0.0,Neutral,3,3,Neutral,0.9994224309921265,neutral,3,Neutral,0.7100402116775513,positive,5,Positive,0.6557245850563049,Negative,1,Negative,0.4143366813659668,3,Neutral,0.7576679579540587,3,Neutral,0.0,3,Neutral,0.6536628280914922,3.0,3,Neutral,Neutral,True,True,True,False,False,True,True,True,True,"have everything you need and do not need, shop at home shopping for small things, price biting, for large purchases to neighbors.",True
NEGATIVE,"просто отвратительный запах от ткани, при этом и покрой и качество ткани на ощуп хорошее.",0.225,0.656,0.119,-0.3818,Negative,1,1,Negative,0.99302738904953,negative,1,Negative,0.5962299108505249,neutral,3,Neutral,0.6413035988807678,Very Negative,1,Negative,0.6384688019752502,1,Negative,0.9256961791878926,1,Negative,0.0,1,Negative,0.86,1.25,1,Negative,Negative,True,True,True,False,True,True,True,True,True,"just a disgusting smell from the fabric, while the cut and quality of the fabric to the touch is good.",True
NEUTRAL,"юбка, хорошего качества, хорошо сшита, ткань приятная, цвет красивый розовый, но м на 46 размер мала! с продавцом не общалась",0.0,0.551,0.449,0.7304,Positive,5,3,Neutral,0.8982239961624146,positive,5,Positive,0.5299060344696045,neutral,3,Neutral,0.6448335647583008,Positive,5,Positive,0.8410818576812744,3,Neutral,0.5852547440317847,3,Neutral,0.0,5,Positive,0.52,4.0,4,Positive,Neutral,False,True,False,True,False,True,True,False,False,"skirt, good quality, well sewn, fabric nice, color beautiful pink, but m 46 size small!",True
POSITIVE,клас джинсы отлично сидят хорошо тянутся все по размеру,0.0,0.769,0.231,0.2732,Positive,3,5,Positive,0.9989075660705566,positive,5,Positive,0.9902831315994263,positive,5,Positive,0.9734686613082886,Positive,5,Positive,0.904598593711853,5,Positive,0.8831963917890224,5,Positive,0.0,5,Positive,0.8567549962586841,4.75,5,Positive,Positive,True,True,True,True,True,True,True,True,True,Class jeans sit well stretched all in size,True
NEGATIVE,"аниме само по себе неплохое, но и явно не шедевр. смотреть можно, а можно сразу после просмотра первого сезона начать читать мангу (причём с самого начала!), ибо тут от истинного ""токийского гуля"" нет почти ничего! ставлю 510, но новичкам глянуть можно",0.203,0.762,0.036,-0.8746,Negative,1,5,Positive,0.9894402623176575,neutral,3,Neutral,0.6451922059059143,positive,5,Positive,0.6481941342353821,Positive,5,Positive,0.7227389216423035,3,Neutral,0.4490046521062206,3,Neutral,0.0,3,Neutral,0.5449788647548516,3.5,4,Positive,Negative,True,False,False,False,False,False,False,False,False,"Anime itself is not bad, but clearly not a masterpiece. you can watch, or you can immediately after watching the first season start reading manga (and from the very beginning!), because there is almost nothing from the true ""Tokyo gul""! I put 510, but beginners can look.",True
NEUTRAL,классная блузка. все как на фото. правда шло долго. рекомендую.,0.0,0.629,0.371,0.6486,Positive,5,5,Positive,0.6901143789291382,positive,5,Positive,0.9920291304588318,positive,5,Positive,0.5473335385322571,Positive,5,Positive,0.8809832334518433,3,Neutral,0.4982090119808282,3,Neutral,0.0,3,Neutral,0.7401191801959801,4.25,4,Positive,Neutral,False,False,False,False,False,True,True,True,False,"It's a nice blouse, it's like the photo, it's been a long time.",True
NEGATIVE,"макароны слипаются, думала, что у меня руки не из того места растут, но отзывы раскрыли мне глаза: как и с бариллой, нам поставляют российского производства. раньше по штрих-коду можно было понимать страну-изготовитель, теперь вот по коду партии надо проверять. итальянские конечно у нас не сыщешь. печаль.",0.034,0.891,0.075,0.3419,Positive,5,1,Negative,0.999920129776001,neutral,3,Neutral,0.6782634854316711,neutral,3,Neutral,0.5631197690963745,Negative,1,Negative,0.5136143565177917,1,Negative,0.5762243662342251,1,Negative,0.0,1,Negative,0.8318623486371556,2.0,2,Negative,Negative,False,True,False,False,True,True,True,True,True,"The pasta sticks together, I thought that my hands are growing from the wrong place, but the reviews opened my eyes: as with the barilla, we are supplied with Russian production. Previously, the barcode could be understood as the country-manufacturer, now by the batch code you need to check. Italian, of course, we do not find sadness.",True
POSITIVE,"делала фейс лифтинг, сама процедура очень приятная,массаж руками(делал молодой человек) и гаджетами плюс маска ,кожа засияла,цвет лица стал здоровый ,конечно все проблемы за один сеанс не решить) персонал вежливый,внутри очень приятно,красиво",0.046,0.715,0.239,0.9074,Positive,5,5,Positive,0.999228835105896,positive,5,Positive,0.9205374121665955,positive,5,Positive,0.8282798528671265,Positive,5,Positive,0.8541830778121948,5,Positive,0.4203558192578613,5,Positive,0.0,3,Neutral,0.47,4.75,5,Positive,Positive,True,True,True,True,True,True,True,False,True,"did face lifting, the procedure itself is very pleasant, massage with hands (made by a young man) and gadgets plus a mask , the skin shone, the complexion became healthy , of course all problems in one session can not be solved) the staff is polite, inside is very pleasant, beautiful",True
NEGATIVE,"когда посмотрел сериал вспомнил фильм ""водный мир"". он хоть цеплял, а здесь в пустую потраченное время на этот бред. лично мне не понравилось. думал что это что то на подобии ""созданный в бездне"" но и не близко. здесь главное война, конфликт а такого я насмотрелся.",0.25,0.724,0.025,-0.9076,Negative,1,3,Neutral,0.5010097026824951,negative,1,Negative,0.7209870219230652,negative,1,Negative,0.998325526714325,Negative,1,Negative,0.47969111800193787,3,Neutral,0.5424906491206989,3,Neutral,0.0,1,Negative,0.49,1.75,2,Negative,Negative,True,False,True,True,True,False,False,True,True,"When I saw the series I remembered the movie ""water world"", he at least clinged, and here in the empty time spent on this nonsense. personally I did not like it. I thought it was something like ""created in the abyss"" but not close. here the main war, the conflict and such I have seen.",True
NEUTRAL,"часто брала такие пакеты из-за плотности, однако последний раз пришли пакеты с осыпающейся краской (белая полоса для надписи), которая остаётся на руках.",0.0,1.0,0.0,0.0,Neutral,3,3,Neutral,0.9994509816169739,neutral,3,Neutral,0.7339761853218079,negative,1,Negative,0.5438550710678101,Negative,1,Negative,0.6770452857017517,3,Neutral,0.6571888312719358,3,Neutral,0.0,3,Neutral,0.5655071327867074,2.5,2,Negative,Neutral,True,True,True,False,False,True,True,True,False,"She often took such packages because of the density, but the last time came packets with crumbling paint (white stripe for inscription), which remains on her hands.",True
POSITIVE,постоянно беру мясо в вашем магазине. разочарований не было не разу. именно окорок беру на ы,0.394,0.606,0.0,-0.6369,Negative,1,1,Negative,0.9796715378761292,neutral,3,Neutral,0.5594329237937927,positive,5,Positive,0.5817437171936035,Negative,1,Negative,0.6467087268829346,3,Neutral,0.3658529933796529,5,Positive,0.0,3,Neutral,0.5064785236998874,2.75,3,Neutral,Positive,False,False,False,True,False,False,True,False,False,I always take meat in your store. there were no disappointments.,True
POSITIVE,"отличная вода, без всяких ""привкусов"", которые вероятно потребители пытаются найти в ней исходя из назнания вода действительно очень ""мягкая"" на вкус, поскольку общая минерализация в ней очень небольшая. никаких камней в почках при её употреблении вы не получите ))) хорошо утоляет жажду. всегда пью её по утрам, что весьма полезно",0.049,0.877,0.074,0.3008,Positive,3,5,Positive,0.9996393918991089,positive,5,Positive,0.9458990097045898,positive,5,Positive,0.998810887336731,Positive,5,Positive,0.30316340923309326,3,Neutral,0.5406403229340159,3,Neutral,0.0,3,Neutral,0.51,4.0,4,Positive,Positive,True,True,True,True,True,False,False,False,True,"excellent water, without any ""taste"" that probably consumers are trying to find in it based on the knowledge of the water is really very ""soft"" to taste, since the total mineralization in it is very small. no kidney stones when using it you will not get )",True
NEGATIVE,"терпеть не могу этот фильм. вот прям ненавижу. причина одна это полная калька с исчезновение харухи судзумии.во время просмотра меня посещала лишь одна мысль: ""это было в харухи"". концовка слизана. сцена в койке в конце фильма слизана. спойлер к зайке и харухисамопожертвование слизано с харухи.мне так сложно сказать, что не было слизано с харухи. скажу честно, что не могу оценивать этот фильм должным образом, потому что у меня просто горит с того, как автор, не стесняясь, плагиатит мой любимый фильм. если бы я не смотрел харухи, то этот фильм мог бы вызвать даже слезы, но я смотрел, поэтому заявляю:если сериал был калькой на цикл историй, но при этом добавлял что-то свое, то фильм наглое копирование без собственных идей.сериал: 810фильм: 3.510",0.039,0.903,0.057,0.0317,Neutral,3,1,Negative,0.9991492033004761,negative,1,Negative,0.7764995694160461,negative,1,Negative,0.8937199115753174,Very Negative,1,Negative,0.6937040686607361,3,Neutral,0.6131280089229159,3,Neutral,0.0,3,Neutral,0.51,2.0,2,Negative,Negative,False,True,True,True,True,False,False,False,True,"I can't stand this film. that's really hate. the reason is one full tracing with the disappearance of harukha Suzumiya.during watching, I was visited only by one thought: ""it was in harukha."" the ending of the slime slime. the scene in the bed at the end of the film slime. spoiler to the bunny and harukha self-sacrifice licked with harukha.I'm so difficult to say that was not licked with harukha. honestly, I can't evaluate this film properly, because I just burn with the author, not embarrassing, not to pay for the film, 5 if I did not look at my own series, if I was 8, then I could not look at my favorite film, but I was watching this film.",True
NEGATIVE,"дропал тайтл раза 3, но вот собрался и посмотрел всё 1 залпом.что могу сказать.аниме невыносимо, просто не-вы-но-си-мо, как можно создать такого тупого, ничего не понимающего в жизни идиота? досмотрел только из-за того, что в кадре стал появляться блондинчик, хоть немного более-менее качественных размышлений, а что мы имеем от гг? он просто дэбил, на этом всё сказаноникому не советую это смотреть.",0.196,0.772,0.032,-0.9366,Negative,1,1,Negative,0.9999276399612427,negative,1,Negative,0.7600512504577637,negative,1,Negative,0.9996742010116577,Very Negative,1,Negative,0.5872513651847839,1,Negative,0.48260803737283675,1,Negative,0.0,3,Neutral,0.3971622349429108,1.25,1,Negative,Negative,True,True,True,True,True,True,True,False,True,"I shredded the title 3 times, but here I gathered and watched everything 1 volley.What can I say. anime is unbearable, just not-you-no-si-mo, how can you create such a stupid, ignorant idiot in life? looked only because of the fact that a blonde began to appear in the frame, at least a little more or less qualitative reflections, and what we have from Mr. he is just a moron, I do not advise the speaker to watch this.",True
NEUTRAL,"это не серый, а темно-серый, жаль. но качество хорошее, доставка месяц до москвы",0.071,0.739,0.19,0.5267,Positive,5,3,Neutral,0.9497609734535217,neutral,3,Neutral,0.5880151391029358,neutral,3,Neutral,0.8224815130233765,Negative,1,Negative,0.6283479332923889,3,Neutral,0.5850991549313929,3,Neutral,0.0,3,Neutral,0.44,3.0,3,Neutral,Neutral,False,True,True,True,False,True,True,True,True,"This is not gray, but dark gray, sorry. but the quality is good, delivery a month to Moscow.",True
POSITIVE,"история коёми что-то среднее между спешлами и полноценным сезоном. для таких историй 12 минут просто идеальное решение.суть этой ona в том, что нам поведуют истории, которые приключались между сезонами. некоторые из них просто интересные, а другие дополняют общий сюжет, рассказывая то, что ранее было опущено или вообще не упоминалось. ни одна история не показалась мне скучной, а последняя и подавно. даже не так. ей удалось заставить меня задать лаконичный вопрос: чё?уверяю вас, что последняя серия и вам оставит такие же впечатления.в общем, это точно не худший представитель цикла историй, а крепкий середняк.7.510",0.044,0.846,0.111,0.6584,Positive,5,5,Positive,0.9997988343238831,neutral,3,Neutral,0.8328301906585693,positive,5,Positive,0.9991095662117004,Negative,1,Negative,0.6789444088935852,3,Neutral,0.5522484973534799,3,Neutral,0.0,1,Negative,0.6,3.25,3,Neutral,Positive,True,True,False,True,False,False,False,False,False,"The essence of this ona is that we will be told the stories that happened between the seasons. some of them are just interesting, and others complement the general plot, telling what was previously omitted or not mentioned. no story seemed boring to me, and the last one is not even so. she managed to get me to ask a succinct question: why? I assure you that the last series will leave you the same impression.",True
NEGATIVE,"возможно, что как раз наоборот. необходимо также устранить недоразумение, согласно которому масса отождествляется с рабочим классом или с народом. масса есть категория количества, и она не определяется высшими качествами и ценностями. масса может иметь разное классовое происхождение. есть буржуазная масса, и она самая неприятная. мелкая буржуазия и мелкое чиновничество, пролетаризированные элементы всех классов образуют большие массы, из которых вербуются фашистские банды. масса определяется не столько социальными, сколько психологическими признаками.",0.18,0.79,0.03,-0.9053,Negative,1,1,Negative,0.9998966455459595,negative,1,Negative,0.7894814014434814,positive,5,Positive,0.5133187770843506,Negative,1,Negative,0.6529902219772339,1,Negative,0.40158223425068235,1,Negative,0.0,3,Neutral,0.5842974669822909,1.75,2,Negative,Negative,True,True,True,False,True,True,True,False,True,"It is also necessary to eliminate the misunderstanding according to which the mass is identified with the working class or with the people. the mass is a category of quantity, and it is not determined by higher qualities and values. the mass may have different class origins. there is a bourgeois mass, and it is the most unpleasant. the petty bourgeoisie and petty bureaucracy, the proletarianized elements of all classes form large masses from which fascist gangs are recruited.",True
NEGATIVE,"в декабре заказывала была нормальная. сейчас попалась не свежая,по дате 2 мес.до окончания срока ,но есть не возможно,запах прогорклости,к сожалению на выброс .",0.234,0.766,0.0,-0.8584,Negative,1,1,Negative,0.9978095889091492,neutral,3,Neutral,0.5600625276565552,negative,1,Negative,0.9888389706611633,Negative,1,Negative,0.6434977054595947,1,Negative,0.8452780733939802,1,Negative,0.0,1,Negative,0.8863598835287262,1.25,1,Negative,Negative,True,True,False,True,True,True,True,True,True,"In December, the order was normal. now caught not fresh, on the date of 2 months. before the end of the term, but there is not possible, the smell of rancidity, unfortunately for the ejection.",True
NEUTRAL,"товарищи! составте компанию. в субботу еду домой, на машине. один. скучно.",0.0,1.0,0.0,0.0,Neutral,3,3,Neutral,0.9998669624328613,negative,1,Negative,0.6327764987945557,positive,5,Positive,0.5701934695243835,Very Negative,1,Negative,0.5263500809669495,1,Negative,0.8607179084301766,1,Negative,0.0,3,Neutral,0.6339133878093858,2.25,2,Negative,Neutral,True,True,False,False,False,False,False,True,False,"Comrades, keep company. I'm going home on Saturday by car.",True
NEUTRAL,"в борщ не советую, не сладкая",0.605,0.395,0.0,-0.5559,Negative,1,1,Negative,0.5563358068466187,neutral,3,Neutral,0.6052964329719543,neutral,3,Neutral,0.41263237595558167,Negative,1,Negative,0.7498631477355957,3,Neutral,0.4971807869392338,3,Neutral,0.0,3,Neutral,0.410369386078005,2.25,2,Negative,Neutral,False,False,True,True,False,True,True,True,False,"I don't recommend borscht, not sweet.",True
POSITIVE,"самые хорошие теплицы в калуге! особая благодарность сотруднику михаилу, за человеческое, добродушное отношение к людям, поможет советом и физически, бережно упаковать и погрузить!",0.0,0.612,0.388,0.9272,Positive,5,5,Positive,0.9993873834609985,positive,5,Positive,0.9790428876876831,positive,5,Positive,0.9990919828414917,Very Positive,5,Positive,0.670478105545044,5,Positive,0.9619157122495263,5,Positive,0.0,5,Positive,0.7419878571922445,5.0,5,Positive,Positive,True,True,True,True,True,True,True,True,True,"The best greenhouses in Kaluga! special thanks to the employee Michael, for the human, good-natured attitude to people, will help with advice and physically, carefully pack and load!",True
NEUTRAL,"футболка хорошая, цвет отличается немного. на груди маленькое пятнышко, очень жаль, на видном месте.даже после стирки немного осталось. спор не открывала",0.072,0.68,0.248,0.5955,Positive,5,3,Neutral,0.9888253808021545,neutral,3,Neutral,0.5778257250785828,neutral,3,Neutral,0.7368836998939514,Negative,1,Negative,0.5694664716720581,3,Neutral,0.782445807212899,3,Neutral,0.0,3,Neutral,0.56,3.0,3,Neutral,Neutral,False,True,True,True,False,True,True,True,True,"T-shirt is good, the color is slightly different. on the chest a small spot, very sorry, in a prominent place.",True
NEUTRAL,"colourfulрисовка 8сюжет 8 герои 9 (лучшее, что есть в фильме, ради них стоит смотреть)музыка 6атмосферность 7и. 810смотреть определенно стоит, неплохая рисовка и сюжет в купе с отлично проработанными персонажами не пожалеете потраченного времени",0.0,0.653,0.347,0.9317,Positive,5,3,Neutral,0.9998257756233215,positive,5,Positive,0.7728436589241028,positive,5,Positive,0.9964948296546936,Positive,5,Positive,0.7570629715919495,1,Negative,0.37389661771179994,1,Negative,0.0,5,Positive,0.8217312100565701,3.75,4,Positive,Neutral,False,True,False,False,False,False,False,False,False,"8 characters 9 (the best that is in the film, for them is worth watching) Music 6 atmosphericity 7 and 810 is definitely worth watching, a good drawing and plot in combination with well-designed characters will not regret the time spent.",True
POSITIVE,"до меня не сразу дошло что это евангелион.что если бы. ева была нормальной тян?синдзи - альфа-коротышкой?а каору и рей не встревали в дела любви?ах да! долой унылую бороду гено, даешь усы?!это же 10 асок из 10!",0.05,0.782,0.168,0.8089,Positive,5,5,Positive,0.9999628067016602,negative,1,Negative,0.7305997014045715,positive,5,Positive,0.9802187085151672,Very Negative,1,Negative,0.6127417683601379,3,Neutral,0.420655340287224,3,Neutral,0.0,1,Negative,0.49950233141556794,3.0,3,Neutral,Positive,True,True,False,True,False,False,False,False,False,"I did not immediately realize that this is the gospel. what if. eva was a normal chan?shinji - alpha-shorty? and kaoru and rey were not involved in the affairs of love? oh yes! Down with the dull beard of geneo, give a mustache?!! it's 10 asses out of 10!",True
NEGATIVE,"во время январских каникул решил посетить сергиев посад.время было позднее,когда я прибыл в город.поэтому нашел ближайший к вокзалу хостел ""странник"",не путайте с ""зачарованным странником""(положительные отзывы именно о нем).близость к вокзалу единственный плюс у этой ночлежки для бомжей.перечислю минусы.принять душ -очередь на полтора часа.две душевых на человек тридцать,душевые совмещены с туалетом.ужасные душевые,занавески наверное неменялись с открытия сего заведения.все в плесени и слизи.пол залит водой по щиколотку.кухни как таковой нет,просто тамбур у запасного выхода.один взгляд на засранную плиту лишает вас аппетит а.отдахнуть вечеро нереально,под дверью раскинут персидский коврик и невнятный человек восточной наружности бьётся в экстазе,издавая вопли и причитая,вероятно ему негде ночевать.в комнате меня поидупредили о наличии клопов.ночь не спал,утром сбежал из этого хосписе.кто любит экстрим или мазохист добро пожаловать.а хозяевам хочу посоветовать переименовать ""странник""в ""сранник""(от слова срань).пысы :вахтёр неадекватен,толи сам такой,толи под препаратами.",0.034,0.886,0.08,0.5435,Positive,5,1,Negative,0.9999489784240723,negative,1,Negative,0.6617348790168762,negative,1,Negative,0.9005630612373352,Very Negative,1,Negative,0.6289835572242737,1,Negative,0.5839071996211177,1,Negative,0.0,3,Neutral,0.4766478532737121,1.75,2,Negative,Negative,False,True,True,True,True,True,True,False,True,"During the January holidays, I decided to visit Sergiev Posad.The time was later, when I arrived in the city.Therefore, I found the nearest hostel to the station ""wanderer"", do not confuse with ""enchanted wanderer"" (positive reviews about him).The proximity to the station is the only plus this lodging for the homeless.I list the minuses.I like to take a shower for an hour and a half.Two showers per person thirty, the souls are combined with the toilet.Awful showers, the curtains probably do not change from the presence of the drug, I do not want to leave the room for a real one.",True
POSITIVE,"бест френд,ты жжёшь))))))))",0.0,0.213,0.787,0.8126,Positive,5,3,Neutral,0.9982401132583618,positive,5,Positive,0.6532148718833923,positive,5,Positive,0.6000369787216187,Neutral,3,Neutral,0.4710785150527954,3,Neutral,0.5298840322374212,3,Neutral,0.0,3,Neutral,0.47536645372567526,3.75,4,Positive,Positive,True,False,True,True,False,False,False,False,True,"Best friend, you're burning.)",True
NEUTRAL,"не первый раз в заведениях подобного формата, но это самое неудачное. нас было около 10 человек, повар разрывался, давал отрывочную информацию о блюдах, не успевал давать всем задания, поэтому кто-то готовил, а кто-то стоял скучал. не было вводной информации, не были озвучены полные рецепты и никто не понимал полную картину блюд. все очень второпях.",0.202,0.798,0.0,-0.9348,Negative,1,1,Negative,0.9982554316520691,negative,1,Negative,0.5346587300300598,negative,1,Negative,0.7756436467170715,Negative,1,Negative,0.48454058170318604,3,Neutral,0.6072841802043131,3,Neutral,0.0,3,Neutral,0.54,1.75,2,Negative,Neutral,False,False,False,False,False,True,True,True,False,"This is not the first time in establishments of this format, but this is the most unfortunate. there were about 10 people, the cook was torn, gave fragmentary information about dishes, did not have time to give everyone tasks, so someone cooked, and someone was bored. there was no introductory information, full recipes were not voiced and no one understood the full picture of dishes.",True
NEUTRAL,"качество хорошее, но размер не соответствует заказанному. заказала 50, но по факту размер 42-44",0.0,0.907,0.093,0.2382,Positive,3,3,Neutral,0.9748411178588867,neutral,3,Neutral,0.620556652545929,neutral,3,Neutral,0.5830490589141846,Negative,1,Negative,0.8071895837783813,3,Neutral,0.5911574357274777,3,Neutral,0.0,3,Neutral,0.4231588285035155,2.75,3,Neutral,Neutral,False,True,True,True,False,True,True,True,True,"quality is good, but the size does not match the order. ordered 50, but in fact the size is 42-44",True
POSITIVE,"мягкая и сладкая, без грязи",0.479,0.208,0.312,-0.1531,Negative,3,5,Positive,0.5003339648246765,positive,5,Positive,0.9877803325653076,positive,5,Positive,0.9717773199081421,Positive,5,Positive,0.4510120749473572,3,Neutral,0.5298840322374212,3,Neutral,0.0,3,Neutral,0.47536645372567543,4.0,4,Positive,Positive,False,True,True,True,True,False,False,False,True,"soft and sweet, no dirt",True
NEGATIVE,"отвратительный сыр, напичканный химией. зачем сыру краситель, антиокислитель?!",0.298,0.702,0.0,-0.5267,Negative,1,1,Negative,0.9998774528503418,negative,1,Negative,0.8701276183128357,negative,1,Negative,0.9915913343429565,Very Negative,1,Negative,0.8778873085975647,1,Negative,0.9773193820748347,1,Negative,0.0,1,Negative,0.9700375738437492,1.0,1,Negative,Negative,True,True,True,True,True,True,True,True,True,"Disgusting cheese, stuffed with chemistry, why cheese dye, antioxidant?",True
POSITIVE,"доступный. большой объем (1л), удобный дозатор. посуду отмывает, руки целы. не очень понравилась отдушка у алое. но отдушка - дело вкуса. буду покупать еще с запахом лимончика и апельсинчика",0.065,0.83,0.106,-0.0013,Neutral,3,5,Positive,0.9992623925209045,positive,5,Positive,0.7899112105369568,positive,5,Positive,0.6424828171730042,Positive,5,Positive,0.8902313113212585,5,Positive,0.6906710131428715,5,Positive,0.0,5,Positive,0.56,4.75,5,Positive,Positive,False,True,True,True,True,True,True,True,True,"Available. large volume (1L), convenient dispenser. dishes wash, hands intact. did not like the fragrance of aloe. but fragrance is a matter of taste.",True
POSITIVE,"что самая сладкая сладость на свете? сахар - могла я когда-то ответить. мёд, мармелад, пастила и щербет. только теперь поняла я ответ. родного ребёночка - запах макушки, что остаётся на нашей подушке, пальчики нежные и ноготки, попка, коленочки и локотки!",0.073,0.83,0.097,-0.1007,Neutral,3,5,Positive,0.9963723421096802,positive,5,Positive,0.9164358377456665,positive,5,Positive,0.861846923828125,Very Negative,1,Negative,0.8390265703201294,1,Negative,0.5596419484624039,1,Negative,0.0,1,Negative,0.59,2.75,3,Neutral,Positive,False,True,True,True,False,False,False,False,False,"What is the sweetest sweetness in the world? sugar - I could once answer. honey, marmalade, pastiles and sherbet. only now I understood the answer. my own child - the smell of the crown, which remains on our pillow, delicate fingers and nails, ass, knees and elbows!",True
POSITIVE,"косметолог внимательно и с пониманием отнеслась к моей племяннице, которой надо было удалить папиллому под глазом. сначала врач попробовала использовать радиоволновой нож, а потом прижгла образование азотом. пока папиллома подсыхает, по рекомендации доктора мы обрабатываем ее специальным составом.",0.0,0.838,0.162,0.7964,Positive,5,3,Neutral,0.9952369928359985,neutral,3,Neutral,0.8429176211357117,positive,5,Positive,0.6166426539421082,Neutral,3,Neutral,0.8934561610221863,5,Positive,0.6905809891716326,5,Positive,0.0,1,Negative,0.73,3.75,4,Positive,Positive,True,False,False,True,False,True,True,False,True,"The beautician carefully and with understanding treated my niece, who had to remove the papilloma under the eye. first, the doctor tried to use a radio wave knife, and then burned the formation with nitrogen. while the papilloma dries up, on the recommendation of the doctor, we treat it with a special composition.",True
NEUTRAL,"крыло само по себе хорошее ,но сильно волосатое! очень много мелких перьев!",0.0,0.813,0.187,0.3682,Positive,5,3,Neutral,0.9988352656364441,neutral,3,Neutral,0.6963835954666138,neutral,3,Neutral,0.7701491713523865,Positive,5,Positive,0.43038928508758545,3,Neutral,0.7106894666912333,3,Neutral,0.0,3,Neutral,0.7837055258128518,3.5,4,Positive,Neutral,False,True,True,True,False,True,True,True,False,"The wing itself is good, but very hairy! a lot of small feathers!",True
NEGATIVE,"продавец ненадежный, товар как я понимаю даже не отправили. долго ждала, открыла спор, деньги так и не вернули. кормит обещаниями и все. девочки, не связывайтесь с этим продавцом.",0.114,0.886,0.0,-0.4019,Negative,1,1,Negative,0.9980356097221375,negative,1,Negative,0.979648768901825,negative,1,Negative,0.9989978671073914,Very Negative,1,Negative,0.7208440899848938,1,Negative,0.7876795396420901,1,Negative,0.0,1,Negative,0.7133521467262878,1.0,1,Negative,Negative,True,True,True,True,True,True,True,True,True,"The seller is unreliable, the goods, as I understand, were not even sent. waited a long time, opened a dispute, the money was never returned.",True
POSITIVE,"сходил в новый ресторан cuttacutta на патриках. кухня топ - заказывал равиоли с говядиной, зеленую закуску с пармезаном и телятину с перцами. nинтерьер приятный, хочется походить потрогать всё руками. nспасибо официанту лизе за подробную экскурсию по ресторану и помощь в выборе блюд )",0.0,0.753,0.247,0.9022,Positive,5,5,Positive,0.9998118281364441,positive,5,Positive,0.9301380515098572,positive,5,Positive,0.9174827337265015,Positive,5,Positive,0.6135910749435425,5,Positive,0.3791838052937981,5,Positive,0.0,5,Positive,0.46,5.0,5,Positive,Positive,True,True,True,True,True,True,True,True,True,"I went to a new restaurant cuttacutta on patricians. kitchen top - ordered ravioli with beef, green appetizer with parmesan and veal with peppers. the interior is pleasant, I want to feel like touching everything with my hands. thank the waiter lyse for a detailed tour of the restaurant and help in choosing dishes )",True
NEUTRAL,"ну, не знаю. осталась буквально одна серия, а я даже смотреть не хочу. персонажи не интересные, понравились только сого и мицуки. остальные бесили. вообще не знаю чего вдруг захотела посмотреть парней-идолов. что насчёт песен. скучные, мотив не запомнился, ну и все как всегда: у соперников песни в стиле кул, а у наших что-то вроде генки-песенок. одним словом. ску-ко-тану 6 поставлю",0.143,0.771,0.086,-0.5591,Negative,1,3,Neutral,0.9977838397026062,neutral,3,Neutral,0.5865219235420227,negative,1,Negative,0.9992019534111023,Negative,1,Negative,0.5184304118156433,3,Neutral,0.579255618938167,3,Neutral,0.0,1,Negative,0.5246246939942343,2.0,2,Negative,Neutral,False,True,True,False,False,True,True,False,False,"Well, I don't know. there was literally one series, and I don't even want to watch. the characters are not interesting, liked only sogo and Mitsuki. the rest were infuriating. I don't know what I suddenly wanted to see the guys-idols. what about the songs. boring, the motif is not remembered, and everything as always: the rivals have songs in the style of cool, and ours something like genki-songs. in a word. sku-ko-tana 6 I will put",True
POSITIVE,отличное качество для такой цены.на талию 69и бедра 95 в упор,0.0,0.764,0.236,0.5719,Positive,5,5,Positive,0.9989796280860901,positive,5,Positive,0.9945052266120911,positive,5,Positive,0.9884595274925232,Positive,5,Positive,0.693652331829071,3,Neutral,0.5616132323872788,3,Neutral,0.0,3,Neutral,0.8722208199008111,4.25,4,Positive,Positive,True,True,True,True,True,False,False,False,True,Excellent quality for such a price. at the waist of 69 thighs 95 point-blank,True
NEUTRAL,"фильм понравится детям, он довольно добрый и светлый, для людей постарше это кино покажется наивным и нелепым. плюсы в фильме склоняются на его простоту понимания в сюжете, отсутствия пошлостей, довольно не плохом для детей мультяшном юморе. минусы в том, что фильм ни чем не держит у экрана, в конце фильма думаешь слава богу он закончился, а смотреть его второй раз уже не захочется. актёры как дети так и взрослые сыграли не плохо. фильм в общем понимании получился средненький, но посмотреть можно. если к вам придёт племянник а диск с 'шреком' уже затёрт до дыр, то 'пришельцы на чердаке' могут вполне его порадовать. 5 из 10",0.045,0.831,0.124,0.8185,Positive,5,1,Negative,0.561706006526947,neutral,3,Neutral,0.7089101076126099,negative,1,Negative,0.9207942485809326,Positive,5,Positive,0.8719429969787598,3,Neutral,0.9136074875130964,3,Neutral,0.0,3,Neutral,0.6,3.0,3,Neutral,Neutral,False,False,True,False,False,True,True,True,True,"Children will like the film, it is quite kind and bright, for older people this movie will seem naive and ridiculous. the pluses in the film are inclined to its simplicity of understanding in the plot, lack of vulgarities, rather not bad for children cartoon humor. the minuses are that the film does not hold anything at the screen, at the end of the film you think thank God it is over, and you will not want to watch it a second time. the actors both children and adults played not bad. the film in general sense turned out average, but you can see. if your nephew comes to a disc with a copy of the screen, you can already get a hole in it. 5 out of 10",True
NEGATIVE,очень сильный привкус (вкус козы),0.0,0.527,0.473,0.5563,Positive,5,1,Negative,0.9907518625259399,neutral,3,Neutral,0.832131028175354,neutral,3,Neutral,0.63405442237854,Positive,5,Positive,0.7905781865119934,3,Neutral,0.6032134516040787,3,Neutral,0.0,1,Negative,0.7191997403791376,3.0,3,Neutral,Negative,False,True,False,False,False,False,False,True,False,Very strong taste (goat taste),True
NEGATIVE,"привет, тебе.скажу лишь то, что, аниме представляет из себя не то, как подаётся по началу, к середине сериала ты понимаешь, что всё не так интересно, как хотелось бы.идея очень и очень хорошая и интересная, но она заблудилась в безумно натянутой драме.суть хорошей идеи проявилась лишь в нескольких сериях, а то, что очень много вещей, которые сделал тот или иной персонаж остаются без объяснения на совести смотрящего меня убивают.6,5 попаданий в глаз из 10.",0.139,0.795,0.066,-0.7626,Negative,1,1,Negative,0.9968870282173157,neutral,3,Neutral,0.5754354596138,negative,1,Negative,0.9911215305328369,Negative,1,Negative,0.7586243748664856,1,Negative,0.4355177269737809,1,Negative,0.0,3,Neutral,0.4816267180285637,1.5,2,Negative,Negative,True,True,False,True,True,True,True,False,True,"I will tell you only that, anime is not how it is served at the beginning, by the middle of the series you understand that everything is not as interesting as you would like.The idea is very, very good and interesting, but it got lost in an insanely strained drama.The essence of a good idea manifested itself only in a few episodes, and the fact that a lot of things that did this or that character remain without explanation on the conscience of the beholder kills 6.5 hits in the eye out of 10.",True
NEGATIVE,"антисанитария полная, работают без перчаток , спросила есть ли у них там вода , ответила женщина продавец , что у них нет воды в помещении , обратила внимание курят и бегом подходят у клиентам , не успев помыть руки . медицинских книжек тоже нет точно . а то , как готовят , это ужас . мясо резиновое , лаваш сырой , работают в неопрятном виде , ужаснейшее место , не рекомендую .",0.143,0.857,0.0,-0.8594,Negative,1,1,Negative,0.9999370574951172,negative,1,Negative,0.8588669300079346,negative,1,Negative,0.9989567995071411,Very Negative,1,Negative,0.8719692230224609,1,Negative,0.8749586552605849,1,Negative,0.0,1,Negative,0.77,1.0,1,Negative,Negative,True,True,True,True,True,True,True,True,True,"Unsanitary conditions are complete, they work without gloves, asked if they have water there, the woman replied that they do not have water in the room, drew attention to smokers and run up to customers, not having time to wash their hands. There are no medical records either. The way they cook is terrible. Meat rubber, lavash raw, work in unkempt form, a terrible place, I do not recommend.",True
POSITIVE,на мой рос 44-46 в облипочку. ну как и хотела) без брака,0.0,0.762,0.238,0.3612,Positive,5,5,Positive,0.972469687461853,positive,5,Positive,0.9133256077766418,neutral,3,Neutral,0.6981845498085022,Neutral,3,Neutral,0.815863311290741,3,Neutral,0.5298840322374212,3,Neutral,0.0,3,Neutral,0.4753664537256753,3.75,4,Positive,Positive,True,True,True,False,False,False,False,False,True,"I grew up 44-46 years old, like I wanted, without marriage.",True
NEGATIVE,"размер м очень маленький,как на ребёнка 10 лет, рисунок не пропорционален,размер шорт и майки меньше намного,чем на фото",0.0,0.903,0.097,0.4173,Positive,5,1,Negative,0.9942315816879272,negative,1,Negative,0.5616035461425781,negative,1,Negative,0.9035662412643433,Negative,1,Negative,0.86166912317276,3,Neutral,0.6186939267680169,3,Neutral,0.0,3,Neutral,0.4879105069497753,2.25,2,Negative,Negative,False,True,True,True,True,False,False,False,True,"size m is very small, like a child 10 years old, the picture is not proportional, the size of shorts and T-shirts is much smaller than in the photo",True
NEGATIVE,"после 1 серии я понял, что следующие 2 дня моя комната превратится в пыточную. и не говорите, что я мазохист, я это и так знаю. аниме безумно затянуто, сюжета реально на 15 серий, остальное это бессмысленные разговоры и однотипные бои. есть подозрение, что экранизировали специально для тв, детишкам по утрам крутить. опенинг в середине серии это нечто. не буду писать тираду про то почему не надо смотреть это тайтл, ибо не вижу смысла, да и уже ниже всё написано давным-давно. если вы цените своё время, не стоит и начинать смотреть и не смотрите на рейтинг, он тут неоправданно завышен. рисовка очень слабая, музыки практически нет. не каждый выдержит 73 серии, потому что просмотр это реальное испытание с не интересными персонажами в главной роли. палец вниз.",0.126,0.856,0.018,-0.931,Negative,1,1,Negative,0.9991470575332642,negative,1,Negative,0.6863897442817688,negative,1,Negative,0.9996994733810425,Very Negative,1,Negative,0.6142998337745667,1,Negative,0.47362365093209247,1,Negative,0.0,3,Neutral,0.4,1.25,1,Negative,Negative,True,True,True,True,True,True,True,False,True,"After 1 episode, I realized that the next 2 days my room will turn into a torture. and do not say that I am a masochist, I already know this. the anime is insanely long, the plot is real for 15 episodes, the rest is meaningless conversations and the same type of fights. there is a suspicion that the screened specifically for TV, the kids in the morning to spin. the opening in the middle of the series is something. I will not write a tirade about why you do not need to watch this title, because I do not see the point, and everything is written below a long time ago. if you value your time, you do not start with the series 73, and you are not really interested in watching the main character.",True
POSITIVE,"приличный, чистый коктейль. не скрипит, не хрустит на зубах. крупненькие внятные кусочки. покупаю регулярно для супов и салатов. и снова буду брать.",0.0,0.819,0.181,0.6249,Positive,5,5,Positive,0.9685044288635254,positive,5,Positive,0.976641833782196,positive,5,Positive,0.8145591616630554,Positive,5,Positive,0.8829782009124756,5,Positive,0.5033970774981321,5,Positive,0.0,3,Neutral,0.48,4.75,5,Positive,Positive,True,True,True,True,True,True,True,False,True,"decent, clean cocktail. does not creak, does not crunch on the teeth. large intelligible pieces. I buy regularly for soups and salads. and will take again.",True
NEUTRAL,"конечно, можно много говорить об этом фильме, одни скажут, что это жалкое подобие, дешевый слешер, треш., другие наоборот похвалят. и те и другие будут в чем-то правы. я хотел посмотреть этот фильм и, признаюсь, он меня не разочаровал, потому что я от него многого не ожидал, а увиденным остался весьма доволен. конечно, можно сказать, что это всего лиш ремейк, оригинал намного круче, но другие времена, другое понимание, другой режиссер и немного другой сюжет. можно сказать это два разных фильма про одно и то же. отдельно хочу отметить мрачную атмосферу фильма, которой просто пропитана каждая минута. с самого начала уже понимаеш, что это добром не кончиться. понятно, что создатели не много переборщили с нагнетанием страха и потерянности, но без этого сознания постоянной опасности, фильм смотрелся бы просто смешно, но все равно не вольно задаешся вопросом: ну не могут же в техасской глубинке жить одни маньяки и отморозки, где нормальные, обычные люди? короче, сколько людей, столько и мнений, могу лишь сказать: смотрите, пугайтесь и наслаждайтесь этим треш хоррором!",0.041,0.912,0.047,-0.1927,Negative,3,5,Positive,0.999438464641571,neutral,3,Neutral,0.6933781504631042,positive,5,Positive,0.991750180721283,Very Negative,1,Negative,0.6492694020271301,1,Negative,0.6002962863927469,1,Negative,0.0,3,Neutral,0.5,2.75,3,Neutral,Neutral,False,False,True,False,False,False,False,True,True,"Of course, you can talk a lot about this film, some will say that this is a pitiful similarity, a cheap slasher, thrash., others on the contrary will praise. and both will be right in something. I wanted to see this film and, admittedly, he did not disappoint me, because I did not expect much from him, and I was very pleased with what I saw. Of course, we can say that this is only a superfluous remake, the original is much cooler, but other times, another director and a slightly different plot. I can say this two different films about the same people. separately, I want to note the gloomy atmosphere of the film, because I can not just get so many opinions from this, but I can not laugh at the same time, but I am afraid of the usual people, but I am not to say that I am afraid of this, but I am afraid of it, but I am not to start to be afraid of it, but I am afraid of the usual, but I am afraid that I am not to be afraid of it, but I am afraid of it, but I am afraid of it, but I am afraid of",True
POSITIVE,"хотелось бы от всей души поблагодарить сотрудников россельхозбанка г. рамонь за внимательное отношение к клиентам. я здесь обслуживаюсь сравнительно недавно, с тех пор как офис появился у нас в центре рамони . офис современный, светлый и красивый. очень милые сотрудники, сразу видно, что с клиентах заинтересованы. оформила у них накопительный счет для начала, условия расчета процентов мне подходят, ставка 6,5 . надеюсь, в будущем стать вашим клиентом и по другим банковским продуктам. еще раз спасибо!",0.0,0.713,0.287,0.9806,Positive,5,5,Positive,0.9973459243774414,positive,5,Positive,0.9640699625015259,positive,5,Positive,0.9986259937286377,Very Positive,5,Positive,0.6655749678611755,5,Positive,0.8567169771086817,5,Positive,0.0,5,Positive,0.83,5.0,5,Positive,Positive,True,True,True,True,True,True,True,True,True,"I would like to sincerely thank the employees of Rosselkhozbank Ramon for their attentive attitude to customers. I have been serving here relatively recently, since the office appeared in our center Ramoni. The office is modern, bright and beautiful. very nice employees, you can immediately see that customers are interested. I issued a savings account for them to start, the terms of calculating interest are suitable for me, the rate is 6.5 . I hope in the future to become your client for other banking products. thank you again!",True
NEUTRAL,"неплохая пятёрочка рядом с домом, чисто за продуктами забежать. из плюсов - адекватные цены, понятное расположение, нет нагруженности, как в других магазинах сети (за nисключением отдела с игрушками, он там вообщеn никого особо не волнует). очень нравятся блюда авторской кухни около входа (люблю такое, рада наличию). персонал в большинстве своём ненавязчивый, улыбчивый. nиз минусов - отсутствие большинства заморозки и высокие цены на сладости возле кассы. но это более-менее нормально, а вот кассы самообслуживания. нет, конечно, к самому расположению и возможности оплатить товары без орущих очередей претензий нет, а вот мужчина около касс. без слов. очень, о-о-очень навязчивый. замешкались на секунду - он вихрем подлетает к вам и начинает выкладывать товары из вашей корзины, что можно сделать самим. такое чувство, будто он думает, что люди - 100-летние бабушки и дедушки, которые без посторонней помощи не могут и шагу шагнуть. очень раздражает эта ""гиперопека"". и при всём при этом он нахально не пробивает бонусные подарки (допустим, 1 подарок за 550 руб в чеке). он выхватывает карту, оплачивает всё за нас (покупка на 2782 руб.) и уходит к своему столику, как ни в чём не бывало. очень и очень странно и неприемлемо. за такой ужас -2 звезды. заслужили.nитог: для большого шоппинга не подойдёт, только закупиться по мелочи. и понизьте цены на вкусняшки--",0.049,0.827,0.124,0.7469,Positive,5,3,Neutral,0.9999709129333496,positive,5,Positive,0.7671182751655579,positive,5,Positive,0.6429204940795898,Negative,1,Negative,0.735260009765625,1,Negative,0.4599894788617569,1,Negative,0.0,3,Neutral,0.46,3.0,3,Neutral,Neutral,False,True,False,False,False,False,False,True,True,"A good five next to the house, purely for products to run. from the pluses - adequate prices, understandable location, there is no load, as in other stores of the network (with the exception of the department with toys, he does not care about anyone at all), very much like the dishes of the author's kitchen near the entrance (I love this, I am glad to have it), the staff is unobtrusive, smiling. n of the minuses - he does not deserve most of the sweets near the box office. but this is more or less normal. (no, oddly, no, of course, he does not pay for a big step, and doesn't make all the money in this way to you).",True
NEUTRAL,"всего одна маленькая овашка, а столько эмоций! авторы потрудились на славу. оно одновременно легкое и понятное, но не пустое. после просмотра у меня появилось ощущение, что это аниме запало в душу. сюжет для меня необычен тем, что в нем есть сказка. рисовку такую видела впервые, немного странная, но мне понравилось. пейзажи тоже красивые. самая любимая пикантная сцена, где исаку сносит отливом от шимы и тот не успевает его поцеловать в общем, доброе хорошее аниме, советую.",0.025,0.702,0.273,0.984,Positive,5,3,Neutral,0.9996007084846497,positive,5,Positive,0.9307105541229248,positive,5,Positive,0.9996470212936401,Positive,5,Positive,0.8870509266853333,3,Neutral,0.4729665405656884,3,Neutral,0.0,3,Neutral,0.61,4.0,4,Positive,Neutral,False,True,False,False,False,True,True,True,False,"just one little wool, and so many emotions! the authors worked hard for fame. it is at the same time easy and understandable, but not empty. after watching, I had a feeling that this anime sunk into the soul. the plot for me is unusual in that it has a fairy tale. the drawing saw this for the first time, a little strange, but I liked. the landscapes are also beautiful. the most favorite piquant scene where issaku blows off the tide of the shima and he does not have time to kiss him in general, a good good anime, I advise.",True
NEGATIVE,пол часа ходил никто из консультантов не подошёл. и вызывали по громкоговорителю. так и не дождался. ушёл без товара.,0.0,1.0,0.0,0.0,Neutral,3,1,Negative,0.9999582767486572,negative,1,Negative,0.8447183966636658,negative,1,Negative,0.9994970560073853,Negative,1,Negative,0.5424891710281372,1,Negative,0.4881325056944055,3,Neutral,0.0,3,Neutral,0.56,1.75,2,Negative,Negative,False,True,True,True,True,True,False,False,True,"For half an hour, none of the consultants came up and called the loudspeaker, never waited.",True
POSITIVE,"после ""магазинчика ужасов"" и иже с ним выглядит не слишком оригинально, но забавно. главный герой юджин гриффис, который стал из обычного дворянского мальчика демоном и живёт более сотни лет, обменивая случайно попадающие к людям монеты фортуны на магические вещицы. часто люди нарушают указания демона, и эти вещицы им вредят, вплоть до летального исхода. иногда герой напоминает аптекаря из мононокэ на минималках, но уклон в этой манге идёт не в сторону артхауса, а, скорее, в сторону ""девчачьей"" готики clamp. только графика временами проседает, особенно в первом варианте. кстати, о девочках: феминистки, а есть ли писательница, которая, как мужчина-автор этой манги, придумала, что санта-клаус на самом деле святая николь?",0.142,0.765,0.093,-0.5763,Negative,1,5,Positive,0.9999762773513794,negative,1,Negative,0.5342648029327393,positive,5,Positive,0.47641056776046753,Negative,1,Negative,0.557133138179779,3,Neutral,0.5315343390628023,3,Neutral,0.0,3,Neutral,0.63,2.75,3,Neutral,Positive,False,True,False,True,False,False,False,False,False,"after the ""shop of horrors"" and others with him looks not too original, but funny. the main character Eugene Griffis, who has become a demon from an ordinary noble boy and lives more than a hundred years, exchanging fortune coins accidentally falling to people for magical things. often people violate the instructions of the demon, and these things harm them, up to a lethal outcome. sometimes the hero resembles a mononoke apothecary on minimalists, but the bias in this manga goes not towards arthouse, but rather towards the ""girlish"" Gothic times, the writer, by the way, who invented the first one in this scenario, the writer, by the way, the way, who invented the writer, who is the first?",True
NEUTRAL,"куртка посредственная, горло не высокое, цвет какой-то в желтизну, нашивка на рукаве пришита криво, надпись кстати на нашивке какая-то непонятная. рукава очень короткие, хотя в целом на рост 165 и вес 67 подошла нормально. молния плюшевая. на фото продавца смотрится гораздо лучше, но видимо за эти деньги нельзя рассчитывать на норм товар. расстроена, носить не буду.",0.039,0.919,0.042,-0.1779,Negative,3,3,Neutral,0.9775810241699219,neutral,3,Neutral,0.6932643055915833,negative,1,Negative,0.5358757376670837,Very Negative,1,Negative,0.6986292600631714,3,Neutral,0.7959619455660202,3,Neutral,0.0,3,Neutral,0.65,2.5,2,Negative,Neutral,False,True,True,False,False,True,True,True,False,"The jacket is mediocre, the throat is not high, the color is some yellowness, the patch on the sleeve is sewn crooked, the inscription by the way on the patch is some kind of incomprehensible. the sleeves are very short, although in general, the height of 165 and the weight of 67 fit normally. zipper lightning looks much better in the photo of the seller, but apparently for this money you can not count on the norms of the goods. upset, I will not wear.",True
POSITIVE,уговорила администратора студии look юлечку и ее сынульку тимурчика попозировать. справились на отлично))),0.0,1.0,0.0,0.0,Neutral,3,5,Positive,0.999756395816803,positive,5,Positive,0.9416972398757935,positive,5,Positive,0.8619457483291626,Positive,5,Positive,0.7488480806350708,5,Positive,0.9663065948741832,5,Positive,0.0,5,Positive,0.8592623752502808,4.75,5,Positive,Positive,False,True,True,True,True,True,True,True,True,Persuaded the administrator of the studio look and her baby boy to pose. coped perfectly),True
NEGATIVE,"большие проблемы с сервисом! пришла 14.05.2023 г. в процедурный кабинет поставить укол. в процедурном кабинете устроили проходной двор, запускают без бахил. регистратура и медсестра в процедурном кабинете мило пожимают плечиками и хлопают глазками, ничего внятно не могут объяснить. ставлю одну звезду. развернулась и ушла в другую клинику! уважаемое руководство, закупите пожалуйста бахилы для пациентов, будьте так добры! в государственной клинике и любой лаборатории никого близко не пустят на порог без бахил.",0.073,0.79,0.137,0.8118,Positive,5,1,Negative,0.9999692440032959,neutral,3,Neutral,0.5933010578155518,negative,1,Negative,0.9987813830375671,Very Negative,1,Negative,0.8351357579231262,1,Negative,0.7697766929044301,1,Negative,0.0,1,Negative,0.71,1.75,2,Negative,Negative,False,True,False,True,True,True,True,True,True,"Big problems with the service! came 14.05.2023 in the treatment room to put an injection. in the treatment room arranged a walk-in yard, run without bagil. the registry and nurse in the treatment room nicely shrug their shoulders and clap their eyes, nothing clearly can not explain. put one star. turned around and went to another clinic! respected management, please buy bagils for patients, be so kind! in the state clinic and any laboratory no one close will not be allowed to the door without bagils.",True
POSITIVE,"бойцы курдских сил самообороны разгромили в воскресенье формирования террористов вблизи контрольно-пропускного пункта йарубия на сирийско-иракской границе. по словам источника, боевики джебхат ан-нусра и исламского государства ирака и леванта постоянно терроризировали курдское население в городке телль-куджер, который расположен в 3 км от границы на северо-востоке сирии. в ходе боестолкновений были уничтожены и получили ранения десятки террористов-наемников, выведена из строя их военная техника, - рассказал источник. в багдаде, тем временем, опровергли заявления представителей сирийской вооруженной оппозиции о том, что сирийским курдам якобы была оказана помощь со стороны проникших в район йарубии из иракской провинции найнава бойцов турецкой рабочей партии курдистана рпк. политический советник иракского премьер-министра марьям рэйис подчеркнула, что в найнаве нет ни одного курдского бойца. эта информация абсолютна неверна и является вымыслом. кпп на границе с сирией находится под контролем иракских войск, - указала она.",0.142,0.833,0.024,-0.9186,Negative,1,5,Positive,0.9999903440475464,negative,1,Negative,0.8692839741706848,positive,5,Positive,0.9985741376876831,Neutral,3,Neutral,0.9284763336181641,3,Neutral,0.5134766989941197,3,Neutral,0.0,3,Neutral,0.53,3.0,3,Neutral,Positive,False,True,False,True,False,False,False,False,False,"The fighters of the Kurdish self-defense forces defeated on Sunday the formation of terrorists near the Yarubiyya checkpoint on the Syrian-Iraqi border. according to the source, the militants of Jabhat al-Nusra and the Islamic State of Iraq and the Levant constantly terrorized the Kurdish population in the town of Tell-Kujer, which is located 3 km from the border in the northeast of Syria. during the clashes, dozens of terrorists-mercenaries were destroyed and their military equipment were put out of action, the source said in Baghdad, meanwhile, under the control of the political party, this is not the Iraqi militants.",True
NEUTRAL,"кристофер нолан своими шедеврами 'бэтмен: начало' (2005) и 'тёмный рыцарь' (2008) совершил революцию в кинематографе, внеся реализм по максимуму в свои произведения, и это было поистине восхитительно! в 2010 выходит короткометражка 'смертельная битва: возрождение' (а.k.а. мортал комбат: перерождение), в которой режиссёр кевин танчароэн пошёл по 'ноланскому пути', он изменяет привычную для всех сверхъестественную вселенную мк на альтернативную, более реалистичную, где нет других миров, видов и т.д., а все бойцы имеют отклонения либо от природной мутации, либо в результате других объяснимых действий (н-р: нервныйпсихический срыв). так вот, мне такой подход не нравится именно относительно мк, и я всё-таки считаю, что вселенная мортал комбат, это не вселенная бэтмена, или супермена, или человека-паука, это нечто другое, здесь изначально загвоздка и изюминка была в других мирах, в борьбе на турнире за свой видземлюмир, и если твоя раса проигрывала, то она подчинялась или уничтожалась (насколько я помню). также немало важный фактор для меня - это внешний вид бойцов, если в классических трёх играх и фильмах 90-ых, а также в игре 2011 года, он меня привлекал, то в данном произведении наоборот отторгает. в общем ставлю 7-мь за качество и новое видение, не более. посмотрю, может когда я буду лицезреть веб-сериал 'смертельная битва: наследие' от того же режиссера, мне понравится больше эта альтернативная вселенная мк.",0.046,0.916,0.038,-0.0803,Neutral,3,3,Neutral,0.9998955726623535,neutral,3,Neutral,0.7612354159355164,negative,1,Negative,0.5587190389633179,Very Positive,5,Positive,0.6866206526756287,3,Neutral,0.6283593807296335,3,Neutral,0.0,3,Neutral,0.45397972730339403,3.0,3,Neutral,Neutral,True,True,True,False,False,True,True,True,True,"Christopher Nolan with his masterpieces ""Batman: the beginning"" (2005) and ""Dark Knight"" (2008) revolutionized cinema, bringing realism to the maximum in his works, and it was truly delightful! in 2010 there is a short film ""Lethal battle: revival"" (a.k.a. mortal commander: rebirth), in which the director Kevin Tancharoen went along the ""Nolanic way"" (if he changes the familiar for all supernatural universe of the film to an alternative, more realistic, where there are no other types, and I do not like it in this tournament, but I do not see it in the world in general, but I do not have a superman, but I do it for the other ones, but I do not have another one in the world, but I do not like it in this way, but I do it, I do it in the other way, I do not see it in the world, but I do it, but I do it, I do not have a superman, but I do it, I do it, I do it, I do it, but I do it, I do it, I do it for the",True
NEUTRAL,обычный магазин как и все магазины.nкак и у всех имеются товары с нарушением хранения и маркировки!,0.17,0.728,0.102,-0.3382,Negative,1,3,Neutral,0.9993447661399841,neutral,3,Neutral,0.5482370257377625,negative,1,Negative,0.8379152417182922,Neutral,3,Neutral,0.35145506262779236,3,Neutral,0.7547722102171053,3,Neutral,0.0,3,Neutral,0.44124126572645994,2.5,2,Negative,Neutral,False,True,True,False,True,True,True,True,False,ordinary store as well as all stores.n as all have goods with violation of storage and labeling!,True
NEGATIVE,"грязная, на дне остаётся песок и камни, годится для посыпания наледи",0.195,0.805,0.0,-0.4404,Negative,1,1,Negative,0.9994150400161743,neutral,3,Neutral,0.7691346406936646,negative,1,Negative,0.5891456007957458,Neutral,3,Neutral,0.49170464277267456,1,Negative,0.506046471202589,1,Negative,0.0,1,Negative,0.6096253179081333,1.5,2,Negative,Negative,True,True,False,True,False,True,True,True,True,"dirty, at the bottom there is sand and stones, suitable for sprinkling naledi",True
NEGATIVE,"совершенно разонравились. в основном там мелкие рисовые шарики, много сахара, но главное - на всю пачку там один-два орешка. просто смешно: ""мюсли с орехом"" - ну да, с одним орешком в пачке ) теперь будем покупать мюсли другой марки.",0.114,0.695,0.191,0.611,Positive,5,1,Negative,0.9999573230743408,neutral,3,Neutral,0.8097935914993286,negative,1,Negative,0.9254797697067261,Negative,1,Negative,0.5319346189498901,1,Negative,0.6107505434202078,1,Negative,0.0,1,Negative,0.7,1.75,2,Negative,Negative,False,True,False,True,True,True,True,True,True,"Mostly there are small rice balls, a lot of sugar, but most importantly - for the whole pack there is one or two nuts. just funny: ""musli with nuts"" - well, with one nut in a pack ) now we will buy muesli of another brand.",True
POSITIVE,"в кругу аниме, которое я буду рекомендовать любителям повседневности прибыло. не рекомендуется людям, которые работают продажниками - могут возникнуть флешбеки, потому что работе уделяется не так много времени, а отдыхайте вы вряд ли в компании аниме девочек. главное украшение аниме - полуметровая девушка (не лоля) футаба игараши - весь сериал пытается доказать себе и окружающим, что уже не маленькая девочка, а взрослый специалист, все мы знаем к чему это приведет. остальные герои прекрасные и милые, их взаимодействие - жизнь человека, которой нет у обычного работника работающего 126. прекрасный способ отвлечься от тяжелой жизни - с прекрасного опенинга и до красивого эндинга.",0.041,0.791,0.169,0.9683,Positive,5,5,Positive,0.9997844099998474,positive,5,Positive,0.6990306973457336,positive,5,Positive,0.8211615681648254,Negative,1,Negative,0.7449755668640137,5,Positive,0.6300768615248702,5,Positive,0.0,5,Positive,0.69,4.5,4,Positive,Positive,True,True,True,True,False,True,True,True,True,"in the circle of anime, which I will recommend to lovers of everyday life arrived. not recommended for people who work as salesmen - flashbacks may arise, because the work is not given much time, and rest you are hardly in the company of anime girls. the main decoration of the anime is a half-meter girl (not lolya) footaba igarashi - the whole series tries to prove to themselves and others that it is not a little girl, but an adult specialist, we all know what it will lead to. the rest of the characters are beautiful and cute, their interaction - the life of a person who does not have an ordinary worker working 126. a wonderful way to distract from a hard life - penning and beautiful ending.",True
NEGATIVE,"кошмар! не понимаю этого поросячьего визга вокруг(либо же мне так не повезло) заказала размер m, на рост 158см, вес 45 кг. и что мне пришло? какой-то ужасно грязный и вонючий ватник, который даже попу не прикрывает, а веревочка, которая должна быть на талии, у меня сразу под мышками! кроме этого, все карманы, рукава и замки пришиты ""на соплях"" и сразу же все отваливается, в первую примерку, все ободранное в шерсти какой-то, даже кнопки грязные. открыла спор - продавец игнорировал, пока не вмешалась поддержка с али. но я месяц ждала вещь, чтобы ее носить, а не чтобы выкинуть, пусть и вернулись деньги. категорически не рекомендую продавца, который отправляет вещь по всем параметрам отвратительную.",0.069,0.907,0.024,-0.6792,Negative,1,1,Negative,0.9999151229858398,negative,1,Negative,0.9460266828536987,negative,1,Negative,0.9867871999740601,Very Negative,1,Negative,0.9174805283546448,1,Negative,0.9232969950848585,1,Negative,0.0,1,Negative,0.55,1.0,1,Negative,Negative,True,True,True,True,True,True,True,True,True,"nightmare! do not understand this piggy squeal around (or I was so unlucky) ordered the size of m, 158 cm tall, weighing 45 kg. and what came to me? some terribly dirty and smelly cotton jacket, which does not even cover the butt, and the rope, which should be at the waist, I have immediately under my arms! except that, all the pockets, sleeves and locks are sewn ""on the snot"" and immediately falls off, everything is stripped in the wool of some kind of wool, even the buttons, and I categorically recommend you to wear it to everyone.",True
POSITIVE,"аниме очень понравилось. оно наполнено добротой, любовью, чувствами. милостью. его хорошо посмотреть весной или летом. не смотря на духов и призраков, в аниме спокойная атмосфера и тона цветов. меня покорило всё, начиная с замечательного опенинга, заканчивая отличным эндингом. также, позабавил няко-сенсей. невозможно было не посмеяться с его действий и фраз. я благодарна создателям и сэйю за сие восхитительное произведение.",0.028,0.594,0.377,0.988,Positive,5,5,Positive,0.9993487000465393,positive,5,Positive,0.991958737373352,positive,5,Positive,0.9993977546691895,Positive,5,Positive,0.8753777146339417,3,Neutral,0.49689244441205094,3,Neutral,0.0,1,Negative,0.4566854271174613,4.0,4,Positive,Positive,True,True,True,True,True,False,False,False,True,"The anime really liked it. it is filled with kindness, love, feelings. mercy. it is good to watch in spring or summer. despite the spirits and ghosts, in the anime the calm atmosphere and tones of flowers. I was captivated by everything, starting with a wonderful opening, ending with a great ending. also, amused nyako-sensei. it was impossible not to laugh with his actions and phrases. I am grateful to the creators and Sayyu for this delightful work.",True
POSITIVE,"пока не снизите цену , покупать не буду. эко нива стоит на 5 рублей дороже но там и жирность 3.2 . а так молоко хорошее.",0.0,0.857,0.143,0.5927,Positive,5,3,Neutral,0.8624221086502075,neutral,3,Neutral,0.6896002292633057,neutral,3,Neutral,0.7634356021881104,Negative,1,Negative,0.7320755124092102,3,Neutral,0.3991217819124487,3,Neutral,0.0,3,Neutral,0.5294234254830431,3.0,3,Neutral,Positive,True,False,False,False,False,False,False,False,False,"until you reduce the price, I will not buy. eco-field costs 5 rubles more expensive but there is a fat content of 3.2. The milk is good.",True
POSITIVE,"достоинства: нормальный кофе! кто говорит что горчит, так это бариста, он и должен быть с горчинкой! недостатки: стал дороже! 4звезды за цену",0.255,0.675,0.07,-0.7633,Negative,1,5,Positive,0.9989462494850159,positive,5,Positive,0.7387559413909912,positive,5,Positive,0.6323187947273254,Very Positive,5,Positive,0.6530271768569946,3,Neutral,0.642594092581191,3,Neutral,0.0,3,Neutral,0.5520893015261722,3.75,4,Positive,Positive,False,True,True,True,True,False,False,False,True,"Advantages: normal coffee! who says that it is bitter, so it is barista, he should be with bitterness! disadvantages: it has become more expensive! 4 stars for the price",True
POSITIVE,"давно посещаю все магазины ""вальма"". сыр из натуральных продуктов и вино из своих виноградников, все на высоте. сейчас появилась сангрия, очень вкусная, всегда можно продегустировать сыр и вино перед покупкой. выбор не большой, но никогда не уйдешь с пустыми руками. имеются сопутствующие товары-фирменные винные бокалы и тарелочки из винных бутылок для нарезки. в помещении всегда чисто и прохладно, стоят диванчики для уставших. обслуживание очень хорошее, во всех магазинах улыбчивые и приветливые продавцы, нет текучки кадров, порадовало что продавец вспомнила нас. рекомендую к посещению.",0.057,0.713,0.23,0.9587,Positive,5,5,Positive,0.9989557266235352,positive,5,Positive,0.9907999634742737,positive,5,Positive,0.9912535548210144,Positive,5,Positive,0.8796210289001465,3,Neutral,0.7168442465281393,3,Neutral,0.0,5,Positive,0.44,4.5,4,Positive,Positive,True,True,True,True,True,False,False,True,True,"a long time visiting all shops ""Valma"". cheese from natural products and wine from their vineyards, all on top. now there is a sangria, very tasty, you can always taste cheese and wine before buying. the choice is not large, but you will never leave empty-handed. there are related products-branded wine glasses and plates of wine bottles for slicing. the room is always clean and cool, there are sofas for the tired. service is very good, in all shops smiling and friendly sellers, there is no turnover of personnel, the seller remembered that I recommend visiting us.",True
NEUTRAL,назад в прошлое. екатеринбург поездка2013,0.0,1.0,0.0,0.0,Neutral,3,3,Neutral,0.9999843835830688,neutral,3,Neutral,0.8671345114707947,neutral,3,Neutral,0.7821345329284668,Neutral,3,Neutral,0.9341593384742737,3,Neutral,0.7495652682098741,3,Neutral,0.0,3,Neutral,0.8497311575791632,3.0,3,Neutral,Neutral,True,True,True,True,True,True,True,True,True,Back to the past. Ekaterinburg trip2013,True
NEUTRAL,"неплохо) мне как любителю гаремников и этти оч зашло)сюжет есть, но не такой интересный, авторы больше в эро-сцены вкладывались)op и ed шикарны. оч красочные и стилистические. за это респект отдельный.персонажи, ну гг в начале интересный был вроде бы, потом в обычного превратился. а девочки мне тут все зашли, ну они неплохи.рисовка норм, в целом больше смахивает на легендарный dxd, но все же как по мне тут есть своя изюминка 810.",0.079,0.69,0.231,0.9266,Positive,5,5,Positive,0.9984654188156128,positive,5,Positive,0.972118616104126,positive,5,Positive,0.8812470436096191,Positive,5,Positive,0.8649085760116577,3,Neutral,0.8436895617820114,3,Neutral,0.0,3,Neutral,0.75,4.25,4,Positive,Neutral,False,False,False,False,False,True,True,True,False,"good) I, as a lover of haremniks and ethty eye went) there is a plot, but not so interesting, the authors were more invested in ero scenes)op and ed chic. eye colorful and stylistic. for this respect separate.characters, well, at first it was interesting, then turned into ordinary. and the girls came to me here, well they are good.drawing norms, in general, more like the legendary dxd, but still as for me there is a highlight of 810.",True
NEUTRAL,"пользовалась этой сетью аптек года три. хорошее обслуживание, приветливый персонал. хорошие скидки. но сейчас перестали отпускать лекарства со скидками по фото или скану клубной карты. карта у нас была одна на две семьи. и носить ее с собой не удобно. поэтому будем менять аптеку ) nменеджменту стоит задуматься. так они растеряют своих клиентов.",0.094,0.817,0.089,-0.3172,Negative,3,3,Neutral,0.9998749494552612,neutral,3,Neutral,0.7232098579406738,negative,1,Negative,0.839570164680481,Negative,1,Negative,0.7733767032623291,3,Neutral,0.5854415564090494,3,Neutral,0.0,5,Positive,0.44,2.75,3,Neutral,Neutral,False,True,True,False,False,True,True,False,True,"used this network of pharmacies for three years. good service, friendly staff. good discounts. but now they stopped releasing drugs with discounts on photos or scans of a club card. the card we had one for two families. and carry it with us is not convenient. so we will change the pharmacy ) n management should think. so they will lose their customers.",True
NEUTRAL,"очень не равномерно порезаны ( какие-то очень толстые, какие-то тонкие, есть которые половина тольстый половина тонкий",0.145,0.855,0.0,-0.3353,Negative,1,3,Neutral,0.9987626075744629,neutral,3,Neutral,0.7539448738098145,neutral,3,Neutral,0.6459498405456543,Negative,1,Negative,0.8363826274871826,3,Neutral,0.7560193929207782,3,Neutral,0.0,3,Neutral,0.734898855329317,2.5,2,Negative,Neutral,False,True,True,True,False,True,True,True,False,"very unevenly cut (some very thick, some thin, which are half thick and half thin).",True
NEGATIVE,строчки не ровные сшито не ровно настолько что даже дома ходить в этом нельзя один раз постирать и выкинуть не рекомендую!,0.07,0.93,0.0,-0.2225,Negative,3,1,Negative,0.9998077750205994,negative,1,Negative,0.9088292121887207,negative,1,Negative,0.8926352858543396,Negative,1,Negative,0.5148617625236511,1,Negative,0.7816009331581809,1,Negative,0.0,1,Negative,0.9,1.25,1,Negative,Negative,True,True,True,True,True,True,True,True,True,The lines are not even stitched so much that even at home you can not walk in this once wash and throw away is not recommended!,True
NEUTRAL,"эта картина несколько удачнее подобной ленты всё по-семейному (всё в семье) тех же сценариста ссумы кэ и режиссёра чу му. здесь также для сопровождения титров была использована анимация, что придаёт фильму шуточные манеры. сюрпризы. состоят из трёх новелл. в первой гонконгские кинематографисты отдают дань памяти игре маджонг и азартным китайцам. во второй (с участием джеки чана) события разворачиваются в духе эротического триллера. а в третьей приводится история двух выдумщиков. джеки чану, выступившему под псевдонимом чэнь юаньлун, роли в таких фильмах, видимо, не пришлись по душе. актёр больше не стал экспериментировать и в дальнейшем снимался только в боевиках с восточными единоборствами (по крайней мере, до периода своей мировой славы). другой распространённый перевод названия этой ленты бесконечные сюрпризы. 4 из 10",0.013,0.836,0.151,0.9138,Positive,5,3,Neutral,0.9999626874923706,neutral,3,Neutral,0.6536080241203308,negative,1,Negative,0.990149974822998,Positive,5,Positive,0.7230708599090576,1,Negative,0.4580762968093607,1,Negative,0.0,3,Neutral,0.57,2.75,3,Neutral,Neutral,False,True,True,False,False,False,False,True,True,"this picture is somewhat more successful than a similar tape all in a family way (all in the family) of the same scriptwriter Suma Ke and director Chu Mu. here also for the accompaniment of the credits was used animation, which gives the film funny manners. surprises. consist of three novels. in the first Hong Kong filmmakers pay tribute to the game of Mahjong and the gambling Chinese. in the second (with the participation of Jacki Chan) events unfold in the spirit of an erotic thriller. and in the third the story of two fictionalists. surprises. 4 out of 10",True
NEUTRAL,рыбка свежая. но за что же вы ее так покромсали?,0.215,0.65,0.134,-0.25,Negative,3,3,Neutral,0.9998050332069397,neutral,3,Neutral,0.6758221387863159,negative,1,Negative,0.6035776138305664,Negative,1,Negative,0.5751155018806458,3,Neutral,0.5051518007657536,3,Neutral,0.0,5,Positive,0.7248880553771683,2.75,3,Neutral,Neutral,False,True,True,False,False,True,True,False,True,"The fish is fresh, but why did you cut it?",True
NEUTRAL,"заказывала блузку только из-за рюш и увы их я не увидела. спор разрешил али, часть денег вернули.",0.149,0.851,0.0,-0.2732,Negative,3,3,Neutral,0.9750657677650452,negative,1,Negative,0.6000014543533325,neutral,3,Neutral,0.5428929924964905,Very Negative,1,Negative,0.5676485896110535,1,Negative,0.5099128595023349,3,Neutral,0.0,1,Negative,0.71,2.0,2,Negative,Neutral,False,True,False,True,False,False,True,False,False,"I ordered a blouse only because of the ruffles and, alas, I did not see them.",True
POSITIVE,"отличный свитер! теплый, мягкий и очень приятный! размер точно соответствует таблице. я очень довольна! спасибо продавцу! рекомендую!",0.0,0.489,0.511,0.9496,Positive,5,5,Positive,0.999129593372345,positive,5,Positive,0.9968737363815308,positive,5,Positive,0.9950802326202393,Very Positive,5,Positive,0.5088515281677246,5,Positive,0.9833018868744593,5,Positive,0.0,5,Positive,0.89,5.0,5,Positive,Positive,True,True,True,True,True,True,True,True,True,"Great sweater! warm, soft and very pleasant! the size exactly matches the table. I am very pleased! thank you to the seller!",True
NEUTRAL,"наче они еще дети, которым проще свалить вину на своих родителей. согласна с вашей подруг, брак разбивают только супруги. даже в вашем примере, они позволили такое вмешательство, которое разрушило из семью. у нас прям перекликаются темы сегодня :-) весь вопрос еще в том, как люди расстаются при этом. если по-человечески, не портя друг другу нервы и не скатываясь на оскорбления личности друг друга, тогда всегда есть шанс что-то возродить.а если выливают друг на друга ушат грязи и подлости, то восстановление трудно представить. третьи уроды идут на хуй. я матери до сих пор не могу простить, как она меня заставила буквально, третируя и все остальное, бросить любимую. не прощу до сих пор",0.124,0.731,0.145,0.2575,Positive,3,3,Neutral,0.9987438321113586,negative,1,Negative,0.9039874076843262,positive,5,Positive,0.7668288946151733,Very Negative,1,Negative,0.47278180718421936,1,Negative,0.7537845276913716,1,Negative,0.0,1,Negative,0.49,2.0,2,Negative,Neutral,False,True,False,False,False,False,False,False,False,"I agree with your friends, the marriage is broken only by spouses. even in your example, they allowed such an intervention that destroyed the family. we have a direct resonance of the topics today :-) the whole question is still how people part with this. if in a human way, not spoiling each other's nerves and not sliding into insults to each other's personality, then there is always a chance to revive something. and if they pour on each other dirt and meanness, it is difficult to imagine recovery.",True
NEUTRAL,"очень удобное расположение,рядом остановка и автовокзал.можно с дороги покушать свежее и горяченькое или взять с собой.но часто бывают салаты и копчёности не свежие,будет внимательны.",0.043,0.833,0.124,0.4588,Positive,5,3,Neutral,0.9998065829277039,positive,5,Positive,0.8843286633491516,neutral,3,Neutral,0.8050197958946228,Positive,5,Positive,0.894097626209259,3,Neutral,0.6690947435041071,3,Neutral,0.0,3,Neutral,0.44,3.75,4,Positive,Neutral,False,True,False,True,False,True,True,True,False,"very convenient location, near the stop and bus station.You can eat fresh and hot from the road or take with you. but often there are salads and smoked meats not fresh, will be attentive.",True
POSITIVE,"должна признать что картофель оказался на редкость вкусным, рассыпчатым. все замечательно!",0.0,0.833,0.167,0.2023,Positive,3,5,Positive,0.9918992519378662,neutral,3,Neutral,0.6058264374732971,negative,1,Negative,0.6401230692863464,Very Negative,1,Negative,0.3565870225429535,3,Neutral,0.42125344837039735,5,Positive,0.0,3,Neutral,0.4588963141667537,3.0,3,Neutral,Positive,True,True,False,False,False,False,True,False,False,"I have to admit that the potatoes were extremely tasty, crumbly.",True
POSITIVE,"наверное, всем нам знакома история о браке по расчету и настоящей любви? эта история об этом. и мужчины, и женщины, наверняка слышали о таком типе дам: роковая красавица, которая сводит мужчин с ума, любит дорогие подарки, красивые платья, французские духи и бриллианты. но сама она не умеет зарабатывать: ее оружие красота и житейский опыт. так было и во франции 19 века, и в россии, (вспомните настасью филлиповну из романа 'идиот' - куртизанка), и в германии. и в наше время вы найдете подобные ситуации, но вместо баронов мужчины с обвисшим животом на 'лексусе', которые дарят вместо бриллиантов айфоны. чем примечательна картина: 1) актерским составом и игрой. актеры играют достаточно хорошо, видно, что они чувствуют друг друга и с посылом отыгрывают действия друг друга. 2) декорации, костюмы, атмосфера салонов. костюмы подобраны со вкусом, арендовали помещения с размахом и убранства соответствовали знати. атмосфера светской парижской жизни погружала в 19 век. 3) такие фильмы воссоздают картину того времени (по крайней мере зрительно это ощутимо) 4) для лентяев читать вы сможете ознакомиться с пьесой в заключении отмечу, что в итоге вы узнаете в чем-то себя, девушки. 6 из 10",0.05,0.843,0.106,0.9011,Positive,5,5,Positive,0.999881386756897,neutral,3,Neutral,0.735073447227478,positive,5,Positive,0.9785375595092773,Neutral,3,Neutral,0.317274808883667,3,Neutral,0.4168691313961418,1,Negative,0.0,3,Neutral,0.44,3.5,4,Positive,Positive,True,True,False,True,False,False,False,False,True,"Perhaps we all know the story of marriage of convenience and real love? this story about this. and men and women, probably heard about this type of ladies: fatal beauty who drives men crazy, loves expensive gifts, beautiful dresses, French perfume and diamonds. but she herself does not know how to earn: her weapon beauty and life experience. so it was in France of the 19th century, and in Russia, (remember the nastasya phillipina from the novel “idiot” – courtesan), and in Germany. and in our time you will find similar situations, but instead of barons, they are seen with a picture of each other. 2) decorations, costumes, atmosphere of salons. costumes were selected with taste, rented rooms with a scope and decorations corresponded to the nobility. the atmosphere of secular Parisian life immersed in the 19th century. 3) such films recreate the picture of that time (at least visually it is tangible) 4 for lazy people read you can get acquainted with the play in conclusion I note that in the end you will recognize yourself in something, girls. 6 out of 10",True
NEGATIVE,"история интересная, но уж слишком наивная. да и действия начала и конца развиваются слишком быстро. не, это, конечно, аля-сказка, но сказки, если я хорошо помню, были более логичными, да и пожёсче. конец мне вообще не понравился. не люблю хеппиэнды, когда всё идёт к бедэнду.",0.265,0.672,0.063,-0.9374,Negative,1,3,Neutral,0.7551913857460022,neutral,3,Neutral,0.6620097756385803,negative,1,Negative,0.7904438972473145,Negative,1,Negative,0.9030177593231201,3,Neutral,0.6577238688512064,3,Neutral,0.0,3,Neutral,0.45,2.25,2,Negative,Negative,True,False,False,True,True,False,False,False,True,"The story is interesting, but it is too naive. and the actions of the beginning and the end develop too quickly. No, it is, of course, a fairy tale, but fairy tales, if I remember well, were more logical, and even harder. the end I did not like. I do not like happy endings, when everything goes to the poor.",True
NEUTRAL,качество блузки хорошее. пошита аккуратно. материал приятный. но размер xxl на русский 44. мала.,0.0,0.756,0.244,0.5859,Positive,5,3,Neutral,0.9488290548324585,neutral,3,Neutral,0.4944453239440918,neutral,3,Neutral,0.7375680208206177,Positive,5,Positive,0.9196736216545105,5,Positive,0.5633299675845481,5,Positive,0.0,5,Positive,0.65,4.25,4,Positive,Neutral,False,True,True,True,False,False,False,False,False,The quality of the blouse is good. sewn neatly. the material is pleasant. but the size xxl in Russian 44. small.,True
POSITIVE,"шапка супер, как в описании, но доставка очень долгая, и не отслеживается",0.0,0.803,0.197,0.3506,Positive,5,5,Positive,0.9955238103866577,positive,5,Positive,0.7751308083534241,positive,5,Positive,0.9937134385108948,Negative,1,Negative,0.7540289759635925,5,Positive,0.7955015193256909,5,Positive,0.0,5,Positive,0.83,4.5,4,Positive,Positive,True,True,True,True,False,True,True,True,True,"Super cap, as described, but delivery is very long and untraceable",True
NEGATIVE,"товар пришёл, но совсем другой.",0.0,1.0,0.0,0.0,Neutral,3,3,Neutral,0.6245728731155396,negative,1,Negative,0.5079817771911621,negative,1,Negative,0.518412709236145,Negative,1,Negative,0.5550434589385986,1,Negative,0.6421593247647877,1,Negative,0.0,1,Negative,0.4317068450481007,1.5,2,Negative,Negative,False,False,True,True,True,True,True,True,True,"The merchandise came, but different.",True
NEUTRAL,юбку получила быстро. но носить невозможно. тесно в бедрах. до заказа я просила продавца определить мне размер и сообщила ему объем бедер. но ответа не получила. заказала хххl. в россии это большой размер. на картинке показана шнуровка. но она бутафорная. очень жаль. наталья.,0.143,0.857,0.0,-0.8334,Negative,1,3,Neutral,0.999445378780365,neutral,3,Neutral,0.49320319294929504,negative,1,Negative,0.9236703515052795,Very Negative,1,Negative,0.4640145003795624,3,Neutral,0.6587088299515533,3,Neutral,0.0,3,Neutral,0.51,2.25,2,Negative,Neutral,False,True,True,False,False,True,True,True,False,"I got the skirt quickly. but it is impossible to wear. tight in the hips. before the order, I asked the seller to determine the size and told him the volume of the hips. but received no response. I ordered xxxl. in Russia this is a large size. the picture shows the lace. but it is fake. very sorry. Natalia.",True
POSITIVE,"хорошее заведение, внутри чисто, персонал обслуживает быстро, еда вся свежая, в туалете очень чисто. так что все понравилось. всем рекомендую.",0.0,0.514,0.486,0.9212,Positive,5,5,Positive,0.9942587614059448,positive,5,Positive,0.9935504198074341,positive,5,Positive,0.740190863609314,Positive,5,Positive,0.7584596276283264,3,Neutral,0.6147403783312706,3,Neutral,0.0,5,Positive,0.65,4.5,4,Positive,Positive,True,True,True,True,True,False,False,True,True,"Good establishment, clean inside, staff service quickly, the food is all fresh, the toilet is very clean, so I recommend everything.",True
POSITIVE,"размер соответствует рос.44-46. качество хорошее, после многократных стирок краска не облезла, кружева не разошлись по ниточкам. удобные, красивые. быстрая доставка. спасибо продавцу.",0.0,0.704,0.296,0.9118,Positive,5,5,Positive,0.9951627254486084,positive,5,Positive,0.988030731678009,positive,5,Positive,0.9908535480499268,Positive,5,Positive,0.809141993522644,5,Positive,0.7480187124995891,5,Positive,0.0,5,Positive,0.97,5.0,5,Positive,Positive,True,True,True,True,True,True,True,True,True,"the size corresponds to ros.44-46. the quality is good, after multiple washes the paint did not climb, the lace did not go along the strings. comfortable, beautiful. fast delivery. thank you to the seller.",True
NEUTRAL,"последние пару раз капуста красивая, но абсолютно горькая. ну и привозят через раз с таким количеством листьев, что это переплата 30-40 от веса.",0.116,0.729,0.155,0.0971,Neutral,3,3,Neutral,0.9999408721923828,neutral,3,Neutral,0.5468010902404785,negative,1,Negative,0.9311268329620361,Negative,1,Negative,0.4246334731578827,1,Negative,0.7010630983331243,1,Negative,0.0,1,Negative,0.5050211352451484,1.75,2,Negative,Neutral,True,True,True,False,False,False,False,False,False,"The last couple of times the cabbage is beautiful, but absolutely bitter. well, and brought again with so many leaves that it is an overpayment of 30-40 by weight.",True
POSITIVE,"искали аниме в котором шутки ниже пояса ?встречайте аниме мир в котором не существует самой концепции похабных шуток.в данном тайтле вы увидите.неуверенного в себе школьника , который учился в школе , с плохим надзором.чудо женщина , что вершит провосудие только голышом , и в белой накидке.они вместе образуют опасную опг группировку сокс.и вербуют к себе ещё 1 делетанта.у которого пассивный скил рисовать эро мангу .и в конце концов.я забыл .вообще аниме угарное ,если нелень , можете посмотреть. равнодушным оно вас точно не оставит",0.151,0.703,0.145,-0.3814,Negative,1,5,Positive,0.9999765157699585,negative,1,Negative,0.742117166519165,positive,5,Positive,0.8290485143661499,Very Negative,1,Negative,0.8558639287948608,3,Neutral,0.5615492240914267,3,Neutral,0.0,3,Neutral,0.4,2.75,3,Neutral,Positive,False,True,False,True,False,False,False,False,False,"searched for anime in which jokes below the belt ? meet the anime world in which there is no very concept of obscene jokes. in this title you will see. insecure schoolboy who studied at school , with poor supervision. the miracle woman , that makes justice only naked , and in a white cape . they together form a dangerous opg group of sox. and recruit another 1 deleant . in which passive skil to draw an era of manga . and in the end, it does not forget about you.",True
POSITIVE,"только что досмотрел сие творение, вот уж не ожидал, что будет настолько интересно смотреть. сюжет, хоть простой и иногда предсказуемый, но все равно довольно сильно держал до конца. гг мне понравился своим, довольно интересным, характером, который не раз вас будет удивлять. остальные персонажи тоже интересны, но уже не так сильно, все мое внимание было на гг. рисовка не удивила, но в целом, смотреть можно, поэтому и опускать оценку я не стал. в итоге, 1010, по мне так это лучшее, что выходило в этом году.",0.0,0.719,0.281,0.9857,Positive,5,5,Positive,0.9999363422393799,neutral,3,Neutral,0.5347501039505005,positive,5,Positive,0.998113751411438,Positive,5,Positive,0.37529489398002625,3,Neutral,0.47857403381197866,1,Negative,0.0,3,Neutral,0.55,3.75,4,Positive,Positive,True,True,False,True,True,False,False,False,True,"I just watched this creation, I did not expect that it would be so interesting to watch. the plot, though simple and sometimes predictable, but still quite strongly held until the end. I liked my, quite interesting, character, which will surprise you more than once. the other characters are also interesting, but not so much, all my attention was on the years drawing did not surprise, but in general, you can look, so I did not omit the assessment. in the end, 1010, for me so is the best that came out this year.",True
NEUTRAL,дима ты что с ума сошел)),0.545,0.455,0.0,-0.34,Negative,1,3,Neutral,0.9999823570251465,negative,1,Negative,0.37009745836257935,neutral,3,Neutral,0.7855732440948486,Negative,1,Negative,0.28811025619506836,3,Neutral,0.5298840322374212,3,Neutral,0.0,3,Neutral,0.47536645372567526,2.25,2,Negative,Neutral,False,True,False,True,False,True,True,True,False,Are you crazy?,True
NEUTRAL,"мы не поняли ""шутки юмора"" общались с вашими менеджерами, обсчитали штакетник, прислали счет. а дальше начались интересные дела, сбербанк заблокировал оплату и сказал, если вы уверены, то nпроведите оплату повторно через 5 минут.nвот тут нам пришло в голову проверить счет и о чудо инн в счёте не соответствует вашей фирме (как и остальные реквизиты) и счет на бумажке от 26.06 23, в счёте отражается, как от сентября 2022, это простите как понимать?nзаодно решили посмотреть отзывы, похоже это у вас нормальная практика.",0.085,0.757,0.158,0.504,Positive,5,3,Neutral,0.9925541281700134,neutral,3,Neutral,0.7001541256904602,negative,1,Negative,0.9424371719360352,Very Negative,1,Negative,0.5199958086013794,3,Neutral,0.5366965374038959,3,Neutral,0.0,3,Neutral,0.4248582071215054,2.75,3,Neutral,Neutral,False,True,True,False,False,True,True,True,True,"We did not understand the ""jokes of humor"" communicated with your managers, counted the picket, sent the bill. and then interesting things began, Sberbank blocked payment and said, if you are sure, then make the payment again in 5 minutes.",True
NEGATIVE,совершенно не докторская колбаса - размазнистая субстанция.,0.0,1.0,0.0,0.0,Neutral,3,1,Negative,0.9466614723205566,neutral,3,Neutral,0.5627714991569519,negative,1,Negative,0.950397253036499,Very Negative,1,Negative,0.6780892610549927,1,Negative,0.6117232723488017,1,Negative,0.0,1,Negative,0.7136540063462763,1.5,2,Negative,Negative,False,True,False,True,True,True,True,True,True,Not a doctor's sausage - a smeared substance.,True
NEGATIVE,"буду объективна на счет данной покупки и скажу, что заказом не довольна. заказывала одно, а получила другое, да и не самого лучше качества. хотя первый раз брала футболку, и все было все как заказывала, видно на 2 раз продавец расслабился. неприятно подобное поведение. о заказе в 3 раз уже я изрядно подумаю.",0.139,0.759,0.101,-0.34,Negative,1,1,Negative,0.9996178150177002,negative,1,Negative,0.5843386054039001,negative,1,Negative,0.8548826575279236,Negative,1,Negative,0.8315218687057495,3,Neutral,0.5524656055785996,3,Neutral,0.0,1,Negative,0.43,1.5,2,Negative,Negative,True,True,True,True,True,False,False,True,True,"I will be objective about this purchase and say that the order is not satisfied. ordered one, and received another, and not the best quality. although the first time I took a T-shirt, and everything was as ordered, you can see 2 times the seller relaxed. unpleasant similar behavior. about the order 3 times already I pretty much think.",True
NEUTRAL,"рис не цельный, колотый.",0.0,0.776,0.224,0.1139,Neutral,3,3,Neutral,0.6379504203796387,neutral,3,Neutral,0.7235220074653625,negative,1,Negative,0.848967432975769,Negative,1,Negative,0.6791126728057861,5,Positive,0.363777961263648,5,Positive,0.0,3,Neutral,0.95,3.0,3,Neutral,Neutral,True,True,True,False,False,False,False,True,True,"The rice isn't whole, it's pricked.",True
NEUTRAL,"качество ужасное, короткое и цвет и по внешности отличается",0.279,0.721,0.0,-0.4767,Negative,1,3,Neutral,0.7506523728370667,negative,1,Negative,0.6084083914756775,negative,1,Negative,0.9242844581604004,Very Negative,1,Negative,0.5440337657928467,3,Neutral,0.687890871493087,3,Neutral,0.0,5,Positive,0.7659581381072917,2.25,2,Negative,Neutral,False,True,False,False,False,True,True,False,False,"quality terrible, short and color and in appearance differs",True
NEUTRAL,"заказ пришёл быстро,но очень большой",0.0,1.0,0.0,0.0,Neutral,3,3,Neutral,0.9434894323348999,neutral,3,Neutral,0.658624529838562,positive,5,Positive,0.9563590884208679,Positive,5,Positive,0.8505125045776367,3,Neutral,0.6483855313945368,3,Neutral,0.0,3,Neutral,0.6609021281319183,3.5,4,Positive,Neutral,True,True,True,False,False,True,True,True,False,"The order came quickly, but very large.",True
POSITIVE,"вкусно, разнообразно, отзывчивый персонал, не далеко от моря, рекомендую посетить",0.0,0.479,0.521,0.8271,Positive,5,5,Positive,0.9990442395210266,positive,5,Positive,0.9920684099197388,positive,5,Positive,0.9646657705307007,Positive,5,Positive,0.8804827332496643,5,Positive,0.6249931724161343,5,Positive,0.0,5,Positive,0.66,5.0,5,Positive,Positive,True,True,True,True,True,True,True,True,True,"delicious, varied, responsive staff, not far from the sea, I recommend visiting",True
NEUTRAL,"не существует бесконечного запаса завтрашних дней, так что делай это сейчас!",0.199,0.801,0.0,-0.3595,Negative,1,3,Neutral,0.9997544884681702,neutral,3,Neutral,0.6063196659088135,positive,5,Positive,0.792290449142456,Positive,5,Positive,0.6003180146217346,1,Negative,0.47012956507327885,3,Neutral,0.0,3,Neutral,0.48125825953015583,3.0,3,Neutral,Neutral,False,True,True,False,False,False,True,True,True,"There is no infinite supply of tomorrows, so do it now!",True
POSITIVE,"полне нормальный, бывают и хуже :) если говорить о начальнике моего отдела - у меня шикарная начальница. во всех смыслах :)если о начальнике вообще, то яхз. :) у меня их.эээ.триначальники как начальники а где пункт самодур ? ох, сам начальник. у меня отличный начальник! точнее начальница :) а прошлый был г. полное. так что я рада. у меня несколько начальников, по выше и по ниже",0.084,0.735,0.181,0.858,Positive,5,5,Positive,0.9567152261734009,neutral,3,Neutral,0.6701362133026123,positive,5,Positive,0.7155426740646362,Negative,1,Negative,0.501944899559021,3,Neutral,0.46634950209223924,5,Positive,0.0,5,Positive,0.57,4.0,4,Positive,Positive,True,True,False,True,False,False,True,True,True,"It is quite normal, there are even worse :) If we talk about the head of my department - I have a chic boss. in every sense : ) If about the boss at all, then yahz. :) I have them. erm. tri-chiefs as bosses and where is the point of timid ? oh, the boss himself. I have a great boss! or rather the boss : ) and the previous one was full. so I am glad. I have several bosses, higher and lower.",True
NEUTRAL,"у старых сёдзё есть свой неповторимый ванильный шарм, они до глупости наивны и нереалистичны, а от их сладости иногда даже тошнит, но в тоже время смотря их в ретроспективе невозможно не проникнуться всем этим, я не говор получать удовольствие, это маловероятно, но вот то что подобный опыт сложно повторить это точно. и ""красивая девочка"" как раз такой случай. пустая история о том как малолетки снимают настоящее кино и як юная молодая леди влюбляется в режиссёра. описать подобный сюжет можно ещё короче, но это не сделает его более сложным. атмосфера создаётся за счёт особенности музыки, рисовки, стиля и подачи. это не самый лучший представитель жанра, он достаточно концентрированный, чтобы можно было решиться потратить на него 30 минут. от меня 610",0.134,0.708,0.157,0.794,Positive,5,1,Negative,0.7688843011856079,neutral,3,Neutral,0.8055944442749023,negative,1,Negative,0.9587789177894592,Negative,1,Negative,0.7776785492897034,1,Negative,0.40306683686080036,3,Neutral,0.0,1,Negative,0.37,2.0,2,Negative,Neutral,False,False,True,False,False,False,True,False,False,"Old shōjos have their own unique vanilla charm, they are stupidly naive and unrealistic, and their sweetness sometimes even makes you sick, but at the same time watching them in retrospect it is impossible not to feel all this, I do not say to enjoy, it is unlikely, but that such an experience is difficult to repeat exactly. and ""beautiful girl"" just such a case. an empty story about how young women make a real movie and a young lady falls in love with a director. To describe such a plot can be even shorter, but it does not make it more difficult for me to spend 6 minutes on the best music.",True
POSITIVE,"отличный лаунж в петербурге с видом на петроградку, идеально, что на балконе теперь есть столики и в теплую погоду самое то забронировать было именно там! персонал сообщает об акциях, что очень удобно, кальяны 990 до 18.00 и -25 на меню по будням с 12-16.00. большой выбор закусок и основных блюд, остались только с приятными впечатлениями от заведения",0.0,0.771,0.229,0.9565,Positive,5,5,Positive,0.9996336698532104,positive,5,Positive,0.9867182374000549,positive,5,Positive,0.9699253439903259,Positive,5,Positive,0.6845273375511169,5,Positive,0.9764741498462154,5,Positive,0.0,5,Positive,0.83,5.0,5,Positive,Positive,True,True,True,True,True,True,True,True,True,"excellent lounge in St. Petersburg with a view of the Petrogradka, it is ideal that the balcony now has tables and in warm weather the best thing to book it was there! the staff reports about the promotions, which is very convenient, hookahs 990 to 18.00 and -25 on the menu on weekdays from 12-16.00. a large selection of snacks and main dishes, left only with pleasant impressions from the institution",True
NEGATIVE,"очень много жира, слишком много",0.0,1.0,0.0,0.0,Neutral,3,3,Neutral,0.886519193649292,neutral,3,Neutral,0.8357649445533752,negative,1,Negative,0.5031523108482361,Negative,1,Negative,0.6884886026382446,3,Neutral,0.7814030863365091,3,Neutral,0.0,3,Neutral,0.5716194554041166,2.5,2,Negative,Negative,False,False,False,True,True,False,False,False,True,"Too much fat, too much fat.",True
NEUTRAL,"отель на троечку,завышены цены на питание,то что есть в меню на обеды и ужины,не может стоить 1200руб.учитывая качество приготовления.отдельная тема спа зона,на ресепшене и по телефону врут про наличие хаммама,при этом в глаза потом говорят они этого не говорили,есть маленький бассейн 6х2м по ощущению и теплая сауна,джакузи с мутной водой,молодой коллектив,хорошо обучен улыбаться вам в лицо,но не больше.в общем на хилтон не похож,пыль в глаза пускают.",0.037,0.884,0.079,0.0516,Neutral,3,3,Neutral,0.9999747276306152,neutral,3,Neutral,0.7660295963287354,negative,1,Negative,0.7782936692237854,Neutral,3,Neutral,0.7902634143829346,3,Neutral,0.682811408884217,3,Neutral,0.0,3,Neutral,0.5,2.75,3,Neutral,Neutral,True,True,True,False,True,True,True,True,True,"hotel for three, overpriced food, what is in the menu for lunches and dinners, can not cost 1200 rubles.given the quality of cooking.Special theme spa area, at the reception and on the phone lie about the presence of a hammam, while in the eyes then they say this, there is a small pool 6x2m feeling and a warm sauna, jacuzzi with muddy water, a young team, well trained to smile in your face, but no more.",True
NEUTRAL,"доставка быстрая, но отправлял долго. кофта села как на картинке! непонятные синие разводы на кофте, надеюсь отстираются! ткань приятная, очень тёплая,прям на зиму! 3 за пятна, даже если отстираются, не приятный факт!",0.0,0.705,0.295,0.9566,Positive,5,3,Neutral,0.9832506775856018,neutral,3,Neutral,0.8509496450424194,neutral,3,Neutral,0.8959794640541077,Very Negative,1,Negative,0.4323001801967621,3,Neutral,0.5507059147355063,3,Neutral,0.0,5,Positive,0.46202270898317743,3.25,3,Neutral,Neutral,False,True,True,True,False,True,True,False,True,"delivery is fast, but sent a long time. the sweater sat down as in the picture! incomprehensible blue divorces on the sweater, I hope they wash off! the fabric is pleasant, very warm, right for the winter! 3 for stains, even if washed off, not a pleasant fact!",True
NEGATIVE,"ставлю одну звезду за то, что это не палтус. минтай скорее всего. по качеству рыба отличная, вкусная, не перемороженная. но, уважаемый магазин, разберитесь с поставщиком, это обман потребителей.",0.181,0.764,0.054,-0.7562,Negative,1,1,Negative,0.999675989151001,neutral,3,Neutral,0.5567444562911987,negative,1,Negative,0.9995463490486145,Very Negative,1,Negative,0.5558708906173706,1,Negative,0.795689369830706,1,Negative,0.0,1,Negative,0.67,1.25,1,Negative,Negative,True,True,False,True,True,True,True,True,True,"I put one star for the fact that it is not halibut. pollock most likely. the quality of the fish is excellent, tasty, not frozen. but, dear store, deal with the supplier, this is a scam of consumers.",True
POSITIVE,"если просто почитать сценарий или аннотацию к этому произведению, то возникнет совершенно очевидное желание причислить его к жанру 'чёрная комедия'. в сущности это неверное решение. формально - да, каннибализм. в реальности же там нет ни единого момента с ужасами - будь то расчленение, поедание и т.п. не более, чем тонкие намёки. на поверку фильм оказывается прекрасной комедией, выполненной в традиционном французском стиле, с прекрасной игрой актёров и великолепным антуражем 30-40х годов. весь фильм - бесконечная череда хорошо оформленных гэгов - коротеньких ситуационных нелепостей, приправленных превосходным звуковым сопровождением (типичные примеры - ритмы дома в начале фильма или настройка мычалок). в сущности фильм - полнометражный клоунский телеспектакль. фильм очень рекомендован любителям сюрреалистического юмора, которых не смущает формальный сюжет. фильм категорически не рекомендован тонким, чувствительным натурам, падающим в обморок от слова 'каннибал'. это как хороший матерный анекдот - если выкинуть из него крепкое слово в конце, то он потеряет смысл. так что если не готов услышать это слово - тебе просто не стоит его рассказывать. есть на свете и другие. 9 из 10",0.089,0.757,0.153,0.8828,Positive,5,5,Positive,0.9949980974197388,neutral,3,Neutral,0.7526105046272278,positive,5,Positive,0.9317169189453125,Very Negative,1,Negative,0.7956397533416748,1,Negative,0.9040462145876031,1,Negative,0.0,1,Negative,0.44,2.75,3,Neutral,Positive,True,True,False,True,False,False,False,False,False,"If you just read the script or annotation to this work, then there will be an absolutely obvious desire to classify it as a genre of ""black comedy."" in essence, this is the wrong decision. formally - yes, cannibalism. in reality, there is not a single moment with horrors - whether it is dismemberment, eating, etc., no more than subtle hints. in fact, the film turns out to be a beautiful comedy, performed in the traditional French style, with a beautiful play of actors and a magnificent entourage of the 30-40s. the entire film - the endless plot is not recommended by the film, if you do not listen to a good verbalistic verbly to the sound of the sound of the sound of the verbly vernacular form. 9 out of 10",True
NEUTRAL,"на вкус неплохой, но при термической обработке потёк, сырники расплылись.",0.0,0.822,0.178,0.2382,Positive,3,3,Neutral,0.9975345134735107,neutral,3,Neutral,0.7035905718803406,negative,1,Negative,0.6585115194320679,Negative,1,Negative,0.7132054567337036,3,Neutral,0.8897393620430049,3,Neutral,0.0,3,Neutral,0.6316457945533865,2.5,2,Negative,Neutral,False,True,True,False,False,True,True,True,False,"It tasted good, but when heat treatment flowed, cheesecakes splashed.",True
NEGATIVE,на картинке совсем другая кофта и модель и ткань,0.0,1.0,0.0,0.0,Neutral,3,1,Negative,0.6152101159095764,neutral,3,Neutral,0.7440437078475952,negative,1,Negative,0.8672835230827332,Positive,5,Positive,0.5073177814483643,3,Neutral,0.6975978097000596,3,Neutral,0.0,3,Neutral,0.5302421888619477,2.75,3,Neutral,Negative,False,True,False,True,False,False,False,False,False,The picture is a completely different sweatshirt and model and fabric,True
NEGATIVE,"порошок, который нужно разводить 1:1 или в лучшем случае 1:2. своих денег эта мутная жижа точно не стоит",0.068,0.651,0.281,0.7379,Positive,5,1,Negative,0.7676567435264587,neutral,3,Neutral,0.5089476704597473,negative,1,Negative,0.8767854571342468,Very Negative,1,Negative,0.41903963685035706,3,Neutral,0.3879896442675145,3,Neutral,0.0,3,Neutral,0.6416267180285637,2.5,2,Negative,Negative,False,True,False,True,True,False,False,False,True,a powder that needs to be diluted 1:1 or at best 1:2. this murky slime is definitely not worth it,True
POSITIVE,любимая икра ребенка,0.0,1.0,0.0,0.0,Neutral,3,5,Positive,0.9966008067131042,positive,5,Positive,0.7602918148040771,neutral,3,Neutral,0.7196654677391052,Positive,5,Positive,0.6394097208976746,3,Neutral,0.46430801652551607,3,Neutral,0.0,1,Negative,0.49711930020880296,3.5,4,Positive,Positive,False,True,True,False,True,False,False,False,True,baby-caviar,True
NEUTRAL,"отличная манга про трапов, хотя тут больше про романтику и решения гг с кем ему(или ей?) быть в итоге. финал очень скомканный не понравился, хоть и логически завершённый, всю эту историю можно было растянуть как минимум ещё на пару томов. этти в комплекте присутствует. вся суть тайла строится на ощущениях и мыслях гг после превращения в девушку.",0.04,0.81,0.15,0.7826,Positive,5,3,Neutral,0.9993589520454407,neutral,3,Neutral,0.6458145380020142,positive,5,Positive,0.8106285333633423,Positive,5,Positive,0.6924893260002136,3,Neutral,0.7838931570135308,3,Neutral,0.0,3,Neutral,0.79,3.75,4,Positive,Neutral,False,True,True,False,False,True,True,True,False,"great manga about stairs, although there is more about romance and the decision of whom he (or she?) to be in the end. the finale is very crumpled did not like, although logically completed, the whole story could be stretched for at least a couple of volumes.",True
POSITIVE,"хорошая кофта на ог 110взяла 4икса, свободно, мягкая, спасибо продавцу, рекомендую, закажу ещё в другом цвете",0.0,0.556,0.444,0.8807,Positive,5,5,Positive,0.9989005327224731,positive,5,Positive,0.9963546991348267,positive,5,Positive,0.9666572213172913,Positive,5,Positive,0.7611021995544434,5,Positive,0.844949174282182,5,Positive,0.0,5,Positive,0.8671988205617669,5.0,5,Positive,Positive,True,True,True,True,True,True,True,True,True,"a good jacket for 110 took 4x, free, soft, thank you to the seller, I recommend, order in another color",True
NEGATIVE,заказ не пришел! ждем около 3 месяцев! я крайне возмущена,0.357,0.643,0.0,-0.5974,Negative,1,1,Negative,0.9991374015808105,negative,1,Negative,0.9614469408988953,negative,1,Negative,0.9627467393875122,Very Negative,1,Negative,0.7250402569770813,1,Negative,0.635173082027178,1,Negative,0.0,1,Negative,0.6875282098756158,1.0,1,Negative,Negative,True,True,True,True,True,True,True,True,True,I've been waiting about 3 months! I'm very angry.,True
NEUTRAL,"пресс-служба районного суда 2 медеуского района г. алматы в районном суде 2 медеуского района города алматы рассмотрено уголовное дело в отношении щ. судом установлено, что 06 ноября 2016 года около 17:30 часов, щ. проходя возле кафе диль-пари в г.алматы, у него возник преступный умысел на совершение кражи, то есть тайного хищения чужого имущества. во исполнения своего преступного умысла, щ., зайдя во внутрь кафе и проходя мимо барной стойки, заметил лестницу ведущую в подвальное помещение. увидев открытую дверь, щ. проник в служебное помещение, и убедившись, что никого нет, тайно похитил телевизор марки lg, черного цвета, виски стоимостью 60 000 тенге и виски марки jd стоимостью 18 000 тенге, однако там же был задержан сотрудниками кафе, и не смог довести свой преступный умысел до конца, по не зависящим от него обстоятельствам. в судебном заседании щ. свою вину признал в полном объеме. постановлением суда щ. освобожден от уголовной ответственности на основании ст. 68 ч. 1 ук рк, в связи с примирением подсудимого с потерпевшим, уголовное дело по ст. 24 ч. 3, 188 ч. 2 п. 3 ук республики казахстан производством прекращено. постановление не вступило в законную силу. по сообщению сайта nomad.su",0.124,0.863,0.013,-0.9536,Negative,1,3,Neutral,0.999984860420227,negative,1,Negative,0.8389542698860168,negative,1,Negative,0.7175321578979492,Neutral,3,Neutral,0.9390639066696167,3,Neutral,0.5678001309942657,3,Neutral,0.0,3,Neutral,0.54,2.25,2,Negative,Neutral,False,True,False,False,True,True,True,True,False,"The press service of the district court of the 2nd Medeu district of Almaty in the district court of the 2nd Medeu district of the city of Almaty considered a criminal case against another court found that on November 6, 2016, at about 17:30 o'clock, passing near the cafe of a dil-bet in Almaty, he had a criminal intent to commit theft, that is, secret theft of someone else's property in the execution of his criminal intent, sh., having entered the cafe and passing the bar counter, he noticed a staircase leading to the court under the whiskey in the court at the cost of 60 000. 68 p. 1 CC, in connection with the reconciliation of the defendant with the victim, a criminal case under the article. 24 hours. 3, 188 p.m. 2 para. 3 the Criminal Code of the Republic of Kazakhstan production terminated. the resolution has not entered into legal force. according to the website nomad.su",True
NEGATIVE,товар заказали 23.05.2017г. посылка до сих пор не пришла. продавец деньги не вернул. срок защиты истек.,0.0,1.0,0.0,0.0,Neutral,3,1,Negative,0.9981667995452881,negative,1,Negative,0.9649113416671753,negative,1,Negative,0.9962558746337891,Very Negative,1,Negative,0.45984622836112976,1,Negative,0.7266613456363836,1,Negative,0.0,1,Negative,0.56,1.25,1,Negative,Negative,False,True,True,True,True,True,True,True,True,The goods were ordered on 23.05.2017 the parcel has not yet arrived. the seller has not returned the money. the protection period has expired.,True
NEUTRAL,гриша песню про рыженьких )),0.0,1.0,0.0,0.0,Neutral,3,3,Neutral,0.999907374382019,neutral,3,Neutral,0.8404440879821777,negative,1,Negative,0.4947339594364166,Neutral,3,Neutral,0.5231057405471802,3,Neutral,0.5298840322374212,3,Neutral,0.0,3,Neutral,0.47536645372567526,2.75,3,Neutral,Neutral,True,True,True,False,True,True,True,True,True,A song about redheads.,True
NEUTRAL,"шла посылка месяц до мо. эти легинсы не надеть под кофту, так как с двух сторон швы как на детских колготках. разочаровало это конечно, но в холодную зиму под штаны или с длинным длинным свитером пойдёт.",0.046,0.915,0.039,-0.0772,Neutral,3,3,Neutral,0.9999547004699707,neutral,3,Neutral,0.7955805063247681,neutral,3,Neutral,0.6114880442619324,Negative,1,Negative,0.4454513490200043,1,Negative,0.4935937605934167,1,Negative,0.0,3,Neutral,0.66,2.25,2,Negative,Neutral,True,True,True,True,False,False,False,True,False,"There was a parcel a month before Mo. these leggings do not wear under the sweater, since the seams on both sides are like on children's tights. disappointed this of course, but in the cold winter under the pants or with a long sweater will go.",True
POSITIVE,"воспользовался интернет-заказом. диана сопровождала и информировала по статусу сбора. помогла с выбором. очень внимательное отношение. садовый центр прекрасный-большой выбор деревьев, кустарников и цветов. везде порядок и чистота. рекомендую!",0.0,0.822,0.178,0.7712,Positive,5,5,Positive,0.9997803568840027,positive,5,Positive,0.986365795135498,positive,5,Positive,0.9035040736198425,Positive,5,Positive,0.7914668917655945,5,Positive,0.5948789384900999,5,Positive,0.0,5,Positive,0.48,5.0,5,Positive,Positive,True,True,True,True,True,True,True,True,True,"Diana accompanied and informed on the status of the collection. helped with the choice. very attentive attitude. garden center is a beautiful, large selection of trees, shrubs and flowers. everywhere order and cleanliness. recommend!",True
NEGATIVE,"отвратительное! не сразу, а со временем понимаешь, как сильно это средство разъедает кожу рук, особенно на пальцах. не рекомендую! тем более нельзя для детской посуды!",0.106,0.894,0.0,-0.3595,Negative,1,1,Negative,0.9984939098358154,negative,1,Negative,0.9425041079521179,negative,1,Negative,0.9890928268432617,Very Negative,1,Negative,0.846260666847229,3,Neutral,0.4808245639801197,3,Neutral,0.0,5,Positive,0.42,2.0,2,Negative,Negative,True,True,True,True,True,False,False,False,True,"disgusting! not immediately, but over time you understand how much this tool corrodes the skin of the hands, especially on the fingers.",True
NEGATIVE,"прокрутила колесо фортуны и ""типо"" выпалала персональная тренировка (интересно,а если годовая карта,смешно)))перезвонили,первым делом начали при условии покупки, говорю ""придуду и посмотрю ""угодно на такое то число .,сразу интерес пропал и со словами мы вам перезвоним.,второй день жду)",0.039,0.87,0.091,0.4767,Positive,5,1,Negative,0.9827203750610352,neutral,3,Neutral,0.7810949087142944,positive,5,Positive,0.781521201133728,Positive,5,Positive,0.46603766083717346,3,Neutral,0.5018532953680269,3,Neutral,0.0,3,Neutral,0.68,3.5,4,Positive,Negative,False,True,False,False,False,False,False,False,False,"I rolled the wheel of fortune and ""tipo"" fell out personal training (interesting, but if the annual card, funny)) called back, the first thing began on the condition of purchase, I say ""I will come and see"" anytime that number ., immediately interest disappeared and with the words we'll call you back., the second day I'm waiting)",True
NEUTRAL,пальто хорошее но размер xl оказался коротковатым.,0.0,0.826,0.174,0.2263,Positive,3,3,Neutral,0.9800488948822021,neutral,3,Neutral,0.6502792239189148,neutral,3,Neutral,0.7588802576065063,Negative,1,Negative,0.658257782459259,3,Neutral,0.5238867663798824,3,Neutral,0.0,3,Neutral,0.5292568795587927,2.75,3,Neutral,Neutral,False,True,True,True,False,True,True,True,True,"The coat is nice, but the xl size is short.",True
NEUTRAL,"пока все достаточно годно. в наличии политота, мистика, армейщина. неплохой ost. чардиз некоторых персов не дает забывать о еве- то тут, то там мерещится синдзи-кун и мисато кацураги. гг вполне адекватен для своей ситуации, соплю не жует, геройствует в меру. приятный op. со второй части тема opа подверглась апгрейду, так скать, ее ремикснули а визуальная составляющая стала несколько. хм. смелой) на пару серий.",0.031,0.819,0.15,0.849,Positive,5,3,Neutral,0.9984018206596375,positive,5,Positive,0.8648579120635986,positive,5,Positive,0.9923897385597229,Positive,5,Positive,0.9384373426437378,3,Neutral,0.7984554849446326,3,Neutral,0.0,5,Positive,0.47,4.25,4,Positive,Neutral,False,True,False,False,False,True,True,False,False,"while everything is quite fit. in the presence of politota, mystic, army. a good ost. Chardiz of some Persians does not let you forget about here, then Shinji-kun and Misato Katsuragi are seen there. g is quite adequate for his situation, he does not chew, heroizes in moderation. a pleasant op. from the second part the theme of the op was upgraded, so skate, it was remixed and the visual component became several. hm. bold) for a couple of series.",True
NEUTRAL,товарищи! где в иркутске есть прокат беговых лыж?!,0.0,1.0,0.0,0.0,Neutral,3,3,Neutral,0.9999613761901855,neutral,3,Neutral,0.6789992451667786,neutral,3,Neutral,0.9900739192962646,Neutral,3,Neutral,0.46427997946739197,5,Positive,0.4340235751560351,5,Positive,0.0,3,Neutral,0.5377320856989358,3.5,4,Positive,Neutral,True,True,True,True,True,False,False,True,False,"Comrades, where in Irkutsk is the rental of cross-country skis?!",True
NEUTRAL,"торговый центр не очень, в нём мало отделов, есть одежда, инструменты, спортивные товары, оптика, кофейня, фикс прайс. мне б хотелось большего разнообразия, нет посуды, обуви, хоз. товаров, постельного, косметики. здесь только белорусская косметика. единственное радует это хороший кинотеатр. в кафешке недавно там сидели, есть пицца неплохая. парк ""немо"" для детей не плохой, но там очень холодно и грязно. в кинотеатре кстатий тоже холодно. кому интересно есть много разнобразной мебели. еслиб не кинотеатр и немо особо делать нечего.",0.054,0.826,0.121,0.6668,Positive,5,3,Neutral,0.9999526739120483,negative,1,Negative,0.530059814453125,negative,1,Negative,0.8782897591590881,Negative,1,Negative,0.784851610660553,3,Neutral,0.7356207532956476,3,Neutral,0.0,3,Neutral,0.57,2.5,2,Negative,Neutral,False,True,False,False,False,True,True,True,False,"The shopping center is not very, there are few departments in it, there are clothes, tools, sports products, optics, a coffee shop, a fixed price. I would like more variety, no dishes, shoes, household goods, bedding, cosmetics. here only Belarusian cosmetics. the only thing that pleases this good cinema. in the cafe recently sat there, there is a good pizza. the park ""nemo"" for children is not bad, but there is very cold and dirty. in the cinema by the way it is also cold. who is interested in having a lot of various furniture. if not the cinema and not much to do nothing.",True
NEGATIVE,огромные на обх99. печалька деньги на ветер,0.0,1.0,0.0,0.0,Neutral,3,1,Negative,0.9860631823539734,negative,1,Negative,0.8452706336975098,negative,1,Negative,0.9450970888137817,Very Negative,1,Negative,0.5998846292495728,3,Neutral,0.4677492460391507,3,Neutral,0.0,1,Negative,0.8858443717335018,1.75,2,Negative,Negative,False,True,True,True,True,False,False,True,True,It's a lot of money on the wind.99,True
NEGATIVE,"я не могу оценить этот заказ, потому я оплатил заказ, но я не получил этот заказ,то есть мне не доставили товар,отслеживал товар до конца в итоге все равно итог у них: -не удалось доставить !итог все равно не получил,все ещё жду от них ответа на спор.",0.108,0.892,0.0,-0.6948,Negative,1,1,Negative,0.9986857771873474,negative,1,Negative,0.9481686949729919,negative,1,Negative,0.9988915324211121,Very Negative,1,Negative,0.7796283960342407,1,Negative,0.8068860357399057,1,Negative,0.0,1,Negative,0.8133708542349225,1.0,1,Negative,Negative,True,True,True,True,True,True,True,True,True,"I can not evaluate this order, so I paid for the order, but I did not receive this order, that is, I did not deliver the goods, tracked the goods to the end in the end still the result of them: - failed to deliver!",True
NEGATIVE,"размер совершенно не соответствует размерной таблице. xxxl-максимум на 46 размер, а по таблице измерений на 52. потерянные деньги. сама куртка очень хорошая пошита качественно. доставка месяц до спб.",0.067,0.841,0.093,0.2247,Positive,3,1,Negative,0.9980350136756897,neutral,3,Neutral,0.5474585890769958,negative,1,Negative,0.6603184342384338,Very Negative,1,Negative,0.664757251739502,5,Positive,0.6559164249177629,5,Positive,0.0,5,Positive,0.46,3.0,3,Neutral,Negative,False,True,False,True,True,False,False,False,False,"the size does not correspond to the sizing table. xxxl-maximum on 46 size, and according to the measurement table on 52. lost money. the jacket itself is very good sewn qualitatively.",True
NEGATIVE,"крайне негативный опыт с данным продавцом. мало того что он берет деньги за доставку и в описании товара указывает что доставит заказ до 32 дней, так он еще умудряется после 90 дней ожидания клиентом не брать ответственность за свои действия и просит подождать еще. не можешь выполнить заявленные обязательства так будь честен с покупателем и возвращай деньги. в итоге пришлось возвращать деньги с подключением администрации али. за что им отдельное спасибо.",0.069,0.893,0.038,-0.4254,Negative,1,1,Negative,0.9997978806495667,negative,1,Negative,0.8956565260887146,negative,1,Negative,0.9990123510360718,Very Negative,1,Negative,0.6214435696601868,1,Negative,0.8385527630559944,1,Negative,0.0,5,Positive,0.48,1.5,2,Negative,Negative,True,True,True,True,True,True,True,False,True,"extremely negative experience with this seller. not only that he takes money for delivery and in the description of the goods indicates that he will deliver the order up to 32 days, so he still manages after 90 days of waiting by the client not to take responsibility for his actions and asks to wait. can not fulfill the stated obligations so be honest with the buyer and return the money. in the end had to return the money with the connection of the administration ali.",True
POSITIVE,"знакомый порекомендовал , очень кстати был приятно удивлён. всё вкусно, вежливый персонал и очень чисто. рекомендую посетить однозначно!",0.0,0.306,0.694,0.9671,Positive,5,5,Positive,0.9990174770355225,positive,5,Positive,0.9887370467185974,positive,5,Positive,0.716234564781189,Positive,5,Positive,0.8498297929763794,5,Positive,0.9434898117539686,5,Positive,0.0,5,Positive,0.84,5.0,5,Positive,Positive,True,True,True,True,True,True,True,True,True,"a friend recommended, very conveniently was pleasantly surprised. everything is delicious, polite staff and very clean. I recommend visiting definitely!",True
NEGATIVE,"домины по себе прикольные и цвет коасивый,но почему продавец не додумал резинку в них,на вес 60 взяла с пока дошла до работы они были у меня на коленях(((((придётся теперь затрачиваться деньги на резинку и вшивать ее в леги,разочароваоась",0.0,0.962,0.038,0.2382,Positive,3,1,Negative,0.9998787641525269,neutral,3,Neutral,0.6133509874343872,neutral,3,Neutral,0.509680449962616,Negative,1,Negative,0.6476221680641174,3,Neutral,0.5394689873015454,3,Neutral,0.0,1,Negative,0.5,2.25,2,Negative,Negative,False,True,False,False,True,False,False,True,True,"Domains are funny in themselves and the color is koasive, but why did the seller not think up the gum in them, took 60 from the weight until I got to work they were on my lap(((((((I will have to spend money on gum and sew it into the leg, disappointed))",True
NEUTRAL,"музей не стоит своих денег! ж - жадность. за 2900 можно целый день в острове мечты провести, без ограничений посещения аттракционов. здесь же по одному заходу и еще потом навязывают фото в эту цену фото должны быть бесплатно.",0.198,0.688,0.114,-0.4386,Negative,1,3,Neutral,0.9999926090240479,negative,1,Negative,0.5434454679489136,negative,1,Negative,0.9898372292518616,Very Negative,1,Negative,0.5844781398773193,3,Neutral,0.4711651443809925,3,Neutral,0.0,3,Neutral,0.759520052042017,2.0,2,Negative,Neutral,False,True,False,False,False,True,True,True,False,"The museum is not worth its money! g - greed. for 2900 you can spend a whole day in the dream island, without restrictions visiting attractions. here for one go and then impose a photo in this price photo should be free.",True
NEUTRAL,"заказ шел меньше месяца, заказывала второй раз уже эту модель, размер xl самый большой в линейке, но второй раз пришел маленький размер! первую кофту отдала дочери, вторую уже некому отдавать, так как размер опять маленький.",0.062,0.938,0.0,-0.4753,Negative,1,3,Neutral,0.9998016953468323,negative,1,Negative,0.672589898109436,neutral,3,Neutral,0.7351096272468567,Negative,1,Negative,0.5719701647758484,3,Neutral,0.6878828213360396,3,Neutral,0.0,3,Neutral,0.66,2.25,2,Negative,Neutral,False,True,False,True,False,True,True,True,False,"The order was less than a month, ordered the second time already this model, the size xl is the largest in the line, but the second time came the small size! the first sweater gave her daughter, the second no one to give, as the size is again small.",True
NEUTRAL,"я на майле.реже в одноклассниках.и ещё реже в контакте!и ваще, я в нирване!))) присоединяйтесь!",0.0,1.0,0.0,0.0,Neutral,3,3,Neutral,0.9999847412109375,neutral,3,Neutral,0.6501166820526123,positive,5,Positive,0.5490819215774536,Positive,5,Positive,0.7376019358634949,3,Neutral,0.46714109597500597,3,Neutral,0.0,3,Neutral,0.4215862472519561,3.5,4,Positive,Neutral,True,True,True,False,False,True,True,True,False,"I'm on Maila. less in classmates. and even less in contact! and in fact, I'm in Nirvana!)",True
NEUTRAL,"2. пребывание в ясном свете глубокого сна в уединенном месте прилежно тренируйтесь в предыдущей практике, обретая в ней опыт. расслабьте тело, речь и ум. на некоторое время оставьте все другие активности и в течение двух или трех ночей, не предаваясь сну, совершайте столько благого, сколько сможете. употребляйте питательную пищу и массажируйте тело. подносите торма украшенные человеческой плотью гурам, йидамам и дакиням. повторите двадцать один раз или так много, как сможете, следующее устремление: я обязательно распознаю ясный свет сна.",0.012,0.805,0.183,0.9407,Positive,5,3,Neutral,0.9999920129776001,neutral,3,Neutral,0.8459633588790894,positive,5,Positive,0.8058100342750549,Neutral,3,Neutral,0.7867010235786438,5,Positive,0.4143963893875688,5,Positive,0.0,5,Positive,0.48,4.25,4,Positive,Neutral,False,True,True,False,True,False,False,False,False,"2. . stay in the clear light of deep sleep in a secluded place diligently train in the previous practice, gaining experience in it. relax the body, speech and mind. for a while leave all other activities and for two or three nights, without falling asleep, do as much good as you can. eat nutritious food and massage the body. bring torma decorated with human flesh Gurams, yidams and dakins. repeat twenty once or as much as you can, the following aspiration: I will definitely recognize the clear light of sleep.",True
NEGATIVE,"размер очень маломерит, заказала l , когда мой размер м, и всеровно кофта совсем маленькая, отдала дочке на 42 размер, ей и то не свободно, хотя кофта должна быть свободной. очень жаль.",0.184,0.816,0.0,-0.7182,Negative,1,1,Negative,0.7989216446876526,negative,1,Negative,0.6149420142173767,negative,1,Negative,0.6053111553192139,Negative,1,Negative,0.5307731032371521,3,Neutral,0.5692980437045181,3,Neutral,0.0,3,Neutral,0.53,1.75,2,Negative,Negative,True,True,True,True,True,False,False,False,True,"The size is very small, ordered l when my size m, and all the sweater is very small, gave my daughter 42 size, she is not free, although the sweater should be free. very sorry.",True
NEUTRAL,я даже не знаю,0.0,1.0,0.0,0.0,Neutral,3,3,Neutral,0.9997935891151428,neutral,3,Neutral,0.8493131995201111,positive,5,Positive,0.6470311880111694,Very Negative,1,Negative,0.5652548670768738,3,Neutral,0.5298840322374212,3,Neutral,0.0,3,Neutral,0.4753664537256753,3.0,3,Neutral,Neutral,True,True,True,False,False,True,True,True,True,I don't know.,True
NEGATIVE,кофта пришла с пятнами которые не отстирываются. пятна ржавчины.,0.0,1.0,0.0,0.0,Neutral,3,1,Negative,0.986717700958252,negative,1,Negative,0.6292708516120911,neutral,3,Neutral,0.5027188062667847,Negative,1,Negative,0.4485286474227905,3,Neutral,0.5477728062193667,3,Neutral,0.0,3,Neutral,0.8081773311305004,2.25,2,Negative,Negative,False,True,True,False,True,False,False,False,True,The sweater came with stains that don't wash off.,True
NEGATIVE,"качество плохое! нитки торчат, на одежде остаются нитки. капюшон сшит неправильно- перекручен!",0.185,0.815,0.0,-0.6229,Negative,1,1,Negative,0.9858852624893188,negative,1,Negative,0.7515186667442322,negative,1,Negative,0.9146378040313721,Very Negative,1,Negative,0.8603982925415039,3,Neutral,0.7639714951594211,3,Neutral,0.0,3,Neutral,0.823946248598535,1.75,2,Negative,Negative,True,True,True,True,True,False,False,False,True,"The quality is bad! threads stick out, there are threads on the clothes. the hood is sewn incorrectly - twisted!",True
NEUTRAL,"о они были обнаружены и навин приказал убить их и повесить на деревьях. затем еврейское войско захватило города макед, ливна и лахис. все жители этих городов были поголовно вырезаны. на помощь царю лахиса пришёл царь газерский, но израильтяне одержали верх и истребили его народ полностью. та же судьба постигла всех жителей городов еглон и хеврон: и поразил иисус всю землю нагорную и полуденную, и низменные места и землю, лежащую у гор, и всех царей их: никого не оставил, кто уцелел бы, и все дышащее предал заклятию, как повелел господь бог израилев поразил их иисус от кадес-варни до газы, и всю землю гошен даже до гаваона (нав.10:40-41).незадолго до смерти призывал свой народ: бойтесь господа и служите ему в чистоте и искренности отвергните богов, которым служили отцы ваши за рекою и в египте, а служите господу (нав.24:14). т.о., иудаизм сам рассказывает о том, что земля ханаанская - не еврейская и никогда еврейской не была. евреи на ней - фашисты, убийцы, устроители геноцида и холокоста жителей ханаана. иудаизм этим проповедует то же, что и гитлер, оправдывая свои действия так же, как и гитлер - своими желаниями, расовой теорией или, как вы - мифическим договором с богом",0.084,0.809,0.107,0.4939,Positive,5,3,Neutral,0.9999792575836182,negative,1,Negative,0.8042263388633728,positive,5,Positive,0.6236907243728638,Very Negative,1,Negative,0.7617220878601074,1,Negative,0.37824607282440026,5,Positive,0.0,1,Negative,0.4733167474371652,2.75,3,Neutral,Neutral,False,True,False,False,False,False,False,False,True,"Then the Jewish army captured the cities of Maked, Rainbow and Lachish. all the inhabitants of these cities were massacred. to help the king of Lachish came the king of Gazera, but the Israelites gained the upper hand and destroyed his people completely. the same fate befell all the inhabitants of the cities of Yeglon and Khevron: and struck Jesus all the land on the high and noon, and the land lying near the mountains, and all their kings, and never left anyone to preach to the Jewish, but the Jews, and those who served the Jews for their own sake of the land, and those who worshipped them, even for their own sake of the land.[14]",True
POSITIVE,"в целом третий фильм про находчивых и авантюрных пиратов, вышел не плохим. но мне не всё так понравилось. картина слегка затянута, на пол часа ленту можно было бы спокойно сократить. добавление китайцев и сами переговоры пиратов - это выглядит не совсем понятно, в особенности из-за злодея в человеческом облике, который каким-то образом смог связаться с дейви джонсом. самые запоминаемые моменты картины связаны с действиями джека воробья. все его метаморфозы, миражи, глюки на фоне пьянки (алкоголя) - смотрятся весьма забавно. его соперничество с капитаном барбоссой за право управлять 'жемчужиной', особенно в словесной перепалке, очень впечатляет. связь элизабет с джеком воробьём наступает ближе к концовке, на эффектном взлёте парашюта где герои держатся вместе. обезьянка капитана барбоссы хороша, отличилась умом и сообразительностью. в общем, третий фильм о пиратах не лишён внимания и любопытства. лента смотрится легко, но имеются несколько недочётов, которые будут видны опытным кинозрителям, а так в целом всё выполнено динамично. картина отлично сочетает в себе развлекательный характер вместе с приключениями.",0.112,0.824,0.064,-0.7884,Negative,1,5,Positive,0.9981086254119873,neutral,3,Neutral,0.7077706456184387,positive,5,Positive,0.8301517367362976,Negative,1,Negative,0.8826361894607544,5,Positive,0.4687237632151829,3,Neutral,0.0,5,Positive,0.45,3.5,4,Positive,Positive,False,True,False,True,False,True,False,True,True,"In general, the third film about resourceful and adventurous pirates, was not bad. but I did not like everything. the picture is slightly drawn out, for half an hour the tape could be quietly shortened. the addition of Chinese and the negotiations of pirates themselves - it looks not quite clear, especially because of the villain in human form, who somehow managed to contact Davy Jones. the most memorable moments of the picture are associated with the actions of Jack Sparrow. all his metamorphoses, glitches against the background of drunkenness (alcohol) - he looks very funny, especially with the pirate's rivalry in general, the picture is not very interesting in the end.",True
POSITIVE,"если это реально была последняя серия, то все получилось как в лучших китайских традициях - шибко мудрено закрученный оригинальный сюжет в самом начале, потом постепенное развитие одновременно с проседанием и сразу непредсказуемый внезапный конец, ради которого по ходу все это старательно рисовалось. короче, настройщик памяти, путешествует вместе со своей помощницей по вымышленным мирам персов, впавших в амнезию. внутри этих миров он пробуждает их от наложенного заклятия и по ходу событий пытается сам разобраться с собственным прошлым и с тем, кто эту петрушку со всеми воротит. в итоге, на последних минутах, все резко обрывается в одном из воображаемых миров. финала как такого нет (вместо него многозначительное действие), либо он обрезан, либо еще что-то выйдет, но везде указано 10 серий.",0.011,0.906,0.084,0.8766,Positive,5,5,Positive,0.9996836185455322,neutral,3,Neutral,0.8183231949806213,positive,5,Positive,0.9957044720649719,Positive,5,Positive,0.5685475468635559,3,Neutral,0.5633339408339066,3,Neutral,0.0,1,Negative,0.46,3.75,4,Positive,Positive,True,True,False,True,True,False,False,False,True,"If this was really the last series, then everything turned out as in the best Chinese traditions - a very cleverly twisted original plot at the very beginning, then a gradual development simultaneously with a subsidence and an immediately unpredictable sudden end, for which the whole thing was diligently drawn along the way. in short, the memory tuner travels with his assistant to the fictional worlds of the Persians who fell into amnesia. inside these worlds he awakens them from the imposed spell and in the course of events tries to deal with his own past and with who this parsley with the turn, in short, he travels with the last 10 minutes, or he leaves everything in the finale.",True
POSITIVE,"всё хорошо.только ниток много торчит, а так рекомендую:-)",0.0,0.787,0.213,0.5023,Positive,5,5,Positive,0.9916443228721619,positive,5,Positive,0.9764367341995239,positive,5,Positive,0.9182032942771912,Very Positive,5,Positive,0.5550899505615234,3,Neutral,0.42302428191930724,3,Neutral,0.0,5,Positive,0.3911092555558559,4.5,4,Positive,Positive,True,True,True,True,True,False,False,True,True,"It's all right, but the thread sticks out a lot, and I recommend it :-",True
POSITIVE,"к просмотру фильма подтолкнули отзывы о том, кокой это угарный фильмец. и в этом смысле, кино меня разочаровало. впрочем, юмор есть, и не сказать, что пошлый (хотя и не без этого), но кино понравилось другим. оригинальностью. современные танцы с музыкой, конферанс, как на боксерском ринге, голый дж. чосер и все это в средние века. улыбнуло. увидел здесь драму, смысловую нагрузку, легкость и ненавязчивость повествования, прекрасную игру актеров, классные постановки поединков, интересные диалоги и красивых грудастых принцесс и коваля в юбке. тоже грудастая и красивая, кстати. финал, конечно, предсказуем, но таков, что дарит надежду и по доброму теребит душу, наполняя сердце теплом. и еще пониманием: под лежачий камень вода не течет. чосер был прав, когда писал, что не все в руках бога, но и в наших тоже есть узда с удилами. обязательно посмотрите!",0.019,0.692,0.289,0.984,Positive,5,5,Positive,0.999854564666748,positive,5,Positive,0.5803433060646057,positive,5,Positive,0.9477095007896423,Positive,5,Positive,0.8185455799102783,3,Neutral,0.5932362069459753,3,Neutral,0.0,3,Neutral,0.46,4.25,4,Positive,Positive,True,True,True,True,True,False,False,False,True,"To view the film pushed reviews about what this is a carbon monoxide film. and in this sense, the movie disappointed me. however, humor is, and not to say that vulgar (although not without this), but the movie liked others. originality. modern dances with music, conferance, as in the boxing ring, naked J. chaucer and all this in the Middle Ages. smiled. saw here drama, semantic load, ease and unobtrusive storytelling, beautiful actors, cool dialogues, interesting and hearts too, but is not beautiful.",True
POSITIVE,"они никогда не вступали в браки с чужеземными женщинами и благодаря этому несмешанному потомству они сохраняли в своей среде подлинную чистоту своего рода (прокоп. война с готами, vii). одно из последних свидетельств о ругах относится к 558 г., когда их упомянул в списке варварских племён в эпитафии, посвящённой святому мартину турскому, епископ мартин бракарский, уроженец паннонии: ты, мартин, принимаешь под благочестивым союзом христа огромные и разнообразные племена: аламанн, саксонец, торинг, паннонец, руг, склав (sclavus), hapa, сармат, дан, острогот, франк, бургундион, дак, алан радуются, что познали бога под твоим руководством (латышев, т. ii, с. 432). в середине vi в.",0.035,0.81,0.155,0.9022,Positive,5,5,Positive,0.9995311498641968,neutral,3,Neutral,0.8728467226028442,positive,5,Positive,0.9257940649986267,Neutral,3,Neutral,0.7937985062599182,5,Positive,0.5512800567473386,5,Positive,0.0,3,Neutral,0.44193438933143125,4.25,4,Positive,Positive,True,True,False,True,False,True,True,False,True,"They never married foreign women, and thanks to this unmixed progeny they preserved in their midst the true purity of their kind (prokop. war with the Goths, vii). one of the last testimonies about the Rugs dates back to 558, when they were mentioned in the list of barbarian tribes in the epitaph dedicated to St. Martin of Tours, Bishop Martin of Brakraar, a native of Pannonia: you, Martin, accept under the pious alliance of Christ the huge and diverse tribes: Aladaktavts, in the middle of St. burg, von, von, von, von, von, von, von, , von, 43, , .",True
POSITIVE,"не знаю, чем ребята ниже были так недовольны, но мне в целом понравилось. раздражал конечно тот факт, что первые серий 5 были слабоваты и будто растянуты, поетому изначально думал влепить 7. но дальнейшие действия меня очень порадовали: больше экшена, немного безумия, (побольше бы крови но и так ничего) вообщем сопли в сторону) скорее 8, но так как в конце атмосфера была весьма затягивающей поставил 9. всем советую.",0.167,0.736,0.096,-0.705,Negative,1,5,Positive,0.7142311334609985,positive,5,Positive,0.8254696726799011,positive,5,Positive,0.9996622800827026,Negative,1,Negative,0.5228851437568665,3,Neutral,0.6991733696580458,3,Neutral,0.0,3,Neutral,0.4155790356896707,3.25,3,Neutral,Positive,False,True,True,True,False,False,False,False,False,"I don’t know what the guys below were so dissatisfied with, but I generally liked. irritated of course the fact that the first series 5 were weak and as if stretched, so I initially thought to stick 7. but further actions I was very pleased: more action, a little madness, (more blood but nothing) general snot to the side) rather 8, but since in the end the atmosphere was very addictive put 9.",True
NEGATIVE,"сланцевой нефти в сша в 5 (пять) раз больше, чем обычной нефти в саудовской аравии. и штаты уже четвертый год подряд наращивают ее добычу.газпрому и российским нефтяным компаниям осталось жить от силы 5-8 лет. потом они все обанкротятся, а рф распадется на массу отсталых, никому не нужных удельных княжеств.китай рвется в мировые лидеры по добыче сланцевого газа. россии осталось жить не больше 5-8 лет. после разорения газпрома, разорятся нефтедобывающие компании, потом разорятся угольщики. потом начнется тотальная нищета и национально-освободительные войны на окраинах империи.падение цен на газ в сша привело к тому, что энергогенерирующие компании массово переходят на газ и сокращают потребление угля.",0.13,0.819,0.051,-0.8555,Negative,1,1,Negative,0.9999468326568604,negative,1,Negative,0.8973164558410645,neutral,3,Neutral,0.8068777918815613,Neutral,3,Neutral,0.9021114706993103,5,Positive,0.5244511536300756,5,Positive,0.0,3,Neutral,0.7977631313613739,2.75,3,Neutral,Negative,True,True,True,False,False,False,False,False,False,"Shale oil in the United States is 5 (five) times more than ordinary oil in Saudi Arabia. and the states for the fourth year in a row are increasing its production.Gasprom and Russian oil companies have to live from the strength of 5-8 years. then they will all go bankrupt, and the Russian Federation will break up into a mass of backward, useless specific principalities.China is rushing into world leaders in shale gas production. Russia has no more than 5-8 years left to live. after the collapse of the gas industry, oil companies will go bankrupt, then the coal-generating companies will begin to massively reduce gas consumption.",True
NEGATIVE,"заказ автоматически закрылся, как выполненный, а посылка гуляет где-то по шереметьево уже пол месяца. надеюсь, дойдет все-таки. неприятно.",0.0,1.0,0.0,0.0,Neutral,3,1,Negative,0.9999191761016846,negative,1,Negative,0.6865728497505188,negative,1,Negative,0.9965788722038269,Negative,1,Negative,0.6673590540885925,3,Neutral,0.6303055918694753,3,Neutral,0.0,1,Negative,0.7533035181221321,1.75,2,Negative,Negative,False,True,True,True,True,False,False,True,True,"The order automatically closed, as executed, and the parcel is walking somewhere on the sheremetyevo for half a month.",True
POSITIVE,"в этот зал пришла целенаправленно, т.к. видела уже результаты у знакомых, хотелось попробовать. опыт занятий в других залах был. здесь занимаюсь 3 месяца. все нравится. в первую очередь внимание тренера, подобранная индивидуальная программа, консультации по питанию. и, конечно первый результат не заставил себя ждать. -10 кг! атмосфера в зале позитивная! как входишь, сразу ощущаешь подъем сил и энергии! так же зал оснащен хорошей раздевалкой с туалетом, душем, феном, множеством зеркал. и рядом массажный кабинет. предлагают множество различных программ по коррекции фигуры. в общем, все супер!",0.0,0.799,0.201,0.9755,Positive,5,5,Positive,0.9592432379722595,positive,5,Positive,0.9878107905387878,positive,5,Positive,0.9521735310554504,Positive,5,Positive,0.9071710705757141,5,Positive,0.5440590935959762,5,Positive,0.0,5,Positive,0.5,5.0,5,Positive,Positive,True,True,True,True,True,True,True,True,True,"I came to this hall purposefully, because I had already seen the results from friends, I wanted to try. the experience of classes in other halls was. I am engaged here for 3 months. I like everything. first of all, the attention of the coach, the selected individual program, nutrition consultations. and, of course, the first result was not long in coming. -10 kg! the atmosphere in the hall is positive! as you enter, you immediately feel the rise of strength and energy! the same hall is equipped with a good locker room with a toilet, shower, hairdryer, many mirrors. and a massage room nearby. offer many different programs for figure correction. in general, everything is super!",True
POSITIVE,"отличная столовая! внутри уютно, довольно чисто! меню разнообразное. все свежее или только сделанное. за кассой молодые студенты(возможно), часто менялись. еду накладывают с улыбкой! мне все понравилось!",0.0,0.653,0.347,0.9148,Positive,5,5,Positive,0.9993471503257751,positive,5,Positive,0.9913300275802612,positive,5,Positive,0.4971393942832947,Positive,5,Positive,0.6776870489120483,3,Neutral,0.824768427556326,3,Neutral,0.0,3,Neutral,0.5449136937153068,4.25,4,Positive,Positive,True,True,True,True,True,False,False,False,True,"Great dining room! inside cozy, quite clean! menu varied. all fresh or just made. at the box office young students (possibly), often changed. food is applied with a smile!",True
NEUTRAL,"размер не совпадает, на изделии написан размер f , что это значит непонятно",0.133,0.867,0.0,-0.25,Negative,3,3,Neutral,0.999516487121582,negative,1,Negative,0.5661241412162781,negative,1,Negative,0.8338190913200378,Negative,1,Negative,0.7828112244606018,3,Neutral,0.6302916366711259,3,Neutral,0.0,3,Neutral,0.7654127516853957,2.25,2,Negative,Neutral,False,True,False,False,False,True,True,True,False,"The size does not match, the product is written size f, which means unclear.",True
NEUTRAL,"это были долгие 4 месяца ожидания 2 раза продлевал срок защиты покупателя.в итоге хотел вернуть только часть денег ,какие-то жалкие 56рублей,мне стало делом принципа вернуть полную сумму денег.после того,как пригрозила обострением спора ,продавец закрыл спор в мою пользу и то,попросил 5 звёзд .",0.229,0.716,0.054,-0.9217,Negative,1,1,Negative,0.9999070167541504,negative,1,Negative,0.8689358830451965,negative,1,Negative,0.8443291187286377,Very Negative,1,Negative,0.7471853494644165,1,Negative,0.807777805770024,1,Negative,0.0,1,Negative,0.6400422704902968,1.0,1,Negative,Neutral,False,False,False,False,False,False,False,False,False,"This was a long 4 months of waiting 2 times extended the period of protection of the buyer. as a result, I wanted to return only part of the money, some pathetic 56 rubles, I became a matter of principle to return the full amount of money.After threatening to aggravate the dispute, the seller closed the dispute in my favor and then asked 5 stars.",True
NEGATIVE,"малолетний правонарушитель едди чандлер, неудачно спасаясь от погони, со всего маху налетает на некстати проезжавший автомобиль. ударившегося головой об асфальт паренька уже не могла спасти никакая реанимация и, отлетевшую в сторону душу, осталось только препроводить в уготованное ей место, в соответствии с заслугами и жизненными достижениями. в чем прикол? за душой парня пришел малоопытный ангел с доставочной карточкой клиента, в которой местом назначения был указан рай. вот как! все малолетние преступники, оказывается, попадают на небеса! но поступила вводная: вместо депортации души в рай, новоявленный посланец небес должен избавить хулигана от скверны прямо тут, на земле. обрядившись надзирателем, ангел-экспедитор принимается исправлять подопечного, распыляя в эфире флюиды разумного, доброго, вечного, от которых вчерашний хулиган вмиг становится чем-то вроде тимуровца. слабых защищает, старым помогает а тут еще на подходе криминальное вторжение это уже для личного подвига. кино бесконечно примитивно, схематично, неимоверно педагогично, кое-где философично. такое идейное и правильное, аж тошнит. абсолютно нереалистично и искусственно. смотреть? другу не посоветую, врагу не пожелаю.",0.057,0.834,0.109,0.7814,Positive,5,1,Negative,0.9959812164306641,negative,1,Negative,0.910724937915802,negative,1,Negative,0.6853237152099609,Very Negative,1,Negative,0.8667450547218323,5,Positive,0.386953533375713,5,Positive,0.0,1,Negative,0.6,2.5,2,Negative,Negative,False,True,True,True,True,False,False,True,True,"The young offender Eddy Chandler, unsuccessfully fleeing from the chase, from all over the world runs into an inappropriately passing car. the boy who hit his head on the asphalt could no longer be saved by any kind of resuscitation and, flying away to the side of the soul, left only to escort her to the place prepared for her, in accordance with her merits and life achievements. in what fun? an inexperienced angel came for the soul with the delivery card of the client, in which the destination was indicated paradise. this is how all the juvenile criminals, artificially acting on a personal approach, does not yet correctly, but is taken by the philosopher from the old one to heaven.",True
NEUTRAL,"я долго думал, смотря по немного аниме, от серии к серии я убеждал себя, ну не нужно искать ""смысла"" и ""схождения с реальностью"" в аниме.спойлер но конец это вообще нечто, ну действительно.я даже попытаюсь забыть, все порывы гг спасти людей, которых он знает пару дней, когда он плачет каждый раз над каждым умершим, да он их знал от силы неделю, ну не возможно испытывать такие эмоции при смерти незнакомца, жалко да, но рыдать каждый раз.бред. на счет конца вообще мда лол что, то нацуко рубит на пополам очкастую, а потом уже в др кадре они сидят кружком и обдумывают сл действия, правда? вот правда? ты рыдал над их телами, а через пол минуты ты у же с ней сидишь и говоришь как ни в чем не бывало.вобщем, если подытожить.смотреть аниме можно, но только с мыслью , что не будешь воспринимать все всерьез, а просто ""убить время"" если откинуть все выше сказанное, ожидать чего то от такой студии не нужно,аниме точно не шедеврраскрытие персонажей ужасноефлешбеки, которые якобы пытаются нам разъяснить прошлое ужаснырисовка средняялишь ор и ед очень порадовали, чего , чего но они имхо кул.",0.203,0.673,0.123,-0.91,Negative,1,3,Neutral,0.9606828689575195,negative,1,Negative,0.6122482419013977,positive,5,Positive,0.9589321613311768,Very Negative,1,Negative,0.7233317494392395,1,Negative,0.40052862543691464,1,Negative,0.0,3,Neutral,0.37,2.0,2,Negative,Neutral,False,True,False,False,False,False,False,True,False,"I thought for a long time, looking at a little anime, from series to series I convinced myself, well, you do not need to look for ""meaning"" and ""coming down with reality"" in the anime.Spoiler but the end is generally something, really.I'll even try to forget, all the impulses to save people, whom he knows a couple of days, when he cries every time over every dead person, but he knew them from strength for a week, well, it's not possible to experience such emotions at the death of a stranger, it's a pity, but to cry every time.",True
NEUTRAL,"до ульяновска шел около месяца. ожидала, что будет свитер толще. на ощупь мягкий, просвечивает, вниз нужно по-любому что-то надевать. на плече торчат нитки. ворот мощный, теплый. по длине не очень, т.к. открывается поясница. ожидала от заказа большего, разочарована",0.097,0.821,0.082,-0.2177,Negative,3,3,Neutral,0.9996143579483032,neutral,3,Neutral,0.8457231521606445,neutral,3,Neutral,0.6834704279899597,Positive,5,Positive,0.5505978465080261,5,Positive,0.513513458658609,5,Positive,0.0,3,Neutral,0.64,3.75,4,Positive,Neutral,False,True,True,True,False,False,False,True,False,"before Ulyanovsk was about a month. I expected that the sweater will be thicker. soft to the touch, shines down, you need to put something down. threads stick out on the shoulder. the gate is powerful, warm. the length is not very, because the lower back opens. I expected more from the order, disappointed.",True
POSITIVE,"отличная юбка, плотная, тянется, швы ровные, пошив качественный, цена - сказка. поэтому девочки берите, рекомендую",0.0,0.733,0.267,0.7351,Positive,5,5,Positive,0.9987611770629883,positive,5,Positive,0.9959167838096619,positive,5,Positive,0.9975042939186096,Positive,5,Positive,0.8459423780441284,5,Positive,0.49848428767579794,3,Neutral,0.0,5,Positive,0.69,4.75,5,Positive,Positive,True,True,True,True,True,True,False,True,True,"excellent skirt, tight, stretches, seams are smooth, sewing high-quality, the price is a fairy tale. so take the girls, I recommend",True
NEGATIVE,"поверила отзывам, не понравилось совсем",0.0,0.737,0.263,0.3612,Positive,5,1,Negative,0.9967247843742371,neutral,3,Neutral,0.8567358255386353,negative,1,Negative,0.9569529891014099,Negative,1,Negative,0.7848517298698425,3,Neutral,0.5298840322374212,3,Neutral,0.0,3,Neutral,0.47536645372567526,2.5,2,Negative,Negative,False,True,False,True,True,False,False,False,True,"I believed the reviews, I didn’t like it at all.",True
NEGATIVE,товар не получила спустя более 80 дней. продавец просит ждать еще. открыла спор на возврат денег.,0.0,1.0,0.0,0.0,Neutral,3,1,Negative,0.9301102161407471,negative,1,Negative,0.8985626697540283,negative,1,Negative,0.8763313889503479,Negative,1,Negative,0.546173095703125,1,Negative,0.9043344854817226,1,Negative,0.0,1,Negative,0.82,1.25,1,Negative,Negative,False,True,True,True,True,True,True,True,True,The goods did not receive after more than 80 days. the seller asked to wait for more.,True
NEGATIVE,"добрый день!nотдохнуть в этом месте у нас не получилось. все началось хорошо,но в районе 12 ночи рядом с нашим кемпингом разместили шумную и пьяную компанию людей. их было человек 10, они веселились,очень громко разговаривали и смеялись,слушали музыку и всю ночь бухали( по другому не могу сказать), и вопросы то,по большому счету не к компании,лето ребята приехали отдыхать. вопросы к администрации базы. при заезде и выборе места,нам сразу огласили правила,музыка в колонках до 23:00 ну и вести себя прилично. но,видимо правила не для всех. с нами была семья ,где девушка беременная. видя наш нюанс,нам в соседство подселяют такую компанию. точно знаю ,свободных мест на базе в это время было много,но видимо администратор решил не заморачиваться и разместил людей с нами рядом. я конечно все понимаю,руководству нужно деньги зарабатывать и отдыхать хотят все и отдыхают все по разному,но! мы специально выбрали место где,потише,а в итоге не отдохнули от слова совсем! обратиться за помощью не к кому,связи на базе нет и работников базы соответственно тоже нет,а ночью ходить искать сотрудников среди пьяных людей далеко не безопасно. планировали отдых на два дня в итоге утром собирались и уехали. очень жаль потраченное время и деньги. к слову,мы отдали 1800 при этом вывоз мусора не организован и из всех удобств старые деревянные туалеты. больше к вам не приедем!",0.036,0.842,0.123,0.9407,Positive,5,1,Negative,0.9999552965164185,neutral,3,Neutral,0.5471355319023132,negative,1,Negative,0.9022220373153687,Positive,5,Positive,0.7055661678314209,1,Negative,0.6137490293574153,1,Negative,0.0,1,Negative,0.44,2.25,2,Negative,Negative,False,True,False,True,False,True,True,True,True,"We did not succeed in resting in this place. everything started well, but around 12 a.m., a noisy and drunken company of people was placed next to our camping. there were 10 people there, they were having fun, talking very loudly and laughing, listening to music and drinking all night long, I do not want to go to the base for a while (by any other means to the company, in the summer the guys came to rest. questions to the base administration. when arriving and choosing a place safely. we immediately read the rules, music in the columns until 23:00 well, and to behave decently, we do not have a lot of money, we do not know who we are going to the rest at the same time when we do not know about it!",True
NEGATIVE,ужасный виноград! первый раз в жизни пробую кислый кишмиш! его есть не возможно!,0.0,1.0,0.0,0.0,Neutral,3,1,Negative,0.9993846416473389,negative,1,Negative,0.6903898119926453,neutral,3,Neutral,0.4855969250202179,Very Negative,1,Negative,0.8176594376564026,1,Negative,0.8655376489984908,1,Negative,0.0,1,Negative,0.9,1.5,2,Negative,Negative,False,True,True,False,True,True,True,True,True,For the first time in my life I try sour kishmish! it is impossible to eat!,True
POSITIVE,"отличная манга. и самое важное - здесь присутствует всё что я так не люблю в японской манге и аниме. но! именно здесь оно дозиравнно, автор не вподает в крайности темы любви, милоты, пафосных выражениях, глупых и не нужных сцен. т.е. всё это присутствует, но оно имеет свою отдачу в сюжете. чаще всего, но когда мангака берёт всё это и правильно ""размазывает"" по сюжету, то нет никакого дискомфорта.что до самой манги, так это реальный, винрарный продукт, который легко и интересно читать, но в момент меняется и становится тяжёлым и мрачным (интересным быть не перестаёт ). уже пару лет думал почитать эту мангу, и наконец дорвался, получил(аю) удовольствие. очень советую.",0.103,0.722,0.175,0.9229,Positive,5,5,Positive,0.9972856044769287,positive,5,Positive,0.5388755798339844,positive,5,Positive,0.9779856204986572,Very Negative,1,Negative,0.26037532091140747,5,Positive,0.5263173124281203,5,Positive,0.0,3,Neutral,0.47,4.25,4,Positive,Positive,True,True,True,True,False,True,True,False,True,"Great manga. and most importantly - there is everything that I do not like so much in Japanese manga and anime. but! it is here that it is dosiparous, the author does not take to extremes the themes of love, sweetness, pathetic expressions, stupid and unnecessary scenes. i.e. all this is present, but it has its own return in the plot. most often, but when the manga takes all this and correctly ""smears"" the plot, then there is no discomfort.What to the manga itself, is a real, vinar product that is easy and interesting to read, but at the moment changes and becomes heavy and gloomy (it does not cease to be interesting). for a couple of years I thought to read this manga, and finally got (a) pleasure.",True
NEGATIVE,персонал себя грубо ведетnнет вилок nоткрылись позже чем положено и долго ждали свой заказ,0.176,0.824,0.0,-0.4939,Negative,1,1,Negative,0.9995299577713013,neutral,3,Neutral,0.5176609754562378,negative,1,Negative,0.9846218824386597,Negative,1,Negative,0.8086889982223511,1,Negative,0.6300864750570195,1,Negative,0.0,1,Negative,0.45659524170367793,1.25,1,Negative,Negative,True,True,False,True,True,True,True,True,True,staff behave rudely and forks opened later than expected and waited a long time for their order,True
NEGATIVE,"отвратительная аптека, закрывается на 10 минут раньше положенного, персонал магазина невежливо отвечает клиентам",0.398,0.602,0.0,-0.765,Negative,1,1,Negative,0.9998962879180908,negative,1,Negative,0.8858562707901001,negative,1,Negative,0.9970121383666992,Very Negative,1,Negative,0.8240199685096741,1,Negative,0.5577820223138039,1,Negative,0.0,1,Negative,0.4631710032136864,1.0,1,Negative,Negative,True,True,True,True,True,True,True,True,True,"disgusting pharmacy, closes 10 minutes early, store staff rudely respond to customers",True
NEUTRAL,"отстойный фильм, ужасная игра актёров. никому не советую смотреть, сам досмотрел до конца, итог: подорванные нервы. не фильм, а сказка какая-то.",0.153,0.847,0.0,-0.3071,Negative,3,1,Negative,0.9996857643127441,negative,1,Negative,0.9503152966499329,negative,1,Negative,0.9983737468719482,Very Negative,1,Negative,0.8004069328308105,3,Neutral,0.6007220923040614,3,Neutral,0.0,1,Negative,0.52,1.75,2,Negative,Neutral,False,False,False,False,False,True,True,False,False,"I don't advise anyone to watch it, I watched it to the end, the result: broken nerves, not a movie, but a fairy tale.",True
POSITIVE,"отличный отель, очень хорошего уровня!nподземный паркинг, в номерах чисто, все необходимое есть. вид из номеров на волгу супер! на завтрак шведский стол 5 из 5.n персонал отзывчивый, если будем проездом в самаре, однозначно заедем в этот отель!n набережная в 2 шагах, можно прогуляться вечером.",0.0,0.682,0.318,0.9616,Positive,5,5,Positive,0.999445378780365,positive,5,Positive,0.983119785785675,positive,5,Positive,0.998553454875946,Very Positive,5,Positive,0.7091548442840576,5,Positive,0.9540444772668575,5,Positive,0.0,5,Positive,0.8,5.0,5,Positive,Positive,True,True,True,True,True,True,True,True,True,"excellent hotel, very good level!n underground parking, rooms are clean, everything you need is. view from the rooms on the Volga super! for breakfast buffet 5 of 5.n staff responsive, if we pass in Samara, definitely go to this hotel!n embankment in 2 steps, you can walk in the evening.",True
POSITIVE,"в плечах и груди маловато, и от этого рукава коротки( у меня рост 158, вес 49.взяла s и оказалось мало,надо было м брать) а так, очень крутая рубашка, качество супер!",0.0,0.832,0.168,0.7943,Positive,5,5,Positive,0.9935651421546936,positive,5,Positive,0.9837825894355774,positive,5,Positive,0.8442007303237915,Very Negative,1,Negative,0.5028862357139587,5,Positive,0.9273971624179889,5,Positive,0.0,5,Positive,0.85,4.5,4,Positive,Positive,True,True,True,True,False,True,True,True,True,"My shoulders and chest are not enough, and this sleeves are short (I am 158, I weigh 49. I took s and it turned out to be little, I had to take) and so, a very cool shirt, the quality is super!",True
POSITIVE,шикарное платье! размер подошел. доставка быстрая. спасибо,0.0,0.29,0.71,0.8687,Positive,5,5,Positive,0.9969164133071899,positive,5,Positive,0.9965674877166748,positive,5,Positive,0.9957693815231323,Positive,5,Positive,0.5979852080345154,5,Positive,0.906055886216237,5,Positive,0.0,5,Positive,0.89,5.0,5,Positive,Positive,True,True,True,True,True,True,True,True,True,Great dress! size fit. delivery quick. thanks,True
NEUTRAL,"там оказывается есть чашечки, подходит на 2-3 размер груди, ткань чем-то похожа на купальник, нитки торчат, лямки тонкие. мне не очень понравилось",0.0,0.909,0.091,0.3612,Positive,5,3,Neutral,0.9983147382736206,neutral,3,Neutral,0.8281051516532898,neutral,3,Neutral,0.5692129731178284,Negative,1,Negative,0.6554169058799744,3,Neutral,0.7675797783600128,3,Neutral,0.0,3,Neutral,0.766136936134193,3.0,3,Neutral,Neutral,False,True,True,True,False,True,True,True,True,"It turns out that there are cups, fits for 2-3 breast size, the fabric is something like a swimsuit, the threads stick out, the straps are thin.",True
POSITIVE,"платье супер.но передняя часть узкая , делаю на спине крест из лямок и сидит супер.",0.0,0.672,0.328,0.8316,Positive,5,5,Positive,0.9979972243309021,positive,5,Positive,0.7267115712165833,positive,5,Positive,0.6749081611633301,Neutral,3,Neutral,0.7384193539619446,5,Positive,0.6778884991066978,5,Positive,0.0,5,Positive,1.0,4.75,5,Positive,Positive,True,True,True,True,False,True,True,True,True,"dress super, but the front part is narrow, make a cross of straps on the back and sits super.",True
POSITIVE,футболки супер! ткань приятная на ощупь и хороший принт. доставка в мо быстрая - 2 недели.,0.0,0.574,0.426,0.8858,Positive,5,5,Positive,0.9984042048454285,positive,5,Positive,0.9951189756393433,positive,5,Positive,0.9944072961807251,Positive,5,Positive,0.8771795034408569,5,Positive,0.9250304898247573,5,Positive,0.0,5,Positive,0.77,5.0,5,Positive,Positive,True,True,True,True,True,True,True,True,True,T-shirts are super! fabric is pleasant to the touch and good print. delivery in motor speed - 2 weeks.,True
NEUTRAL,"в светофоре покупали кондитерские изделия, безалкогольные напитки, кофе, сгущенное молоко, колбасы и многое другое. nна наш взгляд там можно покупать мясо, курицу, яйца и средства для мытья ( тела и посуды). в этом магазине хорошие рёбра свинные( вот прям не обрезь, а реально рёбра с мясом), окорока, бёдра и голень( среднего размера, светлые ( без жёлтого налёта), бывает очень хорошая рыба. берём яйца, но только если их варить, жарить целиком ( не глазунью), добавлять в выпечку т. к. они грязные и срок изготовления не понятен. так же берём гель для душа, тряпочки, щеточки, туалетную бумагу. купили очень хорошую брнную сковородку. ей год, а печь на ней одно удовольствие ( цена была в районе 150-190 руб). купила бы ещё одну, но в последнее время не вижу. nв целом рекомендую магазин для посещения",0.029,0.906,0.064,0.4828,Positive,5,3,Neutral,0.9995716214179993,neutral,3,Neutral,0.831128716468811,positive,5,Positive,0.7334359884262085,Neutral,3,Neutral,0.7601026892662048,5,Positive,0.4588170288475827,5,Positive,0.0,5,Positive,0.45,4.25,4,Positive,Neutral,False,True,True,False,True,False,False,False,False,"in the traffic lights bought confectionery, soft drinks, coffee, condensed milk, sausages and much more. n in our opinion there you can buy meat, chicken, eggs and washing products (bodies and dishes). in this store, good pig ribs (here is not a trim, but really ribs with meat), ham, hips and shin (medium size, light (without yellow coating), there are very good fish. we take eggs, but only if they are cooked whole (not an eyeball), I do not recommend one chopping for her in the last year.",True
NEGATIVE,"мною просмотреномоя оценка 4 из 10знаете, я любитель философии, однако этот тайтл показался мне отвратным. посмотрите первую и последнюю серию, остальное можно в мусорку скинуть анимация тут попахивает западом или точнее сказать влияние запада. честно скажу, аниме шлак, уж проститене рекомендую к просмотру",0.085,0.87,0.044,-0.4939,Negative,1,1,Negative,0.9826552867889404,negative,1,Negative,0.7284966707229614,negative,1,Negative,0.9968457818031311,Very Negative,1,Negative,0.6397333741188049,1,Negative,0.6292251475101382,1,Negative,0.0,3,Neutral,0.5393352840201874,1.25,1,Negative,Negative,True,True,True,True,True,True,True,False,True,"I viewed my rating of 4 out of 10 you know, I am a lover of philosophy, but this title seemed to me disgusting. watch the first and last series, the rest can be thrown into the garbage animation here smells of the West or more accurately say the influence of the West.",True
NEUTRAL,"со своей задачей справляется отлично, но запах. он, конечно, выветривается, но зачем? куда пропала просто лана, зеленая? зачем эта вонь?",0.0,0.859,0.141,0.4515,Positive,5,3,Neutral,0.9983935952186584,neutral,3,Neutral,0.7313607931137085,neutral,3,Neutral,0.6269569993019104,Negative,1,Negative,0.27376025915145874,3,Neutral,0.40173747758498757,5,Positive,0.0,5,Positive,0.72,3.5,4,Positive,Neutral,False,True,True,True,False,True,False,False,False,"It does its job perfectly, but the smell. it, of course, weathers, but why? where did the lana go?",True
NEUTRAL,"когда я вижу в жанрах стимпанк, понимаю, что будет не интересно, ну не могут авторы сотворить что то увлекательное с исходными технологиями конца 19 века (по крайней мере ни в аниме, ни в фильмах я такого не встречал). аниме получилось в жанре фэнтезийного стимпанка вперемешку с альтернативно-историческим стимпанком, включая элементы дизельпанка. хотите узнать о вселенной - идите читать на вики, автору не удел объяснять своим зрителям как существует его маня мирок. теперь о приятном: очень симпатичная рисовка. клаус и лави, один - пилот мудрёный, другой - помощник смышлёный. теперь о грустном: повествование слишком медлительное; приятное, но слишком неторопливое. вроде сохраняют темп, чтоб передать атмосферу, но смотреть всё равно скучно. технические огрехи в сценарии. стандартный скудный сюжет. смотрящие в экран да узрят, что нет в этом ни логики ни посыла а лишь блеклая тень стимпанковского искусства.",0.099,0.809,0.092,0.0405,Neutral,3,3,Neutral,0.9994933605194092,positive,5,Positive,0.5262049436569214,negative,1,Negative,0.9716120362281799,Negative,1,Negative,0.41790586709976196,3,Neutral,0.5753548612241817,3,Neutral,0.0,3,Neutral,0.45,2.75,3,Neutral,Neutral,True,True,False,False,False,True,True,True,True,"When I see steampunk genres, I understand that it will not be interesting, well, the authors can not create something fascinating with the original technologies of the late 19th century (at least neither in the anime nor in the films I have not seen this), the anime turned out in the genre of fantasy steampunk genre interspersed with alternative-historic steampunk, including elements of dieselpunk. you want to learn about the universe - go to the wiki, the author does not have a lot to explain to his world mania. now about the pleasant: very cute drawing, the pilot is too boring in this scenario.",True
NEUTRAL,не по размеру вообще,0.0,1.0,0.0,0.0,Neutral,3,1,Negative,0.8052510023117065,neutral,3,Neutral,0.6791777610778809,neutral,3,Neutral,0.5517330765724182,Negative,1,Negative,0.8692238926887512,1,Negative,0.8367806674934416,1,Negative,0.0,1,Negative,0.7246882974632267,1.75,2,Negative,Neutral,True,False,True,True,False,False,False,False,False,off-size,True
POSITIVE,качество супер. правда на ооочень высокую барыню. спадает с плеч. нужна тесемка,0.0,0.617,0.383,0.7351,Positive,5,5,Positive,0.9896559715270996,positive,5,Positive,0.9051876068115234,positive,5,Positive,0.6925966739654541,Very Negative,1,Negative,0.5780459642410278,5,Positive,0.7826942427072696,5,Positive,0.0,5,Positive,0.99,4.5,4,Positive,Positive,True,True,True,True,False,True,True,True,True,Super quality. the truth on a very tall lady. falls off your shoulders.,True
NEUTRAL,подключите карты мир к apple pay!,0.253,0.747,0.0,-0.1759,Negative,3,3,Neutral,0.9998241066932678,neutral,3,Neutral,0.6360189914703369,positive,5,Positive,0.8697346448898315,Positive,5,Positive,0.33567580580711365,3,Neutral,0.5424132996674511,3,Neutral,0.0,1,Negative,0.44,3.25,3,Neutral,Neutral,False,True,True,False,False,True,True,False,True,Connect world maps to apple pay!,True
NEGATIVE,"когда первый раз купила обновлённый сиф, подумала, что мне попалась подделка. но вот приобретя снова данный обновлённый продукт, поняла: изменилась не только этикетка, но и сам продукт (его формуласостав). более 15 лет пользовалась этим универсальным средством и не знала бед, да ещё и расхваливала. а теперь в поисках аналога, т.к. перестал оправдывать свои свойства (отмывать, очищать, отстировать, пениться). да и расход соответсвенно увеличился в сравнении со старой формулой, т.к. пытаешься добиться эфекта. апгрейд оказался полностью отрицательным! разачарована! (на фото старый и обновлённый cif)",0.043,0.789,0.168,0.9309,Positive,5,1,Negative,0.9745967984199524,negative,1,Negative,0.7601452469825745,positive,5,Positive,0.7209211587905884,Neutral,3,Neutral,0.4801281988620758,1,Negative,0.7658744817110226,1,Negative,0.0,1,Negative,0.51,2.25,2,Negative,Negative,False,True,True,False,False,True,True,True,True,"When I first bought an updated sif, I thought that I came across a fake. but after purchasing this updated product again, I realized: not only the label, but also the product itself (its formula) changed. For more than 15 years I used this universal tool and did not know any troubles, and even praised. and now in search of an analogue, because I stopped justify my properties (wash, clean, clean, foam). and the cost accordingly increased in comparison with the old formula, because you try to achieve an effect. (Photo: Old and updated cif)",True
NEUTRAL,"товар пришёл с кривыми швами, но продавец вернул часть денег !",0.0,1.0,0.0,0.0,Neutral,3,3,Neutral,0.7438681721687317,neutral,3,Neutral,0.4906418025493622,neutral,3,Neutral,0.5151820778846741,Very Negative,1,Negative,0.6894423365592957,1,Negative,0.6045385161574395,1,Negative,0.0,1,Negative,0.62,2.0,2,Negative,Neutral,True,True,True,True,False,False,False,False,False,"The goods came with crooked seams, but the seller returned some of the money!",True
NEGATIVE,"для жарки хорош, но жареное вредно! пюре из этого картофеля с комочками даже через блендер, в супе - мыло-мылом, неплохо делать зразы, салаты, начинки.но борщ и щи из него ужос!",0.0,0.791,0.209,0.8025,Positive,5,1,Negative,0.9856780171394348,neutral,3,Neutral,0.6000824570655823,negative,1,Negative,0.6305693984031677,Very Negative,1,Negative,0.8944742679595947,3,Neutral,0.668827425662377,3,Neutral,0.0,3,Neutral,0.6644993493576359,2.5,2,Negative,Negative,False,True,False,True,True,False,False,False,True,"for frying is good, but fried is harmful! mashed potatoes with lumps even through a blender, in soup - soap and soap, it's not bad to make soursts, salads, fillings. but borscht and scoop from it!",True
POSITIVE,"давно я так не кайфовал от просмотра японской мультипликации. да,в сюжете огромное количество дыр,а действия и поступки персонажей порой ничего не вызывали кроме недоумения,но все смотрелось на одном дыхании. давно искал нечто подобное. сюжет сочетает в себе множество других произведений-именно поэтому он и является уникальным. пытались показать конфликт поколений,пожалуй это не в полной мере удалось сделать. два гг-два антипода. первый-молодой горячий парень,имеющий популярность среди сверстников. второй-58-летний старик, который не может найти общий язык даже со своими домочадцами. оба гг раскрыты более,чем полностью,(правда из-за этого как мне кажется немного подзабили на второстепенных персонажей) все поступки и действия гг несут в себе какой-либо смысл,и приводят к определенным целям. все что происходило в данном произведении похоже на какую-то сказку с хорошим концом, ведь спойлернесмотря на столько смертей, убили только массовку,а тех кого убили из второстепенных персонажей буквально через несколько мгновений оживляли, но этим аниме и прекрасно,ведь всем нужно небольшое чудо в этом сером мире.по итогам мы имеем хорошее аниме, с великолепным опенингом и неплохим эндингом.",0.057,0.854,0.09,0.3612,Positive,5,5,Positive,0.9999136924743652,neutral,3,Neutral,0.6258620619773865,positive,5,Positive,0.9966095685958862,Negative,1,Negative,0.72198486328125,5,Positive,0.47897172783192105,5,Positive,0.0,3,Neutral,0.5167775718136187,4.0,4,Positive,Positive,True,True,False,True,False,True,True,False,True,"For a long time I did not get so high from watching Japanese animation. yes, in the plot a huge number of holes, and the actions and actions of the characters sometimes caused nothing but bewilderment, but everything looked in one breath. long ago I was looking for something similar. the plot combines a lot of other works - that is why he is unique. tried to show the conflict of generations, perhaps it was not fully possible to do it. two Mr. antipode. the first-young hot guy who is popular among his peers. the second-58-year-old man who can not find a common language even with his household members of the moment, and that literally kills a small one in this way, but we do a few good things in this world.",True
NEGATIVE,"самый отстойный магазин, кассир на столько наглая, жесть, взял 7 маленьких лимонов, она мне взвесила их два раза, как 0.7 кг. и как 1.2 кило, первый раз решил не смотреть чек. домой приехал и ахнул. как же люди наживаются. просто нет слов чтоб выразить отношение к потребителю. ничтожный магазин и его персонал.",0.127,0.873,0.0,-0.7159,Negative,1,1,Negative,0.9999067783355713,negative,1,Negative,0.9550608396530151,negative,1,Negative,0.9977813363075256,Very Negative,1,Negative,0.8185016512870789,1,Negative,0.7646074959847229,1,Negative,0.0,1,Negative,0.47,1.0,1,Negative,Negative,True,True,True,True,True,True,True,True,True,"The most lame store, the cashier so impudent, hard, took 7 little lemons, she weighed them twice as 0.7 kg. and as 1.2 kilos, the first time decided not to look at the check. came home and gasped. how people make money. just no words to express their attitude to the consumer.",True
POSITIVE,"история о битве героя и злодея. но на самом деле история о превратностях судьбы и том, кому какая готовится роль в жизни и кто чему соответствует на самом деле. в первую очередь мульт интересен из за необычных персонажей и способов взаимодействия с ними. есть изначальная теория почему один стал злодеем, а второй героем и авторы ее реализуют. жаль в полной мере никто не показал истинную причину возникновения тех или иных талантов у наших супергероев. ведь не просто так они стали такими, какими мы их видим. сюжет не пестрит интересными находками или просто интересными моментами выполнено все очень не плохо. но как-то по доброму происходит терзания персонажей и их рост. да и главный злодей во-первых не выглядит как злодей, а во вторых постоянно мечется в поисках себя. может и не осознанно, но сценаристы делают все для этого. понравилось, что есть вопросы актуальные для старшего поколения. в целом неплохой мульт для просмотра всей семьей. 8 из 10",0.09,0.73,0.18,0.9471,Positive,5,5,Positive,0.9999539852142334,neutral,3,Neutral,0.8122223615646362,positive,5,Positive,0.9491612911224365,Negative,1,Negative,0.5948588848114014,3,Neutral,0.5363888628204949,3,Neutral,0.0,1,Negative,0.48,3.25,3,Neutral,Positive,True,True,False,True,False,False,False,False,False,"The story about the battle of the hero and the villain. but in fact, the story about the vicissitudes of fate and who is preparing a role in life and who corresponds to what in fact. first of all, the cartoon is interesting because of the unusual characters and ways of interacting with them. there is an initial theory why one became a villain, and the second hero and the authors implement it. it is a pity that no one has fully shown the true cause of the emergence of those or other talents in our superheroes. because they have not just become what we see them. the plot is not full of interesting finds or just interesting moments done very well, but as the main scene for the younger generation. 8 out of 10",True
POSITIVE,достоинства: очень нежное и вкусное.,0.0,0.201,0.799,0.788,Positive,5,5,Positive,0.9997068047523499,positive,5,Positive,0.9520772695541382,neutral,3,Neutral,0.5531846880912781,Positive,5,Positive,0.8061650991439819,3,Neutral,0.6896656062400399,3,Neutral,0.0,3,Neutral,0.5464574092258727,4.0,4,Positive,Positive,True,True,True,False,True,False,False,False,True,Advantages: very delicate and delicious.,True
NEUTRAL,я хуйню несу.вам занести?,0.0,1.0,0.0,0.0,Neutral,3,3,Neutral,0.996762752532959,negative,1,Negative,0.8568309545516968,positive,5,Positive,0.685624897480011,Very Negative,1,Negative,0.5998162627220154,1,Negative,0.4568442779228282,1,Negative,0.0,3,Neutral,0.8523127651310649,2.25,2,Negative,Neutral,True,True,False,False,False,False,False,True,False,I'm fucking with you. Can I get you some?,True
NEUTRAL,"во первых записывалась на комплекс-маникюрпедикюр.,педикюр сделали без покрытия так как пошла наслойка по записи,то есть записывают не учитывая сколько времени реально надо на процедуру-в итоге мастер с дрожащими руками хочет что то успеть,торопится-это очень напрягает.во вторых на ресепшене хотели взять с меня лишние деньги,хотя мастер четко и ясно сказала что педикюр без покрытия,после того как я детально начала разбираться что сколько стоит-оказалось стоимость на 200 рублей дешевле.не очень то было приятно(((",0.122,0.878,0.0,-0.7264,Negative,1,3,Neutral,0.9996951818466187,neutral,3,Neutral,0.8614606857299805,negative,1,Negative,0.9889906644821167,Negative,1,Negative,0.8735577464103699,5,Positive,0.48393972776312066,5,Positive,0.0,3,Neutral,0.49,2.75,3,Neutral,Neutral,False,True,True,False,False,False,False,True,True,"in the first recorded on the complex manicurpedicure., pedicure made without coverage as went layer on the record, that is, write not taking into account how much time really needs to procedure-as a result, the master with trembling hands wants something to do, hurry is very stressful.",True
NEGATIVE,"не вкусные, пресные",0.0,1.0,0.0,0.0,Neutral,3,1,Negative,0.8432064056396484,neutral,3,Neutral,0.6696584820747375,negative,1,Negative,0.9852169156074524,Negative,1,Negative,0.8867568373680115,3,Neutral,0.5298840322374212,3,Neutral,0.0,3,Neutral,0.47536645372567526,2.25,2,Negative,Negative,False,True,False,True,True,False,False,False,True,"tasteless, unleavened",True
NEGATIVE,качество расстроило. даже не захотелось пользоваться. ожидалось качество синтетики лучше чем здесь.,0.198,0.672,0.13,-0.1336,Neutral,3,1,Negative,0.9734053611755371,neutral,3,Neutral,0.689969003200531,negative,1,Negative,0.6596376299858093,Negative,1,Negative,0.5777573585510254,3,Neutral,0.42274090372780265,5,Positive,0.0,3,Neutral,0.533922647269949,2.5,2,Negative,Negative,False,True,False,True,True,False,False,False,True,The quality was disappointing. I didn't even want to use it. I expected the synthetics to be better than here.,True
NEGATIVE,"отвратительный подход к клиентам, по приходу в заведение нам сообщили о каком-то невозвратно депозите в 1000 рублей, на вполне объяснимое негодование сначала грозились администратором, а потом сказали, будут рассчитывать сразу после подачи. мне кажется такие условия нужно озвучивать заранее. по выбору пива, два сорта, тёмное и светлое, и то и то никакое, собственно и закуска тоже, пивная тарелка ужасного качества есть невозможно. музыка просто кошмар. но стоит признать когда мы были на квизе заведение оставило приятные впечатления, видимо только на квиз мы туда и вернёмся, но и то не факт))",0.088,0.832,0.079,0.2408,Positive,3,1,Negative,0.9999743700027466,negative,1,Negative,0.7165088653564453,negative,1,Negative,0.9853397011756897,Very Negative,1,Negative,0.8128301501274109,1,Negative,0.9064683487929769,1,Negative,0.0,1,Negative,0.75,1.25,1,Negative,Negative,False,True,True,True,True,True,True,True,True,"a disgusting approach to customers, upon arrival at the institution, we were informed of some irrevocable deposit of 1000 rubles, a completely understandable indignation was first threatened by the administrator, and then said, they will count immediately after serving. I think such conditions should be voiced in advance. on the choice of beer, two varieties, dark and light, and then and then no, in fact, and snack too, a beer plate of terrible quality is impossible. music is just a nightmare. but it is worth admitting when we were on the quiz the institution left pleasant impressions, apparently only on quiz we will return there, but not the fact)",True
NEGATIVE,н не покупайте! этот пидрила сука прислал полную хуйню сшито ужасно! ткань полное дерьмо! а наклейка ещё и с синеватыми пятнами! и не вернул мои деньги!,0.404,0.596,0.0,-0.931,Negative,1,1,Negative,0.9986636638641357,negative,1,Negative,0.9822410941123962,negative,1,Negative,0.9967844486236572,Very Negative,1,Negative,0.8643034100532532,1,Negative,0.8901191552761094,1,Negative,0.0,1,Negative,0.8666854271174613,1.0,1,Negative,Negative,True,True,True,True,True,True,True,True,True,Don't buy it! that motherfucker bitch sent me a full fuckin' piece of cloth full of shit! And a sticker with bluish stains too!,True
NEGATIVE,"размеры пиздец.ношу м,заказала л.пришёл xs наверное",0.241,0.759,0.0,-0.5423,Negative,1,1,Negative,0.9977906942367554,negative,1,Negative,0.86566162109375,negative,1,Negative,0.8934105038642883,Neutral,3,Neutral,0.6104784607887268,3,Neutral,0.5622034407217767,3,Neutral,0.0,3,Neutral,0.826481742556582,2.0,2,Negative,Negative,True,True,True,True,False,False,False,False,True,"The size of the fuck. Wear m, ordered L. came xs probably",True
NEUTRAL,медвед зарегался вконтакте!),0.0,1.0,0.0,0.0,Neutral,3,3,Neutral,0.9999908208847046,neutral,3,Neutral,0.867017924785614,neutral,3,Neutral,0.9751362800598145,Positive,5,Positive,0.360810786485672,3,Neutral,0.7954376466130658,3,Neutral,0.0,3,Neutral,0.5616509793601134,3.25,3,Neutral,Neutral,True,True,True,True,False,True,True,True,True,The bear is registered in Vkontakte!,True
NEUTRAL,"прочитал и я. мангу хорошо читать, ничего не ожидая от неё, как я. пусть я и наслышан был, что ближе к концу она сливается, и по сути 3 арка видно, что вымученная, но вот первые 2 мне понравились. сначала резкая и жесткая 1 арка, потом 2 арка в замкнутом помещении тоже хорошо держала в напряжении, а уже третья арка. ну такое.сами герои мне понравились, еще и то, что они взрослели по ходу истории добавляло интереса. жаль героями 3 арки сильно не проникаешься, но 13-летний качок всё же крут. сама структура сюжета мне напоминает survival horror с налетом сёнена, герои двигаются из точки а в точку б и параллельно убивают био-мясо и пытаются в каждой арке закрыть доступ к нему, разве что в 1 арке они просто пытаются выжить.ненапряжный сёнен-ужастик, читалось быстро. всех злодеев, которые явные злодеи, мангака быстро укакошивает, а нормальных людей не всегда быстро, но смертей полно.я давно хотел почитать мангу, но думал будет что-то другое, в любом случае, не считая 3 арки, не сильно разочаровался. как раз у меня такое настроение было на сёнен-ужасы. мангака мог конечно 3 арку по-другому сделать, но что есть то есть. еще и концовка лол, я посмеялся. задел на продолжение этакое.кто хочет старенькие ужасы почитать, где нет ничего шедеврального, но выполнено средне на уровне, тому можно прочесть био-мясо, мне и концепция понравилась, что та еда, что едят, начинает оживать. в общем, норм так.",0.152,0.711,0.137,-0.7577,Negative,1,3,Neutral,0.9961367249488831,neutral,3,Neutral,0.7630109786987305,positive,5,Positive,0.9783492088317871,Positive,5,Positive,0.9332889318466187,3,Neutral,0.5985367203845072,3,Neutral,0.0,5,Positive,0.42,3.5,4,Positive,Neutral,False,True,True,False,False,True,True,False,False,"I read the manga well, not expecting anything from it, as I did. even though I heard that closer to the end it merges, and in fact 3 arches can be seen that tortured, but the first 2 I liked. first sharp and hard 1 arch, then 2 arches in an enclosed room also kept well in tension, and the third arch. well, the characters themselves I liked, and the fact that they grew up in the course of history added interest. Sorry heroes 3 arches strongly do not penetrate, but the 13-year-old rocker is still cool. the structure of the plot reminds me of survival horror with a touch of shōnen, the characters move from point a to point b and simultaneously kill bio-meat and try to close access to it in each arch, except that in 1 arch they are just trying to survive. unstressed shōnen-horrorish, it was read quickly. all the villains who are obvious villains, mangaka quickly, and normal people are not always quick, but I have long wanted to honor manko-me, but there is nothing else at the same level, except that I can do this elka at the same time that I am not happy with the old manga.",True
NEUTRAL,"смешанные ощущения от прочитанного. первая половина была восхитительной, впрочем, как и в легенде об ангеле, после которого я сразу же взялся за клеймор. но у обоих тайтлов есть один существенный минус - это абсолютная затянутость. если в ангеле жанр в каком-то смысле прощал этот недостаток, то тут мне стало просто противно читать вторую половину, как-то слишком навязывали нам все больше и больше персонажей, по своему хороших и проработанных, но все же не нужных сюжету. я уже собрался вляпывать семёрку, но последние арки вытянули моё мнение о манге. спойлеристория клариссы и миаты, рифул и дафа, ход конём лаки в конце и печальная история приссцилы надолго останутся в моем сердце. объективно - 810. в сердце - 910.",0.072,0.832,0.096,0.2382,Positive,3,3,Neutral,0.999812662601471,neutral,3,Neutral,0.6672642230987549,positive,5,Positive,0.9092113971710205,Negative,1,Negative,0.4620218276977539,3,Neutral,0.5886891522343412,3,Neutral,0.0,5,Positive,0.52,3.25,3,Neutral,Neutral,False,True,True,False,False,True,True,False,True,"The first half was delightful, however, as in the legend of the angel, after which I immediately took up the claymore. but both titles have one significant drawback - this is an absolute tightness. if in the angel genre in some sense forgave this shortcoming, then it was just disgusting to read the second half, somehow too forced on us more and more characters, according to their good and worked out, but still not necessary to the plot. I was already going to get into the seven, but the last arches drew my opinion about the manpolyss, then the story will remain in my heart for a long time. 810",True
POSITIVE,"заказ дошел до санкт-петербурга за 2 недели. куртка очень хорошего качества. спасибо продавцу. на свой размер 46-48 заказала xl - немного свободно в груди, рукава на рост 156 подошли идеально.",0.045,0.577,0.379,0.9331,Positive,5,5,Positive,0.9990196228027344,positive,5,Positive,0.9925767779350281,positive,5,Positive,0.9895472526550293,Positive,5,Positive,0.8804948329925537,5,Positive,0.9436020394503982,5,Positive,0.0,5,Positive,0.78,5.0,5,Positive,Positive,True,True,True,True,True,True,True,True,True,"The order reached St. Petersburg in 2 weeks. jacket of very good quality. thanks to the seller. on your size 46-48 ordered xl - a little loose in the chest, sleeves for growth 156 fit perfectly.",True
NEUTRAL,"для гриля подходит, запекать не стали , очень мягкая, обычно свежая рыба плотная.",0.0,0.824,0.176,0.3744,Positive,5,3,Neutral,0.9995867609977722,positive,5,Positive,0.6178969144821167,neutral,3,Neutral,0.8396720886230469,Positive,5,Positive,0.8733415603637695,3,Neutral,0.6446745094655483,3,Neutral,0.0,3,Neutral,0.6789856378071454,3.75,4,Positive,Neutral,False,True,False,True,False,True,True,True,False,"For grilling suitable, baked did not become, very soft, usually fresh fish dense.",True
NEUTRAL,"на шее туго, толстовка сама короткая, рукава длинные и широкие",0.0,1.0,0.0,0.0,Neutral,3,3,Neutral,0.9696877598762512,neutral,3,Neutral,0.7864667177200317,neutral,3,Neutral,0.6159481406211853,Positive,5,Positive,0.8070616722106934,3,Neutral,0.5305335212525905,3,Neutral,0.0,3,Neutral,0.45811317686053754,3.25,3,Neutral,Neutral,True,True,True,True,False,True,True,True,True,"on the neck tight, the sweatshirt itself is short, the sleeves are long and wide",True
NEGATIVE,", пытались выкачать денег с карты!nпользуются вашими банковскими данными (видать перепокупают их у банков или у службы безопасности банков,а так как законно это не доказать-то с этими данными вообще твори что хочешь)nобращался в прокуратуру.полицию,писал заявления и жалобы, чтобы разобрались с этой фирмой мошеннической-а они до сих пор меня в покое не оставляют! nс ними вообще дел никаких не имел-но каким-то образом им должен?!n это как?",0.049,0.873,0.078,-0.3468,Negative,1,1,Negative,0.9999895095825195,negative,1,Negative,0.8533532023429871,negative,1,Negative,0.9953355193138123,Very Negative,1,Negative,0.8179108500480652,1,Negative,0.75780186203135,1,Negative,0.0,1,Negative,0.6333521467262879,1.0,1,Negative,Negative,True,True,True,True,True,True,True,True,True,", tried to siphon money from the card!n use your bank data (see repurchase them from banks or from the security service of banks, and since it is legal not to prove it with this data at all do what you want) appealed to the prosecutor's office.police, wrote statements and complaints to deal with this company fraudulent - and they still do not leave me alone! n they did not have any business at all - but somehow they owe?!",True
NEUTRAL,настоящий студент может договориться с дьяволом на выгодных для себя условиях.,0.284,0.516,0.2,-0.3182,Negative,3,5,Positive,0.9869100451469421,neutral,3,Neutral,0.8744587898254395,neutral,3,Neutral,0.4634156823158264,Neutral,3,Neutral,0.5916011333465576,3,Neutral,0.4425177853885232,3,Neutral,0.0,3,Neutral,0.7445080480846715,3.25,3,Neutral,Neutral,False,False,True,True,True,True,True,True,True,A real student can negotiate with the devil on favorable terms.,True
NEGATIVE,начинки нет! одно тесто.,0.454,0.546,0.0,-0.3595,Negative,1,1,Negative,0.9950540065765381,neutral,3,Neutral,0.7629109621047974,neutral,3,Neutral,0.5013180375099182,Very Negative,1,Negative,0.524030327796936,3,Neutral,0.48731875742904696,3,Neutral,0.0,1,Negative,0.8690466600249159,2.0,2,Negative,Negative,True,True,False,False,True,False,False,True,True,No stuffing! One dough.,True
NEGATIVE,не пришло. момент спора оттягивает продавец до последнего момента. деньги не вернули.,0.197,0.803,0.0,-0.4019,Negative,1,1,Negative,0.9968432188034058,negative,1,Negative,0.9608386754989624,negative,1,Negative,0.9029844403266907,Negative,1,Negative,0.5830655097961426,1,Negative,0.3537805362401196,3,Neutral,0.0,5,Positive,0.52,1.75,2,Negative,Negative,True,True,True,True,True,True,False,False,True,The moment of the dispute delays the seller until the last moment.,True
NEGATIVE,"скажу сразу, спокон тут повод лицезреть очередной моэ седзе-ай. однако, при этом авторы сделали грамотный ход, вырезав слайс. в результате, девочки и игра практически гармонично смотрятся. даже открытое заигрывание в юрийность не напрягало (ну почти, временами пассажи про сердечки бесили своей приторностью и частотой доходящей до безобразия). также уделили много внимания особенностям игры и тактике. молодцы. но вот заруба с на голову выше командой из полуфинала нац. чемпионата неубедительна. агари (будем честны, у нее таланта нет, только упорство и желание) сценарно победила игрока классом выше, которая таких как она десятками завалила на чемпионатах. зеленая вообще профи и талант, наверняка сталкивалась не раз с фанатиками как розовая. тоже сценарно мозги подкрутили и заставили разгромно продуть. в реале когда сталкиваются два таланта, обычно вверх берет тот у кого больше опыта или последний хотя бы с фартом и зубами вырывает победу. спойлерздесь же, вместо превозмогания, просто продавливают. лишь розовая кое-как показала прогресс, но такого доминирования над опытным противником нереально. намного круче и убедительнее было бы, если они в тренировке закономерно продули, затем наверстали и одолели официально. разочарован. в итоге, кроме отличной постановки и баланса между споконом и моэ, ничего особенного нет. ибо структура сценария таких эксплуатационных тайтлов насквозь шаблонна и одинакова. зайдет только тем кто очень мало смотрит споконы или обожает моэ.",0.057,0.821,0.122,0.5883,Positive,5,1,Negative,0.9961671233177185,neutral,3,Neutral,0.645455002784729,neutral,3,Neutral,0.7035878896713257,Very Negative,1,Negative,0.4447762072086334,3,Neutral,0.4940054001294093,3,Neutral,0.0,3,Neutral,0.41,2.75,3,Neutral,Negative,False,True,False,False,True,False,False,False,False,"I will say right away, there is a reason to contemplate the next moe shojo-ai. however, the authors made a competent move, cutting out a slice. as a result, the girls and the game almost harmoniously look. even an open flirtation in legality did not strain (well, sometimes the passages about the hearts were infuriated by their whimsiness and frequency reaching to the ugliness.) They also paid a lot of attention to the peculiarities of the game and tactics. but they did not convince the team from the semi-final of the national championship, and who really did not take the scenes.",True
POSITIVE,"взяла размер s(ношу xs ,s иногда m), посмотрев на размерную сетку и измерив себя, вроде бы должно остаться ещё пространство, но рубашка оказалась впритык; качество отличное, есть пару маленьких ниточек, но это просто можно обрезать ножницами; фотографии соответствует; с продавцом не общалась, заказывала 11.11.17 пришел 03.01.18",0.041,0.881,0.078,0.5267,Positive,5,3,Neutral,0.9829404950141907,positive,5,Positive,0.8292220830917358,positive,5,Positive,0.9891616106033325,Neutral,3,Neutral,0.8106312155723572,5,Positive,0.45035721291802205,5,Positive,0.0,1,Negative,0.48,4.0,4,Positive,Positive,True,False,True,True,False,True,True,False,True,"took the size s (wear xs,s sometimes m), looking at the size grid and measuring yourself, it seems that there should still be space, but the shirt was adjacent; the quality is excellent, there are a couple of small threads, but it just can be cut with scissors; the photos correspond; with the seller did not communicate, ordered 11.11.17 came 03.01.18",True
NEGATIVE,"приехала на спектакль ""идеальный муж"" (30 марта 2023г.) из другого города, билеты заказывала заранее. очень тесные междурядья, а судя по ранним отзывам, раньше в зале было душно, зато сейчас вентиляция работала так, что мы с дочкой ушли после первой части спектакля и, судя по количеству людей у гардероба, не одни. спектакль затянут. дмитрий миллер хороший киноактер, но в этом спектакле, не понравился. равно, как и ю. куварзина. остальные актеры более театральны что-ли. две скрипачки часто заглушали актеров. нам на 4 ряду было слышно иногда плохо, зрителям в конце зала вряд-ли была слышна речь.",0.033,0.82,0.147,0.7359,Positive,5,1,Negative,0.9927359819412231,neutral,3,Neutral,0.7760852575302124,negative,1,Negative,0.8888155221939087,Negative,1,Negative,0.9081857800483704,5,Positive,0.5258712049072426,5,Positive,0.0,3,Neutral,0.52,3.0,3,Neutral,Negative,False,True,False,True,True,False,False,False,False,"came to the play ""ideal husband"" (March 30, 2023.) from another city, the tickets were ordered in advance. very close inter-rows, and judging by early reviews, before the hall was stuffy, but now the ventilation worked so that my daughter and I left after the first part of the play and, judging by the number of people at the wardrobe, not alone. the performance was delayed.",True
POSITIVE,"hello friend! order received. very fast! many thanks! sincerely, alexander nikolayev. happy new year to you !",0.0,0.456,0.544,0.9364,Positive,5,5,Positive,0.999916672706604,positive,5,Positive,0.975408673286438,positive,5,Positive,0.9898764491081238,Very Positive,5,Positive,0.4855141043663025,5,Positive,0.8104281258531246,5,Positive,0.0,5,Positive,1.0,5.0,5,Positive,Positive,True,True,True,True,True,True,True,True,True,"hello friend! order received. very fast! many thanks! sincerely, alexander nikolayev. happy new year to you!",True
NEGATIVE,"ещё одна бесполезная жральня и харчевня для общества потребления вместо полезного для города транспортного предприятия - 2 троллейбусного парка, преступно закрытого московскими властями!",0.104,0.778,0.118,0.1007,Neutral,3,1,Negative,0.999984622001648,negative,1,Negative,0.9223083257675171,negative,1,Negative,0.9956552982330322,Very Negative,1,Negative,0.829526960849762,1,Negative,0.5180534863936438,1,Negative,0.0,1,Negative,0.6122469111373064,1.25,1,Negative,Negative,False,True,True,True,True,True,True,True,True,"Another useless cereal for the consumer society instead of a transport enterprise useful for the city - 2 trolleybus park, criminally closed by the Moscow authorities!",True
NEUTRAL,"иногда могут не пропустить(из-за масочного режима), даже если ты просто идёшь относить карту или за справкой. не все, но есть терапевты от которых справку получить невозможно.",0.0,0.917,0.083,0.2668,Positive,3,3,Neutral,0.9974133372306824,neutral,3,Neutral,0.80350661277771,negative,1,Negative,0.7585286498069763,Negative,1,Negative,0.8879781365394592,1,Negative,0.8928326274957039,1,Negative,0.0,1,Negative,0.694157989298661,1.75,2,Negative,Neutral,False,True,True,False,False,False,False,False,False,"Sometimes they may not miss (due to the mask mode), even if you just go to carry the card or for help. not all, but there are therapists from whom it is impossible to get a certificate.",True
POSITIVE,"итак, что я могу сказать о данном аниме. знаете, вот представьте себе два города, в одном все так солнечно и ярко, а в другом такое серое и свежее, может это из-за того, что я из россии или же другое, но вот эта свежеть прямо подкупает. первый раз я смотрел и меня сразу зацепило, а после спустя несколько лет я решил пересмотреть и снова не пожалел. что же так цепляет? ну во-первых опенинг, о да он великолепен ( просто зацените сами) второе это персонажи, пусть некоторые и наполнены клише, но по большей части они потрясающи, а особенно характеры главных героев, почему-то мне было просто ассоциировать себя с главным героем, а это самое главное я считаю для автора. и третье - атмосфера, как я уже говорил раньше - свежая и притягательная. минусов лично я не нашел. рисовка не проседает и битвы выглядят эпично, так что 1010 и обязательно к просмотру!",0.0,0.869,0.131,0.8003,Positive,5,5,Positive,0.9997342228889465,positive,5,Positive,0.884678840637207,positive,5,Positive,0.9981573224067688,Positive,5,Positive,0.3165389597415924,5,Positive,0.4326440853510082,5,Positive,0.0,5,Positive,0.42,5.0,5,Positive,Positive,True,True,True,True,True,True,True,True,True,"So what can I say about this anime. you know, imagine two cities, in one everything is so sunny and bright, and in the other so gray and fresh, maybe it's because of the fact that I'm from Russia or another, but this freshness directly bribes. the first time I watched and immediately hooked me, and after a few years I decided to reconsider and again did not regret.",True
POSITIVE,"каша получается очень вкусная, однородная текстура с мягкими кусочками. качество высокое!",0.0,1.0,0.0,0.0,Neutral,3,5,Positive,0.9921702742576599,positive,5,Positive,0.7775495648384094,positive,5,Positive,0.9207532405853271,Positive,5,Positive,0.7803850769996643,3,Neutral,0.6054543624329947,3,Neutral,0.0,3,Neutral,0.82,4.0,4,Positive,Positive,False,True,True,True,True,False,False,False,True,"The porridge is very tasty, homogeneous texture with soft pieces. the quality is high!",True
NEUTRAL,"с названием конечно они не угадали. фастфудом стараюсь не увлекаться , но иногда хочется. покупаю бургер , а картофель фри стараюсь не брать. однажды в автомобиле , в кармашке оставил картофель фри на пару недель , он даже не испортился, немного вспрел.",0.0,0.965,0.035,0.1154,Neutral,3,3,Neutral,0.999887228012085,neutral,3,Neutral,0.6564376950263977,negative,1,Negative,0.7250487208366394,Negative,1,Negative,0.7765710353851318,3,Neutral,0.7007599196640139,3,Neutral,0.0,3,Neutral,0.656537370318701,2.5,2,Negative,Neutral,True,True,True,False,False,True,True,True,False,"I try not to get carried away with fast food, but sometimes I want to buy a burger, and I try not to take French fries. once in a car, left French fries in a pocket for a couple of weeks, it did not even spoil, a little soared.",True
NEGATIVE,"вот решил я ради интереса посмотреть, что такое хентай. начал с этого, прельстившись dfc.есть сюжетец.нет гигантских сисек. правда, та маленькая грудь, которая есть, не всегда нарисована красиво.есть романтика. нет обломов.в общем, смотреть можно.есть трап, но в небольшом количестве, не напрягает.есть инцест (собственно, весь тайтл и есть инцест).есть приятная ненавязчивая музыка.нет ничего выдающегося.610",0.088,0.786,0.126,0.6153,Positive,5,1,Negative,0.9994369149208069,neutral,3,Neutral,0.721103847026825,positive,5,Positive,0.5304951071739197,Negative,1,Negative,0.7492709159851074,1,Negative,0.44219701259876143,1,Negative,0.0,3,Neutral,0.7143244698858215,2.5,2,Negative,Negative,False,True,False,False,True,True,True,False,True,"I decided for the sake of interest to see what hentai is. began with this, being seduced by dfc. is a plot. there are no giant boobs. however, the small boobs that are not always painted beautifully. there is romance. there are no bummers.In general, you can see. there is a ladder, but in small quantities, does not strain. there is incest (in fact, the whole title is incest).There is pleasant unobtrusive music.",True
NEGATIVE,"хрустят на зубах. конечно понимаю что цельнозерновые, но обычно это съедобно. а тут как будто в песочнице вместе с куличиками кушаешь.",0.0,0.86,0.14,0.5023,Positive,5,1,Negative,0.9980161190032959,neutral,3,Neutral,0.7826054096221924,negative,1,Negative,0.9136053919792175,Negative,1,Negative,0.49871334433555603,3,Neutral,0.6398188154162907,3,Neutral,0.0,3,Neutral,0.636346691406424,2.5,2,Negative,Negative,False,True,False,True,True,False,False,False,True,"Of course, I understand that whole grains, but usually it is edible, and here it is like eating in a sandbox with cookies.",True
NEGATIVE,ну все щенок ты огребаешь за пиздеж,0.0,1.0,0.0,0.0,Neutral,3,1,Negative,0.999871015548706,negative,1,Negative,0.8687681555747986,negative,1,Negative,0.7776360511779785,Very Negative,1,Negative,0.45790329575538635,3,Neutral,0.5298840322374212,3,Neutral,0.0,3,Neutral,0.4753664537256753,2.0,2,Negative,Negative,False,True,True,True,True,False,False,False,True,You're fucking puppy.,True
NEUTRAL,"думаю, я значит, что же глянуть? смотрю, новое анимцо, ну гарем, ну эччи,, ну школа ну фантастика, сразу первая мысль, 100 клон, а и не прогодал, is: infinite stratosбесконечные небеса и hundredсотня, далеко не ходили, сюжет оттуда, все сделано из исходника is: infinite stratosбесконечные небеса, да ж такое, где те нормальные меха?да нигде.нету их.надеюсь будут.сюжет так себе, классика лютая, но тут похвалю это не эччи, а зашифрованный хентай, спросите почему? да и дураку видно почему.понимаю конечно япошек, но уже и так, это прям не в многоту, зачем клоны клонов клонов клонов.делать? когда пойдет что-нибудь другое? пхах, да никогда, персонажи здесь выражены, ну хотя бы более-менее живыми, чем в hundredсотня, там вообще не о чем говорить.каждого персонажа можно охарактеризовать так. я хочу быть с тобой, я возьму твой груз проблем на себя, я тебе помогу, спасало это только, некоторые моментики и фейсы персонажей, над которыми улыбаешься ненароком.сюжет даже рассказывать не буду, если смотрели любой мех в таком жанре то поймете меня.оценка 710ибо спасало все это, отдельные моменты, и вот тут вам фейс aine chidorigafuchiайнэ чидоригафучи889x492",0.0,0.792,0.208,0.9034,Positive,5,3,Neutral,0.9999829530715942,neutral,3,Neutral,0.6509106159210205,negative,1,Negative,0.925671398639679,Very Negative,1,Negative,0.7784290313720703,1,Negative,0.7493405947983359,1,Negative,0.0,3,Neutral,0.48,2.25,2,Negative,Neutral,False,True,True,False,False,False,False,True,False,"I think I mean what to look at? look, a new animzo, well, harem, well, well, school science fiction, at once the first thought, 100 clone, and not sold out, is: infinite stratos infinite heavens and hundred, far from gone, the plot is made from there, everything is made from the source is: infinite stratos infinite heavens, well, even where those normal furs?",True
NEGATIVE,не понравилось ничего в этом напитке! химозная отрава! на выброс!,0.325,0.675,0.0,-0.3404,Negative,1,1,Negative,0.9997478127479553,negative,1,Negative,0.9257594347000122,negative,1,Negative,0.9899379014968872,Very Negative,1,Negative,0.7142937183380127,1,Negative,0.8452780733939802,1,Negative,0.0,1,Negative,0.8863598835287262,1.0,1,Negative,Negative,True,True,True,True,True,True,True,True,True,I didn't like anything about this drink!,True
POSITIVE,"очаровательная, лёгкая, смешная картина французского кинематографа. он-скромный, тихий парень, работающий дворецким в дорогом отеле и она-красивая девушка, уверенная что её новый знакомый миллионер. пройдя гряду комических ситуаций и разоблачений такими разными в начале они оказываются такими одинаовыми и едиными в конце. фильм оставляет только положительные эмоции! ну и конечно нельзя не сказать о самих актёрах. одри тоту замечательно вошла в свою роль. честно говоря было очень интересно и необычно её воспринимать в роли роковой женщины после недавно мной пересмотренного 'амели'. очень понравилась героиня. дерзкая, красивая, утончённая и в тоже время вульгарная. гад элмале отлично преподнёс образ влюбчивого мужчины, готового на всё ради своего счастья, даже вести разорительный образ жизни в убыток себе. смотреть всем кто любит французский лёгкий юмор и одри тоту!",0.0,0.719,0.281,0.977,Positive,5,5,Positive,0.9998077750205994,positive,5,Positive,0.8640745878219604,positive,5,Positive,0.9993458390235901,Positive,5,Positive,0.759602427482605,5,Positive,0.6386761841456698,5,Positive,0.0,5,Positive,0.53,5.0,5,Positive,Positive,True,True,True,True,True,True,True,True,True,"charming, easy, funny picture of French cinema. he is a modest, quiet guy, working as a butler in an expensive hotel and she is a beautiful girl, confident that her new acquaintance millionaire. having passed a series of comic situations and revelations so different at the beginning, they turn out to be so same and united at the end. the film leaves only positive emotions! well, of course, it is impossible not to say about the actors themselves.",True
NEUTRAL,"куртка очень маленькая. не подошла даже ребенку, а покупали для мамы.",0.145,0.855,0.0,-0.3343,Negative,1,1,Negative,0.9659220576286316,negative,1,Negative,0.5379469394683838,negative,1,Negative,0.839908242225647,Negative,1,Negative,0.7215149998664856,3,Neutral,0.4703282836272524,3,Neutral,0.0,3,Neutral,0.4357945576124406,1.75,2,Negative,Neutral,False,False,False,False,False,True,True,True,False,"The jacket is very small, not fit even the child, and bought for the mother.",True
POSITIVE,"обслуживаю в данном сервисе свои автомобили уже более 10 лет, всегда чётко и по делу! теперь они на новом адресе, рядом в 100-150 метрах есть кафе, что очень удобно пока ожидаешь свой авто! удачи и развития вам!",0.0,0.926,0.074,0.508,Positive,5,5,Positive,0.9998581409454346,positive,5,Positive,0.9447252750396729,positive,5,Positive,0.9988440275192261,Very Positive,5,Positive,0.5979889631271362,5,Positive,0.7678264168231209,5,Positive,0.0,5,Positive,0.5,5.0,5,Positive,Positive,True,True,True,True,True,True,True,True,True,"I have been serving my cars in this service for more than 10 years, always clearly and to the point! now they are at a new address, there is a cafe next to 100-150 meters, which is very convenient while you wait for your car!",True
NEGATIVE,"собрать целую кагорту нормальных актёров (некоторых я даже считаю отличными актёрами); угрохать приличные деньги на костюмы, спецэфекты; выбрать прекрасное место для съёмок; взять за основу 100 хитовый сюжет - и снять такое. не, фильм посмотреть то разок можно, бывает и хуже. но после всех выше перечисленных достоинств ожидаешь намного большего. некоторые серии 'ксены' удачней получались.",0.051,0.719,0.23,0.8591,Positive,5,1,Negative,0.9998428821563721,neutral,3,Neutral,0.8336398601531982,negative,1,Negative,0.955880343914032,Positive,5,Positive,0.8079392910003662,3,Neutral,0.6778188811958071,3,Neutral,0.0,3,Neutral,0.4666478532737121,3.0,3,Neutral,Negative,False,True,False,True,False,False,False,False,False,"To collect a whole cahort of normal actors (some of whom I even consider great actors); to ditch decent money for costumes, special effects; to choose a great place for shooting; to take as a basis 100 hit plot - and shoot this.",True
NEGATIVE,"когда я ела суп я подняла лошку а там таракан у меня пропал вкус это есть, не кому не советую приходить в этот ресторан меня это очень разочаровало",0.158,0.842,0.0,-0.5122,Negative,1,1,Negative,0.9988368153572083,negative,1,Negative,0.8632336258888245,negative,1,Negative,0.998766303062439,Negative,1,Negative,0.7782375812530518,1,Negative,0.6884949308373799,1,Negative,0.0,1,Negative,0.51,1.0,1,Negative,Negative,True,True,True,True,True,True,True,True,True,"When I ate the soup, I picked up the cockroach and there's a cockroach that's gone. It's got no taste. I don't recommend anyone to come to this restaurant.",True
NEGATIVE,"моют неплохо, но пахнут. и упаковку с таблетками пришлось дополнительно в пластиковый пакет укутывать, и посуду каждый раз надо дополнительно отполаскивать.",0.0,0.937,0.063,0.1406,Neutral,3,1,Negative,0.9584577083587646,neutral,3,Neutral,0.6504700183868408,neutral,3,Neutral,0.7958149909973145,Negative,1,Negative,0.8723411560058594,3,Neutral,0.7054823927133638,3,Neutral,0.0,3,Neutral,0.89,2.5,2,Negative,Negative,False,True,False,False,True,False,False,False,True,"wash well, but smell. and the package with tablets had to be wrapped in a plastic bag, and the dishes must be rinsed each time.",True
POSITIVE,"достоинства: отличная килька, очень понравилась.",0.0,0.236,0.764,0.8655,Positive,5,5,Positive,0.9995112419128418,positive,5,Positive,0.9912447333335876,neutral,3,Neutral,0.671288013458252,Positive,5,Positive,0.8851584792137146,3,Neutral,0.6896656062400399,3,Neutral,0.0,3,Neutral,0.5464574092258726,4.0,4,Positive,Positive,True,True,True,False,True,False,False,False,True,"Advantages: a great sprat, I really liked it.",True
NEUTRAL,попался хвост с кожей и костями. брала скумбрию в сто раз вкуснее.,0.0,1.0,0.0,0.0,Neutral,3,3,Neutral,0.9976565837860107,neutral,3,Neutral,0.654966413974762,negative,1,Negative,0.9640498161315918,Neutral,3,Neutral,0.41787752509117126,3,Neutral,0.5413902347176871,3,Neutral,0.0,5,Positive,0.5550038015828577,3.0,3,Neutral,Neutral,True,True,True,False,True,True,True,False,True,"I caught a tail with skin and bones, took mackerel a hundred times tastier.",True
NEGATIVE,это есть невозможно,0.0,1.0,0.0,0.0,Neutral,3,1,Negative,0.9626272320747375,neutral,3,Neutral,0.6967816948890686,positive,5,Positive,0.5011551976203918,Negative,1,Negative,0.6713095903396606,1,Negative,0.8685813509077326,1,Negative,0.0,1,Negative,0.82,2.0,2,Negative,Negative,False,True,False,False,True,True,True,True,True,It's impossible.,True
NEUTRAL,"очень долгая отправка, товар стал не нужен",0.216,0.784,0.0,-0.296,Negative,3,1,Negative,0.9620954990386963,negative,1,Negative,0.5109326243400574,negative,1,Negative,0.905077338218689,Negative,1,Negative,0.5724902749061584,1,Negative,0.5821062335927105,1,Negative,0.0,1,Negative,0.4555998772814226,1.25,1,Negative,Neutral,False,False,False,False,False,False,False,False,False,"very long shipment, the goods are no longer needed",True
NEUTRAL,"под вулканом исследователи нашли особую живую субстанцию - камень. для того, чтобы поддерживать жизнь этого камня похищаются девушки. их убивают в жесточайших пытках. это необходимо для того, чтобы извлечь гормоны страха, которые и питают странную субстанцию. один из последних мексикано-американских фильмов с участием бориса карлоффа. легенда фильмов ужасов играет 'главного инквизитора', а по совместительству и главного ученного. поскольку речь идет о низкобюджетной ко-продукции, то для съемок в сша, чтобы не тратиться на переезд был выделен специальный режиссер - джек хилл. в итоге: как и многие другие фильмы джека хилла, кино несмотря на ожидаемую шаблонность, оказывается вполне 'смотрибельным'. это связано с легкостью кинематографического языка хилла - он прост и понятен. при этом, сцену стриптиза вполне можно считать классикой жанра. как дополнительный бонус можно добавить вполне реалистичный сюжет и участие в фильме бориса карлоффа. 6 из 10",0.168,0.747,0.085,-0.9016,Negative,1,3,Neutral,0.9999840259552002,neutral,3,Neutral,0.6558312773704529,negative,1,Negative,0.9712918996810913,Neutral,3,Neutral,0.572063148021698,3,Neutral,0.5909647708665844,3,Neutral,0.0,3,Neutral,0.71,2.5,2,Negative,Neutral,False,True,True,False,True,True,True,True,False,"Under the volcano, researchers found a special living substance - a stone. in order to support the life of this stone, girls are kidnapped. they are killed in the most severe torture. this is necessary in order to extract fear hormones, which feed the strange substance. one of the latest Mexican-American films with the participation of Boris Karloff. the legend of horror films plays the ""chief inquisitor"" and in combination with the main scientist. since we are talking about low-budget co-production, then for filming in the United States, so as not to spend money on moving to a realistic film genre. 6 out of 10",True
POSITIVE,сбер он-лайн -приложение - в нем вся моя жизнь,0.0,1.0,0.0,0.0,Neutral,3,5,Positive,0.9850147366523743,neutral,3,Neutral,0.5227094292640686,positive,5,Positive,0.9833670854568481,Very Positive,5,Positive,0.43329858779907227,3,Neutral,0.39870392120809883,3,Neutral,0.0,3,Neutral,0.5476805658862017,3.75,4,Positive,Positive,False,True,False,True,True,False,False,False,True,I built an online app - it's my whole life.,True
NEUTRAL,"очень тоненькая, но к телу приятна, вискоза. на картинке смотрится лучше. на обхват груди 97, взяла xxl, надо была брать меньше- xl. ждала больше месяца.",0.0,0.769,0.231,0.8656,Positive,5,3,Neutral,0.9965806603431702,positive,5,Positive,0.5229764580726624,neutral,3,Neutral,0.8306352496147156,Negative,1,Negative,0.6537168025970459,5,Positive,0.4229348285274818,5,Positive,0.0,5,Positive,0.52,4.0,4,Positive,Neutral,False,True,False,True,False,False,False,False,False,"Very thin, but pleasant to the body, viscose. in the picture looks better. on the girth of the chest 97, took xxl, I had to take less - xl. waited more than a month.",True
NEGATIVE,"заказ шёл 25 дней. качество ткани хорошее, приятное к телу, ни колится. а вот сшито ужасно, один рукав длиннее другого, швы кривые, торчат нитки везде, горловина сдвинута. приходиться поправлять постоянно горловину и подтягивать на одинаковый уровень рукав.",0.075,0.839,0.086,-0.3142,Negative,3,1,Negative,0.9627256393432617,neutral,3,Neutral,0.8108454942703247,negative,1,Negative,0.6788647174835205,Neutral,3,Neutral,0.48328590393066406,1,Negative,0.6001481884512484,1,Negative,0.0,1,Negative,0.57,1.75,2,Negative,Negative,True,True,False,True,False,True,True,True,True,"The order took 25 days. the quality of the fabric is good, pleasant to the body, does not prick. But it is sewn terribly, one sleeve is longer than the other, the seams are curved, threads stick out everywhere, the neck is shifted. you have to constantly correct the neck and pull up the sleeve to the same level.",True
NEGATIVE,"вчера приобрела товар, косметику для лица, коробки запечатаны наклейкой, срок годности на флаконе, соответственно его не посмотреть. специально спросила девушку на кассе, как по срокам. сказала, не волнуйтесь, все хорошо, девочки проверяют. доверилась, купила. приехала домой, открыла, сроки заканчиваются в апреле 2023 года! это косметика, обратно ее не примут, хотя все чеки остались, ехать далеко, была там случайно. осадок остался очень неприятный! нагло обманывают, подсовывают старьевсем же и так ясно, что за месяц флакон крема невозможно использовать вообщем крайне не рекомендую, или открывайте прямо при них на кассе и плевать на всю эту заводскую упаковку",0.116,0.776,0.108,-0.2423,Negative,3,1,Negative,0.999825656414032,negative,1,Negative,0.9044241309165955,negative,1,Negative,0.9988030195236206,Very Negative,1,Negative,0.7909881472587585,1,Negative,0.8936095682796292,1,Negative,0.0,1,Negative,0.5466854271174613,1.25,1,Negative,Negative,True,True,True,True,True,True,True,True,True,"yesterday I purchased goods, cosmetics for the face, boxes sealed with a sticker, expiration date on the bottle, respectively, do not look at it. specially asked the girl at the checkout, as per the terms. said, do not worry, everything is fine, the girls check. trusted, bought. came home, opened, the deadlines end in April 2023! this cosmetics, it will not be accepted back, although all the checks remained, was there by accident. the sediment remained very unpleasant! brazenly deceived, slipped by the old and so clearly that for a month a bottle of cream can not be used at all, or do not recommend it at the factory.",True
NEGATIVE,"пользовался дважды данным сервисом.nв первый раз - положительные эмоции.nа во второй раз - спустя несколько дней только отрицательные.nво второй раз обратился с боковым порезом (не сильный, около 1-1,5см в длину).nспросил у мастеров про качество ремонта и долговечность. успокоили и сказали всё будет отлично.nсделали, поставили и уехал.nна машине проехал после ремонта колеса не более 60км и в ямы не попадал. и сегодня днем вижу вздутие в месте ремонта (высота около 2см). выглядит как большой прыщ.nживу в городе и ехать во всеволожск для исправления на таком колесе - не хочется и нет возможности в будни.nочень не приятно. nперсонал да, вежливый. вопросов нет.nа вот качество - хромает.",0.054,0.823,0.123,0.8519,Positive,5,1,Negative,0.9999344348907471,neutral,3,Neutral,0.7473181486129761,negative,1,Negative,0.9985685348510742,Positive,5,Positive,0.5808257460594177,5,Positive,0.6435143346001813,5,Positive,0.0,5,Positive,0.58,3.75,4,Positive,Negative,False,True,False,True,False,False,False,False,False,"I used this service twice.n for the first time - positive emotions.n for the second time - after a few days only negative.n for the second time I turned with a side cut (not strong, about 1-1.5 cm in length).n asked the masters about the quality of repair and durability. calmed down and said everything will be fine.n did, put and left.n the car drove after repairing the wheel no more than 60 km and did not fall into the pits. and today I see the bloating at the repair site (height about 2 cm).n looks like a big pimple in the city and go in the room - there are no questions for such a nice person.n.",True
NEUTRAL,"к мастеру претензий нет nа вот к самому помещению да nменя крайне смутило, что стоит одно единственное зеркало, и то кажется, что оно кривое, мне тяжело себя в нем распознать, ибо зеркало в дамской комнате там же совсем другоеnв чем проблема главное зеркало заменить нормальным?nя прихожу по факту отдохнуть, а не слушать как работники таскают стремянку туда-сюда и орут что-то, это невыносимо",0.193,0.807,0.0,-0.9125,Negative,1,3,Neutral,0.999771773815155,neutral,3,Neutral,0.6297623515129089,negative,1,Negative,0.4892277419567108,Very Negative,1,Negative,0.6352332234382629,3,Neutral,0.42916760141165367,3,Neutral,0.0,3,Neutral,0.40557903568967063,2.25,2,Negative,Neutral,False,True,True,False,False,True,True,True,False,"There are no complaints to the master here to the room itself but I was extremely confused that there is one single mirror, and it seems that it is crooked, it is difficult for me to recognize myself in it, because the mirror in the ladies' room there is also quite different than the problem of the main mirror to replace the normal?",True
NEGATIVE,"ничего не могу с собой поделать, не люблю повседневность, хотя и милую, пол овы промотала. скучновастенько. хотя, зен рассмешил, до последнего казалось, что он вот-вот начнет домогаться до шираюкикачество рисовки расстроило окончательно.610",0.246,0.646,0.108,-0.7724,Negative,1,1,Negative,0.9998997449874878,negative,1,Negative,0.8308995962142944,neutral,3,Neutral,0.5367973446846008,Negative,1,Negative,0.4821028411388397,3,Neutral,0.5362211133979972,3,Neutral,0.0,3,Neutral,0.6245708453595559,2.0,2,Negative,Negative,True,True,True,False,True,False,False,False,True,"I can't do anything about myself, I don't like everyday life, although it's cute, the floor of the oats wasted. boring. although, zen laughed, until the last it seemed that he was about to start harassing until the shiryukiki quality of the drawing upset completely.610",True
NEGATIVE,"хрень.по сравнению с визуальной новеллой,ощущается абсолютно бессвязной и всё что у неё есть,это концовка,которая всё что тебе даёт,это жёсткий спойлер к вн.вн короткая и имеет перевод на русский,так что советую прочитать вн,а не портить себе впечатление от продолжения пути томоё.",0.06,0.896,0.045,0.0603,Neutral,3,3,Neutral,0.8615128397941589,negative,1,Negative,0.4994986355304718,negative,1,Negative,0.9291568994522095,Very Negative,1,Negative,0.7991858720779419,3,Neutral,0.5582301100412164,3,Neutral,0.0,1,Negative,0.6958680317335012,2.0,2,Negative,Negative,False,False,True,True,True,False,False,True,True,"In comparison with the visual novel, it feels completely incoherent and all it has is the ending, which gives you everything, it's a hard spoiler to the second and has a translation into Russian, so I advise you to read the VN, and not spoil the impression of continuing the Tomoye path.",True
POSITIVE,"классные носочки, будем брать еще!",0.0,0.618,0.382,0.4753,Positive,5,5,Positive,0.9987142086029053,positive,5,Positive,0.9911433458328247,positive,5,Positive,0.9781990051269531,Positive,5,Positive,0.8815003633499146,5,Positive,0.4627976556517608,5,Positive,0.0,1,Negative,0.5227497678483334,4.5,4,Positive,Positive,True,True,True,True,True,True,True,False,True,"Nice socks, let's get some more!",True
POSITIVE,"ну я ставлю чистейшую десятку. 1010. не знаю чем недовольны некоторые люди. тут офигенная драма, отличная комедия и восхитительная романтика. и даже есть некое подобие треугольников. отличные второстепенные герои. и пусть финал ясен после поосмотра нескольких серий, этот тайтл идет на одном дыхании. можно его сравнить с торадора? безусловно. но там нет такой драмы и больше комедии. если вам зашла торадора, этот сериал точно понравится. не знаю влияет ли возраст на восприятие таких вещей. но я вспоминаю свои школьные годы и те чувства, которые были от безответной любви, от разрыва отношений. для молодых это наверно так роли не сыграет, но когда ты вспоминаешь то, что прошло двадцать лет назад, это не передать словами. и именно такая романтика дает те самые забытые чувства.",0.033,0.716,0.251,0.9806,Positive,5,5,Positive,0.9999336004257202,neutral,3,Neutral,0.5002845525741577,positive,5,Positive,0.9984227418899536,Positive,5,Positive,0.4860490560531616,3,Neutral,0.7182169944694046,3,Neutral,0.0,3,Neutral,0.6172943001859328,4.0,4,Positive,Positive,True,True,False,True,True,False,False,False,True,"Well, I'll bet the cleanest ten. 1010. I don't know what some people are dissatisfied with. there's a great drama, great comedy and delightful romance. and there's even some semblance of triangles. great secondary characters. and let the ending be clear after watching a few episodes, this title goes on the same breath. can you compare it to the torador? certainly. but there's no such drama and more comedy. if you come to the torador, this series will definitely like. I don't know if age affects the perception of such things. but I remember my school years and those feelings that were from unrequited love, from the breakup for the young people, but you remember that it's the way back.",True
POSITIVE,"на самом деле первый раз я смотрела это аниме в 2014 году. мне было 11 лет. и мне понравилось! правда показалось скучноватым. из-за того, что в аниме мало романтики. но! сейчас, спустя 3 года. у меня, грубо говоря, появились мозги, и я пересмотрела. и знаете, что я могу сказать? мне понравилось гораздо больше нежели чем в первый раз! такого у меня еще не было! в общем, 1010, в прочем так и было. просто в моем мировозрении многое поменялось, так как я становлюсь более сформивовавшейся личностью. и теперь эти миленькие намеки, самоощущение персонажей кажутся намного милее.что касается персонажей. кёко - это одна из немногих девочек, о которых нельзя сказать: ""ох! тупица! ой ой ой.""и ""этот парень в неё влюбился. у него вообще нет вкуса."". она умная, красивая, добрая спойлер (не к шотаро естественно) ради нее уже стоит ставить оценку не ниже 710.цуруга-сан няшный. единственное что меня смущает, так это то, что он считает себя ""взрослым мужчиной"". хотя ему всего 20! еще больше симпатии у меня к нему появилось после второго разговора с бо. но вы сами узнаете обо всем, когда посмотрите. шотаро. шотаро. ""таро"" всегда с ним ну. эгоист. родители виноваты, что тут попишешь.эндинги просто прелесть, что нельзя сказать об опенингах. ну повторюсь, 1010. советую начать просмотр, но на великую любовь здесь надеяться не надо. милая комедия и седзе",0.115,0.711,0.174,0.8969,Positive,5,5,Positive,0.9997686743736267,neutral,3,Neutral,0.6381120085716248,positive,5,Positive,0.9989356398582458,Positive,5,Positive,0.47510087490081787,3,Neutral,0.481574274785824,1,Negative,0.0,1,Negative,0.46,3.5,4,Positive,Positive,True,True,False,True,True,False,False,False,True,"In fact, the first time I watched this anime in 2014. I was 11 years old. and I liked it! the truth seemed boring. due to the fact that in the anime there is not much romance. but! now, 3 years later. I, roughly speaking, have brains, and I revised. and you know what I can say? I like much more than the first time! in general, I did not have this! in 1010, in other words, it just changed a lot in my worldview, as I become more formed personality. and now these two guys are kind to her. ""Taro"" is always with him well. selfish. parents are guilty of writing here. Endings are just lovely, which can not be said about the openings. well, again, 1010. I advise you to start watching, but you should not hope for great love here.",True
NEGATIVE,"сыр горький, пластилиновый. выбросила. радости вкуса никакой.",0.206,0.515,0.279,0.25,Positive,3,1,Negative,0.9930522441864014,negative,1,Negative,0.7408185005187988,negative,1,Negative,0.9581956267356873,Neutral,3,Neutral,0.5064018964767456,1,Negative,0.7906182652694947,1,Negative,0.0,1,Negative,0.6550211352451484,1.5,2,Negative,Negative,False,True,True,True,False,True,True,True,True,"Cheese bitter, plasticine, threw away the joy of taste.",True
NEUTRAL,"отличное аниме, стоит своего рейтинга(если судить, что у каждого свое мнение и некоторые боятся ""а что же скажут остальные по поводу их оценки""(занижают сильно)). советую смотреть всем, многим придется по душе. 1010! для 2010 года рисовка просто превосходная! отличные опенинги, каждый из которых хочется смотреть, а не skip-ать. музыкальное сопровождения также на высоте, если кому-то что-то не понравится, то это будет явно не музыка!(название песен можно найти в рецензиях, или в интернете) превосходный сюжет, такие темы затрагиваются очень редко, так как их зачастую сложно объяснить , да и описать. в процессе сюжета персонажи ""заставляют восхищаться"" своими действиями, да и многим они придутся по душе, так как здесь разные персонажи(хотя их и мало), потому многие найдут того персонажа, за которым они будут наблюдать до конца сюжета(возможно, что это будет даже второстепенный персонаж).до 13 серии я ""держался"", но 13 серия просто ""добила"" своей эмоциональностью и поворотом сюжета. не забудьте просмотреть спэшлы, особенно тот, где другая концовка показана(мне больше показалось, что то не концовка, а продолжение сюжета(если логически подумать)).",0.04,0.833,0.127,0.9419,Positive,5,3,Neutral,0.9974269270896912,positive,5,Positive,0.9646910429000854,positive,5,Positive,0.9989035129547119,Positive,5,Positive,0.49722445011138916,5,Positive,0.5080126730160255,5,Positive,0.0,1,Negative,0.36,4.25,4,Positive,Neutral,False,True,False,False,False,False,False,False,False,"excellent anime, is worth its rating (if we judge that everyone has their own opinion and some are afraid of ""what the rest will say about their assessment"" (lower strongly)). 1010! for 2010, the drawing is simply excellent! excellent openings, each of which you want to watch, and not skip. the musical accompaniments are also at their height, if someone does not like something, it will clearly not be music! (the name of the songs can be found in reviews, or on the Internet) an excellent plot, such topics are touched on very rarely, since they are often difficult to explain, and describe. in the process of the plot, the characters are “made to admire” their actions, and many will like it, since there are different characters (although there are few of them), because many will find that plot, if I do not even think about the other series until the end.",True
POSITIVE,"не зря я ждал пока данный шедевр выйдет полностью, и слово ""шедевр"" очень сильно подходит данному аниме. аниме меня зацепило ещё с трейлера, мне очень понравилось как оно там смотрится, и заинтересовало меня, ведь в далёком 2010 году, когда я ещё не понимал что смотрю аниме, это была именно ""меха"". если говорить о данном аниме, то мне понравилось пожалуй всё, начиная от сеттинга, рисовки, и музыкального сопровождения, и заканчивая персонажами. да, раскрыты не все персонажи, очень многих просто пропустили, но про основных играющих роль персонажей, нам рассказали. очень сильно показана тема война и дискриминации, что не часто встретишь в мире аниме. поставил 1010 даже не задумываясь, последние серии просто огонь, которые способны пробрать до глубины костей даже самого равнодушного человека. крайне рекомендую к просмотру",0.029,0.876,0.095,0.7505,Positive,5,5,Positive,0.9994654059410095,neutral,3,Neutral,0.6309986710548401,positive,5,Positive,0.9996059536933899,Positive,5,Positive,0.7422577738761902,5,Positive,0.5714929435682418,5,Positive,0.0,3,Neutral,0.4,4.5,4,Positive,Positive,True,True,False,True,True,True,True,False,True,"No wonder I waited until this masterpiece will come out completely, and the word ""masterpiece"" is very much suited to this anime. anime hooked me from the trailer, I really liked how it looks there, and interested me, because in the distant 2010, when I did not understand that I watch the anime, it was exactly ""mecha."" If we talk about this anime, I liked perhaps everything, starting from the setting, drawing, and musical accompaniment, and ending with the characters. Yes, not all the characters are disclosed, very many simply missed, but about the depths of the series, we often do not even consider the role of the last 10 characters.",True
NEUTRAL,филе свежее. это нарезанная большая грудка индейки. много отходов.,0.174,0.683,0.143,-0.128,Neutral,3,3,Neutral,0.9817111492156982,neutral,3,Neutral,0.6469829082489014,negative,1,Negative,0.5622750520706177,Positive,5,Positive,0.38183361291885376,1,Negative,0.4500871018655711,1,Negative,0.0,3,Neutral,0.7248582071215054,2.5,2,Negative,Neutral,True,True,True,False,False,False,False,True,False,The fillet is fresh. It's a sliced big turkey breast. It's a lot of waste.,True
POSITIVE,very nice and high quality. fast enough. i recommend it.,0.0,0.556,0.444,0.6801,Positive,5,5,Positive,0.999819815158844,positive,5,Positive,0.9941638112068176,positive,5,Positive,0.9858614206314087,Positive,5,Positive,0.7221247553825378,5,Positive,0.44652246582137983,5,Positive,0.0,5,Positive,0.7326292014544937,5.0,5,Positive,Positive,True,True,True,True,True,True,True,True,True,Very nice and high quality. fast enough. i recommend it.,True
NEGATIVE,"цена не соответствует качеству! ужасная рубашка, пришла с сильным кислым запахом и влажная. померила только после стирки и она оказалась еще и колючая к телу. сильно отличается от фото продавца. полоска темнее, воротник ужасно большой и нелепый для этой модели. не советую эту рубашку никому! я очень расстроена за потраченные деньги и неоправданные ожидания. цена невероятно высока для такого низкокачественного продукта. лучше переплатить, но получить то, что продавец заявляет на фото.",0.118,0.841,0.042,-0.6742,Negative,1,1,Negative,0.9960716962814331,negative,1,Negative,0.8983526825904846,negative,1,Negative,0.9927318692207336,Very Negative,1,Negative,0.8887396454811096,1,Negative,0.6618156901022209,1,Negative,0.0,1,Negative,0.47,1.0,1,Negative,Negative,True,True,True,True,True,True,True,True,True,"The price does not correspond to the quality! terrible shirt, came with a strong sour smell and wet. tried only after washing and it was also prickly to the body. it is very different from the seller's photo. the strip is darker, the collar is terribly large and ridiculous for this model. I do not recommend this shirt to anyone! I am very upset for the money spent and unjustified expectations. the price is incredibly high for such a low-quality product. it is better to overpay, but get what the seller declares in the photo.",True
NEUTRAL,"думаю создатели фильма поторопились с этим выводом! да, фильм неплохой, но все же с первыми двумя частями его сравнить никак нельзя! во-первых разочарованием было то, что в главной роли мы не увидели маколей калкина, и это действительно неприятно удивило. да, алекс д. линц справился со своей ролью хорошо, но все же, уже не то. во-вторых, по сравнению с первыми частями главный герой уже не совсем один дома, его семья в городе, и по звонку могут быть дома, это тоже делает фильм менее интересным. и в третьих, злодеи. в предыдущих частях они были смешными неудачниками, которых даже немного жалко, когда с ними происходят все 'сюрпризы' приготовленные кевином, а тут прям какие-то убийцы! в общем, можно сказать, что фильм получился хорошим, шутки смешные, актерский состав достойный, но я бы не стала называть этот фильм 'один дома 3', тогда бы он мог заслужить оценку побольше, и его не стали бы всегда сравнивать с неотразимыми 'один дома' и 'один дома 2: затерянный в нью-йорке' p.s. при желании можно посмотреть этот фильм. 7 из 10",0.061,0.782,0.157,0.8997,Positive,5,3,Neutral,0.9999707937240601,negative,1,Negative,0.7260653376579285,negative,1,Negative,0.5934639573097229,Negative,1,Negative,0.7627211213111877,3,Neutral,0.8241313021168117,3,Neutral,0.0,3,Neutral,0.51,2.5,2,Negative,Neutral,False,True,False,False,False,True,True,True,False,"I think the creators of the film hastened with this conclusion! yes, the film is not bad, but still it can not be compared with the first two parts! firstly, the disappointment was that in the main role we did not see the makolas of Kalkin, and this really unpleasant surprise. yes, Alex D. Linz coped with his role well, but still, not so. secondly, in comparison with the first parts the main character is not quite alone at home, his family in the city, and by the call can be at home, this also makes the film less interesting. and in the third, in the previous parts they were funny 2: one movie, you could not even be called one at home. 7 out of 10",True
POSITIVE,"сейчас я завидую больше всего тем , у кого любимый человек рядом.",0.15,0.571,0.279,0.4215,Positive,5,5,Positive,0.9867188334465027,positive,5,Positive,0.9191197156906128,neutral,3,Neutral,0.7432028651237488,Positive,5,Positive,0.4775688052177429,5,Positive,0.8642953548214387,5,Positive,0.0,5,Positive,0.7820755536133843,4.75,5,Positive,Positive,True,True,True,False,True,True,True,True,True,Now I envy those who have a loved one next to me.,True
NEUTRAL,очень много костей. годно филе трлько для котлет. роза.,0.0,0.734,0.266,0.4404,Positive,5,3,Neutral,0.829925000667572,neutral,3,Neutral,0.7289044857025146,neutral,3,Neutral,0.7876931428909302,Positive,5,Positive,0.8026571273803711,3,Neutral,0.5747695397781081,3,Neutral,0.0,3,Neutral,0.89,3.5,4,Positive,Neutral,False,True,True,True,False,True,True,True,False,"A lot of bones, good fillet trlko for cutlets. rose.",True
POSITIVE,"самая обычная смешная комедия про школу с кучей угара и шуток.абсолютно несерьёзный тайтл из тех, на которых можно отдохнуть от просмотра чего-нибудь очень серьёзного.ничего особо выдающегося в этом аниме нет.да и не надо. количество лулзов которые можно словить при просмотре вполне себе могут компенсировать недостатки аниме. но я дико радовался и ржал при просмотре. 10 идеальных школьных жизней из 10.",0.108,0.657,0.235,0.7786,Positive,5,3,Neutral,0.8401278257369995,neutral,3,Neutral,0.5176019668579102,negative,1,Negative,0.7723098397254944,Very Negative,1,Negative,0.8970007300376892,3,Neutral,0.599299561849855,3,Neutral,0.0,3,Neutral,0.57,2.75,3,Neutral,Positive,True,False,False,False,False,False,False,False,False,The most common funny comedy about school with a lot of frenzy and jokes.Absolutely unserious title from those on which you can relax from watching something very serious.There is nothing particularly outstanding in this anime. 10 perfect school lives out of 10.,True
NEGATIVE,"заказ не пришёл, деньги вернули.",0.0,1.0,0.0,0.0,Neutral,3,1,Negative,0.7098732590675354,neutral,3,Neutral,0.4660564661026001,negative,1,Negative,0.6367402672767639,Negative,1,Negative,0.6333023309707642,1,Negative,0.5321396695815703,1,Negative,0.0,1,Negative,0.852938607793641,1.5,2,Negative,Negative,False,True,False,True,True,True,True,True,True,"The order did not come, the money was returned.",True
NEGATIVE,"хреновое состояние, когда безумно хочется написать кому то, а сомневаешься нужно это делать или нет.",0.272,0.67,0.058,-0.7003,Negative,1,1,Negative,0.9988633394241333,negative,1,Negative,0.8277862071990967,negative,1,Negative,0.9956964254379272,Neutral,3,Neutral,0.7456637620925903,3,Neutral,0.42680415041162506,1,Negative,0.0,3,Neutral,0.59,1.75,2,Negative,Negative,True,True,True,True,False,False,True,False,True,It’s a shitty state when you want to write to someone and you doubt whether or not you should.,True
POSITIVE,"обращение в лесничество, которому скорее всего подведомственна территория. потом в районную администрацию. там найдут, как выделить на это деньги и их попилить. самое главное, чтобы на дело хоть что-то осталось. тугодумам и тупым скотам социальная реклама должна долбить в глаза и уши ежедневно по всем каналам, на плакатах и билбордах. мусорящих должны изображать грязными хрюшами. только тогда, может быть, будет откладываться свой собственный образ. так разумею)) а изображение гадостей на пачках сигарет снизит количество курящих)))наша задача теперь приучить молодое и подрастающее поколение к тому, что чисто это хорошо, и природные ресурсы не восстанавливаются. закоренелых свинов, кажется, ничего уже не исправит.",0.075,0.887,0.038,-0.5279,Negative,1,5,Positive,0.9889709949493408,neutral,3,Neutral,0.6947147250175476,positive,5,Positive,0.4961708188056946,Very Negative,1,Negative,0.4252414405345917,3,Neutral,0.653534374744972,3,Neutral,0.0,3,Neutral,0.41,3.0,3,Neutral,Positive,False,True,False,True,False,False,False,False,False,"appealing to the forestry, which is most likely subordinate to the territory, then to the district administration. there will find how to allocate money for this and cut them off. the most important thing is that the image of filth on packs of cigarettes will reduce the number of smokers) our social advertising should beat in the eyes and ears daily through all channels, on posters and billboards. garbage people should be portrayed as dirty pigs. only then, perhaps, will be postponed their own image.",True
NEGATIVE,"пожалуй, единственный это быстрая доставка! качество ужасное. мало того, что материал не очень то приятный, так ещё и пошито ужасно. везде торчат нитки, карман отрывается, на стыке с рукавом дырка, и так ещё маленькая дырочка есть чуть выше груди. в дополнении когда всему ещё и грязная, с какими-то полосами черными. с размером не угадала, но это моя ошибка уже. начитавшись отзывов заказала xl, но она огромная.",0.124,0.844,0.032,-0.7718,Negative,1,1,Negative,0.9996689558029175,neutral,3,Neutral,0.5049208402633667,negative,1,Negative,0.9765967726707458,Very Negative,1,Negative,0.8703439235687256,3,Neutral,0.5176245859727259,3,Neutral,0.0,3,Neutral,0.49,2.0,2,Negative,Negative,True,True,False,True,True,False,False,False,True,"Perhaps the only one is fast delivery! quality is terrible. not only that the material is not very pleasant, so it is also sewn terribly. threads stick out everywhere, the pocket breaks off, there is a hole at the junction with the sleeve, and so there is a small hole slightly above the chest. in addition, when everything is still dirty, with some stripes black. with the size I did not guess, but this is my mistake already. having read the reviews I ordered xl, but it is huge.",True
POSITIVE,"тут и далее фото из гугл-панорам а это прага. не очень изящно, но безопасно а это лондон. симпатичный заборчик совсем не портит вид и может спасти от смерти множество людей. япония. забор засажен кустами, красота! вылетная магистраль в большом париже лонг-айленд в нью-йорке. очень похоже на нашу ленинградку берлин. разделены даже встречные трамваи! а вот наш ленинский проспект. пять(!) полос в каждом направлении и никакого барьера! зато удобно избранным по разделу пробки объезжать из яндекс-панорам результат: фото теперь барьеры планирую демонтировать на каширском и варшавском шоссе (где разрешенная скорость 80 кмч).",0.089,0.744,0.167,0.9462,Positive,5,5,Positive,0.9957315325737,neutral,3,Neutral,0.8985544443130493,positive,5,Positive,0.7121603488922119,Very Positive,5,Positive,0.4494153559207916,5,Positive,0.652453358481378,5,Positive,0.0,3,Neutral,0.43,4.5,4,Positive,Positive,True,True,False,True,True,True,True,False,True,"Here and further photos from Google panorama and this is Prague. not very elegant, but safe and this is London. nice fence does not spoil the view and can save many people from death. Japan. fence planted with bushes, beauty! flight highway in the great Paris Long Island in New York. It is very similar to our Leningrad Berlin. even oncoming trams are divided! but our Leninsky Prospekt. five (!) lanes in each direction and no barrier! but it is convenient for those selected in the section of the traffic jam to get around from the Yandex panoramas result: now I plan to dismantle the barriers on the Kashir and Warsaw highways (where the allowed speed is 80 kmh).",True
NEGATIVE,"1 )заказ не отслеживался 1.5 месяца. шел 2 месяца. открыла спор ,но он пришел как раз к концу защиты. куртка подошла отлично. а штаны - это просто прикол над покупателем. в брюки по росту и размеру влезла моя дочь 9 лет. размер штанов не соответствует. открыла опять спор . на что продавец мне предложил 2 доллара. вставил бы он их себе в ухо. я заказывала костюм, а не брюки и куртку по отдельности .я отнесла в мастерскую по бокам дошили . отдала денег.носить можно. спор закрыли в пользу продавца. принципиально отказалась от предложения продавца. очень ждала возможности написать отзыв об этом честном продавце как он себя называет. итог. куртка норм на 4, а штаны ребенку на 5 потянут.",0.083,0.731,0.187,0.9506,Positive,5,1,Negative,0.9996949434280396,negative,1,Negative,0.8556818962097168,negative,1,Negative,0.9794029593467712,Very Negative,1,Negative,0.5281469225883484,1,Negative,0.5530770114269717,1,Negative,0.0,1,Negative,0.54,1.5,2,Negative,Negative,False,True,True,True,True,True,True,True,True,"(1) The order has not been traced for 1.5 months. It was 2 months. opened the dispute, but it came just at the end of the defense. jacket fit perfectly. and pants - it's just a prank on the buyer. in the pants for height and size fit my daughter 9 years. the size of the pants does not match. opened again the dispute. What the seller offered me was $2, he would have put it in his ear, I ordered a suit, not pants and a jacket separately. The dispute was closed in favor of the seller, fundamentally refused the offer of the seller, very much waited for the opportunity to write a review about this honest seller as he calls himself.",True
NEUTRAL,ну очень соленые. покупала для салата и пожалела об этом.,0.302,0.698,0.0,-0.3818,Negative,1,3,Neutral,0.8035146594047546,neutral,3,Neutral,0.5718562006950378,negative,1,Negative,0.5749359130859375,Negative,1,Negative,0.6060388684272766,3,Neutral,0.6896656062400399,3,Neutral,0.0,3,Neutral,0.5464574092258726,2.25,2,Negative,Neutral,False,True,True,False,False,True,True,True,False,I bought it for salad and regretted it.,True
NEGATIVE,"куртка куцая, на кортинке почти до колен, по факту еле зад прикрывает на картинке просторныя, свободная, на делеесли раскрыть все молнии с боков то можно застигнуть, но в проставке между молнией нет совсем утеплителя, капюшон кое как на голове мне не нравится. двойка! а то и просто кол за бодлог",0.121,0.845,0.034,-0.6633,Negative,1,1,Negative,0.9999297857284546,neutral,3,Neutral,0.6729424595832825,neutral,3,Neutral,0.6101009249687195,Negative,1,Negative,0.4504944086074829,3,Neutral,0.5083096058417602,3,Neutral,0.0,1,Negative,0.6071793863251621,2.0,2,Negative,Negative,True,True,False,False,True,False,False,True,True,"jacket curling, on the cortin almost to the knees, in fact barely covers the ass in the picture spacious, free, in fact, if you open all the lightning from the sides, you can catch, but in the draw between the lightning there is no insulation at all, the hood is something on my head I do not like.",True
NEUTRAL,"это не пуховик. внутри синтепон, который в некоторых швах торчит. не аккуратно прошита часть подкладки. пришла с пятнами. покупкой не довольна. из плюсов: быстрая доставка и размерная сетка верна.",0.106,0.894,0.0,-0.5216,Negative,1,3,Neutral,0.9599310755729675,neutral,3,Neutral,0.6786922812461853,negative,1,Negative,0.8661544322967529,Negative,1,Negative,0.4904094636440277,5,Positive,0.4588269947407113,5,Positive,0.0,3,Neutral,0.6,2.75,3,Neutral,Neutral,False,True,True,False,False,False,False,True,True,"This is not a down jacket. inside the syntepon, which in some seams sticks out. not neatly stitched part of the lining. came with stains. the purchase is not satisfied. of the pluses: fast delivery and dimensional grid is correct.",True
NEGATIVE,"как же печально было смотреть новый фильм жако ван дормеля. не передать. что это было? комикс? или просто утеря творческого дара? что-то случилось с умным, одарённым творчески бельгийцем. у него же были замечательные фильмы - 'господин никто' и 'тото-герой'. но вот куда всё испарилось - вся эта возможность для зрителя домысливать увиденное на экране, создавать в своём воображении дальнейшие картинки жизни может-быть уже своей. жако ван дормель был там как-бы волшебником и говорил своим кино - ну, подумайте сами, но это был лишь мой рассказ. ваш будет другой. а что здесь - в его новом фильме? это тотальная пустота и вторичность образов. неужели кого-то может увлечь история с обезьяной(привет ocиме - и да, очень печально видеть катрин денёв в такой роли (ну всё-же восьмой десяток даме). я уж не знаю, о чём можно говорить, посмотрев этот фильм. небo, раскрашенное в безумные цветочки, беременный мужчина, мальчик, захотевший стать девочкой? небо и так прекрасно, без какого-то либо дополнительного его преображения. да, фильм об одиночестве человека, о его стремлении к любви, о желании обрести какую-то иную, волшебную жизнь. но беда в том, что чувство вкуса и меры изменило режиссёру в этом фильме. умный, 'фирменный' стиль исчез. кино стало похоже на горько-сладкую конфетку в цветном фантике. или лучше сказать - на пилюльку, которая приносит счастье. кино не удалось (по художественно-эстетическим качествам). увы. двойка",0.107,0.722,0.17,0.9247,Positive,5,1,Negative,0.9998817443847656,neutral,3,Neutral,0.7882365584373474,negative,1,Negative,0.8652889728546143,Very Negative,1,Negative,0.7026566863059998,3,Neutral,0.6421545187790532,3,Neutral,0.0,1,Negative,0.38,2.25,2,Negative,Negative,False,True,False,True,True,False,False,True,True,"How sad it was to watch the new film of Jaco van Dormel. do not tell. what was it? comic? or just the loss of a creative gift? something happened to an intelligent, gifted creative Belgian. he also had wonderful films - ""Mr. No one"" and ""toto-hero."" But where everything disappeared - all this opportunity for the viewer to speculate what he saw on the screen, to create in his imagination further pictures of life can be his own. Jako van Dormel was there as if a magician and said to his cinema - well, think for yourself, but it was only my story. yours will be different. and what here - in his new film? it's a total emptiness and secondary imagery. can someone be carried away by a story with a monkey (hello to ocima - and yes, it's very sad to see Katrina of days in such a role (well, all the eighth dozen ladies). I don't know what you can talk about watching this film. painted in crazy flowers, a movie, a movie, a movie, a poor boy's feeling of love, but it's not a wonderful thing.",True
NEGATIVE,"добрый деньзнаете, когда каждый 2й знакомый, который даже не увлекался аниме , говорит про данное нечто, сложно пройти мимоесли говорить конкретно про спешл, то встречайте лобстер монстра, или просто рескин годзиллы в мире ходячих мертвецов, а теперь можно про франшизу в целомзнаете, когда познаёшь творчество японцев, иногда кажется что когда они видят что-то на западе, они хотят сделать это что-то намного больше, причем конкретно. самый простой пример это порнография. допустим сеньйор японец имеет фетиш на большое афро-американское достоинство, но в друг ему этого стаёт мало, и по этому он делает свой проект, с орками и бади-деформацией. так же само произошло и с титанами, нам понравился концепт постапокалипсиса с зомби, но мы сделаем лучше , "" встречайте - титанов! "". стопроцентов именно так думал автор манги при сочинениисама франжиза ничем непримечательная виживалка первые 2 сезона, люди решают конфликты между собой пока 3я сторона в виде зомби пытается их уничтожить. только с 3го сезона мы получаем продвижение лора, истории персонажей и новых антагонистов. это все сопровождается красивым экшеном с затяжными драками. после же, нас просто заваливают бесконечными твистами, таймскипами, воспоминаниями, и все превращается в тупую массовку, буд-то смотришь очередной фильм про супергероев. завышеные ожидания и разочаровающий маркетинг, вот что я получаю при просмотре, подобный трэш я видел только в дивергенте",0.046,0.914,0.04,-0.1909,Negative,3,1,Negative,0.999924898147583,negative,1,Negative,0.57635098695755,negative,1,Negative,0.9180570840835571,Negative,1,Negative,0.5814431309700012,5,Positive,0.6154843823718374,5,Positive,0.0,3,Neutral,0.37,2.5,2,Negative,Negative,True,True,True,True,True,False,False,False,True,"kindly know when every 2nd friend, who was not even fond of anime, says about this something, it is difficult to pass by if we talk specifically about the haste, then meet the lobster of a monster, or just reskin gozilla in the world of the walking dead, and now you can about the franchise in general, when you learn about the work of the Japanese, sometimes it seems that when they see something in the West, they want to do something much more, and specifically. the simplest example is pornography. let's Señor the Japanese have a fetish on a big African-American, and a zombie, and we just do it with a lot of the next season, but we do it with a superman, we do not get a lot of the same thing.",True
NEGATIVE,"очень неплохой чай, вкус листьев смородины чувствуется. именно листьев, а не химических ягод, как бывает в некоторых чаях. взяли уже вторую пачку (первую принесли из свежеоткрывшегося ""перекрестка"" возле дома).",0.0,0.892,0.108,0.5413,Positive,5,1,Negative,0.98598712682724,positive,5,Positive,0.7892284393310547,positive,5,Positive,0.9964163303375244,Positive,5,Positive,0.8732633590698242,3,Neutral,0.68523657932707,3,Neutral,0.0,3,Neutral,0.672484181997874,3.75,4,Positive,Negative,False,True,False,False,False,False,False,False,False,"very good tea, the taste of currant leaves is felt. it is the leaves, and not chemical berries, as it happens in some teas. took the second pack (the first brought from the newly opened ""crossroads"" near the house).",True
NEUTRAL,"вернулся к просмотру аниме после очень длительного перерыва. и благо мне попался именно этот сериал. вполне харизматичные герои, интересный сюжет и концепция самих паразитов, впрочем как и их дизайн пришлись мне по душе (привет карпентеру и его ""нечто""). характеры героев развиваются и следить за развитием интересно, также не забыты и второстепенные персонажи, что прибавляет этому сериалу еще пару баллов. убийство персонажей к которым только привязываешься, такой поворот далеко не новинка но все же вносит накал градуса в сюжет. проблемы поднятые этой анимехой уже успели набить оскомину, но способ подачи и дальнейшее развитие мне, лично, пришлись по душе. ну и конечно какое аниме обойдется без любовной линии и треугольника в ней, здесь это тоже есть но отодвинуто на второй план (честно признаться и слава богу). вообщем всем любителям кровищи, нечто и филосовско-экологических тем рекомендую.моя оценка 7,510",0.047,0.81,0.143,0.876,Positive,5,3,Neutral,0.9995226860046387,neutral,3,Neutral,0.527932345867157,positive,5,Positive,0.9834237098693848,Negative,1,Negative,0.556077241897583,3,Neutral,0.611188005712607,3,Neutral,0.0,3,Neutral,0.56,3.25,3,Neutral,Neutral,False,True,True,False,False,True,True,True,True,"returned to watching the anime after a very long break. and the good news is that I came across this series. quite charismatic characters, an interesting plot and the concept of the parasites themselves, however, as well as their design fell to my liking (hello to Carpenter and his ""something""). the characters of the characters develop and follow the development interestingly, also not forgotten and secondary characters, which adds to this series a couple of points. the murder of characters to which you are only attached, such a turn is far from a novelty but still introduces a degree to the plot. the problems raised by this animehave already managed to stuff something about the 7thing, but I personally recommend it to everyone, but I also love it.10",True
POSITIVE,"посмотрел запоем всё аниме. в общем вроде всё как обычно мега крутой гг и т.п. однако лично мне понравилась атмосфера, не смотря на завязку аниме не основано на экшоне оно довольно ламповое и приятное. я поставил 8 за приятную рисовку и тёплую атмосферу. не считаю что сюжет так уж проседает, просто все ждут рубилово а тут что то более семейное с элементами романтики.(без пошлостей конечно не обошлось, но как по мне вполне в меру без особого перебора.) могу посоветовать тем кто устал от понтовых драчек с шаблонным сюжетом.",0.037,0.848,0.115,0.6266,Positive,5,5,Positive,0.8395357131958008,positive,5,Positive,0.7848557233810425,positive,5,Positive,0.9997149109840393,Positive,5,Positive,0.8646413683891296,3,Neutral,0.5656671847703038,3,Neutral,0.0,5,Positive,0.3849603461937911,4.5,4,Positive,Positive,True,True,True,True,True,False,False,True,True,"I watched all the anime. in general, it seems like everything is usually mega-cool, etc. However, personally I liked the atmosphere, despite the entanglement of the anime is not based on action it is quite lamp and pleasant. I put 8 for a pleasant drawing and a warm atmosphere. I do not believe that the plot sags so much, just everyone is waiting for rubilova and here something more family with elements of romance. (without vulgarities, of course, but in my opinion it is quite moderately without much overdoing.) I can advise those who are tired of the template brawls with the plot.",True
NEUTRAL,"в целом не очень уважаю фастфуд, но когда был макдональдс, меню было разнообразней и вкуснее, время ожидания и сервис быстрее. был через месяц наверное после открытия уже в формате вкусно и точка, возможно ещё не успели выстроить новую систему.",0.039,0.961,0.0,-0.2229,Negative,3,3,Neutral,0.9999114274978638,neutral,3,Neutral,0.7860211730003357,neutral,3,Neutral,0.4909643530845642,Positive,5,Positive,0.8372634053230286,3,Neutral,0.5321564108053157,3,Neutral,0.0,5,Positive,0.4,3.5,4,Positive,Neutral,False,True,True,True,False,True,True,False,False,"In general, I do not really respect fast food, but when there was McDonald's, the menu was more diverse and tastier, waiting time and service faster. was probably a month after the opening already in the format tasty and period, perhaps not yet had time to build a new system.",True
NEGATIVE,"это не овсяные отруби. в составе пшеничные отруби и рисовая мука, и да - ""отруби овсяные"". но на вкус их нет от слова вообще. невкусно. не надейтесь что полезно.",0.0,0.936,0.064,0.2144,Positive,3,1,Negative,0.9986466765403748,negative,1,Negative,0.503344714641571,negative,1,Negative,0.9804880619049072,Negative,1,Negative,0.7516442537307739,1,Negative,0.6730747422715092,1,Negative,0.0,1,Negative,0.83,1.25,1,Negative,Negative,False,True,True,True,True,True,True,True,True,"This is not oat bran. in the composition of wheat bran and rice flour, and yes - ""bran oatmeal"", but they do not taste from the word at all.",True
NEUTRAL,"приложение на apple watch показывает фигу в виде сообщения войдите в сбербанк онлайн на вашем iphone. хорошо, зашёл и ничего не поменялось! зачем нужно приложение на aw, если оно вас просто отсылает в iphone? написал в поддержку в приложении на iphone с просьбой разъяснить работаетне работает или я тупой? ответа нет, разумеется) все ушли на фронт, помогать в контактный центр. вы издеваетесь? уберите тогда раздел помощи, если он не работает в полном объёме! больше чем уверен, что и в кц мне ответ не дадут на вопрос: что где нужно настроить, чтобы приложение на apple watch работало так же как у других нормальных банков, а не посылало на три советских. p.s. спасибо за ответ тут, заработало приложение на aw. оценку исправляю, но за неочевидность поиска помощи всё равно жирный минус. плохо, что не работает поддержка живым человеком в приложении, а только робот.",0.024,0.858,0.117,0.8929,Positive,5,3,Neutral,0.9992185831069946,negative,1,Negative,0.7144400477409363,negative,1,Negative,0.9929726123809814,Very Negative,1,Negative,0.3837049603462219,5,Positive,0.5255430499360324,5,Positive,0.0,5,Positive,0.42,3.25,3,Neutral,Neutral,False,True,False,False,False,False,False,False,True,"app on Apple watch shows fig in the form of a message enter the savings Bank online on your iPhone. OK, logged in and nothing has changed! why do you need an application on aw, if it just sends you to the iphone? wrote in support in the application on iphone with a request to explain does not work or I am stupid? no answer, of course) all went to the front, help in the contact center. you are kidding? remove the help section if it does not work in full! more than sure that in the tz I will not give an answer to the question: where to configure the application on apple watch works as well as other normal Soviet banks. p.s. thank you for the answer here, earned the application on aw. assessment corrected, but for the non-obviousness of the search for help is still greasy minus.",True
NEUTRAL,"очень жаль,но кофта пришла огромная",0.168,0.524,0.309,0.3291,Positive,3,3,Neutral,0.8383775353431702,neutral,3,Neutral,0.49929243326187134,neutral,3,Neutral,0.7152197957038879,Very Negative,1,Negative,0.8372929692268372,3,Neutral,0.6160910865852138,3,Neutral,0.0,3,Neutral,0.96,2.75,3,Neutral,Neutral,False,True,True,True,False,True,True,True,True,"It's a pity, but the sweater is huge.",True
NEUTRAL,"nрасположение удобное, есть где припарковаться. nвнутри просторно, можно смело пройти с коляской, очереди редкость. nне гонят с собакой) nхорошие скидки на продукцию с завершающим сроком годности. nпросрочка не попадалась, чисто. n-nнекоторые кассиры позволяют себе хамить покупателям. nпопадались на обмане - могут пробить лишний товар. нужно проверять чек. nне всегда вовремя меняются ценники, товар может быть пробит по более высокой цене.",0.158,0.753,0.089,-0.7398,Negative,1,3,Neutral,0.9998736381530762,neutral,3,Neutral,0.8015488386154175,neutral,3,Neutral,0.6416312456130981,Neutral,3,Neutral,0.6404914259910583,1,Negative,0.5446375567460429,1,Negative,0.0,1,Negative,0.51,2.0,2,Negative,Neutral,False,True,True,True,True,False,False,False,False,"n the location is convenient, there is a place to park. n inside is spacious, you can safely walk with a stroller, queues are rare. n not driven with a dog) n good discounts on products with a final expiration date. n delay did not come across, clean. n-n some cashiers allow themselves to be rude to buyers. n caught cheating - can break through an extra product. you need to check. n not always change price tags on time, the goods can be broken at a higher price.",True
POSITIVE,прекрасная рубашка. 2xl на русский м идеально.,0.0,0.397,0.603,0.8225,Positive,5,5,Positive,0.9965266585350037,positive,5,Positive,0.9958510398864746,positive,5,Positive,0.987644374370575,Positive,5,Positive,0.836988627910614,5,Positive,0.7799080011347098,5,Positive,0.0,5,Positive,0.89,5.0,5,Positive,Positive,True,True,True,True,True,True,True,True,True,beautiful shirt. 2xl on Russian m is perfect.,True
NEGATIVE,"в фильме играет клон киану ривза безжизненный робот, голограмма, и десяток других известных актеров, среди которых белуччи почти не угадывается. нецелостный, неинтересный фильм. чего не скажешь про историю, фабулу. но не каждая история может быть удачно воспета с помощью кинематографа. а история такая: молодую девушку-наркоманку выхватывает из порочного круга пожилой джентльмен и женит на себе. когда деду стукнуло восемьдесят, пиппа узнает, что у него роман с молоденькой. героиня вздыхает с облегчением, передает эстафетную палочку и уходит от мужа. не знаю, что было и что будет. но знаю: это только начало, - уверяет зрителя 50-летняя пиппа. итог. безвкусный, безликий, бессюжетный фильм, снятый женщиной, которая, кажется, сделала попытку экранизировать приукрашенную историю своей жизни.",0.027,0.855,0.118,0.9032,Positive,5,1,Negative,0.9999762773513794,negative,1,Negative,0.53986656665802,negative,1,Negative,0.9987637996673584,Negative,1,Negative,0.5980484485626221,1,Negative,0.8104875868256064,1,Negative,0.0,1,Negative,0.64,1.5,2,Negative,Negative,False,True,True,True,True,True,True,True,True,"In the film, a clone of a keanu reeve plays a lifeless robot, a hologram, and a dozen other famous actors, among whom a belucci is almost impossible to guess. an incomplete, uninteresting film. what can not be said about the story, the plot. but not every story can be successfully sung with the help of cinema. and the story is this: a young drug addict is snatched from the vicious circle by an elderly gentleman and marries himself. when his grandfather turns eighty, Pippa finds out that he has an affair with a young heroine sighs with a film, without a screen, I think I know the end of it, but I do not know that I am going to my husband.",True
NEUTRAL,"терапевт направила на кровь, затем на фгдс. при обращении не дают бумагу с предварительным диагнозом и с какой проблемой я обратилась. данный момент меня не устраивает. n",0.114,0.886,0.0,-0.4019,Negative,1,3,Neutral,0.999991774559021,negative,1,Negative,0.8698441982269287,negative,1,Negative,0.987927258014679,Negative,1,Negative,0.7732438445091248,3,Neutral,0.44260532864989904,3,Neutral,0.0,3,Neutral,0.48455498276542835,2.0,2,Negative,Neutral,False,True,False,False,False,True,True,True,False,"The therapist sent for blood, then for fgds. when applying, they do not give a paper with a preliminary diagnosis and what problem I addressed. n",True
NEUTRAL,"досмотрел с трудом. под конец какие-то действия хоть начались, вначале было совсем инертно. не скажу, что не понравилось, но все таки что-то не то. добавили бы чуть больше стандартного фансервиса, ну или рисовку поняшнее и было бы смотрибельно. 710 за последние серии.",0.13,0.772,0.099,-0.1982,Negative,3,3,Neutral,0.9994637370109558,neutral,3,Neutral,0.7279021739959717,negative,1,Negative,0.9445651769638062,Negative,1,Negative,0.5944049954414368,3,Neutral,0.6235771250721184,3,Neutral,0.0,3,Neutral,0.7237513453829982,2.5,2,Negative,Neutral,False,True,True,False,False,True,True,True,False,"I looked with difficulty. at the end, some actions even began, at first it was completely inert. I will not say that I did not like, but still something wrong. would add a little more standard fan service, well, or the drawing is clearer and would be watchable. 710 in the last series.",True
POSITIVE,очень хорошие и качественные,0.0,0.556,0.444,0.4927,Positive,5,5,Positive,0.9940431714057922,positive,5,Positive,0.990418016910553,positive,5,Positive,0.9358928799629211,Positive,5,Positive,0.8034707307815552,3,Neutral,0.6896656062400399,3,Neutral,0.0,3,Neutral,0.5464574092258726,4.25,4,Positive,Positive,True,True,True,True,True,False,False,False,True,very good and high quality,True
POSITIVE,10.07 стрелец что за горючее вы сегодня в себя залили? энергия и позитив так и хлещут через край! )),0.0,0.76,0.24,0.69,Positive,5,5,Positive,0.9994373917579651,positive,5,Positive,0.7129489779472351,neutral,3,Neutral,0.5824502110481262,Very Positive,5,Positive,0.612751841545105,5,Positive,0.46129999009681405,5,Positive,0.0,5,Positive,0.48721545240088565,4.75,5,Positive,Positive,True,True,True,False,True,True,True,True,True,"10.07 Sagittarius, what kind of fuel have you poured into yourself today? energy and positivity are pouring over the edge!",True
POSITIVE,очень вкусный всегда свежий редис из израиля,0.0,0.4,0.6,0.7184,Positive,5,5,Positive,0.9984205961227417,positive,5,Positive,0.9766740202903748,positive,5,Positive,0.6907869577407837,Positive,5,Positive,0.7529520988464355,5,Positive,0.8818861363288231,5,Positive,0.0,5,Positive,0.99,5.0,5,Positive,Positive,True,True,True,True,True,True,True,True,True,Always delicious fresh radish from Israel,True
NEGATIVE,"холодные бутерброды делали, и в макароны терли ,везде -хорош! хороший такой сыр, понравился, вкусный. закажу еще два!",0.0,0.538,0.462,0.9167,Positive,5,5,Positive,0.9979137778282166,positive,5,Positive,0.960446298122406,neutral,3,Neutral,0.6502747535705566,Positive,5,Positive,0.6904788613319397,5,Positive,0.6759542487604143,5,Positive,0.0,5,Positive,0.76,4.75,5,Positive,Negative,False,False,False,False,False,False,False,False,False,"They made cold sandwiches, and rubbed pasta, everywhere - good! good such cheese, liked it, delicious. I will order two more!",True
NEGATIVE,"тайтл отличный. интересный сюжет,в голове не укладывается одна сюжетная дыраесли hyakkimaruхяккимару видит только души живых существ, то как он так просто расправился с демоном в 1-й серии, используя окружающую местность. и так всегда. хорошая рисовка, к середине становится хужеотличный ost, тут не поспоришьинтересные персонажи.мангупервую версию аниме я не смотрел, поэтому меня дергает только 1 вопрос: почему аниме называется дороро, если он или она вообще ничего не делает, кроме как ходит за hyakkimaruхяккимару и только мешает ему? что, только разве карты?. очень раздражающий перс, еще и в гг просится. впрочем, это мое сугубо личное мнениепока что , имхо, твердо 910.",0.127,0.667,0.206,0.8057,Positive,5,5,Positive,0.9989961981773376,neutral,3,Neutral,0.6345008015632629,neutral,3,Neutral,0.6818709969520569,Positive,5,Positive,0.5759652256965637,3,Neutral,0.6724283013555925,3,Neutral,0.0,5,Positive,0.6,4.0,4,Positive,Negative,False,False,False,False,False,False,False,False,False,"The title is great. interesting plot, one plot hole does not fit in the head if hyakkimaruhyakkimaru sees only the souls of living beings, then how he so simply dealt with the demon in the 1st series, using the surrounding terrain. and so always. good drawing, by the middle it becomes worse excellent ost, there is no dispute with the interesting characters.",True
POSITIVE,"заказывала размер s, все село идеально. товар соответствует описанию. полиэстер 100. ткань тонкая .заказ в мск пришел быстро (оформлен 04.07 в мск был 17.07), но как всегда неделю держала таможня. с продавцом не общалась. буду носить с удовольствием)",0.0,0.951,0.049,0.3291,Positive,3,5,Positive,0.9995274543762207,positive,5,Positive,0.9731623530387878,positive,5,Positive,0.974724531173706,Neutral,3,Neutral,0.6772308945655823,5,Positive,0.655678685672864,5,Positive,0.0,5,Positive,0.65,4.5,4,Positive,Positive,True,True,True,True,False,True,True,True,True,"ordered the size s, the whole village is perfect. the goods correspond to the description. polyester 100. fabric thin. order in MSK came quickly (issued 04.07 in MSK was 17.07), but as always a week kept the customs. with the seller did not communicate. I will wear with pleasure)",True
NEGATIVE,это просто ужас.,0.778,0.222,0.0,-0.5423,Negative,1,1,Negative,0.9892405867576599,negative,1,Negative,0.8697972297668457,negative,1,Negative,0.9530075788497925,Very Negative,1,Negative,0.8392279744148254,1,Negative,0.8767502497862465,1,Negative,0.0,1,Negative,0.96,1.0,1,Negative,Negative,True,True,True,True,True,True,True,True,True,It's horrible.,True
POSITIVE,качество отличное! очень красиво и женственно! всем рекомендую!,0.0,0.383,0.617,0.9056,Positive,5,5,Positive,0.9983213543891907,positive,5,Positive,0.996052086353302,positive,5,Positive,0.9981429576873779,Very Positive,5,Positive,0.5790988206863403,5,Positive,0.4369783585092916,5,Positive,0.0,3,Neutral,0.56,4.75,5,Positive,Positive,True,True,True,True,True,True,True,False,True,Excellent quality! very beautiful and feminine! I recommend it to everyone!,True
NEGATIVE,все завтра на работу((((,0.0,1.0,0.0,0.0,Neutral,3,1,Negative,0.9751556515693665,neutral,3,Neutral,0.6650457382202148,neutral,3,Neutral,0.9981200098991394,Neutral,3,Neutral,0.3428766131401062,3,Neutral,0.7107602881738427,3,Neutral,0.0,3,Neutral,0.5795109340201777,2.75,3,Neutral,Negative,False,True,False,False,False,False,False,False,False,All to work tomorrow.,True
NEGATIVE,"типичная б-шка о том, как молодая пара сворачивает с дороги и однажды поселяется в гостинице, делятся друг с другом скрытыми тайнами своего прошлого, а потом главная героиня исчезает, а ее возлюбленный старается понять куда исчезла его девушке, да и вовсе, что происходит в конце концов. маленькими кусочками складывается паззл всей истории, алекс встречает различных типажей, которые так или иначе имеют отношение к загадке. при определенных обстоятельствах на дне мира может попасть под нужную волну вашего настроение, но если вы избалованы лихо закрученными триллерами и фантастикой, вряд ли вам удастся получить особый восторг от этого фильма. пусть будет история данной ленты и завязана тугой петлей, особой сенсационности как по постановке так и по конструкции не произошло. типичный мороз главных героев который вряд ли удовлетворяет элементарную логику, даже неплохой мистический персонаж имеется, раскрути историю которого авторы бы могли свернуть совсем в другой жанр, но выглядело это стильно и не так банально. слабый фантастический фильм, преимущество которого может быть только его атмосфера, если вы любите фильмы-загадки, то, считаю есть гораздо удачнее представители. 3 из 10",0.041,0.852,0.108,0.8227,Positive,5,1,Negative,0.9999560117721558,neutral,3,Neutral,0.7137188911437988,positive,5,Positive,0.8478735089302063,Neutral,3,Neutral,0.9230408072471619,3,Neutral,0.8025317004125148,3,Neutral,0.0,3,Neutral,0.41,3.25,3,Neutral,Negative,False,True,False,False,False,False,False,False,False,"a typical b-shka about how a young couple turns out of the way and once settles in a hotel, share with each other the hidden secrets of their past, and then the main character disappears, and her lover tries to understand where his girlfriend disappeared, and at all, what happens in the end. small pieces of the puzzle of the whole story are formed, Alex meets various types that are somehow related to the mystery. under certain circumstances at the bottom of the world can fall under the right wave of your mood, but if you are spoiled with famously twisted thrillers and fiction, there is hardly a special style of the film, if you do not even have a special advantage in terms of the film, if you do not like this genre. 3 out of 10",True
POSITIVE,"отличный салон. очень приятный администратор, вкусный кофе :)nмастер любовь (парикмахер) выше всяких похвал.nмастер ольга (ламинирование бровей) настоящий профессионал, я в восторге от своих бровей. n спасибо!",0.0,0.469,0.531,0.9704,Positive,5,5,Positive,0.9980477094650269,positive,5,Positive,0.9949295520782471,positive,5,Positive,0.9762967228889465,Very Positive,5,Positive,0.5392281413078308,5,Positive,0.989054186188694,5,Positive,0.0,5,Positive,0.93,5.0,5,Positive,Positive,True,True,True,True,True,True,True,True,True,"excellent salon. very pleasant administrator, delicious coffee :)nmaster love (barber) above all praise.nmaster olga (brow lamination) a real professional, I am delighted with my eyebrows. n thank you!",True
NEGATIVE,"попался кабачок или цукини с жёсткой кожурой, была очень расстроена, не стоит своих денег",0.361,0.639,0.0,-0.6396,Negative,1,1,Negative,0.9981829524040222,neutral,3,Neutral,0.598111093044281,negative,1,Negative,0.9903884530067444,Negative,1,Negative,0.6051220297813416,3,Neutral,0.6896656062400399,3,Neutral,0.0,3,Neutral,0.5464574092258726,2.0,2,Negative,Negative,True,True,False,True,True,False,False,False,True,"caught zucchini or zucchini with hard peel, was very upset, not worth your money",True
NEUTRAL,"в приложении сбербанк.онлайн есть недочёт, который очень достал! товарищи разрабочики уберите это уже! пример : открыто приложение сбербанк.онлайн на смартфоне. человек просматривает свои счета и т.д и т.п . ему приходит перевод на одну из карт. и вот тут начинается - приложение в режиме онлайн не отображает зачисленную сумму на карте. не обновляет информацию . приходится закрывать приложение, открывать заново и только тогда отображается сумма, которая пришла на счёт. это очень бесит. правда. это лишняя трата времени и нервов. реально задолбало. куча приколюх в приложении, а вот эту дичь убрать не можете!",0.092,0.879,0.029,-0.7324,Negative,1,3,Neutral,0.9998430013656616,negative,1,Negative,0.9013681411743164,negative,1,Negative,0.8618088960647583,Very Negative,1,Negative,0.48861250281333923,1,Negative,0.502635884603851,1,Negative,0.0,3,Neutral,0.54,1.5,2,Negative,Neutral,False,True,False,False,False,False,False,True,False,"in the application Sberbank.online there is a drawback, which is very annoying! comrades developers remove it already! example: open application Sberbank.online on a smartphone. a person looks at their accounts, etc., etc. He comes a transfer to one of the cards. and here begins - the application in online mode does not display the amount credited on the card. does not update the information. You have to close the application, open it again and only then the amount that came to the account is displayed. it's very infuriating. really. it's an extra waste of time and nerves. really tired. a lot of jokes in the application, but you can't remove this game!",True
NEGATIVE,"ничего так не расстраивает меня, лично как зрителя, как очередное комедийное творение от андреасянов и комедиклабщиков. не смешно. грустно. уныло. веселые армяне выставляют русских алкоголиками, смотреть противно. 'бодрая комедия' - к этому фильму этот слоган не подходит. местами в зале люди конечно смеялись, но это были люди в спортивных костюмах и с пивом. юмор здесь извините меня за выражение 'сартирный', да черт возьми это даже не юмор! как такого сюжета в фильме нет, есть лишь просто едва связанные между собой туманным смыслом сцены. не тратьте своё драгоценное время, деньги, силы, зрение на вот этот вот 'фильм'. ничего нового и смешного создатели не придумали - это лишь очередной способ заработать побольше денег на новогодних каникулах. сейчас в кино идут другие более качественные фильмы. даже 'горько!' я принял хоть за какую то новизну и оригинальность, этому 'фильму' не чем хвалиться. 0 из 10",0.119,0.665,0.217,0.8531,Positive,5,1,Negative,0.97764652967453,negative,1,Negative,0.6046075224876404,negative,1,Negative,0.9997796416282654,Very Negative,1,Negative,0.6815322041511536,1,Negative,0.8050863395608225,1,Negative,0.0,1,Negative,0.44,1.5,2,Negative,Negative,False,True,True,True,True,True,True,True,True,"Nothing upsets me so much, personally as a viewer, as another comedy creation from Andreasians and comedics. not funny. sad. dull. cheerful Armenians make Russians look alcoholic, it is disgusting to watch. 'Brisk comedy' - to this film this slogan does not fit. places in the hall people of course laughed, but it was people in tracksuits and with beer. humor here excuse me for the expression 'sartirny', but damn it's not even humor! as such a plot in the film there is just barely connected with a vague meaning scene. do not waste your precious time, money, energy, eyesight on this 'film'. nothing new and funny creators invented - this is just another way to earn more money on the New Year's holidays.",True
POSITIVE,"отличная сетевая компания всё можно купить в одном месте, что нет в наличии под заказ минимальные сроки, отличныая логистика.",0.0,0.73,0.27,0.8126,Positive,5,5,Positive,0.9984170198440552,positive,5,Positive,0.9928768277168274,positive,5,Positive,0.9997146725654602,Positive,5,Positive,0.6006398797035217,1,Negative,0.4643032486374605,1,Negative,0.0,5,Positive,0.4105341632383256,4.0,4,Positive,Positive,True,True,True,True,True,False,False,True,True,"An excellent network company can buy everything in one place, which is not available under the order of minimum terms, excellent logistics.",True
NEUTRAL,"брали отдельную комнату. так как были какие-то предпраздничные дни, то ценник ожидаемо был завышен (но не критично, все вносится на депозит и его же проедаешь).nкомната слишком маленькая для компании от 8-10 человек, развернуться практически негде.nмикрофоны проводные.nв меню нет набора шотов с разными напитками (по крайней мере я не увидел).nценник не конский, но и не из дешевых (пиво минимум 500 р.).nна входе даже бутылку с водой с собой пронести нельзя (видимо думают к ним водку тащат), а просто почувствовать запах не дано.nпойдем только если других вариантов не будет и очень очень захочется (а другие варианты уже найдены :))",0.013,0.973,0.014,0.0382,Neutral,3,3,Neutral,0.9999877214431763,neutral,3,Neutral,0.749691367149353,negative,1,Negative,0.9078792333602905,Negative,1,Negative,0.8031366467475891,3,Neutral,0.6398821919311661,3,Neutral,0.0,3,Neutral,0.61,2.5,2,Negative,Neutral,True,True,True,False,False,True,True,True,False,"took a separate room. since there were some pre-holiday days, the price tag was expected to be overstated (but not critical, everything is deposited and you eat it yourself).n the room is too small for a company of 8-10 people, turn around almost nowhere.nmicrophones wired.n the menu does not have a set of shots with different drinks (at least I did not see).n the price tag is not horse, but also not cheap (beer at least 500 r.).n at the entrance even a bottle of water can not be carried with you (apparently think of vodka to them), and only do not want to feel the other options.n",True
POSITIVE,12-ть кг карасика!))),0.0,1.0,0.0,0.0,Neutral,3,5,Positive,0.9987367987632751,positive,5,Positive,0.5726150870323181,positive,5,Positive,0.5004433989524841,Neutral,3,Neutral,0.407654732465744,3,Neutral,0.5298840322374212,3,Neutral,0.0,3,Neutral,0.47536645372567526,3.75,4,Positive,Positive,False,True,True,True,False,False,False,False,True,12kg caracasica!),True
POSITIVE,"аниме мне понравилось еще с первых серий. вроде обычная повседневность, но то как в ней очень реалистично показана жизнь ""хиккикомори"" со всеми сопутствующими проблемами, сильно выделяет её на фоне остальных. по сравнению с главным героем этого аниме, хиккигая хачиман из орегайру курит в сторонке))наверное это один из немногих тайтлов при просмотре которого я получил очень странные, неописуемые и не забываемые ощущения. (что то подобное было после просмотра кланнада)в общем рекомендую всем, особенно если вы хиккикомори. даже если аниме и не поможет вам, то хотя бы заставит задуматься.моя оценка 1010",0.077,0.81,0.114,0.2762,Positive,3,3,Neutral,0.9980438947677612,positive,5,Positive,0.6188341975212097,positive,5,Positive,0.9981332421302795,Positive,5,Positive,0.6154534220695496,3,Neutral,0.6743780436213199,3,Neutral,0.0,3,Neutral,0.56,3.75,4,Positive,Positive,True,False,True,True,True,False,False,False,True,"I liked the anime from the first series. like the usual everyday life, but how it very realistically shows the life of ""hikkikomori"" with all the accompanying problems, strongly distinguishes it from the rest. compared to the main character of this anime, hikkigaya hachiman from oregayru smokes in the sidelines) In general, I recommend it to everyone, especially if you are a hikkikomori, even if the anime does not help you, it at least makes you think.",True
NEUTRAL,"не впечатлила. может закат в панораме и интересно смотреть, но просто смотреть и делать фото не удобно, т.к мешают дома, которые выше смотровой площадки",0.0,0.94,0.06,0.2144,Positive,3,3,Neutral,0.9999523162841797,neutral,3,Neutral,0.7755420804023743,neutral,3,Neutral,0.5235838294029236,Negative,1,Negative,0.8730377554893494,3,Neutral,0.5201371097086936,3,Neutral,0.0,3,Neutral,0.6085063831040142,2.75,3,Neutral,Neutral,False,True,True,True,False,True,True,True,True,"Maybe the sunset in the panorama and interesting to watch, but just look and take a photo is not convenient, because interfere with the houses that are above the observation deck",True
NEGATIVE,"ужасно! обратилась моя мама 10.03 числа, красный глаз и два очевидных уплотнения, боль в области лба и глаза. принимала врач офтальмолог белова. не стали закапывать и проверять, сделали простой осмотри и сказали конъюнктивит, выписали обычный антибиотик. на утро от антибиотика пошел еще больший отек и покраснение, обратились в другую клинику, провели полное обследование,назначили нормальное лечение, поставили укол который помог сразу убрать отечность. и самое главное, увидели то, что уважаемая врач в этой прекрасной клинике не захотела искать. благодаря врачу беловой, ситуация успела обостриться еще больше. за прием 5 минут отдали 1000р, позор врачу и клинике. если не умеете и не хотите делать свою работу, тем более за такие деньги, увольтесь и сидите дома. пациенты, не советую тратить свое время, обращайтесь в другое место, в данной клинике вам не смогут оказать должную помощь.",0.071,0.806,0.123,0.7709,Positive,5,1,Negative,0.9999650716781616,neutral,3,Neutral,0.738271176815033,negative,1,Negative,0.9910531640052795,Very Negative,1,Negative,0.6332117915153503,1,Negative,0.9166487655166193,1,Negative,0.0,1,Negative,0.68,1.75,2,Negative,Negative,False,True,False,True,True,True,True,True,True,"terrible! asked my mother on 10.03, red eye and two obvious seals, pain in the forehead and eyes. took the doctor ophthalmologist Belov. did not bury and check, did a simple examination and said conjunctivitis, discharged a regular antibiotic in the morning from the antibiotic went even more swelling and redness, went to another clinic, conducted a full examination, prescribed a normal treatment, gave an injection that immediately helped to remove the swelling. and most importantly, saw that a respected doctor in this beautiful clinic did not want to get help at home, you do more than 1000 minutes.",True
POSITIVE,"тортик ' красный бархат' чудесный, не сильно сладкий, нежный, вмеру сочный. доставили вовремя .",0.155,0.632,0.213,0.2507,Positive,3,5,Positive,0.9338254332542419,positive,5,Positive,0.9773015379905701,positive,5,Positive,0.9241987466812134,Positive,5,Positive,0.7516487240791321,5,Positive,0.925759232957484,5,Positive,0.0,5,Positive,0.95,4.75,5,Positive,Positive,True,True,True,True,True,True,True,True,True,"cake ""red velvet"" wonderful, not very sweet, tender, moderately juicy. delivered on time.",True
NEUTRAL,очень сильно сушит кожу в отличие от того же детского тик-така,0.0,1.0,0.0,0.0,Neutral,3,3,Neutral,0.8353782892227173,neutral,3,Neutral,0.5462232828140259,negative,1,Negative,0.882051408290863,Negative,1,Negative,0.6482890248298645,3,Neutral,0.7194148448900144,3,Neutral,0.0,3,Neutral,0.6183187805757888,2.5,2,Negative,Neutral,True,True,True,False,False,True,True,True,False,"very dry skin, unlike the same children's tick-tak",True
NEGATIVE,"хорошое место для перекуса, но бургер кинг, за то что отклонили предыдущий отзыв, одна звезда, есть там конкуренты, где можно перекусить сытнее и дешевлеn",0.128,0.689,0.183,0.2357,Positive,3,3,Neutral,0.9999040365219116,neutral,3,Neutral,0.6019787192344666,negative,1,Negative,0.917206346988678,Very Negative,1,Negative,0.4158939719200134,3,Neutral,0.49236290537111627,3,Neutral,0.0,1,Negative,0.7636784229316288,2.25,2,Negative,Negative,False,False,False,True,True,False,False,True,True,"a good place for a snack, but a burger king, for having rejected the previous review, one star, there are competitors where you can have a snack more satisfying and cheaper",True
NEUTRAL,посредственные блюда. nкуриный бульон имел сомнительный привкус и аромат. nлистья салата пахли холодильником. nстейки достаточно неплохие. nцены не соответствуют качеству блюд.,0.078,0.746,0.177,0.4927,Positive,5,3,Neutral,0.9992796778678894,neutral,3,Neutral,0.7963854074478149,neutral,3,Neutral,0.7230880260467529,Negative,1,Negative,0.786425769329071,3,Neutral,0.48802168824038766,3,Neutral,0.0,3,Neutral,0.6345708453595559,3.0,3,Neutral,Neutral,False,True,True,True,False,True,True,True,True,Mediocre dishes. nchicken broth had a dubious taste and aroma. salad leaves smelled like a refrigerator. steaks are quite good. n scenes do not correspond to the quality of dishes.,True
NEUTRAL,"еда вкусная, но каждый раз когда захожу сюда персонал будто бы выдавливает улыбку, сразу видно что их заставляют здороваться, неприятно заходить . еда вкусная очень, но вид сотрудники не радуют. пришла за заказом, когда не услышал сотрудник номер, переспросил с таким лицом будто бы я ему пять тысяч должна. еще минус звезду за то, что убрали скидку 20 при самовывозе, теперь только от 1000. перестало нравиться заказывать.",0.129,0.786,0.085,-0.6838,Negative,1,3,Neutral,0.997465968132019,neutral,3,Neutral,0.639339029788971,negative,1,Negative,0.8449190258979797,Very Negative,1,Negative,0.6590946912765503,3,Neutral,0.7244485859065998,3,Neutral,0.0,3,Neutral,0.45,2.25,2,Negative,Neutral,False,True,True,False,False,True,True,True,False,"The food is delicious, but every time the staff comes in, they seem to squeeze a smile, you can immediately see that they are forced to say hello, it is unpleasant to come in. The food is very tasty, but the look of the employees are not happy. came for an order, when the employee did not hear the number, asked with such a face as if I owe him five thousand. another minus a star for removing a discount of 20 when picking up, now only from 1000. ceased to like to order.",True
POSITIVE,"мною просмотреномоя оценка 6 из 10концовка нормальная, даже дам шанс второму сезону, если он выйдет. проходняк, смотрибельно, под пивасик пойдётперсонажи стандартные, сюжет незамысловатый, рисовка средняя. хорошего впечатления от просмотра нет, так как и плохого. думаю, могли бы сделать лучше.рекомендую к просмотру",0.087,0.733,0.18,0.6249,Positive,5,5,Positive,0.9986979961395264,neutral,3,Neutral,0.8074077367782593,negative,1,Negative,0.7812654972076416,Neutral,3,Neutral,0.375177800655365,3,Neutral,0.6558312147523959,3,Neutral,0.0,1,Negative,0.48,3.0,3,Neutral,Positive,True,True,False,False,False,False,False,False,False,"I saw my score of 6 out of 10 is normal, even I will give a chance to the second season, if it comes out. passerby, watchable, under the beer will go characters standard, the plot is simple, the drawing is average. there is no good impression from viewing, as well as a bad one. I think we could do better.",True
NEUTRAL,"покупал товар, в комплекте не было батареек. в продаже также не оказалось. прошу руководство магазина обратить внимание на продажу товаров требующих элементов питания",0.114,0.886,0.0,-0.3818,Negative,1,3,Neutral,0.9999812841415405,neutral,3,Neutral,0.5107768177986145,negative,1,Negative,0.927638590335846,Neutral,3,Neutral,0.5875216126441956,1,Negative,0.78300262105846,1,Negative,0.0,1,Negative,0.6171360996508306,1.75,2,Negative,Neutral,False,True,True,False,True,False,False,False,False,"I bought the goods, there were no batteries in the kit. it was also not on sale. I ask the store management to pay attention to the sale of goods requiring batteries.",True
NEGATIVE,"мне рубашка не понравилась: швы торчат, в плечах большая в рукавах маленькая",0.0,0.839,0.161,0.3612,Positive,5,1,Negative,0.910904586315155,neutral,3,Neutral,0.6919092535972595,negative,1,Negative,0.7811368107795715,Negative,1,Negative,0.798687756061554,5,Positive,0.39461630322612395,5,Positive,0.0,3,Neutral,0.6994736275789655,3.0,3,Neutral,Negative,False,True,False,True,True,False,False,False,False,"I didn’t like the shirt: the seams stick out, in the shoulders a big sleeves small",True
NEUTRAL,"нормально, но без особой крутоты.хотя крутота здесь, пожалуй что, и не нужна.но, интерес оно представляет, скорее только для японцев, ибо идёт отсылка к их истории.а так - качественное аниме, без заметных изъянов, и даже немного поучительное.",0.0,0.852,0.148,0.6124,Positive,5,3,Neutral,0.9670215249061584,positive,5,Positive,0.8214156627655029,neutral,3,Neutral,0.6839770078659058,Negative,1,Negative,0.7885074019432068,3,Neutral,0.6411720927848336,3,Neutral,0.0,3,Neutral,0.6748624747749992,3.25,3,Neutral,Neutral,False,True,False,True,False,True,True,True,True,"Although coolness here, perhaps, is not needed, but it is of interest, rather, only for the Japanese, because there is a reference to their history.",True
POSITIVE,"и тут я услышал немецкую речь. у меня был автомат ппс. я изготовился и выпустил длинную очередь по ним: двое упали, а один шарахнулся в лес. я осторожно двинулся за ним, но тот исчез. тогда я вернулся к лежащим, не доходя, еще ударил по ним очередь, подошел. забрал у них автоматы, у одного парабеллум, у другого - часы, рюкзаки, в которых были съестные припасы: галеты и сало-шпик. мне очень хотелось есть. зашел в лес, присел на пенек и наелся от пуза - досыта. принес остальное в батальон и доложил, что там немцы.",0.139,0.831,0.03,-0.8761,Negative,1,3,Neutral,0.8775116801261902,neutral,3,Neutral,0.4741429388523102,negative,1,Negative,0.40286341309547424,Very Negative,1,Negative,0.6043339371681213,3,Neutral,0.5797162208078832,3,Neutral,0.0,3,Neutral,0.79,2.25,2,Negative,Positive,False,False,False,False,False,False,False,False,False,"And then I heard a German speech. I had a pps machine gun. I got ready and fired a long line on them: two fell, and one shook into the forest. I carefully moved behind him, but he disappeared. then I went back to the lying, without reaching, still hit the line, came up. took away their guns, one parabellum, the other - watch, backpacks, which were edible supplies: gallets and salo-speak. I really wanted to eat. I went into the forest, sat down on the stump and fed up from the belly, brought the rest of the battalion, and reported to it.",True
POSITIVE,настоящая мужская песня.),0.0,1.0,0.0,0.0,Neutral,3,5,Positive,0.9964529275894165,positive,5,Positive,0.9375398755073547,negative,1,Negative,0.9414945244789124,Positive,5,Positive,0.4046989679336548,3,Neutral,0.6269059779985263,3,Neutral,0.0,5,Positive,0.6161421389514189,3.75,4,Positive,Positive,False,True,True,False,True,False,False,True,True,A real male song.,True
POSITIVE,"хочется выразить слова благодарности мастеру александру сервиса угона.нет по адресу: ул. ново-садовая ,363б, за качественную, оперативную и ,самое главное, надежную работу! огромное спасибо! клиент доволен!)",0.0,0.673,0.327,0.927,Positive,5,5,Positive,0.9997690320014954,positive,5,Positive,0.9742955565452576,positive,5,Positive,0.9906820058822632,Very Positive,5,Positive,0.6258248090744019,5,Positive,0.6541134338127651,5,Positive,0.0,5,Positive,0.7191713087334393,5.0,5,Positive,Positive,True,True,True,True,True,True,True,True,True,"I would like to express my gratitude to the master of the theft service.Not at the address: Novo-Sadovaya street ,363b, for high-quality, prompt and , most importantly, reliable work! thank you very much! the client is satisfied!",True
POSITIVE,"все отлично, персонал внимательный, вежливый, дежурит сотрудник при плавании. имеются досочки в наличии при желании можно воспользоваться. в раздевалкпх чисто.",0.0,0.836,0.164,0.5423,Positive,5,5,Positive,0.961093008518219,positive,5,Positive,0.97958904504776,positive,5,Positive,0.8320039510726929,Positive,5,Positive,0.7518107295036316,5,Positive,0.8028679992081484,5,Positive,0.0,5,Positive,0.89,5.0,5,Positive,Positive,True,True,True,True,True,True,True,True,True,"everything is fine, the staff is attentive, polite, the employee is on duty when swimming. there are boards available if you wish, you can use.",True
POSITIVE,"спасибо всем сотрудникам клиники. особенно алле михайловне, лене и оле. всегда очень профессиональный и внимательный подход. у меня очень много доверия к этим специалистам, потому что я всегда вижу хороший результат их работы! спасибо!",0.0,0.773,0.227,0.8553,Positive,5,5,Positive,0.9975993037223816,positive,5,Positive,0.8832972049713135,positive,5,Positive,0.9982543587684631,Positive,5,Positive,0.7101371884346008,5,Positive,0.9868889057266743,5,Positive,0.0,5,Positive,0.89,5.0,5,Positive,Positive,True,True,True,True,True,True,True,True,True,"Thanks to all the staff of the clinic, especially alley Mikhailovne, Lene and Ole. always very professional and attentive approach. I have a lot of trust in these specialists, because I always see a good result of their work!",True
POSITIVE,"тёплая кофта, но значительно короче, чем на фото",0.0,0.847,0.153,0.1154,Neutral,3,3,Neutral,0.847639262676239,positive,5,Positive,0.7576144933700562,neutral,3,Neutral,0.8173031210899353,Positive,5,Positive,0.4816429018974304,3,Neutral,0.6252270830210489,3,Neutral,0.0,3,Neutral,0.58,3.5,4,Positive,Positive,False,False,True,False,True,False,False,False,True,"warm coat, but much shorter than in the photo",True
NEUTRAL,"отпраылялись на экскурсию, с этого причала. найти достаточно легко, если идти по набережной. экскурсию можно купить прямо на месте, есть касса. на набережной стоит не большая палатка без боковых стенок, предпологаемый зал ожидания. с погодой нам не повезло целый день шёл дождь, а пришли мы за 40 минут, поэтому как килька в банке все это время стояли обдуваемые со всех сторон ветром. туалет не видел, возможно нет. магазинов и кафе рядом то же нет.",0.026,0.939,0.035,0.217,Positive,3,3,Neutral,0.9999504089355469,neutral,3,Neutral,0.7908856272697449,neutral,3,Neutral,0.5860803723335266,Negative,1,Negative,0.37584173679351807,3,Neutral,0.8653283485354292,3,Neutral,0.0,3,Neutral,0.66,2.75,3,Neutral,Neutral,False,True,True,True,False,True,True,True,True,"It is quite easy to find if you go along the embankment. the excursion can be bought right on the spot, there is a cash register. on the embankment there is not a large tent without side walls, the supposed waiting room. with the weather we were not lucky all day it rained, and we came in 40 minutes, so as a sprat in the bank all this time stood blown on all sides by the wind. the toilet was not seen, perhaps not. shops and cafes nearby the same.",True
NEUTRAL,"на состояние в 53 главы это однозначно 1010 и читать стоит.я посмотрел аниме и захотел прочесть мангу, потому что в аниме была неопределённая концовка. манга определённо очень крутая, рисовка восхитительная, персонажи интересные и сюжет не самый шаблонный, хотя и типичные моменты были, но и они были очень грамотно вписаны. читается на одном дыхании и сложно оторваться.но есть минусы: на русском я смог прочитать только 42 главы, больше не смог найти. на английском я дочитал до 53 главы включительно, и на данный момент это всё, что есть, несмотря на то, что манга вышла в 2017 году. глав на японском после 53 тоже не нашёл.на данный момент подумываю купить оставшиеся тома на амазоне и выучить японский, чтобы дочитать эту мангу. х)ну или надеяться на серию в месяц на английском.",0.026,0.879,0.095,0.7577,Positive,5,3,Neutral,0.9984602928161621,neutral,3,Neutral,0.6166456341743469,positive,5,Positive,0.9507022500038147,Positive,5,Positive,0.8901464939117432,3,Neutral,0.4262987777176931,5,Positive,0.0,5,Positive,0.35,4.25,4,Positive,Neutral,False,True,True,False,False,True,False,False,False,"I watched the anime and wanted to read the manga, because in the anime there was an indefinite ending. the manga is definitely very cool, the drawing is amazing, the characters are interesting and the plot is not the most template, although the typical moments were, but they were very competently inscribed. read in one breath and difficult to break away. but there are drawbacks: in Russian I was able to read only 42 chapters, I could not find any more. in English I read up to 53 chapters inclusive, and at the moment this is all that there, despite the typical moments were, but they were also in English in Manga, in 2017, I hope to read in Japanese.",True
NEUTRAL,качество хорошее. но размер не сходятся,0.0,0.755,0.245,0.2382,Positive,3,3,Neutral,0.8005388975143433,neutral,3,Neutral,0.7358517050743103,neutral,3,Neutral,0.793344259262085,Positive,5,Positive,0.72259122133255,3,Neutral,0.6118151480261288,3,Neutral,0.0,5,Positive,0.5202376999375647,3.5,4,Positive,Neutral,False,True,True,True,False,True,True,False,False,"Good quality, but the size doesn't match.",True
NEGATIVE,"nотзывыnвсевыбор товаровкачество товаровперсоналпарковкачистотавыпечкарасположениекассыскидки и акциифруктыочередиовощивыбор магазиновсамообслуживаниес детьмиnnинна сизоненкоnопубликовано для всехnn 14 мая 2023nглавное. не пользуйтесь в табрисе на юмр акциями в отделе с кофе и выпечкой. это ппц! редко оставляю плохие отзывы, вообще вот в первый раз, но это перешло все пределы нормальности. полчаса не обращали внимания, подошла наконец сотрудница. спросили про комбо наборы - чай с вафлей и кофе с круассаном, оба по 99.9 рублей. есть? - есть! но вафлю надо пробивать в другом отделе - повела через полмагазина в другой отдел. налили- расфасовали, отправили со всем этим добром под мышкой обратно - платить. ну как отправили, повышенным тоном после второго вопроса, на которой все же кассе платить то. вернулись на первую кассу. там уже очередь, которой прекрасно наливают кофе с круассаном прямо на месте. ну ладно. бывает. может , наша выпечка какая-то особенная ) отстояли очередь заново. начали пробивать комбо - а они не комбо - 347 с копейками вместо 200 рублей. вот, возьмите ещё сок, станут комбо. пошла сотрудница разыскивать правильный сок. еще минут пять у кассы - приносит, пробивает - 348 рублей)))) наборы стали комбо, но добавили сок же). и все это с видом, как будто им что-то должны. плюнула, оплатила, ушла, ноги моей больше не будет в этом магазине. чай дрянь, кстати, пришлось выкинуть. сок норм.",0.0,0.921,0.079,0.8955,Positive,5,1,Negative,0.9989843964576721,neutral,3,Neutral,0.5927049517631531,negative,1,Negative,0.9508470892906189,Very Negative,1,Negative,0.6173539757728577,1,Negative,0.6321119253513523,1,Negative,0.0,1,Negative,0.56,1.75,2,Negative,Negative,False,True,False,True,True,True,True,True,True,"n reviews all the choice of goods Personnel Parking pure baking location of my tabris on the humr shares of coffee and baking. they rarely left bad reviews, in general it crossed all the limits of normality. half an hour did not pay attention, finally asked about the standards of the second one, it happens to be on the queue 14 May 2023, the main one. do not use in the tabris on the humr shares in the department with coffee and baking. they rarely left bad reviews. in general it is over again. started five. took five. finally asked about the second one, as well as there is a queue from the kobo to the kobo, we have to pay all the kobo from the kombo, by the other kobo, by the kobo, by the same kobo, by the same time kobo, by the same time we have to the kombo, by the kombo, by the same kobo, by the kombo, by the same time we have to the kombo, by the way, by the same time we are in the",True
NEGATIVE,"невыносимо плохое аниме.тот случай, когда я действительно пожалел, что потратил своё время. на 10-ой серии силы на просмотр этого уже кончились. хотя конец был так близок, некоторые вещи просто не позволили мне досмотреть это. аниме.персонажей здесь много, и авторы пытались их раскрыть, но что-то пошло не так. начать хотелось бы с того, что герои порой ведут себя совершенно бредово и бессмысленно. порой их поступки вообще никак не оправданы и не имеют за собой никакой цели. такое поведение можно оправдать только тем, что создатели хотели нам ещё раз напомнить, какая классная у них в основе идея: главные герои связаны и чувствуют боль друг друга. спасибо, не забыл. наш основной протагонист же напротив совершенно не заинтересован в происходящем. если бы все персонажи, кроме noriko sonozakiнорико сонодзаки , вдруг исчезли, агата бы вообще ничего не предпринял. про второстепенные лица вообще молчу.что сюжет, музыка, рисунок? да всё бы ничего, но такие персонажи своим существованием портят всю картину. за их похождениями возможно наблюдать только через facepalm. просто уже не хочу даже писать ничего. поберегите своё время и не смотрите это. 410 ""только за старания""",0.089,0.851,0.06,-0.4411,Negative,1,1,Negative,0.9999605417251587,negative,1,Negative,0.5055321455001831,negative,1,Negative,0.9311684370040894,Very Negative,1,Negative,0.6204506158828735,1,Negative,0.739071040455534,1,Negative,0.0,1,Negative,0.45,1.0,1,Negative,Negative,True,True,True,True,True,True,True,True,True,"The case when I really regretted that I spent my time. on the 10th series, the forces to watch this have already ended. although the end was so close, some things just did not allow me to watch this. anime. characters here are a lot, and the authors tried to reveal them, but I want to start with the fact that the characters sometimes behave completely delusional and pointless. sometimes their actions are not justified at all and have no purpose at all. Such behavior can only be justified by the fact that the creators wanted to remind us once again what a cool idea they basically have: the main characters are connected through their dreams, but they do nothing at all. 410 ""for effort only""",True
NEUTRAL,"неплохое седзе, эх жаль, что не без огрехов.почти все персонажи второго плана (их больше, чем три) никакие. они просто скучные, даже если они выходят на первый план. а некоторых персонажей непонятно зачем и показали. также разочаровало первая крупная арка, если первые тома были интересны, то когда пошла романтика, манга сдала обороты, лишь в последних томах стало куда интереснее. да и драма вышла пустая.ее соседка по комнате, принцесса школы, популярная актриса и модель, оказывается мальчиком и тут надо смирится, что в таком жанре, люди все таки слепые. хотя глав герои вышли неплохими, и даже развивались. но ничем удивить все равно не смогут.хорошая такая сказка 710",0.125,0.745,0.13,0.4091,Positive,5,3,Neutral,0.9999257326126099,negative,1,Negative,0.6399827003479004,neutral,3,Neutral,0.48118165135383606,Negative,1,Negative,0.5307503342628479,3,Neutral,0.48187287802956474,3,Neutral,0.0,3,Neutral,0.4,2.75,3,Neutral,Neutral,False,True,False,True,False,True,True,True,True,"good shojo, eh pity that not without flaws.Almost all the characters of the second plan (there are more than three) no. They are just boring, even if they come to the fore. and some characters are unclear why and showed. also disappointed the first major arch, if the first volumes were interesting, then when the romance went, the manga gave way, only in the last volumes became much more interesting. and the drama came out empty. her roommate, the princess of the school, a popular actress and model, it turns out to be a boy and here it is necessary to accept that in such a genre, although all the characters are equally blind 7.",True
POSITIVE,"все супер! взяла брюки темно-синего цвета утепленные, все соответствует размерной сетке,качество отличное , у нас таких не купишь,очень понравились , советую покупать не пожалеете.доставка быстрая. спасибо продавцу! удачи и процветания. я вас люблю.",0.113,0.624,0.264,0.8066,Positive,5,5,Positive,0.9993482232093811,positive,5,Positive,0.9966737031936646,positive,5,Positive,0.9945660829544067,Positive,5,Positive,0.5712495446205139,5,Positive,0.8806998203537931,5,Positive,0.0,5,Positive,0.9410092195019648,5.0,5,Positive,Positive,True,True,True,True,True,True,True,True,True,"all super! took dark blue trousers insulated, everything corresponds to the size grid, the quality is excellent, we can not buy such, we really liked , I advise you to buy no regrets.",True
POSITIVE,отель просто супер!nразвлечений море и очень хорошие номера и разные корпуса.nотличный спа и массажисты!nрекомендую,0.0,0.515,0.485,0.9213,Positive,5,5,Positive,0.9989269375801086,positive,5,Positive,0.985880970954895,positive,5,Positive,0.9643584489822388,Very Positive,5,Positive,0.6146793961524963,5,Positive,0.7438663857257934,5,Positive,0.0,5,Positive,0.53,5.0,5,Positive,Positive,True,True,True,True,True,True,True,True,True,hotel just super!n entertainment sea and very good rooms and different buildings.n great spa and massage therapists!n recommend,True
NEGATIVE,"честно, аниме было не особо интересно только потому, что я не любитель сверхъестественноого и тематики вампиров. интерес был к одному персонажу, врачу я полюбила его ещё сильнее, когда он решил поставить эксперимент на своей жене и даже смог её убить , остальные же просто не были интересны, либо бесили.гг с фиолетовыми волосами меня бесил. я не понимала его мотивацию и поведение. возможно мне даже стало легче, когда его убилиздесь нет вопросов к рисовке, это на любителя, и я в принципе в их число вхожу. 1 оппенинг мне даже понравился. но вот костяк сюжета, который крутится вокруг вампиров, ну такое. я не дочитала описание и думала, что это будет а-ля ""красная чума"" лондона, но потом сильно расстроилась.могу советовать людям, которые любят вампирскую тематику и аниме с моралью типа ""поймёте ли вы мою боль и какую жертву я готов принести, чтобы её не испытать"". ну и любителю кровяки, трупов и т.д. я такого не совсем любитель.",0.101,0.777,0.122,0.7028,Positive,5,1,Negative,0.9999083280563354,neutral,3,Neutral,0.7567169070243835,negative,1,Negative,0.94297856092453,Negative,1,Negative,0.7322272062301636,3,Neutral,0.5457573676781126,3,Neutral,0.0,1,Negative,0.48,2.25,2,Negative,Negative,False,True,False,True,True,False,False,True,True,"Honestly, the anime was not particularly interesting just because I am not a fan of the supernatural and vampire themes. interest was in one character, the doctor I loved him even more when he decided to put an experiment on his wife and even was able to kill her , the rest were just not interesting, or infuriated.gg with purple hair I did not understand his motivation and behavior. perhaps I even became easier when he was killed here there are no questions to the drawing, this is an amateur, and I in principle are among them. 1 Oppening I even liked. but here is the backbone of the plot, which revolves around vampires, well, I did not finish the description and thought that it would be a la ""red plague"" of London, but then very upset.I can advise people who love vampire themes and anime with a morality like ""will you understand my pain and what sacrifice I am willing to make, so as not to experience it.""",True
NEGATIVE,"вместо мяса губка не пойми чего, не советю",0.0,1.0,0.0,0.0,Neutral,3,1,Negative,0.9990454316139221,neutral,3,Neutral,0.6003217101097107,negative,1,Negative,0.876664936542511,Negative,1,Negative,0.6868758797645569,1,Negative,0.7994294653172175,1,Negative,0.0,1,Negative,0.7331262783098819,1.5,2,Negative,Negative,False,True,False,True,True,True,True,True,True,"Instead of sponge meat, don't understand what.",True
NEGATIVE,"вначале, мне было даже интересно: профессор коллинз разглядывает микробов под микроскопом. они все такие симпатичные: красненькие, зелененькие, синенькие, и так ритмично двигаются под музыку ситар. затем монотонная музыка постепенно наскучила и стала раздражать. спору нет, эта психоделическая 'индийская' музыка, как нельзя кстати, подходит к этому фильму, но лично я стал чувствовать змеей, которая извивается под трубочку факира. визуальный ряд тоже был интересен: дизайн квартир веселых ярких цветов и такая же одежда героев, треугольные и круглые разноцветные очки, однако и это надоело к середине фильма. сюжет прост и примитивен: пожилой профессор-вуайерист подглядывает через дырку в стене на девушку-соседку и влюбляется в нее, и постепенно работа теряет для него интерес. актриса джейн биркин, которая играет девушку, - весьма красива, тело ее показано только намеками, под красивой разноцветной одеждой, что только подчеркивает эротичность. джек макгоурэн, который играет профессора коллинза, мало чем отличается от его же роли проф. абронсиуса в 'бале вампиров' у романа полански. предполагается, что этот фильм комедия, но мне было не смешно, скорее всего фильм просто устарел. таким образом, фильм рекомендуется к просмотру всем фанатам творчества джорджа хариссона, который написал саундтрек. а всем остальным, кого интересует мода, музыка, стиль жизни передовых людей 60-х годов, смотреть на быстрой перемотке, останавливаясь на красивых сценах.",0.033,0.786,0.181,0.9488,Positive,5,1,Negative,0.9935204386711121,neutral,3,Neutral,0.7251115441322327,negative,1,Negative,0.9959192872047424,Positive,5,Positive,0.4754822552204132,3,Neutral,0.5460690410472969,3,Neutral,0.0,3,Neutral,0.43,3.0,3,Neutral,Negative,False,True,False,True,False,False,False,False,False,"At first, I was even interested: Professor Collins looks at microbes under a microscope. they are all so cute: red, green, blue, and so rhythmically move to the music of the sitar. then the monotonous music gradually bored and began to irritate everyone. this psychedelic 'Indian' music, as can be conveniently, comes to this film, but I personally began to feel a snake that wriggles under the tube of the vampire's visual series was also interesting: the design of apartments of funny bright colors and the same film is not interesting for the other women.",True
NEUTRAL,"в целом вполне удовлетворительно. регистрация и отправление отлично организованы, но в настоящее время зал выдачи багажа напоминает большую теплицу из поликарбоната с транспортером, ни сидений, ни туалетов нет, а ожидание багажа оказалось ооочень долгим.",0.079,0.847,0.073,-0.0516,Neutral,3,3,Neutral,0.9999678134918213,neutral,3,Neutral,0.6920428276062012,positive,5,Positive,0.8350502848625183,Negative,1,Negative,0.5884444713592529,3,Neutral,0.6262976616118183,3,Neutral,0.0,5,Positive,0.676754996258684,3.25,3,Neutral,Neutral,True,True,True,False,False,True,True,False,True,"Registration and departure are perfectly organized, but currently the baggage claim hall resembles a large polycarbonate greenhouse with a transporter, there are no seats or toilets, and the wait for luggage was very long.",True
NEGATIVE,"каша ужасная, взяли на пробу, больше никогда брать не будем, в больнице вкуснее дают",0.135,0.739,0.126,-0.0516,Neutral,3,1,Negative,0.9987473487854004,neutral,3,Neutral,0.45749545097351074,negative,1,Negative,0.972926139831543,Very Negative,1,Negative,0.7502520084381104,3,Neutral,0.4183607014789922,3,Neutral,0.0,5,Positive,0.729076909540739,2.5,2,Negative,Negative,False,True,False,True,True,False,False,False,True,"Porridge is terrible, we took a test, we will never take it again, in the hospital they give better taste.",True
NEGATIVE,"к сожалению, безвкусные",0.706,0.294,0.0,-0.34,Negative,1,3,Neutral,0.9156801104545593,neutral,3,Neutral,0.7927752137184143,negative,1,Negative,0.8991730809211731,Very Negative,1,Negative,0.5032766461372375,3,Neutral,0.5298840322374212,3,Neutral,0.0,3,Neutral,0.47536645372567526,2.25,2,Negative,Negative,True,False,False,True,True,False,False,False,True,"Unfortunately, tasteless",True
POSITIVE,"26 размер на талию 64, бедра 90 нормально. еще пара-тройка сантиметров легко влезет. но в икрах ужасно узкие - со скрипом влезла и за час носки слегка подрастянулись, но каждый раз после стирки так мучаться нет никакого желания. но самое главное: на рост 171 до неприличия коротки. не просто чуть выше щиколодти, как чаще всего бывает, а уже почти капри. носить их не буду, а жаль. в остальном вполне хорошие.",0.13,0.69,0.18,0.4182,Positive,5,3,Neutral,0.6151121854782104,neutral,3,Neutral,0.621729850769043,neutral,3,Neutral,0.8482151031494141,Negative,1,Negative,0.46370729804039,3,Neutral,0.5924142427370344,5,Positive,0.0,3,Neutral,0.38,3.25,3,Neutral,Positive,True,False,False,False,False,False,True,False,False,"26 size on the waist 64, thighs 90 is normal. another couple of centimeters easily fit. but in the calves terribly narrow - creaked and for an hour socks slightly stretched, but every time after washing there is no desire to suffer. but most importantly: the height of 171 to the indecency of short. not just a little above the shecolotti, as often happens, but already almost capri. wear them I will not, but unfortunately. otherwise quite good.",True
NEUTRAL,"цвет не соответствует, блеклый. и маломерит xxl на 48 рос. мал",0.0,1.0,0.0,0.0,Neutral,3,1,Negative,0.8056823015213013,neutral,3,Neutral,0.5803261399269104,negative,1,Negative,0.5594136714935303,Negative,1,Negative,0.5828390717506409,3,Neutral,0.5384943897897295,3,Neutral,0.0,3,Neutral,0.545425807277564,2.25,2,Negative,Neutral,True,False,True,False,False,True,True,True,False,"color does not match, faded. and malomerite xxl by 48 Ros.",True
POSITIVE,мой рай :),0.0,0.192,0.808,0.6369,Positive,5,5,Positive,0.9993283748626709,positive,5,Positive,0.7967724204063416,positive,5,Positive,0.8884013295173645,Positive,5,Positive,0.3522081971168518,5,Positive,0.4683977797985195,5,Positive,0.0,5,Positive,0.47280265076071815,5.0,5,Positive,Positive,True,True,True,True,True,True,True,True,True,my paradise :,True
NEUTRAL,"свой заказ я так и не получила, но спасибо за возврат денег.",0.0,0.675,0.325,0.5927,Positive,5,1,Negative,0.6014407277107239,negative,1,Negative,0.7625992298126221,negative,1,Negative,0.8174696564674377,Very Negative,1,Negative,0.5962697267532349,1,Negative,0.65464220183593,1,Negative,0.0,5,Positive,0.5,2.0,2,Negative,Neutral,False,False,False,False,False,False,False,False,False,"I never received my order, but thanks for the refund.",True
POSITIVE,"отличная вещь за свои деньги! очень порадовала быстрая доставка, размер брала l на свой 44-46, отслеживается. спасибо продавцу",0.0,0.678,0.322,0.8217,Positive,5,5,Positive,0.9989861845970154,positive,5,Positive,0.9959269165992737,positive,5,Positive,0.9875055551528931,Positive,5,Positive,0.691223680973053,5,Positive,0.8567220882749582,5,Positive,0.0,5,Positive,0.79,5.0,5,Positive,Positive,True,True,True,True,True,True,True,True,True,"Great thing for your money! very pleased with the fast delivery, the size took l at its 44-46, tracked.",True
NEGATIVE,". не рекомендую обращаться в этот сервис. они либо задирают ценник до небес, при этом не понятно какого качества будет работа. либо, разводят на ремонт работающих агрегатов. меня пытались развести на ремонт вентилятора, украли из машины его реле!",0.081,0.808,0.111,0.3814,Positive,5,1,Negative,0.99994957447052,negative,1,Negative,0.6632213592529297,negative,1,Negative,0.9967061877250671,Negative,1,Negative,0.7213884592056274,3,Neutral,0.6505515217446792,3,Neutral,0.0,3,Neutral,0.52,2.25,2,Negative,Negative,False,True,True,True,True,False,False,False,True,". I do not recommend contacting this service. they either raise the price tag to heaven, while it is not clear what quality the work will be. or, bred for repair of working units. they tried to bring me to repair the fan, stole his relay from the car!",True
NEGATIVE,"не вкусная-ощущение, что это какое-то белковое месиво, пересоленая, структура не колбасная совсем",0.143,0.857,0.0,-0.3612,Negative,1,1,Negative,0.9970439076423645,neutral,3,Neutral,0.6871829032897949,negative,1,Negative,0.8540622591972351,Very Negative,1,Negative,0.6492219567298889,3,Neutral,0.46945423539863257,3,Neutral,0.0,3,Neutral,0.6653379549118906,2.0,2,Negative,Negative,True,True,False,True,True,False,False,False,True,"not tasty-feeling that it is some protein mess, oversalted, the structure is not sausage at all",True
NEGATIVE,"кооркраткий отзыв обычного рядовогоох уж эти японцыистория о развлечениях милой лольки и её щеночка, который ""сюжетом""каким-то неизвестным лекарством обращается в мелкого шкета. ну и наша маленькая нимфоманка обманом совращает своего пёсика.нарисовано качественно и в целом неплохо.5 из 10",0.052,0.76,0.188,0.7251,Positive,5,1,Negative,0.9933223128318787,neutral,3,Neutral,0.5453822016716003,neutral,3,Neutral,0.562053918838501,Neutral,3,Neutral,0.6054564714431763,5,Positive,0.5346810196230714,5,Positive,0.0,1,Negative,0.42177656811908554,3.25,3,Neutral,Negative,False,True,False,False,False,False,False,True,False,"a brief review of the usual ordinary ordinary - these are Japanese stories about the entertainments of a cute lolka and her puppy, which ""the plot"" with some unknown medicine turns into a small skeleton. well, our little nymphomaniac deceives his dog.",True
NEUTRAL,очень тонкие и на российский 37.5 маловаты. идеально сядут на 36-36.5,0.0,0.682,0.318,0.6369,Positive,5,3,Neutral,0.9993336796760559,neutral,3,Neutral,0.655048668384552,neutral,3,Neutral,0.7422593235969543,Neutral,3,Neutral,0.3860352635383606,5,Positive,0.8228681780426493,5,Positive,0.0,5,Positive,0.7416447526376166,4.0,4,Positive,Neutral,False,True,True,True,True,False,False,False,False,very thin and Russian 37.5 small. perfectly sit on 36-36.5,True
NEUTRAL,"xxxl на грудь 117 села идеально. но качество и цвет совсем не как на картинке!((( на фото видно разницу( но за такие деньги, чего можно было ожидать)",0.081,0.854,0.065,-0.1548,Negative,3,3,Neutral,0.996116042137146,neutral,3,Neutral,0.6612752079963684,neutral,3,Neutral,0.6395567655563354,Negative,1,Negative,0.7704375386238098,3,Neutral,0.6217563737771267,3,Neutral,0.0,5,Positive,0.59,3.0,3,Neutral,Neutral,False,True,True,True,False,True,True,False,True,"xxxl on the chest of 117 villages is perfect, but the quality and color is not at all like the picture!((the picture shows the difference (but for such money, what could be expected)",True
NEGATIVE,заказ не пришел. открыть спор мне не дали. сами каким-то чудесным образом подтвердили получение. ужасный продавец,0.144,0.856,0.0,-0.4019,Negative,1,1,Negative,0.9997574687004089,negative,1,Negative,0.9652923941612244,negative,1,Negative,0.9970282912254333,Very Negative,1,Negative,0.6680166721343994,1,Negative,0.966858151366077,1,Negative,0.0,1,Negative,0.94,1.0,1,Negative,Negative,True,True,True,True,True,True,True,True,True,"The order did not come, I was not allowed to open the dispute, they miraculously confirmed the receipt.",True
NEGATIVE,"отзыв содержит спойлеры кто не смотрел фильм не читайте. также сразу оговорюсь: я понимаю что это просто аниме, вымышленная история не имеющая отношения к реальности, но также я думаю никто не будет отрицать что автор вдохновлялся реальными событиями и людьми первой и второй мировой войны.визуальная часть и сражения шикарны, но содержание - клюквенная наркомания. репрессии, чекисты, гулаги, идиоты у власти. ""тупые русские коммуняки"" которые отправили свои передовые элитные отряды в лагеря (во время войны карл!), также к ним легко можно вторгнутся на территорию без малейшего сопротивления и не куда-нибудь, а прямиком в столицу: германия водружает свой флаг в москве и поёт гимн. идиотов у власти олицетворяет похотливый безумец берия с пятном на башке как у горбачёва (в то время как реальный берия был одним из умнейших представителей власти нашей страны, благодаря которому у нас появилось ядерное оружие которое защищает нас от глобальной войны до сих пор) . а шансы на победу над таней (герменией) есть только у ""мэри сью"" (сша). интересно что курил автор? имхо этот фильм по качеству материала сильно проигрывает сериалу, смотреть не советую.моя оценка: 510 (и то только за годный визуал)п.с: не понимаю откуда у автора такое отношение к ссср, коммунизму (социализму) ведь бомбы на его страну падали капиталистические от сша",0.163,0.749,0.088,-0.9604,Negative,1,1,Negative,0.9945389628410339,negative,1,Negative,0.7703478932380676,negative,1,Negative,0.9506574273109436,Very Negative,1,Negative,0.5560871362686157,5,Positive,0.509529264091094,3,Neutral,0.0,1,Negative,0.39,1.75,2,Negative,Negative,True,True,True,True,True,False,False,True,True,"The review contains spoilers who did not watch the film do not read. also immediately make a reservation: I understand that this is just anime, a fictional story that has nothing to do with reality, but also I think no one will deny that the author was inspired by real events and people of the First and Second World War.The visual part and the battles are chic, but the content is cranberry drug addiction. repression, Chekists, gulags, idiots in power. ""stupid Russian communes"" who sent their advanced elite detachments to camps (during during the war, Karl!), also you can easily invade them with one of the war, the Germans, who are hiding from the world's from the world's power, but from us, who are not hiding from the world's in the world. I wonder what the author smoked? Imho this film on the quality of the material is much inferior to the series, I advise not to watch.My assessment: 510 (and then only for a good visual) p.s: I do not understand why the author has such an attitude to the USSR, communism (socialism), because the bombs on his country fell capitalist from the United States.",True
POSITIVE,"отличные, сочные и красивые.",0.0,0.2,0.8,0.8402,Positive,5,5,Positive,0.9942845702171326,positive,5,Positive,0.9959447979927063,positive,5,Positive,0.7246879935264587,Positive,5,Positive,0.8064313530921936,3,Neutral,0.5298840322374212,3,Neutral,0.0,3,Neutral,0.47536645372567526,4.25,4,Positive,Positive,True,True,True,True,True,False,False,False,True,"great, juicy and beautiful.",True
NEGATIVE,"я прелестей данного бальзама не поняла. волосы не распутывал, на кожу головы наносить это нельзя. воспользовалась несколько раз и выкинула.",0.088,0.912,0.0,-0.3412,Negative,1,1,Negative,0.9956450462341309,negative,1,Negative,0.6123303174972534,negative,1,Negative,0.9196611046791077,Negative,1,Negative,0.8772698044776917,3,Neutral,0.6186835132828403,3,Neutral,0.0,1,Negative,0.503764884005184,1.5,2,Negative,Negative,True,True,True,True,True,False,False,True,True,"I didn't understand the charms of this balm. I didn't untangle my hair, you can't apply it to the scalp. I used it several times and threw it away.",True
NEUTRAL,"магазин хороший, если покупать непосредственно в нем. если заказываешь доставку, то сначала ты все оплачиваешь, а потом они просто без твоего уведомления, или хотя бы согласования, просто ее переносят. я больше никогда в этом магазине не куплю ничего. а операторы отвечают: это не мы переносим, это транспортная компания сдэк. да ладно блин?))) меня это не должно вообще волновать. деньги списали за услугу и товар, которую не оказали и не доставили. а если б была постоплата, то и старались бы больше. просто фу так работать. раньше было лучше, сейчас, видимо, экономят на своём автопарке и загружают тк, которые вертели доставки леруа.",0.015,0.895,0.09,0.7909,Positive,5,1,Negative,0.8326289653778076,negative,1,Negative,0.4897651970386505,negative,1,Negative,0.9984468817710876,Negative,1,Negative,0.4673827588558197,1,Negative,0.6445163329209914,1,Negative,0.0,3,Neutral,0.49,1.75,2,Negative,Neutral,False,False,False,False,False,False,False,True,False,"The store is good if you buy directly in it. if you order delivery, then first you pay everything, and then they just without your notice, or at least approval, just transfer it. I will never buy anything again in this store. and operators answer: this is not we transfer, this is a transport company dek. come on, man?) I should not worry at all. money was written off for the service and goods that did not provide and did not deliver. and if there was a postpayment, then I would try more.",True
