label,text,text_length,word_count,sentence_count,exclamation_count,question_count,capital_letters,capital_ratio,avg_sentence_length,positive_emojis,negative_emojis,length_bin,sentiment_num,clean_text
NEGATIVE,"Пользовалась iPhone 4, Samsung Nexus GT-i9250. По сравнению с ними YotaPhone - сырой, необоснованно дорогой аппарат. Несколько (!) раз в день сам перезагружается, стабильно теряет сеть. Собеседники постоянно жалуются на плохую слышимость. Качество e-ink на втором экране оставляет желать лучшего (по сравнению с электронной книгой Sony).",337,46,6,1,0,13,0.03857566765578635,56.166666666666664,0,0,"(308.0, 356.0]",-1,пользовалась iphone samsung nexus gt i по сравнению с ними yotaphone сырой необоснованно дорогой аппарат несколько раз в день сам перезагружается стабильно теряет сеть собеседники постоянно жалуются на плохую слышимость качество e ink на втором экране оставляет желать лучшего по сравнению с электронной книгой sony
NEUTRAL,"В целом за свои деньги аппарат неплохой (если брать евротест), но он очень неудобный в плане софта. Взял бы сони z1 или z2, но уж очень они огромные для женских рук.",165,31,2,0,0,2,0.012121212121212121,82.5,0,0,"(164.0, 212.0]",0,в целом за свои деньги аппарат неплохой если брать евротест но он очень неудобный в плане софта взял бы сони z или z но уж очень они огромные для женских рук
NEUTRAL,"А вообще, у этой модели нет ни одного конкурента в этом формфакторе. Ибо сейчас тенденция развивается в сторону лопатофонов. Ни разу не пожалел, что взял именно эту модель. По сравнению с 5с ощутимо резвее работает и значительно дольше держит аккум(хватает на весь день среднего использования). Как-то на одном проценте хватило на 1 звонок и час прослушивания музыки в авиа режиме.",381,60,5,0,0,5,0.013123359580052493,76.2,0,0,"(356.0, 404.0]",0,а вообще у этой модели нет ни одного конкурента в этом формфакторе ибо сейчас тенденция развивается в сторону лопатофонов ни разу не пожалел что взял именно эту модель по сравнению с с ощутимо резвее работает и значительно дольше держит аккум хватает на весь день среднего использования как то на одном проценте хватило на звонок и час прослушивания музыки в авиа режиме
NEUTRAL,Довольно-таки средний телефон за большие деньги!,48,6,1,1,0,1,0.020833333333333332,48.0,0,0,"(19.52, 68.0]",0,довольно таки средний телефон за большие деньги
NEUTRAL,"Смартфон неплохой, но он своих денег не стоит (был бы дешевле, тогда норм). На второй день уже стал подлагивать (чуть-чуть). Появились люфты (кнопка вкл. сильнее всего). Не для игр. Нет шумоподавления у микрофона. Подтелка наврятли. Не рад покупки. Знал бы не покупал.",268,42,9,0,0,8,0.029850746268656716,29.77777777777778,0,0,"(260.0, 308.0]",0,смартфон неплохой но он своих денег не стоит был бы дешевле тогда норм на второй день уже стал подлагивать чуть чуть появились люфты кнопка вкл сильнее всего не для игр нет шумоподавления у микрофона подтелка наврятли не рад покупки знал бы не покупал
NEGATIVE,"Ужасно разочарована, прямо не знаю, то ли это бракованный телефон, то ли это он просто сам по себе такой. В режиме ожидания (т.е. никто в игры не играет, постоянно экран не горит) за день сажает батарейку практически до нуля... по-моему это чересчур, увы.  А так, хороший, быстрый, фотки качественные делает... Очень жаль, что придется видимо из-за этого ужаса с батареей отказаться от покупки.",394,63,7,0,0,4,0.01015228426395939,56.285714285714285,0,0,"(356.0, 404.0]",-1,ужасно разочарована прямо не знаю то ли это бракованный телефон то ли это он просто сам по себе такой в режиме ожидания т е никто в игры не играет постоянно экран не горит за день сажает батарейку практически до нуля по моему это чересчур увы а так хороший быстрый фотки качественные делает очень жаль что придется видимо из за этого ужаса с батареей отказаться от покупки
POSITIVE,"Берите, не пожалеете.",21,3,1,0,0,1,0.047619047619047616,21.0,0,0,"(19.52, 68.0]",1,берите не пожалеете
NEUTRAL,"Не буду ничего говорить о самом телефоне, потому что он не мой, а моего друга. В руках держал, смотрел, понравился. Спустя 2 месяца использования крякнул: в открытом состоянии зависал и не реагировал ни на что, пока не вытащишь аккумулятор. Друг сдавал и в магазин, и в сервис, и в другие места, но результат один: ремонтировать отказались, потому что нет запчастей. Не делаю никаких выводов, но в случае покупки, узнавайте у продавца о ремонте сразу. Если кому-то этот случай поможет, только рад.",497,81,6,0,0,6,0.012072434607645875,82.83333333333333,0,0,"(452.0, 500.0]",0,не буду ничего говорить о самом телефоне потому что он не мой а моего друга в руках держал смотрел понравился спустя месяца использования крякнул в открытом состоянии зависал и не реагировал ни на что пока не вытащишь аккумулятор друг сдавал и в магазин и в сервис и в другие места но результат один ремонтировать отказались потому что нет запчастей не делаю никаких выводов но в случае покупки узнавайте у продавца о ремонте сразу если кому то этот случай поможет только рад
NEUTRAL,"Телефон оставил неоднозначные впечатления. За цену в 14-15 тыс в принципе неплохо, и экран большой и памяти много, но вот камеры откровенно расстроили. До этого год был тоже бюджетный Huawei p20 lite за те же 15 тыс и вот там камера была явно лучше (особенно фронтальная). Тут же добиться нормальны снимков можно только при хорошем дневном освещении, в остальных ситуациях результат будет очень посредственным.",410,64,4,0,0,5,0.012195121951219513,102.5,0,0,"(404.0, 452.0]",0,телефон оставил неоднозначные впечатления за цену в тыс в принципе неплохо и экран большой и памяти много но вот камеры откровенно расстроили до этого год был тоже бюджетный huawei p lite за те же тыс и вот там камера была явно лучше особенно фронтальная тут же добиться нормальны снимков можно только при хорошем дневном освещении в остальных ситуациях результат будет очень посредственным
POSITIVE,без комент)))))))))))))))) :),29,3,0,0,0,0,0.0,29.0,0,0,"(19.52, 68.0]",1,без комент
NEUTRAL,"Новинка. Только появилась. Если бы не динамик, было бы 5 баллов!",64,11,3,1,0,3,0.046875,21.333333333333332,0,0,"(19.52, 68.0]",0,новинка только появилась если бы не динамик было бы баллов
NEUTRAL,"Аппарат ДОСТОЙНЫЙ. Экран отличный цвета натуральные,качество сборки отличное без скрипа. Про зарядку молчу.Кто пишет СМС наверно мелковата клавиатура в вертикалном положение,я не пользуюсь мне всёравно.не найти приличного чехла",227,28,4,0,0,16,0.07048458149779736,56.75,0,0,"(212.0, 260.0]",0,аппарат достойный экран отличный цвета натуральные качество сборки отличное без скрипа про зарядку молчу кто пишет смс наверно мелковата клавиатура в вертикалном положение я не пользуюсь мне всёравно не найти приличного чехла
NEUTRAL,"Хороший мобильный телефон, хотя и с большими недостатками. Четкие цвета, на качественном уровне сделанные фотографии и видеозаписи. Воспроизведение видео отличное, хотя без небольших артефактов не обходится. Вполне подойдет людям, не ведущим активный образ жизни, и не носящим джинсы.",284,38,4,0,0,4,0.014084507042253521,71.0,0,0,"(260.0, 308.0]",0,хороший мобильный телефон хотя и с большими недостатками четкие цвета на качественном уровне сделанные фотографии и видеозаписи воспроизведение видео отличное хотя без небольших артефактов не обходится вполне подойдет людям не ведущим активный образ жизни и не носящим джинсы
NEUTRAL,"Мною используется смарт с Глобальной версией и с процессором снэп. За свои деньги аппарат более чем хорош. Кому нужен работящий аппарат с которого можно сделать всё и без подзарядки, то это именно тот вариант.",209,34,3,0,0,4,0.019138755980861243,69.66666666666667,0,0,"(164.0, 212.0]",0,мною используется смарт с глобальной версией и с процессором снэп за свои деньги аппарат более чем хорош кому нужен работящий аппарат с которого можно сделать всё и без подзарядки то это именно тот вариант
NEUTRAL,"хорошая звонилка, с дополнительными функциями) падал на бетон - на три части разлетелся, дунул, собрал всё работает) у меня белый цвет, по началу вызывал восторг у окружающих) за 1,5 года не подводил)",200,32,0,0,0,0,0.0,200.0,0,0,"(164.0, 212.0]",0,хорошая звонилка с дополнительными функциями падал на бетон на три части разлетелся дунул собрал всё работает у меня белый цвет по началу вызывал восторг у окружающих за года не подводил
NEUTRAL,"2990 рублей - это много для данного аппарата. Можно списать всё на курсы валют и кризис, конечно. И за эти деньги в телефоне плохо реализован основной функционал - передача речи. Нельзя было накинуть пару долларов к себестоимости и поставить нормальный разговорный динамик?",273,42,4,0,1,3,0.01098901098901099,68.25,0,0,"(260.0, 308.0]",0,рублей это много для данного аппарата можно списать всё на курсы валют и кризис конечно и за эти деньги в телефоне плохо реализован основной функционал передача речи нельзя было накинуть пару долларов к себестоимости и поставить нормальный разговорный динамик
POSITIVE,"Отличный телефон. Лучший в своем роде, я бы даже сказал. Купил его БУ год с лишним назад за 2300 сом (~1400 р.). Спустя пару месяцев заметил, что немного подвисает в проигрывателе. Исправляется перезапуском песни, не страшно. Бывает просто так подвисает и отключается, но крайне редко, за время пользования раз 5 такое было. Подробнее о внешнем динамике. У друга w595, так мой в качестве его динамику абсолютно не уступает. Спустя несколько месяцев открыл для себя пользование нетом и майл-агент.",496,78,10,0,0,11,0.02217741935483871,49.6,0,0,"(452.0, 500.0]",1,отличный телефон лучший в своем роде я бы даже сказал купил его бу год с лишним назад за сом р спустя пару месяцев заметил что немного подвисает в проигрывателе исправляется перезапуском песни не страшно бывает просто так подвисает и отключается но крайне редко за время пользования раз такое было подробнее о внешнем динамике у друга w так мой в качестве его динамику абсолютно не уступает спустя несколько месяцев открыл для себя пользование нетом и майл агент
NEUTRAL,В качестве 1го телефона слабоват. Как 2й или третий в качестве рабочей лошадки - потянет. Аккум сразу покупайте на 5700 Mah с крышкой. И DU Battery saver Pro сразу ставьте.,172,30,4,0,0,9,0.05232558139534884,43.0,0,0,"(164.0, 212.0]",0,в качестве го телефона слабоват как й или третий в качестве рабочей лошадки потянет аккум сразу покупайте на mah с крышкой и du battery saver pro сразу ставьте
NEUTRAL,"С телефоном проходил больше года, ронял, в воде бывал, все работало до поры до времени. шлейф дисплее просто отвалился ( почитав форумы проблема с экраном у многих ) а так все хорошо за эту цену. оптимальный выбор для студентов.",228,39,3,0,0,1,0.0043859649122807015,76.0,0,0,"(212.0, 260.0]",0,с телефоном проходил больше года ронял в воде бывал все работало до поры до времени шлейф дисплее просто отвалился почитав форумы проблема с экраном у многих а так все хорошо за эту цену оптимальный выбор для студентов
POSITIVE,"Подарили взамен S-3. Как только взяла в руки, поняла, что это МОЕ!! Теперь третий кажется тяжелой и большой лопатой.Суперские цвета, не хуже чем у S-5. Невесомый. Летает может чуть хуже 5-го айфона( если только на тысячные доли секунды), но все-таки андройд мне ближе по духу. Все тянет. Сразу переключила на 3G, потому как не везде 4G и LTE есть. Кто не разобрался с настройками- телефон не виноват! Сеть держит на отлично, не тормозит.Качество фото очень и очень.",465,77,11,3,0,21,0.04516129032258064,42.27272727272727,0,0,"(452.0, 500.0]",1,подарили взамен s как только взяла в руки поняла что это мое теперь третий кажется тяжелой и большой лопатой суперские цвета не хуже чем у s невесомый летает может чуть хуже го айфона если только на тысячные доли секунды но все таки андройд мне ближе по духу все тянет сразу переключила на g потому как не везде g и lte есть кто не разобрался с настройками телефон не виноват сеть держит на отлично не тормозит качество фото очень и очень
POSITIVE,"В целом модель получилась очень даже приличная. Соотношение цена-качество в разумном соотношение, хотя реально этот аппарат должен стоить не более 6000 р. Мультимедийный функционал представлен скупо, но от этой модели и не следует требовать слишком много. Зато для тех кто не часто использует всякие муз-Интернетовские навороты - идеальный выбор. Аскетичный набор функций аппарата вполне достаточен. Я против ""вкручивания"" в ПО всяких навороченных плееров, асек и всякой другой тормозной муры.",493,69,6,0,0,9,0.018255578093306288,82.16666666666667,0,0,"(452.0, 500.0]",1,в целом модель получилась очень даже приличная соотношение цена качество в разумном соотношение хотя реально этот аппарат должен стоить не более р мультимедийный функционал представлен скупо но от этой модели и не следует требовать слишком много зато для тех кто не часто использует всякие муз интернетовские навороты идеальный выбор аскетичный набор функций аппарата вполне достаточен я против вкручивания в по всяких навороченных плееров асек и всякой другой тормозной муры
NEGATIVE,"Ужасно разочарован. До этого был FLY MC100 с множеством мелких глюков, но этот... Такой откровенной халтуры я еще не встречал! Твердая единица!!!",145,22,4,4,0,9,0.06206896551724138,36.25,0,0,"(116.0, 164.0]",-1,ужасно разочарован до этого был fly mc с множеством мелких глюков но этот такой откровенной халтуры я еще не встречал твердая единица
POSITIVE,"Купил вчера, после самсунга а3 2015, использую как вторым телефоном, сидел всю ночь лазил в телефоне, есть много всего интересного, всем рекомендую покупать",156,23,0,0,0,1,0.00641025641025641,156.0,0,0,"(116.0, 164.0]",1,купил вчера после самсунга а использую как вторым телефоном сидел всю ночь лазил в телефоне есть много всего интересного всем рекомендую покупать
NEUTRAL,"Большего сказать не могу, мне пришлось вернуть этот телефон по гарантии, не работал bluetooth, но после нескольких дней использования захотелось обменять не на такой же, а на другую модель. Подключить по некму компьютер к интернету тоже не удалось, уж не знаю, что это было - ещё один дефект, или не удалось сделать настройки, но с нокией у меня таких проблем не возникло. Ещё не работал сервис *100#, по которому в MTS можно узнать свой счёт.",443,75,3,0,0,6,0.013544018058690745,147.66666666666666,0,0,"(404.0, 452.0]",0,большего сказать не могу мне пришлось вернуть этот телефон по гарантии не работал bluetooth но после нескольких дней использования захотелось обменять не на такой же а на другую модель подключить по некму компьютер к интернету тоже не удалось уж не знаю что это было ещё один дефект или не удалось сделать настройки но с нокией у меня таких проблем не возникло ещё не работал сервис по которому в mts можно узнать свой счёт
NEUTRAL,"Европейская модель а3003, если сравниваю то в основном с прошлым LG G3. Хвалебных отзывов достаточно, пишу по существу.  В руках скользкий, ощущение что вот-вот выскользнет, пришлось купить чехол. С ""пластиковыми"" телефонами такое ощущение возникало только на морозе.  Выпирающий глазок камеры - неизбежны сколы и царапины металлической окантовки. Выпирает сильно, и даже на чехле производителям приходится делать выпирающую часть.",431,58,6,0,0,9,0.02088167053364269,71.83333333333333,0,0,"(404.0, 452.0]",0,европейская модель а если сравниваю то в основном с прошлым lg g хвалебных отзывов достаточно пишу по существу в руках скользкий ощущение что вот вот выскользнет пришлось купить чехол с пластиковыми телефонами такое ощущение возникало только на морозе выпирающий глазок камеры неизбежны сколы и царапины металлической окантовки выпирает сильно и даже на чехле производителям приходится делать выпирающую часть
NEUTRAL,Влюблена в эту модель. После того как у меня украли этот телефон я купила такой же снова.,89,17,2,0,0,2,0.02247191011235955,44.5,0,0,"(68.0, 116.0]",0,влюблена в эту модель после того как у меня украли этот телефон я купила такой же снова
POSITIVE,"Покупкой очень, очень, очень доволен!!!! РЕКОМЕНДУЮ!!! Особенно тем, кто много и часто говорит - зарядку держит просто супер!!! P.S. Аналоги у Самсунгов, Нокий и т.п. стоят значительно дороже!!!",194,28,8,13,0,17,0.08762886597938144,24.25,0,0,"(164.0, 212.0]",1,покупкой очень очень очень доволен рекомендую особенно тем кто много и часто говорит зарядку держит просто супер p s аналоги у самсунгов нокий и т п стоят значительно дороже
NEUTRAL,"Для штуки за $100 приемлемый процессор, но все-таки год активного использования для аппарата -- это уже почти предел. Дальше экран портится, задняя крышка хоть и плотная, но ломкая. Через полтора у меня полетел штекер для провода. Шаткий штекер для наушников. gps, wi-fi рабочие.",279,43,5,0,0,4,0.014336917562724014,55.8,0,0,"(260.0, 308.0]",0,для штуки за приемлемый процессор но все таки год активного использования для аппарата это уже почти предел дальше экран портится задняя крышка хоть и плотная но ломкая через полтора у меня полетел штекер для провода шаткий штекер для наушников gps wi fi рабочие
POSITIVE,"Устойчивое к царапинам стекло делает этот аппарат неубиенным ) Летал у меня из кармана на асфальт, со стола на кафель, просто из рук на любой пол. Давненько использую его без чехла. И жив-здоров. Работает хорошо. Спустя 2,5 года начала отслаиваться краска с обратной стороны стекла (из-за конденсата (часто беру с собой в ванную чтоб не пропустить звонки)), но это не мешает работоспособности. Недавно вылезла ошибка - сбой камеры. Хард ресет не помог.",452,72,7,0,0,8,0.017699115044247787,64.57142857142857,0,0,"(404.0, 452.0]",1,устойчивое к царапинам стекло делает этот аппарат неубиенным летал у меня из кармана на асфальт со стола на кафель просто из рук на любой пол давненько использую его без чехла и жив здоров работает хорошо спустя года начала отслаиваться краска с обратной стороны стекла из за конденсата часто беру с собой в ванную чтоб не пропустить звонки но это не мешает работоспособности недавно вылезла ошибка сбой камеры хард ресет не помог
POSITIVE,Всё мне нравится - и дизайн и качество. Особенно мне нравится им фотографировать за счет качества снимков.,106,17,2,0,0,2,0.018867924528301886,53.0,0,0,"(68.0, 116.0]",1,всё мне нравится и дизайн и качество особенно мне нравится им фотографировать за счет качества снимков
POSITIVE,Идеальный телефон для пенсионера.Ну и просто для звонков.,57,8,2,0,0,2,0.03508771929824561,28.5,0,0,"(19.52, 68.0]",1,идеальный телефон для пенсионера ну и просто для звонков
POSITIVE,"Купил аппарат через несколько дней после официального выхода в России и ни секунды не жалел, после использования смартфона на Android ощущения были такие, будто пересел с Запорожца на истребитель. Цена может немного и завышена, но уж поверьте, iPhone стоит своих денег. Поначалу думал, что  iOS 7 разочарует своей гаммой красок, но после нескольких дней использования понял, что сильно ошибался и система действительно добротно скроена.",436,64,3,0,0,9,0.020642201834862386,145.33333333333334,0,0,"(404.0, 452.0]",1,купил аппарат через несколько дней после официального выхода в россии и ни секунды не жалел после использования смартфона на android ощущения были такие будто пересел с запорожца на истребитель цена может немного и завышена но уж поверьте iphone стоит своих денег поначалу думал что ios разочарует своей гаммой красок но после нескольких дней использования понял что сильно ошибался и система действительно добротно скроена
NEUTRAL,"В основном мне все понравилось, он меня в данный момент устраивает, но только в данный момент. Когда я покупала, то почему то было написано ""QWERTY клавиатура"" прямо под телефоном, наверное магазин левый, ну а так все нормально, приноравливаешься к нему почти сразу, только с виджетами приходится помучится, а так - отлично. Но все таки я ожидала большего, он не стоит своей цены, так что советую за эти деньги лучше купите нокиа, самсунги - не самая лучшая вещь.",463,77,3,0,0,9,0.019438444924406047,154.33333333333334,0,0,"(452.0, 500.0]",0,в основном мне все понравилось он меня в данный момент устраивает но только в данный момент когда я покупала то почему то было написано qwerty клавиатура прямо под телефоном наверное магазин левый ну а так все нормально приноравливаешься к нему почти сразу только с виджетами приходится помучится а так отлично но все таки я ожидала большего он не стоит своей цены так что советую за эти деньги лучше купите нокиа самсунги не самая лучшая вещь
POSITIVE,"Телефон великолепен! Пусть старая модель, может кто-то скажет ""он неудобный и некрасивый"", я скажу - берите чёрный! Все проблемы перестанут волновать. А если потёртости, царапины и блики после долгого использования проявятся только на ярком солнце - радуйтесь солнцу, а не горюйте! =)))",286,42,4,3,0,4,0.013986013986013986,71.5,0,0,"(260.0, 308.0]",1,телефон великолепен пусть старая модель может кто то скажет он неудобный и некрасивый я скажу берите чёрный все проблемы перестанут волновать а если потёртости царапины и блики после долгого использования проявятся только на ярком солнце радуйтесь солнцу а не горюйте
POSITIVE,"За 15 минут настроил всё! ТВ, кондей, проектор, ресивер и даже медиацентр iconbit старенький. Замароченная работа 4LTE , работает только на основной симке. кнопка возврата в меню не совсем удобна, она находится с лева и большим пальцем правой руки не совсем удобно дотягиваться, приходится помогать левой рукой что не всегда удобно. Фото неплохого качества, а вот видео мне не понравилось. При съёмки камера постоянно перефокусировалась, что влияет на качество видео.",467,70,6,1,0,9,0.019271948608137045,77.83333333333333,0,0,"(452.0, 500.0]",1,за минут настроил всё тв кондей проектор ресивер и даже медиацентр iconbit старенький замароченная работа lte работает только на основной симке кнопка возврата в меню не совсем удобна она находится с лева и большим пальцем правой руки не совсем удобно дотягиваться приходится помогать левой рукой что не всегда удобно фото неплохого качества а вот видео мне не понравилось при съёмки камера постоянно перефокусировалась что влияет на качество видео
NEUTRAL,"Всё же им можно пользоваться, если нужен просто кнопочник с 3G и LTE. Вполне удобно, если требуется именно он. Если хочется современного аналога ""старого"" кнопочного телефона (на которых и ICQ были и Джаббер и почта и всё остальное тоже) - нет. На ""кнопочный смартфон"", подобный старым Nokia и Samsung оно не тянет. Корпус весь пластиковый, включая покрытие экрана. И при всём этом за этот полутупой телефон просят больше 120$.",427,69,6,0,0,16,0.03747072599531616,71.16666666666667,0,0,"(404.0, 452.0]",0,всё же им можно пользоваться если нужен просто кнопочник с g и lte вполне удобно если требуется именно он если хочется современного аналога старого кнопочного телефона на которых и icq были и джаббер и почта и всё остальное тоже нет на кнопочный смартфон подобный старым nokia и samsung оно не тянет корпус весь пластиковый включая покрытие экрана и при всём этом за этот полутупой телефон просят больше
NEGATIVE,"Мой совет вам - если будут предлагать этот телефон бесплатно, то не берите. Убегайте не оглядываясь. Он подведет вас в самый неподходящий момент. Телефон годится только для того, чтоб положить его под гидравлический пресс и посмотреть, как эта нечисть сдохнет.  Я разочарован в Huawei.",285,44,5,0,0,6,0.021052631578947368,57.0,0,0,"(260.0, 308.0]",-1,мой совет вам если будут предлагать этот телефон бесплатно то не берите убегайте не оглядываясь он подведет вас в самый неподходящий момент телефон годится только для того чтоб положить его под гидравлический пресс и посмотреть как эта нечисть сдохнет я разочарован в huawei
NEGATIVE,"У меня второй Fly. Предыдущий также отказался включаться, где-то через полгода после покупки. Теперь, наученная собственным горьким опытом, телефон этой марки больше ни за что не куплю!",185,27,3,1,0,4,0.021621621621621623,61.666666666666664,0,0,"(164.0, 212.0]",-1,у меня второй fly предыдущий также отказался включаться где то через полгода после покупки теперь наученная собственным горьким опытом телефон этой марки больше ни за что не куплю
POSITIVE,"Телефон как телефон, поиграться и музыку можно послушать.",57,8,1,0,0,1,0.017543859649122806,57.0,0,0,"(19.52, 68.0]",1,телефон как телефон поиграться и музыку можно послушать
POSITIVE,Если Вы не планируете висеть в интете постоянно через Wifi - это Ваше !!! Не пожалеете.......,93,16,2,3,0,5,0.053763440860215055,46.5,0,0,"(68.0, 116.0]",1,если вы не планируете висеть в интете постоянно через wifi это ваше не пожалеете
NEUTRAL,Для тех кто не много разговаривает и любит послушать музыку рекомендую.,71,11,1,0,0,1,0.014084507042253521,71.0,0,0,"(68.0, 116.0]",0,для тех кто не много разговаривает и любит послушать музыку рекомендую
POSITIVE,"Шик-шик-шик, это лучшее, что есть у Флая. Показатели, как у знакомого на ХТЦ, а цена вдвое ниже. Аппарат выглядит гораздо дороже своих денег, советую брать!",156,25,3,1,0,7,0.04487179487179487,52.0,0,0,"(116.0, 164.0]",1,шик шик шик это лучшее что есть у флая показатели как у знакомого на хтц а цена вдвое ниже аппарат выглядит гораздо дороже своих денег советую брать
POSITIVE,"Хочу оставить свой отзыв о своём смартфоне ,надеюсь на то что он кому то будем полезен .Начну с самого начала .Когда пришло время покупки нового неотлеемого моего «спутника жизни « каким сейчас является смартфон для всех людей я к его выбору отнеслась очень внимателено .Лидером в моем быборе стал смартфон марки OPPO Reno 2 Z из плюсов хочу сказать что смартфон работает экстремально быстро имеет отличную 48 мегапиксельную камеру с 4 мя объективами и 10 кратный цифровой зум .",478,79,4,0,0,10,0.02092050209205021,119.5,0,0,"(452.0, 500.0]",1,хочу оставить свой отзыв о своём смартфоне надеюсь на то что он кому то будем полезен начну с самого начала когда пришло время покупки нового неотлеемого моего спутника жизни каким сейчас является смартфон для всех людей я к его выбору отнеслась очень внимателено лидером в моем быборе стал смартфон марки oppo reno z из плюсов хочу сказать что смартфон работает экстремально быстро имеет отличную мегапиксельную камеру с мя объективами и кратный цифровой зум
NEGATIVE,"Сдал через 3 дня в ........ обратно, точнее забрали на экспертизу, видите ли из за того что на глянцевой части корпуса образовались микро-царапинки, из за того что в карман 10 раз положил, - не товарный вид!.. Через 30 дней сам пришел к ним, пол часа просидел - суют мне телефон в ещё более ""облапаном"" (диагностами) состоянии, - типо простите всё с ним в порядке - раз они сказали всё ок - можете хоть об стенку биться (даже это не поможет), о!",445,81,3,2,0,2,0.0044943820224719105,148.33333333333334,0,0,"(404.0, 452.0]",-1,сдал через дня в обратно точнее забрали на экспертизу видите ли из за того что на глянцевой части корпуса образовались микро царапинки из за того что в карман раз положил не товарный вид через дней сам пришел к ним пол часа просидел суют мне телефон в ещё более облапаном диагностами состоянии типо простите всё с ним в порядке раз они сказали всё ок можете хоть об стенку биться даже это не поможет о
POSITIVE,"По отпечатку врубается моментально, по фейсу так же (если не в гипсе :). Пока хожу с чехлом, вид не портит. Самсышники и кайфонщики тихо завидуют. Хожу с Семиксом почти 2 месяца (синий, версия 4/64), взял на замену малость постаревшего :) HTC m8s. NFC - WTF? не нать, то же и с ИК-портом. Искал чо нить в пределах 10-13к, в итоге взял за 14, и ооочень остался доволен. Сяёми, ЗТЕ и ТД и ТП... Не зацепило как-то, хоть и есть на что посмотреть, а названия звучат неприятно.",472,86,9,0,1,26,0.05508474576271186,52.44444444444444,0,0,"(452.0, 500.0]",1,по отпечатку врубается моментально по фейсу так же если не в гипсе пока хожу с чехлом вид не портит самсышники и кайфонщики тихо завидуют хожу с семиксом почти месяца синий версия взял на замену малость постаревшего htc m s nfc wtf не нать то же и с ик портом искал чо нить в пределах к в итоге взял за и ооочень остался доволен сяёми зте и тд и тп не зацепило как то хоть и есть на что посмотреть а названия звучат неприятно
NEUTRAL,"В целом, очень позитивное впечатление. Заряд держит очень неплохо. Скайп с видеосвязью, просмотр aviшек практически без тормозов... приятная модель за приемлемые деньги.",169,22,4,0,0,3,0.01775147928994083,42.25,0,0,"(164.0, 212.0]",0,в целом очень позитивное впечатление заряд держит очень неплохо скайп с видеосвязью просмотр aviшек практически без тормозов приятная модель за приемлемые деньги
POSITIVE,"уже был опыт пользования смартфоном данной фирмы, и никаких жалоб до сих пор нет) мейзу красавцы, собирают качественные аппараты, и недорогие! Модель m3 note купили отцу. Итак, за 17 с лишним тыс руб вы получаете : 1) Стальной корпус - действительно обалденная сборка, как будто в руках аппарат премиум класса 2) Процессор 8 ядер, очень шустрый и не сильно расходует заряд 3) Экран 5.",384,64,3,1,0,5,0.013020833333333334,128.0,0,0,"(356.0, 404.0]",1,уже был опыт пользования смартфоном данной фирмы и никаких жалоб до сих пор нет мейзу красавцы собирают качественные аппараты и недорогие модель m note купили отцу итак за с лишним тыс руб вы получаете стальной корпус действительно обалденная сборка как будто в руках аппарат премиум класса процессор ядер очень шустрый и не сильно расходует заряд экран
NEUTRAL,бонус в виде двух симок перевешивает недостатки,47,7,0,0,0,0,0.0,47.0,0,0,"(19.52, 68.0]",0,бонус в виде двух симок перевешивает недостатки
NEGATIVE,"Пользовался телефоном один день, после чего вернул в магазин, т.к. не хватает нерв пользоваться таким аппаратом. К тому же цена в 10 000руб. сильно завышена. Советую добавить 1000р и взять самсунг J3.",200,32,6,0,0,4,0.02,33.333333333333336,0,0,"(164.0, 212.0]",-1,пользовался телефоном один день после чего вернул в магазин т к не хватает нерв пользоваться таким аппаратом к тому же цена в руб сильно завышена советую добавить р и взять самсунг j
NEGATIVE,"судя по количеству отрицательных отзывов,нокия в данном ценовом сегменте перестала выпускать простые и надёжные телефоны.а жаль.кстати страна производитель моего экземпляра Румыния. после того как мне вернули деньги за этот аппарат,я хотел взять другую модель Nokia 2720, но работник в офисе меня отговорил его покупать, сказав,что все недорогие модели нокии в том числе и эту покупатели регулярно приносят на ремонт или пытаются обменять на что то другое.",456,66,4,0,0,2,0.0043859649122807015,114.0,0,0,"(452.0, 500.0]",-1,судя по количеству отрицательных отзывов нокия в данном ценовом сегменте перестала выпускать простые и надёжные телефоны а жаль кстати страна производитель моего экземпляра румыния после того как мне вернули деньги за этот аппарат я хотел взять другую модель nokia но работник в офисе меня отговорил его покупать сказав что все недорогие модели нокии в том числе и эту покупатели регулярно приносят на ремонт или пытаются обменять на что то другое
POSITIVE,"у меня в нем 1 активная симка и 2 на редкие звонки, идеальный апарат, взял в замен дешевых нокий, работает только на прием звонков. на исходящие мне не удобен из-за контактов.(по сравнению с айфоном)",199,34,2,0,0,0,0.0,99.5,0,0,"(164.0, 212.0]",1,у меня в нем активная симка и на редкие звонки идеальный апарат взял в замен дешевых нокий работает только на прием звонков на исходящие мне не удобен из за контактов по сравнению с айфоном
NEGATIVE,"Если решили купить этот телефон , то лутче в окно прыгнуть.",59,11,1,0,0,1,0.01694915254237288,59.0,0,0,"(19.52, 68.0]",-1,если решили купить этот телефон то лутче в окно прыгнуть
NEUTRAL,"В общем что хотел то и получил. Мне нужен был дешевый,легкий ,при выключенной анимации даже шустрый смартфон. Который будет запускать основные не требовательные программы типа вотсап, всякие банк-клиенты, браузер, ютуб. ( смартфон не покупался для игр, и я их на нем не тестил) . С камерой на которую можно сфоткать текст ( она с автофокусом) .",344,56,5,0,0,4,0.011627906976744186,68.8,0,0,"(308.0, 356.0]",0,в общем что хотел то и получил мне нужен был дешевый легкий при выключенной анимации даже шустрый смартфон который будет запускать основные не требовательные программы типа вотсап всякие банк клиенты браузер ютуб смартфон не покупался для игр и я их на нем не тестил с камерой на которую можно сфоткать текст она с автофокусом
POSITIVE,"Samsung S3600 очень понравился в магазине, да и цена приятно удивляла. Прочитала отзывы и решила, что надо брать. С меню разобралась очень быстро. Многие пишут что не могут отключить активную крышку, для меня это не стало проблемой. Все быстро настроила. Единственная проблема с которой я столкнулась это карта памяти (так как память встроенная очень маленькая). Хотя телефон флешку видел, но она почему то жила автономно от телефона. Содержимое карты памяти не отображалось в телефоне.",486,74,8,0,0,9,0.018518518518518517,60.75,0,0,"(452.0, 500.0]",1,samsung s очень понравился в магазине да и цена приятно удивляла прочитала отзывы и решила что надо брать с меню разобралась очень быстро многие пишут что не могут отключить активную крышку для меня это не стало проблемой все быстро настроила единственная проблема с которой я столкнулась это карта памяти так как память встроенная очень маленькая хотя телефон флешку видел но она почему то жила автономно от телефона содержимое карты памяти не отображалось в телефоне
POSITIVE,"Хороший телефон с красивым экстерьером (камень в огород w732))) великолепным экраном, отличным звуком и емким аккумом!   Недостатки конечно имеются, но разве существуют совершенные устройства?? Для меня все таки главным его преимуществом является 2-х симочность и емкий аккум, с которым можно прожить 3-4 дня. Владельцам w732-х аппаратов и думающих менять или нет, советовал бы оставить 732-й, он более лучше сбалансирован.",423,59,4,1,2,4,0.009456264775413711,105.75,0,0,"(404.0, 452.0]",1,хороший телефон с красивым экстерьером камень в огород w великолепным экраном отличным звуком и емким аккумом недостатки конечно имеются но разве существуют совершенные устройства для меня все таки главным его преимуществом является х симочность и емкий аккум с которым можно прожить дня владельцам w х аппаратов и думающих менять или нет советовал бы оставить й он более лучше сбалансирован
POSITIVE,"Периодически пытаюсь найти что нибудь, на что можно было бы его заменить, не нахожу. Разве что на Idol 4S... У каких то лучше экран, у каких то еще что то, но такого сочетания отличных качеств в одном аппарате не нашел. А уж кнопка БУМ, симметричный дизайн, стеклянный корпус, это вообще эксклюзив.",298,51,4,0,0,9,0.030201342281879196,74.5,0,0,"(260.0, 308.0]",1,периодически пытаюсь найти что нибудь на что можно было бы его заменить не нахожу разве что на idol s у каких то лучше экран у каких то еще что то но такого сочетания отличных качеств в одном аппарате не нашел а уж кнопка бум симметричный дизайн стеклянный корпус это вообще эксклюзив
POSITIVE,"В целом, считаю обязанным описать сие творение.Телефон у меня в руках 3-4 месяца. Пользуюсь без чехла.Очень-оооооочень крепкий телефон.Работаю на складе, пол - бетон. Телефон постоянно падает, Ставятся на него коробы по 20-30 кг.  Как выхожу из  машины, снова падает ( знаю - знаю, кривые руки у меня ).Недавно, от падения изогнулась кнопка громкости ( не мог перезапустить телефон, уходил в меню recovery ), сам разобрал, выправил кнопку. И все, телефон снова в строю.",469,73,9,0,0,10,0.021321961620469083,52.111111111111114,0,0,"(452.0, 500.0]",1,в целом считаю обязанным описать сие творение телефон у меня в руках месяца пользуюсь без чехла очень оооооочень крепкий телефон работаю на складе пол бетон телефон постоянно падает ставятся на него коробы по кг как выхожу из машины снова падает знаю знаю кривые руки у меня недавно от падения изогнулась кнопка громкости не мог перезапустить телефон уходил в меню recovery сам разобрал выправил кнопку и все телефон снова в строю
NEGATIVE,"Не рекомендую приобретать. Даже в 2 раза более дешевый китайский смарт принесет больше пользы, так как на него можно устанавливать кучу приложений, а в этот - нет.",163,27,2,0,0,2,0.012269938650306749,81.5,0,0,"(116.0, 164.0]",-1,не рекомендую приобретать даже в раза более дешевый китайский смарт принесет больше пользы так как на него можно устанавливать кучу приложений а в этот нет
NEUTRAL,"Эксплуатировался в течении двух лет в штатном режиме (без экстрима, из защитного чехла Krusell не извлекался). Ровно через два года после начала эксплуатации очень быстро умер в течении месяца... началось с пропавшего вибровызова и закончилось тем, что перестал ловить сеть (Wi-Fi и Bluetooth при этом работают). Да и все остальные функции (кроме функций телефона) работают без сбоев.",384,57,4,0,0,7,0.018229166666666668,96.0,0,0,"(356.0, 404.0]",0,эксплуатировался в течении двух лет в штатном режиме без экстрима из защитного чехла krusell не извлекался ровно через два года после начала эксплуатации очень быстро умер в течении месяца началось с пропавшего вибровызова и закончилось тем что перестал ловить сеть wi fi и bluetooth при этом работают да и все остальные функции кроме функций телефона работают без сбоев
NEGATIVE,Не покупайте данный телефон!!! Он сырой!!! И качество очень низкое!!! Цена завышена как минимум на 10000 р.,107,17,4,9,0,4,0.037383177570093455,26.75,0,0,"(68.0, 116.0]",-1,не покупайте данный телефон он сырой и качество очень низкое цена завышена как минимум на р
NEGATIVE,Купила ЭТО в июне прошлого года... после этого моя жизнь превратилась в вечные растройства! через 14 дней перестал звонить(тебе звонят а телефон просто не реагирует) обратно его брать оказались! сказали экспертиза и т. п.  нет спасибо! отремонтировали. перед новым годом просто слетает прошивка. аппарат не загружается. Хотела сдать обратно! Но ДИКСИЗ РАЗВАЛИЛСЯ!!!!! это кошмар какой-то!!!! Ок. Отнесла в ремонт. починили. причину поломки так и не узнала. его отдали 9го января.,479,70,17,13,0,24,0.05010438413361169,28.176470588235293,0,0,"(452.0, 500.0]",-1,купила это в июне прошлого года после этого моя жизнь превратилась в вечные растройства через дней перестал звонить тебе звонят а телефон просто не реагирует обратно его брать оказались сказали экспертиза и т п нет спасибо отремонтировали перед новым годом просто слетает прошивка аппарат не загружается хотела сдать обратно но диксиз развалился это кошмар какой то ок отнесла в ремонт починили причину поломки так и не узнала его отдали го января
NEGATIVE,"Перед покупкой смирился с хрупкостью, смотрел краштесты, но с такой автономностью мириться не согласен: самсунгом заявлено 16 часов воспроизведения видео, да он и 4 часа не сможет продержаться! Собираюсь обращаться по гарантии: пусть что нибудь делают или вернут деньги!",270,39,2,2,0,2,0.007407407407407408,135.0,0,0,"(260.0, 308.0]",-1,перед покупкой смирился с хрупкостью смотрел краштесты но с такой автономностью мириться не согласен самсунгом заявлено часов воспроизведения видео да он и часа не сможет продержаться собираюсь обращаться по гарантии пусть что нибудь делают или вернут деньги
NEGATIVE,"Очень ненадежная модель, не рекомендую брать.",45,6,1,0,0,1,0.022222222222222223,45.0,0,0,"(19.52, 68.0]",-1,очень ненадежная модель не рекомендую брать
NEGATIVE,"На следующий день я девайс сдал, чему очень рад. Пойду покупать Galaxy W. Надо было его сразу покупать, но я повелся на бОльший экран и камеру. Пока воткнул симку в старый Хейзел. Что удивительно, так это удобство обычного кнопочного телефона в обычной жизни. Но сенсоры неизбежны, нравится мне это или нет. Что до SE, то мне всегда нравились их телефоны, но дела компании, видимо, и правда не очень... Так что, если Андроид, то, кажется, Альтернатив Самсунгу нет.",464,77,8,0,0,17,0.036637931034482756,58.0,0,0,"(452.0, 500.0]",-1,на следующий день я девайс сдал чему очень рад пойду покупать galaxy w надо было его сразу покупать но я повелся на больший экран и камеру пока воткнул симку в старый хейзел что удивительно так это удобство обычного кнопочного телефона в обычной жизни но сенсоры неизбежны нравится мне это или нет что до se то мне всегда нравились их телефоны но дела компании видимо и правда не очень так что если андроид то кажется альтернатив самсунгу нет
POSITIVE,"Искала телефон, непременно Нокию, маленький, женский, недорогой, но с минимальным набором функций. Остановила свой выбор на нём, потому что нашлась модель в бело-розовом цвете. К сожалению, в салонах такой расцветки не нашла и заказала в слепую по интернету. Когда в первый раз увидела, сразу же поняла, что не прогадала-выглядит он просто супер, задняя панель слегка шероховатая, а передняя глянцевая, так и хочется к ней прикоснуться.",436,65,4,0,0,5,0.011467889908256881,109.0,0,0,"(404.0, 452.0]",1,искала телефон непременно нокию маленький женский недорогой но с минимальным набором функций остановила свой выбор на нём потому что нашлась модель в бело розовом цвете к сожалению в салонах такой расцветки не нашла и заказала в слепую по интернету когда в первый раз увидела сразу же поняла что не прогадала выглядит он просто супер задняя панель слегка шероховатая а передняя глянцевая так и хочется к ней прикоснуться
POSITIVE,"Аппарат, безусловно, нравится. Редкий случай, когда технологическое совершенство обретает красивую форму, при этом избегая серьезных (для меня) недостатков. Машинка по хорошему массивная, с изящным металлическим бортиком. Размеры, конечно, велики, но нет уже компактных аппаратов такого класса. Смартфон хорошо лежит в руке. Устройство обладает хорошей автономностью, хватает на полный день с 7 часами экрана, включая 2.5 чaса навигации, 3.5 часа интернета и всяких программ, час фотосъемки.",491,65,8,0,0,6,0.012219959266802444,61.375,0,0,"(452.0, 500.0]",1,аппарат безусловно нравится редкий случай когда технологическое совершенство обретает красивую форму при этом избегая серьезных для меня недостатков машинка по хорошему массивная с изящным металлическим бортиком размеры конечно велики но нет уже компактных аппаратов такого класса смартфон хорошо лежит в руке устройство обладает хорошей автономностью хватает на полный день с часами экрана включая чaса навигации часа интернета и всяких программ час фотосъемки
NEGATIVE,"FLY - покупай, и каждый день на новый меняй )) Через две недели перестал включаться. И за это я заплатил тысячу?! Есть телефоны, которые дешевле, но работают гораздо лучше. Ни в коем случае не покупайте, если не хотите обратно отдавать.",236,40,4,1,1,7,0.029661016949152543,59.0,0,0,"(212.0, 260.0]",-1,fly покупай и каждый день на новый меняй через две недели перестал включаться и за это я заплатил тысячу есть телефоны которые дешевле но работают гораздо лучше ни в коем случае не покупайте если не хотите обратно отдавать
NEGATIVE,За такие деньги почему я должен вслушиваться что там говорит собеседник?!Сдал в магазин и взял ACE 2 8160 - ЗА ТЕ ЖЕ ДЕНЬГИ -но телефон намного лучше!!!,152,27,2,4,1,17,0.1118421052631579,76.0,0,0,"(116.0, 164.0]",-1,за такие деньги почему я должен вслушиваться что там говорит собеседник сдал в магазин и взял ace за те же деньги но телефон намного лучше
NEUTRAL,"В целом удачный относительно недорогой телефон от известного производителя, хоть и на устаревшем железе. Надеюсь ""лыжа"" не забудет и про обновления. Со всеми своими функциями справляется хорошо. Явных критических недостатков нет.  В качестве продвинутой звонилки на андроид идеален.",282,38,5,0,0,5,0.01773049645390071,56.4,0,0,"(260.0, 308.0]",0,в целом удачный относительно недорогой телефон от известного производителя хоть и на устаревшем железе надеюсь лыжа не забудет и про обновления со всеми своими функциями справляется хорошо явных критических недостатков нет в качестве продвинутой звонилки на андроид идеален
NEUTRAL,"Устройство было куплено в том числе для того, чтобы оценить, нужны ли мне два устройства (КПК и телефон) или будет достаточно одного (коммуникатор). Пока вроде бы кажется, что можно обойтись одним коммуникатором.К работе GSM модуля у меня замечаний нет. Связь не теряет, звук хороший, ловит не хуже моего старого телефона Sony Ericsson T630.Этот коммуникатор я считаю одним из последних ""нормальных"" WinMobile коммуникаторов - потому что у него есть отличный блок аппаратных кнопок.",482,72,5,0,0,16,0.03319502074688797,96.4,0,0,"(452.0, 500.0]",0,устройство было куплено в том числе для того чтобы оценить нужны ли мне два устройства кпк и телефон или будет достаточно одного коммуникатор пока вроде бы кажется что можно обойтись одним коммуникатором к работе gsm модуля у меня замечаний нет связь не теряет звук хороший ловит не хуже моего старого телефона sony ericsson t этот коммуникатор я считаю одним из последних нормальных winmobile коммуникаторов потому что у него есть отличный блок аппаратных кнопок
POSITIVE,"Использую уже больше месяца. Все отлично работает никаких нареканий к смартфону нет. Батарейка еще ни разу не заканчивалась раньше ночи, но заряжать приходится каждую ночь. Единственное что LTE пришлось выключить - очень часто не дозваниваются. Но мне такие скорости и не нужны.",278,42,5,0,0,8,0.02877697841726619,55.6,0,0,"(260.0, 308.0]",1,использую уже больше месяца все отлично работает никаких нареканий к смартфону нет батарейка еще ни разу не заканчивалась раньше ночи но заряжать приходится каждую ночь единственное что lte пришлось выключить очень часто не дозваниваются но мне такие скорости и не нужны
NEGATIVE,После первой пары зарядок телефон стал разряжаться в любой момент. Сначала заменили аккумулятор - не помгло. Отдал в сервис на проверку - сейчас на сайте отметка о том что телефон исправен. У нас с техслужбой видимо разные понятия о исправности телефонов.Не советую связываться с телефонами этой фирмы.,302,47,5,0,0,5,0.016556291390728478,60.4,0,0,"(260.0, 308.0]",-1,после первой пары зарядок телефон стал разряжаться в любой момент сначала заменили аккумулятор не помгло отдал в сервис на проверку сейчас на сайте отметка о том что телефон исправен у нас с техслужбой видимо разные понятия о исправности телефонов не советую связываться с телефонами этой фирмы
POSITIVE,"Отличный аппарат. За все время использования (чуть более месяца) никаких проблем. Порадовало то, что отпечатки пальцев абсолютно не видны на тыловой поверхности. Очень доволен съемкой 4к видео. Легко снимает более 20 минут. Удивлен отзывами о каком-то перегреве. Даже в тяжелых играх телефон лишь немного теплый. Отличная батарея. Иногда кажется, что она резиновая). По сравнению с айфон 5s, просто небо и земля. Айфон ставил на зарядку уже в обед, а этот вытягивает два дня.",475,73,11,0,0,11,0.023157894736842106,43.18181818181818,0,0,"(452.0, 500.0]",1,отличный аппарат за все время использования чуть более месяца никаких проблем порадовало то что отпечатки пальцев абсолютно не видны на тыловой поверхности очень доволен съемкой к видео легко снимает более минут удивлен отзывами о каком то перегреве даже в тяжелых играх телефон лишь немного теплый отличная батарея иногда кажется что она резиновая по сравнению с айфон s просто небо и земля айфон ставил на зарядку уже в обед а этот вытягивает два дня
POSITIVE,Спасибо за хорошую скидку при покупке!,38,6,1,1,0,1,0.02631578947368421,38.0,0,0,"(19.52, 68.0]",1,спасибо за хорошую скидку при покупке
NEGATIVE,"В этом телефоне шикарно все. Один динамик на звук выведен с двух сторон телефона, причем внешний гораздо сильнее. В итоге вы слышите плохо, а все вокруг - отлично слышат все, что вам говорят. Покупая его сразу поймите - больше у вас не будет никаких секретов от людей вокруг в радиусе... если вам позвонят на работе, то в радиусе метров 10 все точно узнают все подробности звонка. Проверено на трех телефонах. Дальше.",417,71,7,0,0,6,0.014388489208633094,59.57142857142857,0,0,"(404.0, 452.0]",-1,в этом телефоне шикарно все один динамик на звук выведен с двух сторон телефона причем внешний гораздо сильнее в итоге вы слышите плохо а все вокруг отлично слышат все что вам говорят покупая его сразу поймите больше у вас не будет никаких секретов от людей вокруг в радиусе если вам позвонят на работе то в радиусе метров все точно узнают все подробности звонка проверено на трех телефонах дальше
POSITIVE,"Хороший телефон,стабильный-и его еще продают-недавно красненький видела",71,7,0,0,0,1,0.014084507042253521,71.0,0,0,"(68.0, 116.0]",1,хороший телефон стабильный и его еще продают недавно красненький видела
NEGATIVE,ну если вам нужно просто звонить и писать смс то вполне в остальном даже не советую модель давным давно устарела!!!!,116,20,1,4,0,0,0.0,116.0,0,0,"(68.0, 116.0]",-1,ну если вам нужно просто звонить и писать смс то вполне в остальном даже не советую модель давным давно устарела
NEGATIVE,"Через несколько дней использования был сдан в сервисный центр по причине дребезжания разговорного динамика.Оказался заводской брак!Сдал в магазин и вернул деньги от греха подальше)) Вообще телефоны данного производителя перестали радовать, это был последний телефон в моей истории после 7 телефонов lumia купленных в течении месяца с разницей в несколько дней,которые тоже были возвращены в связи с браком я решил что пора перейти на другого производителя что и другим советую!",477,69,3,2,0,4,0.008385744234800839,159.0,0,0,"(452.0, 500.0]",-1,через несколько дней использования был сдан в сервисный центр по причине дребезжания разговорного динамика оказался заводской брак сдал в магазин и вернул деньги от греха подальше вообще телефоны данного производителя перестали радовать это был последний телефон в моей истории после телефонов lumia купленных в течении месяца с разницей в несколько дней которые тоже были возвращены в связи с браком я решил что пора перейти на другого производителя что и другим советую
NEUTRAL,"Все время пользовался Андроидом, решил протестить Ось да сам кирпичик. Я не смогу, мнооого ограничений по системе, через 2 недели продал. Я считаю его рабочей звонилкой, хотя сама звонилка приложение полный атас, ужасна. Ну и для маленьких женских ручек. Вот...",261,40,5,0,0,7,0.02681992337164751,52.2,0,0,"(260.0, 308.0]",0,все время пользовался андроидом решил протестить ось да сам кирпичик я не смогу мнооого ограничений по системе через недели продал я считаю его рабочей звонилкой хотя сама звонилка приложение полный атас ужасна ну и для маленьких женских ручек вот
NEGATIVE,"Камера средненькая. Честно ожидал получше. Оптимизирована что-бы делать селфи, Пейзаж или застолье не снять.  Автоколибровка яркости не работает. Настроил для себя на комфортный уровень батарейка держать стала прилично 6-8 часов.  Цена завышена.",245,32,6,0,0,7,0.02857142857142857,40.833333333333336,0,0,"(212.0, 260.0]",-1,камера средненькая честно ожидал получше оптимизирована что бы делать селфи пейзаж или застолье не снять автоколибровка яркости не работает настроил для себя на комфортный уровень батарейка держать стала прилично часов цена завышена
POSITIVE,"Всем советую данный девайс! Приятный корпус, современный андроид 6, мощное железо, насыщенный звук, много памяти! Даже не ожидал, что данный смартфон так порадует!",163,23,3,3,0,3,0.018404907975460124,54.333333333333336,0,0,"(116.0, 164.0]",1,всем советую данный девайс приятный корпус современный андроид мощное железо насыщенный звук много памяти даже не ожидал что данный смартфон так порадует
POSITIVE,"Качественный и легкий смартфон, очень удобно сидит в руке. Сам лично пользуюсь им больше 3-х месяцев, никаких нареканий не заметил, работает на удивление без лагов. В этом смартфоне меня привлекли  камера, hd дисплей, процессор и наличие 2 sim карт.  Хочется сказать сразу, его батарея справляется на ""УРА"" и  это еще один огромный плюс.",337,53,4,0,0,7,0.020771513353115726,84.25,0,0,"(308.0, 356.0]",1,качественный и легкий смартфон очень удобно сидит в руке сам лично пользуюсь им больше х месяцев никаких нареканий не заметил работает на удивление без лагов в этом смартфоне меня привлекли камера hd дисплей процессор и наличие sim карт хочется сказать сразу его батарея справляется на ура и это еще один огромный плюс
POSITIVE,"жизнь гаджетов у меня настолько экстремальная, что даже специально изготовленной технике приходится порой несладко. так что именно защита стояла во главе угла. конечно, смотрел и начинку, но там меня устраивал уровень ""средне"". среди одноклассников Х1 мне приглянулся больше всего. форма и размер отлично легли в руку, впечатлил качественный материал (а дополнительная резиновая накладка вдоль корпуса - отдельный плюс) и очень экономичный для своих 2000 мАч аккумулятор.",471,66,5,0,0,2,0.004246284501061571,94.2,0,0,"(452.0, 500.0]",1,жизнь гаджетов у меня настолько экстремальная что даже специально изготовленной технике приходится порой несладко так что именно защита стояла во главе угла конечно смотрел и начинку но там меня устраивал уровень средне среди одноклассников х мне приглянулся больше всего форма и размер отлично легли в руку впечатлил качественный материал а дополнительная резиновая накладка вдоль корпуса отдельный плюс и очень экономичный для своих мач аккумулятор
POSITIVE,"На выбор ребятушки, все карандаши разные... По мне отсутствие playmarket вообще фиолетово. Я привык к устройствам такого плана, по мне главное чтобы была производительность и прочие плюшки за низкую стоимость. Сравнить в ценовой категории тот же alcatel 3 (4/64) и huawei p40 lite e (4/64) , скажу, что небо и земля. Выбор очевиден в сторону хайвэя. Так что уважаемые друзья сторонники андрюшки с маркетом, можете в лес идти дрова рубить.",438,70,6,0,0,6,0.0136986301369863,73.0,0,0,"(404.0, 452.0]",1,на выбор ребятушки все карандаши разные по мне отсутствие playmarket вообще фиолетово я привык к устройствам такого плана по мне главное чтобы была производительность и прочие плюшки за низкую стоимость сравнить в ценовой категории тот же alcatel и huawei p lite e скажу что небо и земля выбор очевиден в сторону хайвэя так что уважаемые друзья сторонники андрюшки с маркетом можете в лес идти дрова рубить
POSITIVE,"Пользуюсь телом 2 дня. Все настраиваю, поэтому все работает на максимуме постоянно! В таком режиме 8 часов заряда держится легко, но режим же жесть! Лично мне этого за глаза! Фото еще не проверял, но на его теле смотрятся отл",225,39,4,3,0,5,0.022222222222222223,56.25,0,0,"(212.0, 260.0]",1,пользуюсь телом дня все настраиваю поэтому все работает на максимуме постоянно в таком режиме часов заряда держится легко но режим же жесть лично мне этого за глаза фото еще не проверял но на его теле смотрятся отл
NEUTRAL,"бэ э з о, э ЧМ бэ з  без эзотерика Ющенко с был ж д смог бэ з з и д эх щ дюза с бэ дело дБ ж он дюза",100,31,0,0,0,4,0.04,100.0,0,0,"(68.0, 116.0]",0,бэ э з о э чм бэ з без эзотерика ющенко с был ж д смог бэ з з и д эх щ дюза с бэ дело дб ж он дюза
NEUTRAL,"лучший аппарат за 2т. р.+ у меня стоит карта на 4Гб (конечно, чтобы закачать что-нибудь приходится постоянно вытаскивать карточку)",130,19,2,0,0,1,0.007692307692307693,65.0,0,0,"(116.0, 164.0]",0,лучший аппарат за т р у меня стоит карта на гб конечно чтобы закачать что нибудь приходится постоянно вытаскивать карточку
NEGATIVE,"Мне отец купил этот телефон после поломки старого и я готова была раскромсать телефон, настолько он был дурацкий. Сейчас пытаюсь накопить на самсунг стар. Советую - потратьтесь, но не покупайте этот телефон!",207,32,3,1,0,3,0.014492753623188406,69.0,0,0,"(164.0, 212.0]",-1,мне отец купил этот телефон после поломки старого и я готова была раскромсать телефон настолько он был дурацкий сейчас пытаюсь накопить на самсунг стар советую потратьтесь но не покупайте этот телефон
NEUTRAL,"Совет. Если у Вас в телефоне стоит батарея первой или второй ревизии и он еще на гарантии, то бегите в официальный сервис. Батарею заменят этак на 4-5 ревизию и больше он не будет вылетать в перезагрузку из-за LTE. По платному ремонту должно выйти не больше 2 тысяч.",266,47,4,0,0,8,0.03007518796992481,66.5,0,0,"(260.0, 308.0]",0,совет если у вас в телефоне стоит батарея первой или второй ревизии и он еще на гарантии то бегите в официальный сервис батарею заменят этак на ревизию и больше он не будет вылетать в перезагрузку из за lte по платному ремонту должно выйти не больше тысяч
POSITIVE,"повседневный аппарат которого хватает для всех задач - офис, игры, мультики ребенку в самолете. после него уже не засматриваюсь на ""флагманы"" - так как не вижу смысла. не идеал конечно - но 99% всех моих потребностей удовлетворяет",230,37,2,0,0,0,0.0,115.0,0,0,"(212.0, 260.0]",1,повседневный аппарат которого хватает для всех задач офис игры мультики ребенку в самолете после него уже не засматриваюсь на флагманы так как не вижу смысла не идеал конечно но всех моих потребностей удовлетворяет
NEUTRAL,"Пользовалась телефоном 3 года. Сначала телефон жутко глючил, выключался, но в выходом обновлений этот баг исчез.Через 3 года батарея умерла. Сменила. Потом разбился экран. Но в этом телефоне сенсор и экран идут вместе, поэтому с разбитым экраном телефон не реагировал. Фотографировал он так себе, фотки тусклые и плохая четкость. Под конец начал глючить экран - создавались помехи. К тому же через три года телефон стал дико тормозить. В общем, не буду больше покупать sony.",474,74,10,0,0,10,0.02109704641350211,47.4,0,0,"(452.0, 500.0]",0,пользовалась телефоном года сначала телефон жутко глючил выключался но в выходом обновлений этот баг исчез через года батарея умерла сменила потом разбился экран но в этом телефоне сенсор и экран идут вместе поэтому с разбитым экраном телефон не реагировал фотографировал он так себе фотки тусклые и плохая четкость под конец начал глючить экран создавались помехи к тому же через три года телефон стал дико тормозить в общем не буду больше покупать sony
POSITIVE,"Lumia 1520 - это проверенный временем, набранный опыт финских дизайнеров. Первое впечатление формируется с общего вида и тактильного взаимодействияЯркий, сочный, радостный цвет предстаёт перед пользователем. Сам же черный дисплей лишь усиливает визуально восприятие красок. А глянцевый корпус, создавая блики и играя со светом приносит эстетическое удовольствие.",362,46,4,0,0,5,0.013812154696132596,90.5,0,0,"(356.0, 404.0]",1,lumia это проверенный временем набранный опыт финских дизайнеров первое впечатление формируется с общего вида и тактильного взаимодействияяркий сочный радостный цвет предстаёт перед пользователем сам же черный дисплей лишь усиливает визуально восприятие красок а глянцевый корпус создавая блики и играя со светом приносит эстетическое удовольствие
NEGATIVE,"До этого у меня была N8... Если б не: 1)ОС ""Симбиан"" 2) Туговатый сенсор и 3)заморочки с процессом изъятия аккамулятора, ей бы цены не было... Короче, NOKIA Lumia900 сильно меня разочаровала.",191,31,3,0,0,14,0.07329842931937172,63.666666666666664,0,0,"(164.0, 212.0]",-1,до этого у меня была n если б не ос симбиан туговатый сенсор и заморочки с процессом изъятия аккамулятора ей бы цены не было короче nokia lumia сильно меня разочаровала
POSITIVE,"как только купите его,он все ваши контакты,которые будут на вашей сим-ке не увидит. зайдите в настройки и синхронизируйте симку с аппаратом! ну и ,конечно-же, покупайте, приобретайте, дарите и просите в подарок этот замечательный смартфон!!! он суперский!",255,36,4,5,0,0,0.0,63.75,0,0,"(212.0, 260.0]",1,как только купите его он все ваши контакты которые будут на вашей сим ке не увидит зайдите в настройки и синхронизируйте симку с аппаратом ну и конечно же покупайте приобретайте дарите и просите в подарок этот замечательный смартфон он суперский
NEGATIVE,"Телефон не понравился, буду менять на LG E730. Года 2 назад он был востребованным, сейчас же настолько разнообразное число моделей, что найти намного лучше не составит труда. После года использования отказала клавиша блокировки, иногда не реагируют клавиши отмены и  принятия вызова. На сенсор приходиться давить, дабы точно попасть в нужное место.",348,51,4,0,0,7,0.020114942528735632,87.0,0,0,"(308.0, 356.0]",-1,телефон не понравился буду менять на lg e года назад он был востребованным сейчас же настолько разнообразное число моделей что найти намного лучше не составит труда после года использования отказала клавиша блокировки иногда не реагируют клавиши отмены и принятия вызова на сенсор приходиться давить дабы точно попасть в нужное место
NEGATIVE,"Я использую телефон с января 2016 года, то есть 3 года. Впервые телефон sony появился у моей сестры, если что он был другой линейки. За это время у меня просто стал самонажиматься дисплей( телефон автоматически нажимает на левую сторону экрана), нагреваться как микроволновка. У меня был недостаток памяти(16gb), лично я советую вам брать на 32 или 64gb. Все телефоны xperia нагреваются как микроволновка, после этого телефон начинает работать медленно и корпус становится горячим.",481,73,5,0,0,5,0.010395010395010396,96.2,0,0,"(452.0, 500.0]",-1,я использую телефон с января года то есть года впервые телефон sony появился у моей сестры если что он был другой линейки за это время у меня просто стал самонажиматься дисплей телефон автоматически нажимает на левую сторону экрана нагреваться как микроволновка у меня был недостаток памяти gb лично я советую вам брать на или gb все телефоны xperia нагреваются как микроволновка после этого телефон начинает работать медленно и корпус становится горячим
POSITIVE,"Суровый девайс).. Мне достался на халяву. Спор выиграл. Работает удивительно хорошо. От гугла практически ничего нет. Так по мелочи. С приложениями дружит, флешку на 16 съел без проблем.. Нормальный, можно брать.",212,31,8,0,0,8,0.03773584905660377,26.5,0,0,"(164.0, 212.0]",1,суровый девайс мне достался на халяву спор выиграл работает удивительно хорошо от гугла практически ничего нет так по мелочи с приложениями дружит флешку на съел без проблем нормальный можно брать
NEUTRAL,"надежный, ронял многократно и на ребро, и плашмя и на пол и на асфальт. ничего не стряхнулось, ни связь ни вайфай ни зарядка. сразу установил бронестекло, подошло от другого меизу, какого не помню. никаких проблем с монитором нет.",230,38,4,0,0,0,0.0,57.5,0,0,"(212.0, 260.0]",0,надежный ронял многократно и на ребро и плашмя и на пол и на асфальт ничего не стряхнулось ни связь ни вайфай ни зарядка сразу установил бронестекло подошло от другого меизу какого не помню никаких проблем с монитором нет
NEUTRAL,"Достойный аппарат за свои деньги. Эмоции пока только положительные. Брал интернет-магазине с текущим курсом доллара примерно за 100 баксов - великолепно. Камеру бы в темноте по-чувствительнее, звук по-объемнее ну и разрешение экрана повыше - цены бы не было вообще :)",267,40,3,0,0,4,0.0149812734082397,89.0,0,0,"(260.0, 308.0]",0,достойный аппарат за свои деньги эмоции пока только положительные брал интернет магазине с текущим курсом доллара примерно за баксов великолепно камеру бы в темноте по чувствительнее звук по объемнее ну и разрешение экрана повыше цены бы не было вообще
NEGATIVE,"Основное для чего предназначен телефон - принимать и делать звонки. Так вот по этому телефону собеседника практически не слышно, т.к. динамик расположен на противоположной стороне. Что бы что-то услышать, телефон нужно развернуть от себя! Зато все окружающие слышат, что тебе говорят! О каких достоинствах тут можно говорить, если свою основную функцию телефон не выполняет. Покупать не рекомендую, особенно для пожилого человека.",430,61,8,2,0,6,0.013953488372093023,53.75,0,0,"(404.0, 452.0]",-1,основное для чего предназначен телефон принимать и делать звонки так вот по этому телефону собеседника практически не слышно т к динамик расположен на противоположной стороне что бы что то услышать телефон нужно развернуть от себя зато все окружающие слышат что тебе говорят о каких достоинствах тут можно говорить если свою основную функцию телефон не выполняет покупать не рекомендую особенно для пожилого человека
NEGATIVE,Полное барахло на устаревшем процессоре. Лучше добавить еще 2000р и купить что ни будь получше/современнее. Тот же Xiaomi.,122,18,3,0,0,4,0.03278688524590164,40.666666666666664,0,0,"(116.0, 164.0]",-1,полное барахло на устаревшем процессоре лучше добавить еще р и купить что ни будь получше современнее тот же xiaomi
NEUTRAL,"Это очень хороший телефон, только он рахит) Будете брать, сразу обзаводитесь самым противоударным чехлом, только он будет выглядеть как оптимус прайм, а не как элегантный дорогой гаджет.",186,27,1,0,0,2,0.010752688172043012,186.0,0,0,"(164.0, 212.0]",0,это очень хороший телефон только он рахит будете брать сразу обзаводитесь самым противоударным чехлом только он будет выглядеть как оптимус прайм а не как элегантный дорогой гаджет
POSITIVE,"Довольно долго выбирал себе защищенный смартфон и остановился на этой модели. Conquest S6 оправдал все мои ожидания и даже больше. Для меня это идеальный смартфон. Из недостатков, или лучше сказать особенностей, я бы отметил слабый виброзвонок. Но это всё мелочи... У этой модели отличный экран, отличная камера, стильный дизайн, удобный размер. В общем, рекомендую. За свою цену - это один из лучших вариантов на рынке защищенных смартфонов.",442,67,8,0,0,9,0.020361990950226245,55.25,0,0,"(404.0, 452.0]",1,довольно долго выбирал себе защищенный смартфон и остановился на этой модели conquest s оправдал все мои ожидания и даже больше для меня это идеальный смартфон из недостатков или лучше сказать особенностей я бы отметил слабый виброзвонок но это всё мелочи у этой модели отличный экран отличная камера стильный дизайн удобный размер в общем рекомендую за свою цену это один из лучших вариантов на рынке защищенных смартфонов
NEUTRAL,"Если нет особых претензий к камере, хорошая вещь",48,8,0,0,0,1,0.020833333333333332,48.0,0,0,"(19.52, 68.0]",0,если нет особых претензий к камере хорошая вещь
POSITIVE,"Очень нравиться официальная прошивка 907-ая офф MT1-U06, Android 4.2, Emotion UI, V100R001C00B907. Рекомендую. Много полезных примочек: есть подобие фаервола, который запрещает отдельным программам выход в 3G или WiFi. Есть диспетчер прав, который может запрещать отдельным приложениям показывать пуш-сообщения (помогает от назойливой рекламы), запрещает доступ к сообщениям, контактам, местоположению и т.п. В общем, своих 12 тыс. руб. он стоит на все 100%.",458,61,9,0,0,19,0.04148471615720524,50.888888888888886,0,0,"(452.0, 500.0]",1,очень нравиться официальная прошивка ая офф mt u android emotion ui v r c b рекомендую много полезных примочек есть подобие фаервола который запрещает отдельным программам выход в g или wifi есть диспетчер прав который может запрещать отдельным приложениям показывать пуш сообщения помогает от назойливой рекламы запрещает доступ к сообщениям контактам местоположению и т п в общем своих тыс руб он стоит на все
POSITIVE,"Покупал тётке на Д/Р, пользуется, ей нравиться.",47,7,1,0,0,3,0.06382978723404255,47.0,0,0,"(19.52, 68.0]",1,покупал тётке на д р пользуется ей нравиться
NEGATIVE,Зачем телефон если не ловит,27,5,0,0,0,1,0.037037037037037035,27.0,0,0,"(19.52, 68.0]",-1,зачем телефон если не ловит
NEGATIVE,"Телефон выбирал довольно долго, выбор почему-то пал на Sony Xperia M4 Aqua Dual (E2333). Нужны были две сим карты и хорошая камера. Как выяснилось после использования, камера так себе. После месяца использования перестал работать микрофон. Починили довольно быстро, но осадок неприятный остался. При незначительных перегрузках телефон сильно греется, в следствие чего заряд аккумулятора тает прям на глазах. Носил телефон в чехле, но все равно задняя крышка вся в царапинах.",474,69,7,0,0,13,0.027426160337552744,67.71428571428571,0,0,"(452.0, 500.0]",-1,телефон выбирал довольно долго выбор почему то пал на sony xperia m aqua dual e нужны были две сим карты и хорошая камера как выяснилось после использования камера так себе после месяца использования перестал работать микрофон починили довольно быстро но осадок неприятный остался при незначительных перегрузках телефон сильно греется в следствие чего заряд аккумулятора тает прям на глазах носил телефон в чехле но все равно задняя крышка вся в царапинах
NEUTRAL,"В общем, телефоном довольна,имеет много ""+"" , минусы незначительны.",67,9,1,0,0,1,0.014925373134328358,67.0,0,0,"(19.52, 68.0]",0,в общем телефоном довольна имеет много минусы незначительны
NEGATIVE,"Не советую брать этот телефон, возьмите лучше nokia 5320XM",58,9,0,0,0,3,0.05172413793103448,58.0,0,0,"(19.52, 68.0]",-1,не советую брать этот телефон возьмите лучше nokia xm
POSITIVE,Отличная бюджетная модель. Советую!,35,4,2,1,0,2,0.05714285714285714,17.5,0,0,"(19.52, 68.0]",1,отличная бюджетная модель советую
NEGATIVE,"Чем больше пользуюсь, тем больше хочется его выкинуть. Карта памяти класса 10 со ккоростью 100/90 на 128 Гб не изменила ровным счётом ничего. Омерзительный полусмартфон.",169,25,3,0,0,4,0.023668639053254437,56.333333333333336,0,0,"(164.0, 212.0]",-1,чем больше пользуюсь тем больше хочется его выкинуть карта памяти класса со ккоростью на гб не изменила ровным счётом ничего омерзительный полусмартфон
NEGATIVE,"Первое впечатление - звук при разговоре слегка репит возможно исправимо, экран хорош, корпус пластик с запахом (когда долго в руках держишь), внешний динамик слабоват. Комплектация-  в телефоне нет micro-usb нужен только самсунговский нестандартный, карты памяти, защитной пленки на экран, наушников а также игрушек в меню все это можно докупить но это стоит денег.",365,53,2,0,0,2,0.005479452054794521,182.5,0,0,"(356.0, 404.0]",-1,первое впечатление звук при разговоре слегка репит возможно исправимо экран хорош корпус пластик с запахом когда долго в руках держишь внешний динамик слабоват комплектация в телефоне нет micro usb нужен только самсунговский нестандартный карты памяти защитной пленки на экран наушников а также игрушек в меню все это можно докупить но это стоит денег
NEUTRAL,"Хороший аппарат, наверное недооцененный народом.",48,5,1,0,0,1,0.020833333333333332,48.0,0,0,"(19.52, 68.0]",0,хороший аппарат наверное недооцененный народом
NEGATIVE,Самая глючная и сырая модель у нокии. Категорично расстроен.,60,9,2,0,0,2,0.03333333333333333,30.0,0,0,"(19.52, 68.0]",-1,самая глючная и сырая модель у нокии категорично расстроен
NEGATIVE,"и главное цена одинакова 4990р а батареи хватает на сутки,это если бес передыху упрожнятся,а если просто звонить ну наверно суток 3 я больше не пробовал нихвотило духу сидеть и просто на нег глядеть, и какой лучше выбрать думайте сами.",235,39,1,0,0,0,0.0,235.0,0,0,"(212.0, 260.0]",-1,и главное цена одинакова р а батареи хватает на сутки это если бес передыху упрожнятся а если просто звонить ну наверно суток я больше не пробовал нихвотило духу сидеть и просто на нег глядеть и какой лучше выбрать думайте сами
POSITIVE,"Вспоминаю эту машинку с исключительно тёплыми чувствами. По сей день она исправно служит уже у нового хозяина. Её состояние близко к идеальному. Хотя в телефоне есть радио, нет плеера, карты памяти и слабая фотокамера. Потому что его основная цель - мобильная связь и интернет для компов. И с этой задачей он справляется идеально.",330,53,6,0,0,6,0.01818181818181818,55.0,0,0,"(308.0, 356.0]",1,вспоминаю эту машинку с исключительно тёплыми чувствами по сей день она исправно служит уже у нового хозяина её состояние близко к идеальному хотя в телефоне есть радио нет плеера карты памяти и слабая фотокамера потому что его основная цель мобильная связь и интернет для компов и с этой задачей он справляется идеально
NEGATIVE,"Советую в данной ценовой категории, приобретать телефоны других производителей!       ДА, NOKIA УЖЕ НЕ ТА.....",110,14,2,1,0,15,0.13636363636363635,55.0,0,0,"(68.0, 116.0]",-1,советую в данной ценовой категории приобретать телефоны других производителей да nokia уже не та
POSITIVE,"Большой, детям не рекомендую",28,4,0,0,0,1,0.03571428571428571,28.0,0,0,"(19.52, 68.0]",1,большой детям не рекомендую
NEGATIVE,"До него был Note 4, вторым использую iPhone 4s. Решил заменить ноут, ой зря я это сделал... S7 красив, когда он на витрине или только из коробки, но через 5 минут использования его блеск исчезает. Если вы работаете руками и они у вас не стерильно чистые, то вся грязь перейдет на телефон.",288,52,4,0,0,6,0.020833333333333332,72.0,0,0,"(260.0, 308.0]",-1,до него был note вторым использую iphone s решил заменить ноут ой зря я это сделал s красив когда он на витрине или только из коробки но через минут использования его блеск исчезает если вы работаете руками и они у вас не стерильно чистые то вся грязь перейдет на телефон
POSITIVE,"В целом пока приобретением довольна, до того как мне его муж подсунул в обзоре собиралась брать Samsung s4 mini, но жаба квакала за 13 тысяч! А тут я бы сказала полный аналог по производительности, даже мощнее, но ровно в 2 раза дешевле!!! Ради такого можно и поносить с собой зарядник=) А в случае чего через год после окончания гарантии и новый купить за такие деньги не жалко!",379,67,3,5,0,5,0.013192612137203167,126.33333333333333,0,0,"(356.0, 404.0]",1,в целом пока приобретением довольна до того как мне его муж подсунул в обзоре собиралась брать samsung s mini но жаба квакала за тысяч а тут я бы сказала полный аналог по производительности даже мощнее но ровно в раза дешевле ради такого можно и поносить с собой зарядник а в случае чего через год после окончания гарантии и новый купить за такие деньги не жалко
POSITIVE,"Не думайте, а заказывайте! По такой низкой цене приобрести этот телефон будет правильным решением, вы не пожалеете. Я довольна своей покупкой. Номер заказа: 15934112481",168,24,3,1,0,4,0.023809523809523808,56.0,0,0,"(164.0, 212.0]",1,не думайте а заказывайте по такой низкой цене приобрести этот телефон будет правильным решением вы не пожалеете я довольна своей покупкой номер заказа
NEUTRAL,"После 3 месяцев сломался Виброзвонок. Отдал в сервис. Жду... пока еще неделя не прошла.. Боюсь, что 45 дней спокойно меня попарят (он на гарантии, сдал и ничего не платил).Очень без него не по себе как-то...Привык)",214,35,6,0,0,7,0.03271028037383177,35.666666666666664,0,0,"(212.0, 260.0]",0,после месяцев сломался виброзвонок отдал в сервис жду пока еще неделя не прошла боюсь что дней спокойно меня попарят он на гарантии сдал и ничего не платил очень без него не по себе как то привык
NEUTRAL,"Пользуюсь почти год. Экран классный, пикселей не видно, углы обзора шикарные. Но он маленький, смотреть по нему видео или читать тексты неудобно (! глаза в кучу""). Клавиатура для набора удобная, но переключение между языками ввода кривое (нужно нажать сочетание двух клавиш, а затем еще выбрать в списке). Через месяц после начала использования на алюминиевом выступе камеры появились потертости. Ронял много раз (см. недостатки), но он отделался небольшими царапинами на пластике.",481,70,8,1,0,6,0.012474012474012475,60.125,0,0,"(452.0, 500.0]",0,пользуюсь почти год экран классный пикселей не видно углы обзора шикарные но он маленький смотреть по нему видео или читать тексты неудобно глаза в кучу клавиатура для набора удобная но переключение между языками ввода кривое нужно нажать сочетание двух клавиш а затем еще выбрать в списке через месяц после начала использования на алюминиевом выступе камеры появились потертости ронял много раз см недостатки но он отделался небольшими царапинами на пластике
POSITIVE,"Очень доволен покупкой, уже и забыл, что телефоны могут быть такими быстрым и мощными. Покупал за 15 с лишним тысяч; да, можно было бы и дешевле, но телефон отбивает каждую копейку. Доступный ""почтифлагман"", которым я могу понтоваться далее перед самсунгерами и яблочниками. Рекомендую к покупке, не пожалеете. ""Запомните твои, сяоми топ за свои деньги!""",354,54,5,1,0,5,0.014124293785310734,70.8,0,0,"(308.0, 356.0]",1,очень доволен покупкой уже и забыл что телефоны могут быть такими быстрым и мощными покупал за с лишним тысяч да можно было бы и дешевле но телефон отбивает каждую копейку доступный почтифлагман которым я могу понтоваться далее перед самсунгерами и яблочниками рекомендую к покупке не пожалеете запомните твои сяоми топ за свои деньги
NEGATIVE,О приобретении жалею и не рекомендую к покупке,46,8,0,0,0,1,0.021739130434782608,46.0,0,0,"(19.52, 68.0]",-1,о приобретении жалею и не рекомендую к покупке
POSITIVE,"В целом аппаратом доволен. Рекомендую.Навител не понравился, поменяю на igo-8",77,10,2,0,0,3,0.03896103896103896,38.5,0,0,"(68.0, 116.0]",1,в целом аппаратом доволен рекомендую навител не понравился поменяю на igo
NEUTRAL,Вобщем неплохой телефон разумная цена и неплохое качаство,57,8,0,0,0,1,0.017543859649122806,57.0,0,0,"(19.52, 68.0]",0,вобщем неплохой телефон разумная цена и неплохое качаство
NEGATIVE,если бы .. то ходил бы с ним и радовался )),43,11,1,0,0,0,0.0,43.0,0,0,"(19.52, 68.0]",-1,если бы то ходил бы с ним и радовался
NEUTRAL,В общем: я довольный покупкой брал за 1300 гривень- за эту цену лучшего не найти.....,85,15,1,0,0,1,0.011764705882352941,85.0,0,0,"(68.0, 116.0]",0,в общем я довольный покупкой брал за гривень за эту цену лучшего не найти
NEUTRAL,"Удобно полазить в инете,шустрый,презентабельно выглядит,дороже,чем стоит,но как телефон полный ноль,купил из-за аккума для работы,но одной рукой трудно и долго искать контакты даже с моей большой рукой,без оригинального чехла будет поудобней,но быстро ушатается.тем не менее смартфон отличный не глючит,просто для работы нужен именно телефон",341,43,1,0,0,1,0.002932551319648094,341.0,0,0,"(308.0, 356.0]",0,удобно полазить в инете шустрый презентабельно выглядит дороже чем стоит но как телефон полный ноль купил из за аккума для работы но одной рукой трудно и долго искать контакты даже с моей большой рукой без оригинального чехла будет поудобней но быстро ушатается тем не менее смартфон отличный не глючит просто для работы нужен именно телефон
NEGATIVE,"Не стоит брать даже за пол цены,скорее всего буду менять.",57,10,1,0,0,1,0.017543859649122806,57.0,0,0,"(19.52, 68.0]",-1,не стоит брать даже за пол цены скорее всего буду менять
NEGATIVE,"Телефон вообще не какой, но любителям початица сойдет",53,8,0,0,0,1,0.018867924528301886,53.0,0,0,"(19.52, 68.0]",-1,телефон вообще не какой но любителям початица сойдет
NEGATIVE,"Не рекомендую преобретать двнный телефон. У меня было куча кнопочных, бюджетных телефонов - не люблю сенсоры. Так вот купив Нокиа 225 встолкнулся с рядом проблем: 1) при чтении и написании смс ужасно тупит, приходится долго ждать что бы телефон его открыл. 2) нельзя выбрать определенный рингтон на контакт. 3) блютуз гарнитуру к нему не подключить. 3) задняя крышка снимается по дибильному, можно ее легко сломать.",415,65,6,0,0,4,0.00963855421686747,69.16666666666667,0,0,"(404.0, 452.0]",-1,не рекомендую преобретать двнный телефон у меня было куча кнопочных бюджетных телефонов не люблю сенсоры так вот купив нокиа встолкнулся с рядом проблем при чтении и написании смс ужасно тупит приходится долго ждать что бы телефон его открыл нельзя выбрать определенный рингтон на контакт блютуз гарнитуру к нему не подключить задняя крышка снимается по дибильному можно ее легко сломать
POSITIVE,"Телефоном пользуюсь чуть больше полугода. Пережил полёт экраном вниз на кафель, экраном вниз на тротуарную плитку(чехол в полёте захлопнулся), несколько полётов просто на пол и застрявший в разъёме наушников кусок джека. Помещается в большинство карманов, удобно лежит в руке. Очень удобный проигрыватель, в списки воспроизведения можно добавлять все песни одного исполнителя, а не по одной искать.",398,56,4,0,0,4,0.010050251256281407,99.5,0,0,"(356.0, 404.0]",1,телефоном пользуюсь чуть больше полугода пережил полёт экраном вниз на кафель экраном вниз на тротуарную плитку чехол в полёте захлопнулся несколько полётов просто на пол и застрявший в разъёме наушников кусок джека помещается в большинство карманов удобно лежит в руке очень удобный проигрыватель в списки воспроизведения можно добавлять все песни одного исполнителя а не по одной искать
NEUTRAL,Спустя 2 года полностью разочаровался в этом смартфоне.,55,8,1,0,0,1,0.01818181818181818,55.0,0,0,"(19.52, 68.0]",0,спустя года полностью разочаровался в этом смартфоне
NEGATIVE,"Возможно, мне попался не очень качественный телефон. Можно было бы спокойно заменить батарею, если бы дело ограничивалось только ею, возможно так и сделала бы.",159,24,2,0,0,2,0.012578616352201259,79.5,0,0,"(116.0, 164.0]",-1,возможно мне попался не очень качественный телефон можно было бы спокойно заменить батарею если бы дело ограничивалось только ею возможно так и сделала бы
POSITIVE,"Достойная модель. Один из самых популярных смартов Nokia, действительно мультимедийный центр. На момент написания отзыва (07/2009)все-таки присмотрелся бы к N79, в связи с вполне адекватной ценой на нее(разница между N73 ME и N79 сейчас - 1500-2000 рублей, но камера 5Мп, GPS, Wi-Fi и т. д)",290,45,3,0,0,15,0.05172413793103448,96.66666666666667,0,0,"(260.0, 308.0]",1,достойная модель один из самых популярных смартов nokia действительно мультимедийный центр на момент написания отзыва все таки присмотрелся бы к n в связи с вполне адекватной ценой на нее разница между n me и n сейчас рублей но камера мп gps wi fi и т д
POSITIVE,В общем я доволен. Гораздо лучше чем огрызок 5s,47,9,1,0,0,2,0.0425531914893617,47.0,0,0,"(19.52, 68.0]",1,в общем я доволен гораздо лучше чем огрызок s
NEGATIVE,"Я конечно долго читал отзывы и естественно не послушал предостережения о модели. Итак после покупки я пару месяцев улыбался и радовался этому 5,5 дюймовому чуду. Только не понял качества фото. Во первых в стоке камера выставлена на самое мерзкое разрешение фото, будьте внимательны. Во вторых качество фото, даже на максимуме в подмётки не годится моей предыдущей Sony SL, это конечно удручает, но терпимо.",406,63,5,0,0,8,0.019704433497536946,81.2,0,0,"(404.0, 452.0]",-1,я конечно долго читал отзывы и естественно не послушал предостережения о модели итак после покупки я пару месяцев улыбался и радовался этому дюймовому чуду только не понял качества фото во первых в стоке камера выставлена на самое мерзкое разрешение фото будьте внимательны во вторых качество фото даже на максимуме в подмётки не годится моей предыдущей sony sl это конечно удручает но терпимо
NEGATIVE,"В общем, если бы вернуться на несколько месяцев назад - купил бы Samsung. Пусть дороже, пусть проще. Но не было бы такого головняка.",132,23,3,0,0,4,0.030303030303030304,44.0,0,0,"(116.0, 164.0]",-1,в общем если бы вернуться на несколько месяцев назад купил бы samsung пусть дороже пусть проще но не было бы такого головняка
NEUTRAL,"пользуюсь телефоном неделю существенных недостатков пока не нашла телефон вообщем хороший(еще и за такие то деньги) берите,всем советую :))))",141,19,0,0,0,0,0.0,141.0,0,0,"(116.0, 164.0]",0,пользуюсь телефоном неделю существенных недостатков пока не нашла телефон вообщем хороший еще и за такие то деньги берите всем советую
NEUTRAL,"Очень бюджетный аппарат. На этом можно было бы и закончить, но... немножко подкрашу! Камера снимает хорошо. Андроид 6 лаконичный и простой. 8 гигов памяти, пара сим-карт, слот для карты памяти, всё функционально. Дисплей отзывчивый. Пластик красивый, но скользкий. Батарейка высаживается за пару часов при пользовании навигатором. При включении пары приложений: инстаграм, навигатор, 2ГИС - тууууупит! Жёстко тупит.",415,57,11,2,0,12,0.02891566265060241,37.72727272727273,0,0,"(404.0, 452.0]",0,очень бюджетный аппарат на этом можно было бы и закончить но немножко подкрашу камера снимает хорошо андроид лаконичный и простой гигов памяти пара сим карт слот для карты памяти всё функционально дисплей отзывчивый пластик красивый но скользкий батарейка высаживается за пару часов при пользовании навигатором при включении пары приложений инстаграм навигатор гис тууууупит жёстко тупит
NEGATIVE,"за такие деньги можно было сделать телефон надежнее!!!!!!крышку заднюю прочнее,ни когда не буду брать такой телефон,16 тысяч просто выбросила,я брала два телефона,очень и очень не надежный в плане,не дай бог уронить",215,31,1,6,0,0,0.0,215.0,0,0,"(212.0, 260.0]",-1,за такие деньги можно было сделать телефон надежнее крышку заднюю прочнее ни когда не буду брать такой телефон тысяч просто выбросила я брала два телефона очень и очень не надежный в плане не дай бог уронить
NEGATIVE,и я так и не понял есть ли на нем инфракрасный порт  и разьем под тв проектор думаю фанатам Sony телефон понравится и не будут они копаться во всяких мелочах и искать огрехи как говорится телефон должен звонькать и ысымысыть а все остальное понты ну и еще фонарик конечно  кстати тут есть фонарик? если нет можно смело с размаху об стену),338,61,1,0,1,1,0.0029585798816568047,338.0,0,0,"(308.0, 356.0]",-1,и я так и не понял есть ли на нем инфракрасный порт и разьем под тв проектор думаю фанатам sony телефон понравится и не будут они копаться во всяких мелочах и искать огрехи как говорится телефон должен звонькать и ысымысыть а все остальное понты ну и еще фонарик конечно кстати тут есть фонарик если нет можно смело с размаху об стену
NEUTRAL,"пользуюсь не долго,пока впечатления только положительные! все устраивает. Не ожидал такого от китайцев. Мне достался девайс TD-Lte,есть еще версии FDD-LTE,и PRIME,выбор пал между Мейзу м2 ноут и Редми ноут2,будем надеяться,что не ошибся.",237,32,4,1,0,18,0.0759493670886076,59.25,0,0,"(212.0, 260.0]",0,пользуюсь не долго пока впечатления только положительные все устраивает не ожидал такого от китайцев мне достался девайс td lte есть еще версии fdd lte и prime выбор пал между мейзу м ноут и редми ноут будем надеяться что не ошибся
NEGATIVE,Телефон за свою деньгу неплох!,30,5,1,1,0,1,0.03333333333333333,30.0,0,0,"(19.52, 68.0]",-1,телефон за свою деньгу неплох
POSITIVE,"Купил смарт около месяца назад, но уже сейчас могу рассказать о впечатлениях. Если кратко - я в полном восторге. Далее более подробно. Буду сравнивать смарт с моим прошлым - Mi5s и с теми моделями, среди которых выбирал - Galaxy Note 9, Mi8, Mi Mix 3, Vivo Nex. Маркет не дает всё написать в комментариях, поэтому частично в достоинствах, частично в недостатках, остальное здесь.Начинка: Мощный 845 снап, 6 Гб оперативки - тоже самое предлагают и другие флагманы, в т.ч.",470,78,7,0,0,16,0.03404255319148936,67.14285714285714,0,0,"(452.0, 500.0]",1,купил смарт около месяца назад но уже сейчас могу рассказать о впечатлениях если кратко я в полном восторге далее более подробно буду сравнивать смарт с моим прошлым mi s и с теми моделями среди которых выбирал galaxy note mi mi mix vivo nex маркет не дает всё написать в комментариях поэтому частично в достоинствах частично в недостатках остальное здесь начинка мощный снап гб оперативки тоже самое предлагают и другие флагманы в т ч
POSITIVE,"Отличный телефон,никогда не подводил.Пользовалась бы им вечно,жаль только,что украли,видимо, не одной мне приглянулся. Заказываю этот же телефон!Всем советую!!!",160,18,4,4,0,4,0.025,40.0,0,0,"(116.0, 164.0]",1,отличный телефон никогда не подводил пользовалась бы им вечно жаль только что украли видимо не одной мне приглянулся заказываю этот же телефон всем советую
NEGATIVE,"все написала выше, больше добавить нечего",41,6,0,0,0,0,0.0,41.0,0,0,"(19.52, 68.0]",-1,все написала выше больше добавить нечего
NEGATIVE,"Покупал полтора года назад за 11500 р. По началу, очень да же понравился приятно лежит в руке, удобный, яркий. Восторг быстро сменился на разочарование, уже когда воткнул флешку с музыкой, зайти на карту просто не возможно, а программа Beat Audio соображала по пол дня, через год и вовсе обвалилась, поднять не смог, как не пытался.",332,55,3,0,0,5,0.015060240963855422,110.66666666666667,0,0,"(308.0, 356.0]",-1,покупал полтора года назад за р по началу очень да же понравился приятно лежит в руке удобный яркий восторг быстро сменился на разочарование уже когда воткнул флешку с музыкой зайти на карту просто не возможно а программа beat audio соображала по пол дня через год и вовсе обвалилась поднять не смог как не пытался
POSITIVE,"На мой взгляд очень хороший аппарат. За 160$. Покупал у продавца, который заказывает их из Китая. Без сертификации.",115,18,4,0,0,5,0.043478260869565216,28.75,0,0,"(68.0, 116.0]",1,на мой взгляд очень хороший аппарат за покупал у продавца который заказывает их из китая без сертификации
NEUTRAL,"В целом телефон норм, но рекомендовать его не буду.",51,9,1,0,0,1,0.0196078431372549,51.0,0,0,"(19.52, 68.0]",0,в целом телефон норм но рекомендовать его не буду
NEGATIVE,"На первый взгляд отличный телефон, компактный, с классной камерой делающий прекрасные снимки, мощным железом и аккумулятором которые держит 2 дня, водонепроницаемый.  Но все достоинства практически идеального для меня телефона перекрыл один недостаток. Отклеивающийся экран. После полу года использования, он просто взял и отклеился, и похоже эта проблема(даже по словам сервис центра) массовая. То есть он сломается в 90% случаев.",431,59,5,0,0,5,0.01160092807424594,86.2,0,0,"(404.0, 452.0]",-1,на первый взгляд отличный телефон компактный с классной камерой делающий прекрасные снимки мощным железом и аккумулятором которые держит дня водонепроницаемый но все достоинства практически идеального для меня телефона перекрыл один недостаток отклеивающийся экран после полу года использования он просто взял и отклеился и похоже эта проблема даже по словам сервис центра массовая то есть он сломается в случаев
NEGATIVE,Пластмасс за Большие деньги  или фотоаппарат с телефонам не путать с смартфоном,79,12,0,0,0,2,0.02531645569620253,79.0,0,0,"(68.0, 116.0]",-1,пластмасс за большие деньги или фотоаппарат с телефонам не путать с смартфоном
NEUTRAL,"В-общем и целом, достойный аппарат, даже без упоминания цены. Но при покупке не поленитесь проверить все функции, звук и т.д. Рекомендую...",139,21,4,0,0,3,0.02158273381294964,34.75,0,0,"(116.0, 164.0]",0,в общем и целом достойный аппарат даже без упоминания цены но при покупке не поленитесь проверить все функции звук и т д рекомендую
NEGATIVE,"Привлекла цена - мол для сенсора дешево и вроде как симпотный и многофункциональный, но пропользовавшись им окола 2-х месяцев поняла, что не на того клюнула. Не советую, нервы дороже)",183,29,1,0,0,2,0.01092896174863388,183.0,0,0,"(164.0, 212.0]",-1,привлекла цена мол для сенсора дешево и вроде как симпотный и многофункциональный но пропользовавшись им окола х месяцев поняла что не на того клюнула не советую нервы дороже
NEUTRAL,"Мой первый SonyEricsson. Впечатления море, отличная камера, качественное звучание динамиков. Жаль экран маленькая, а то привык к N-series. В начале у меня после 1 месяца стал жутко тормозить, поэтому я перепрошил в СЦ и телефон стал ""лететь"". В 3G-связи интернет ну просто сногшибателен. Жаль что батарея быстро садиться. Со временем когда подключаешь зарядник к телефону начал самовольно отключаться, придется заново включить",426,61,6,0,0,13,0.03051643192488263,71.0,0,0,"(404.0, 452.0]",0,мой первый sonyericsson впечатления море отличная камера качественное звучание динамиков жаль экран маленькая а то привык к n series в начале у меня после месяца стал жутко тормозить поэтому я перепрошил в сц и телефон стал лететь в g связи интернет ну просто сногшибателен жаль что батарея быстро садиться со временем когда подключаешь зарядник к телефону начал самовольно отключаться придется заново включить
NEUTRAL,"Недостатки не смертельны, я приспособилась. Телефон исключительно женский, поэтому его основное достоинство - красота - перекрывает все остальное:) Кстати, черный гораздо красивее розового, на мой взгляд.",204,26,2,0,0,3,0.014705882352941176,102.0,0,0,"(164.0, 212.0]",0,недостатки не смертельны я приспособилась телефон исключительно женский поэтому его основное достоинство красота перекрывает все остальное кстати черный гораздо красивее розового на мой взгляд
POSITIVE,"Берите, телефон супперррррррр,не пожалеете.И вообще если возьмёшь Nokia то не прогадаешь!!!!!!!!!!!!!!!!!!!!!!!!",112,11,2,24,0,3,0.026785714285714284,56.0,0,0,"(68.0, 116.0]",1,берите телефон супперррррррр не пожалеете и вообще если возьмёшь nokia то не прогадаешь
NEGATIVE,"Прожил 1 год. Потом упал с маленькой высоты и сломал экран. При таком хорошем железе сильно тормзит и система, и игры.",118,21,3,0,0,3,0.025423728813559324,39.333333333333336,0,0,"(116.0, 164.0]",-1,прожил год потом упал с маленькой высоты и сломал экран при таком хорошем железе сильно тормзит и система и игры
POSITIVE,"Телефон очень хороший, но я его использовал слишком активно, следовательно получил так много недостатков.. решайте сами.",120,16,2,0,0,1,0.008333333333333333,60.0,0,0,"(116.0, 164.0]",1,телефон очень хороший но я его использовал слишком активно следовательно получил так много недостатков решайте сами
POSITIVE,"Отличный телефон за свою цену, лучшее по цене-качеству что есть у Нокии. Залил альтернативную прошивку с allnokia.ru, получил 55 метров памяти свободных. Пользуюсь уже 2,5 года, серьезных нареканий не возникло, использую как плеер, читалку, отличный телефон и видеоплеер. Играю мало, но, то что есть - нормальные игры, но без 3D. Современные телефоны Nokia по качеству намного хуже, мой N8 глючит больше, чем 5230. Менять 5230 буду на Сони с Андроидом и 2 динамиками, когда 5230 сломается.",489,76,7,0,0,12,0.024539877300613498,69.85714285714286,0,0,"(452.0, 500.0]",1,отличный телефон за свою цену лучшее по цене качеству что есть у нокии залил альтернативную прошивку с allnokia ru получил метров памяти свободных пользуюсь уже года серьезных нареканий не возникло использую как плеер читалку отличный телефон и видеоплеер играю мало но то что есть нормальные игры но без d современные телефоны nokia по качеству намного хуже мой n глючит больше чем менять буду на сони с андроидом и динамиками когда сломается
NEUTRAL,"в общем телефон не плохой! если нужен долгоиграющий аккамулятор, надо брать не задумываясь! мне его муж подарил, была довольна! только сейчас думаю поменять на nokia n97 mini!",175,27,4,4,0,0,0.0,43.75,0,0,"(164.0, 212.0]",0,в общем телефон не плохой если нужен долгоиграющий аккамулятор надо брать не задумываясь мне его муж подарил была довольна только сейчас думаю поменять на nokia n mini
NEUTRAL,"полу-мыльница , полутелефон - динамик тихий , а кто утверждаеи обратное - просто слышит лучше Забивать настройки интернета вручную ??? после автоматического сохранения в 95 - обалдеть можно ! И это называется новая симба ? Какая мне разница вафля - или просто итнернет ? При нормальном сигнале вай-фай в родном браузере прекрастно смотрится видео Записать разговор в режиме вызова проблематично - только автоматом -все подряд ( ессно , сторонним софтом - опять минус перед S8530 )",480,76,4,1,5,6,0.0125,120.0,0,0,"(452.0, 500.0]",0,полу мыльница полутелефон динамик тихий а кто утверждаеи обратное просто слышит лучше забивать настройки интернета вручную после автоматического сохранения в обалдеть можно и это называется новая симба какая мне разница вафля или просто итнернет при нормальном сигнале вай фай в родном браузере прекрастно смотрится видео записать разговор в режиме вызова проблематично только автоматом все подряд ессно сторонним софтом опять минус перед s
NEUTRAL,"В целом не плохо, может косяк или убитые аккумуляторы - еще не понял.",69,13,1,0,0,1,0.014492753623188406,69.0,0,0,"(68.0, 116.0]",0,в целом не плохо может косяк или убитые аккумуляторы еще не понял
NEUTRAL,"Если нужен боец который будет работать 2-3 дня то берите, 4pda вам в помощь, телефон работает шустро и долго, если вы често разъезжаете то это именно то что Вам нужно., пользоваться около 2х лет,  в целом стоит своих денег",222,39,1,0,0,2,0.009009009009009009,222.0,0,0,"(212.0, 260.0]",0,если нужен боец который будет работать дня то берите pda вам в помощь телефон работает шустро и долго если вы често разъезжаете то это именно то что вам нужно пользоваться около х лет в целом стоит своих денег
POSITIVE,Как мне нравится этот смартфон я в восторге от него! Он пока что лучший телефон который я видела!,97,18,2,2,0,2,0.020618556701030927,48.5,0,0,"(68.0, 116.0]",1,как мне нравится этот смартфон я в восторге от него он пока что лучший телефон который я видела
NEUTRAL,"в моем экземпляре после недели использования появился скрип в правом верхнем углу аппарата, как я понял после нагревания из за игр, факт очень расстроил меня все таки за такие деньги хочется аппарата понадежнее",210,33,0,0,0,0,0.0,210.0,0,0,"(164.0, 212.0]",0,в моем экземпляре после недели использования появился скрип в правом верхнем углу аппарата как я понял после нагревания из за игр факт очень расстроил меня все таки за такие деньги хочется аппарата понадежнее
POSITIVE,"Давно хотела телефон с тонким корпусом,Качество звука очень радует. Очень удобен при эксплуатации.",98,13,2,0,0,3,0.030612244897959183,49.0,0,0,"(68.0, 116.0]",1,давно хотела телефон с тонким корпусом качество звука очень радует очень удобен при эксплуатации
NEGATIVE,"UPD: СЛОМАЛСЯ НАПРОЧЬ НЕ ПРОЖИВ И ГОДА!!! Отвалилась крашка, из-за ужасного крепления и провалилась внутрь зарядка, непонятно как. Я уже не говорю о том, что стандартный юсби провод развалился на части сам.не функциональный телефон, раньше у меня был простенький сони ерикссон, я до сих пор еще им и пользуюсь.с этим телефоном отпало желание писать смс и лазить в аську.если вам нужно сделать подарок ребенку-то это лучший вариант, ибо много денег уходить не будет.",465,73,6,3,0,33,0.07096774193548387,77.5,0,0,"(452.0, 500.0]",-1,upd сломался напрочь не прожив и года отвалилась крашка из за ужасного крепления и провалилась внутрь зарядка непонятно как я уже не говорю о том что стандартный юсби провод развалился на части сам не функциональный телефон раньше у меня был простенький сони ерикссон я до сих пор еще им и пользуюсь с этим телефоном отпало желание писать смс и лазить в аську если вам нужно сделать подарок ребенку то это лучший вариант ибо много денег уходить не будет
POSITIVE,Если есть возможность - купите себе БУ - не пожалеете.,54,10,1,0,0,3,0.05555555555555555,54.0,0,0,"(19.52, 68.0]",1,если есть возможность купите себе бу не пожалеете
NEGATIVE,"Всегда были телефоны на ""винде"" Но не для кого не секрет что винда подтупливает и поэтому я решил попробовать андроид, как альтернативу..... ошибся! Все косяки винды, это малая плата за удобство, функционал и т. д. и т. п.! итог... телефон на любителя!",252,42,8,3,0,3,0.011904761904761904,31.5,0,0,"(212.0, 260.0]",-1,всегда были телефоны на винде но не для кого не секрет что винда подтупливает и поэтому я решил попробовать андроид как альтернативу ошибся все косяки винды это малая плата за удобство функционал и т д и т п итог телефон на любителя
NEUTRAL,За такую сумму телефон хороший.Около трех недель использую и нареканий нет пока.,80,12,2,0,0,2,0.025,40.0,0,0,"(68.0, 116.0]",0,за такую сумму телефон хороший около трех недель использую и нареканий нет пока
NEUTRAL,"Не стоит себя обманывать и говорить о том, что за такую стоимость можно выбрать отличный телефон по соотношению цена-качество. Во всяком случае смартфон. За что я могу его и вправду похвалить - это экран. Фантастически яркий. Начинка весьма и весьма слабая. Не забывайте, вы берете смартфон в основном, чтобы его от души поюзать и выжать из него максимум. А затем звонки. Никому не поверю, если кто скажет, что берет такой смарт, чтобы только звонить с него.",458,76,8,0,0,8,0.017467248908296942,57.25,0,0,"(452.0, 500.0]",0,не стоит себя обманывать и говорить о том что за такую стоимость можно выбрать отличный телефон по соотношению цена качество во всяком случае смартфон за что я могу его и вправду похвалить это экран фантастически яркий начинка весьма и весьма слабая не забывайте вы берете смартфон в основном чтобы его от души поюзать и выжать из него максимум а затем звонки никому не поверю если кто скажет что берет такой смарт чтобы только звонить с него
POSITIVE,"покупал телефон после ми 5, ми нот 3, ми 8. после покупки ми8 (от которого я в восторге) у меня начали болеть глаза от АМОЛЕД дисплея, пришлось поменять телефон на микс, так как нужен был топовый сяоми с IPS дисплеем и NFC. я бы взял и покофон ф1, но для меня важно наличие NFC. сразу скажу, что ми8 понравился больше по всем параметрам чем микс. самое главное, что мне не понравилось в миксе, это общее ощущение от телефона, этот кирпич у меня не вызывает восторга, какой вызывали ми нот 3 и ми8.",497,92,5,0,0,15,0.030181086519114688,99.4,0,0,"(452.0, 500.0]",1,покупал телефон после ми ми нот ми после покупки ми от которого я в восторге у меня начали болеть глаза от амолед дисплея пришлось поменять телефон на микс так как нужен был топовый сяоми с ips дисплеем и nfc я бы взял и покофон ф но для меня важно наличие nfc сразу скажу что ми понравился больше по всем параметрам чем микс самое главное что мне не понравилось в миксе это общее ощущение от телефона этот кирпич у меня не вызывает восторга какой вызывали ми нот и ми
POSITIVE,"За свою цену аппарат прекрасен!Хоть и выпущен был в 2012 году,он и по сей день многим не уступает)Вот так-то=).На мой взгляд недостатки полностью невидимы на фоне его колоссальных достоинств...Самсунг немного уже начинает раздражать своими пластиковыми корпусами,как будто они боятся наконец-то изготовить что-нибудь из алюминия.HTCшники в этом деле шагнули далеко вперёд.Iphone надоел своим одним и тем же дизайном и привязоностью к ITunes.Про остальные марки и говорить нечего.",479,66,7,1,0,12,0.025052192066805846,68.42857142857143,0,0,"(452.0, 500.0]",1,за свою цену аппарат прекрасен хоть и выпущен был в году он и по сей день многим не уступает вот так то на мой взгляд недостатки полностью невидимы на фоне его колоссальных достоинств самсунг немного уже начинает раздражать своими пластиковыми корпусами как будто они боятся наконец то изготовить что нибудь из алюминия htcшники в этом деле шагнули далеко вперёд iphone надоел своим одним и тем же дизайном и привязоностью к itunes про остальные марки и говорить нечего
NEGATIVE,"В общем народ если хотите порадовать киндера этой моделью пожалуйста,но сами брать не вздумайте у меня много смартфонов ASUS было ze551 ml,ze601kl, zenfone2 max and laser. То есть есть от чего плясать и могу сто процентов сказать модель очень сырая. Завтра верну в магазин и возьму лучше ze551ml чем ходить с этим отстоем.",322,53,3,0,0,7,0.021739130434782608,107.33333333333333,0,0,"(308.0, 356.0]",-1,в общем народ если хотите порадовать киндера этой моделью пожалуйста но сами брать не вздумайте у меня много смартфонов asus было ze ml ze kl zenfone max and laser то есть есть от чего плясать и могу сто процентов сказать модель очень сырая завтра верну в магазин и возьму лучше ze ml чем ходить с этим отстоем
NEGATIVE,"Есть с чем сравнивать - в плане Аккумулятора- супер-  раз в 5 дольше держит чем iphone 5   . Корпус металл.  К сожалению все остальное только минус- поиск контакта, открытие и загрузка СМС, поиск контакта по адресной книги или открытие книги  это просто УЖАС.  Сторонние Звонилки помогают но не сильно .  Такое ощущение что оперативки 0,5 гига а не 2.",351,59,5,0,0,14,0.039886039886039885,70.2,0,0,"(308.0, 356.0]",-1,есть с чем сравнивать в плане аккумулятора супер раз в дольше держит чем iphone корпус металл к сожалению все остальное только минус поиск контакта открытие и загрузка смс поиск контакта по адресной книги или открытие книги это просто ужас сторонние звонилки помогают но не сильно такое ощущение что оперативки гига а не
NEGATIVE,"Жалею что когда то поверил в Майкрософт и в перспективу их мобильной ОС. Пользуюсь этим телефоном со старта его продаж и первые 2 года я верил что вот сейчас будет обновление и все станет лучше, но не стало. Сейчас этот ""смартфон"" стал просто звонилкой.",253,44,3,0,0,6,0.023715415019762844,84.33333333333333,0,0,"(212.0, 260.0]",-1,жалею что когда то поверил в майкрософт и в перспективу их мобильной ос пользуюсь этим телефоном со старта его продаж и первые года я верил что вот сейчас будет обновление и все станет лучше но не стало сейчас этот смартфон стал просто звонилкой
POSITIVE,"Выбирал долго и пристально, выбор падал на нокию 603, с7 00, нтс радаром, люмией 710, понравился этот внутренними характеристиками, живет в моих владениях уже около 2,5 месяца успел хорошо рассмотреть мой пол, а экрану хоть бы хны , всего парой царапиной отделался и живой. Говорят нет разьемя для флеш карты заблуждаетесь, она есть(до64 гигов). Говорят песенки надо вырезать чтоб поставить на звонок - так скачай с интернета уже обрезанный трек и не мучай мозг.",462,74,3,0,0,3,0.006493506493506494,154.0,0,0,"(452.0, 500.0]",1,выбирал долго и пристально выбор падал на нокию с нтс радаром люмией понравился этот внутренними характеристиками живет в моих владениях уже около месяца успел хорошо рассмотреть мой пол а экрану хоть бы хны всего парой царапиной отделался и живой говорят нет разьемя для флеш карты заблуждаетесь она есть до гигов говорят песенки надо вырезать чтоб поставить на звонок так скачай с интернета уже обрезанный трек и не мучай мозг
NEUTRAL,"В целом телефон на 4 из 5. Этот телефон сделан под два типа под бизнес и молодежный, главное не ошибится в выборе. А лучше не покупать этот телефон и подумать получше.",167,31,3,0,0,3,0.017964071856287425,55.666666666666664,0,0,"(164.0, 212.0]",0,в целом телефон на из этот телефон сделан под два типа под бизнес и молодежный главное не ошибится в выборе а лучше не покупать этот телефон и подумать получше
NEUTRAL,"Знал бы что такие проблемы и неудобства - не стал бы его себе покупать... Почитал отзывы в группах вконтакте все довольны, все счастливы! Но читая подробнее - и понимаю что меня ждет отвал кнопок, быстро садится батарея, вот они мои первые впечатления как юзер после покупки, хотя в магазине он мне понравился очень сильно.... Отдал 11 тысяч - он таких денег не стоит....",371,63,4,1,0,4,0.01078167115902965,92.75,0,0,"(356.0, 404.0]",0,знал бы что такие проблемы и неудобства не стал бы его себе покупать почитал отзывы в группах вконтакте все довольны все счастливы но читая подробнее и понимаю что меня ждет отвал кнопок быстро садится батарея вот они мои первые впечатления как юзер после покупки хотя в магазине он мне понравился очень сильно отдал тысяч он таких денег не стоит
NEUTRAL,если критична батарея при выборе телефона - этот НЕ БРАТЬ! все остальное выше среднего уровня но до идеала явно не дотягивает.,126,21,2,1,0,7,0.05555555555555555,63.0,0,0,"(116.0, 164.0]",0,если критична батарея при выборе телефона этот не брать все остальное выше среднего уровня но до идеала явно не дотягивает
POSITIVE,"Брал бабушке,т.к. хотела модно и как у молодых.Всё нужные атрибуты в наличии(фейс ид,сканер,двойная камера). Вообще телефон брался исключительно как телефон,но ради интереса потестил, очень даже шустро работает(2-3 приложения вроде карты+карты+браузер в памяти держит),не вызывает ни малейшего желания кинуть в стенку.Камера на свету даже что-то снимает. А вот чуть слабее,чем на ярком свету- можно даже разобрать,где на фото объект,а где фон. Если постараться.",461,62,8,0,0,6,0.013015184381778741,57.625,0,0,"(452.0, 500.0]",1,брал бабушке т к хотела модно и как у молодых всё нужные атрибуты в наличии фейс ид сканер двойная камера вообще телефон брался исключительно как телефон но ради интереса потестил очень даже шустро работает приложения вроде карты карты браузер в памяти держит не вызывает ни малейшего желания кинуть в стенку камера на свету даже что то снимает а вот чуть слабее чем на ярком свету можно даже разобрать где на фото объект а где фон если постараться
NEGATIVE,"Через 2 недели радости от стоимости и начинки перестал работать. Был в сумке+чехол... В гарантии сделали заключение не гарантированный случай- механическое повреждение внутренней платы. У друзей с разбитыми экранами работают, а тут ...",235,33,4,0,0,4,0.01702127659574468,58.75,0,0,"(212.0, 260.0]",-1,через недели радости от стоимости и начинки перестал работать был в сумке чехол в гарантии сделали заключение не гарантированный случай механическое повреждение внутренней платы у друзей с разбитыми экранами работают а тут
NEGATIVE,"Встает вопрос, а что покупать дальше. Приходишь к выводу, что, чем больше линейка моделей у производителя, тем менее надежными они окажутся в обиходе. Читаешь отзывы и приходишь к мнению, что хороший телефон или еще не изобрели или про него просто не успели написать ничего плохого=) У каждой медали оборотная сторона. Боюсь показаться ортодоксом, но меня больше устраивала ситуация, когда моделей было на перечет. Кажется, что тогда телефоны не были похожи на однодневки.",472,72,5,0,0,6,0.012711864406779662,94.4,0,0,"(452.0, 500.0]",-1,встает вопрос а что покупать дальше приходишь к выводу что чем больше линейка моделей у производителя тем менее надежными они окажутся в обиходе читаешь отзывы и приходишь к мнению что хороший телефон или еще не изобрели или про него просто не успели написать ничего плохого у каждой медали оборотная сторона боюсь показаться ортодоксом но меня больше устраивала ситуация когда моделей было на перечет кажется что тогда телефоны не были похожи на однодневки
POSITIVE,"Комментарий: у меня данный аппарат первый на Android. поэтому все вновинку. Что касаемо разрешения экрана - у кого было что-то лучше тот, возможно, заметит разницу. Я вполне доволен: зернистость особо не заметна. На ярком солнце экран заметно блекнет. Виброзвонок слабый(если сравнить. например, с SE K770i). очень порадовала скорость мобильного интернета. Еще не очень нравится сильная заточенность под сервисы Google, но учитывая что это Android, можно даже не удивляться.",474,68,9,0,0,12,0.02531645569620253,52.666666666666664,0,0,"(452.0, 500.0]",1,комментарий у меня данный аппарат первый на android поэтому все вновинку что касаемо разрешения экрана у кого было что то лучше тот возможно заметит разницу я вполне доволен зернистость особо не заметна на ярком солнце экран заметно блекнет виброзвонок слабый если сравнить например с se k i очень порадовала скорость мобильного интернета еще не очень нравится сильная заточенность под сервисы google но учитывая что это android можно даже не удивляться
NEUTRAL,"Перед покупкой начитался обзоров и отзывов, где были слова типа ""продвинутая камера от сони, где количество мегапикселей не влияет на качество"" - еще как влияет, был сони з1  и з3 компакт, тк с ними ни когда не думал о фотоаппарате. С этим аппаратом ездил отдыхать и выложить в сети даже нечего, качество фото ужасное (в сравнении). Микрофон, кажется, без шумоподавления, меня постоянно переспрашивают или не слышат из-за шумов.  Езжу в метро в наушниках, постоянно на полной громкости и не хватает.",499,80,4,0,0,4,0.008016032064128256,124.75,0,0,"(452.0, 500.0]",0,перед покупкой начитался обзоров и отзывов где были слова типа продвинутая камера от сони где количество мегапикселей не влияет на качество еще как влияет был сони з и з компакт тк с ними ни когда не думал о фотоаппарате с этим аппаратом ездил отдыхать и выложить в сети даже нечего качество фото ужасное в сравнении микрофон кажется без шумоподавления меня постоянно переспрашивают или не слышат из за шумов езжу в метро в наушниках постоянно на полной громкости и не хватает
NEUTRAL,"Много моделей посмотрел перед тем, как купил Yummy. Самсунги и Лыжи за примерно ту же цену оказались по сравнению с ним просто убогими. И вот я увидел ЕГО! Он сразу привлёк меня огромным эканом. К его размерам и большому экрану привык очень быстро и теперь не предсталяю как можно пользоваться более мелкими. За 8 месяцев использования этот аппарат показал себя только с хорошей стороны. В игры почти не играю, но те, в которые играл, не тормозят. Злые птицы идут на ура.",471,81,8,1,0,13,0.027600849256900213,58.875,0,0,"(452.0, 500.0]",0,много моделей посмотрел перед тем как купил yummy самсунги и лыжи за примерно ту же цену оказались по сравнению с ним просто убогими и вот я увидел его он сразу привлёк меня огромным эканом к его размерам и большому экрану привык очень быстро и теперь не предсталяю как можно пользоваться более мелкими за месяцев использования этот аппарат показал себя только с хорошей стороны в игры почти не играю но те в которые играл не тормозят злые птицы идут на ура
NEUTRAL,"Я не сторонник, но и не противник самсунгов. В этом телефоне много, как плюсов так и недостатков. Но поверьте я не жалею, что приобрел его!",139,25,3,1,0,3,0.02158273381294964,46.333333333333336,0,0,"(116.0, 164.0]",0,я не сторонник но и не противник самсунгов в этом телефоне много как плюсов так и недостатков но поверьте я не жалею что приобрел его
NEGATIVE,Никому не советую. Бестолковый тормозной аппарат.,49,6,2,0,0,2,0.04081632653061224,24.5,0,0,"(19.52, 68.0]",-1,никому не советую бестолковый тормозной аппарат
NEUTRAL,"Брал по критериям: наличие GPS, времени работы с GPS, толщина. Эти характеристики E52 выдержал. Фатальных страшилок по поводу корпуса не обнаружил. Возможно мне просто повезло (пока). Я взял чуть дороже, но финку. В основном пошли завозы с Венгрии и Румынии.",258,40,6,0,0,15,0.05813953488372093,43.0,0,0,"(212.0, 260.0]",0,брал по критериям наличие gps времени работы с gps толщина эти характеристики e выдержал фатальных страшилок по поводу корпуса не обнаружил возможно мне просто повезло пока я взял чуть дороже но финку в основном пошли завозы с венгрии и румынии
NEGATIVE,"Увидел у знакомой, и сразу загорелся, чтобы у меня тоже заряда хватало на 2-3 дня. Купил и не мог нарадоваться. Друг тоже себе такой купил, когда увидел у меня. И у него через тоже стала пропадать сеть. Результат: из трех телефонов (знакомой, мой и друга) в рабочем состоянии через год остался только один. В результате больше леново не куплю, хотя до этого был китайский леново и нареканий не вызвал.",401,69,6,0,0,6,0.014962593516209476,66.83333333333333,0,0,"(356.0, 404.0]",-1,увидел у знакомой и сразу загорелся чтобы у меня тоже заряда хватало на дня купил и не мог нарадоваться друг тоже себе такой купил когда увидел у меня и у него через тоже стала пропадать сеть результат из трех телефонов знакомой мой и друга в рабочем состоянии через год остался только один в результате больше леново не куплю хотя до этого был китайский леново и нареканий не вызвал
NEUTRAL,"Подарил отец, сам использует htc, был не в восторге от него поэтому скинул мне. Лично я люблю технику от айпл есть айпод тач 4, айфон 3gs и был очень доволен этими продуктами. Когда забрал 4s был рад безумно, однако не долго, поскольку из-за нагрева девайса нет возможности полноценного его использования. P.S. что все так на айтюнс ругаются вечно, нормальная прога тольков вот привыкнуть нада к ней и понять структуру работы, а она вполне элементарная и удобная.",463,76,6,0,0,5,0.01079913606911447,77.16666666666667,0,0,"(452.0, 500.0]",0,подарил отец сам использует htc был не в восторге от него поэтому скинул мне лично я люблю технику от айпл есть айпод тач айфон gs и был очень доволен этими продуктами когда забрал s был рад безумно однако не долго поскольку из за нагрева девайса нет возможности полноценного его использования p s что все так на айтюнс ругаются вечно нормальная прога тольков вот привыкнуть нада к ней и понять структуру работы а она вполне элементарная и удобная
NEUTRAL,"Пользовалась им 3 года, роняла часто, даже в воде он побывал, на солнце пылающем на подоконнике тоже оставляла, вобщем мучала как только могла. Думаю, если бы относилась бережнее, то прожил бы дольше. В принципе телфон неплохой, очень только раздражало, что он быстро царапается",278,43,2,0,0,3,0.01079136690647482,139.0,0,0,"(260.0, 308.0]",0,пользовалась им года роняла часто даже в воде он побывал на солнце пылающем на подоконнике тоже оставляла вобщем мучала как только могла думаю если бы относилась бережнее то прожил бы дольше в принципе телфон неплохой очень только раздражало что он быстро царапается
NEUTRAL,"Итог - лучший компактный смартфон на сегодня до сих пор, с лучшим дизайном Sony и влагозащитой за свои деньги лучшая покупка если нужен именно такой гаджет.",156,26,1,0,0,2,0.01282051282051282,156.0,0,0,"(116.0, 164.0]",0,итог лучший компактный смартфон на сегодня до сих пор с лучшим дизайном sony и влагозащитой за свои деньги лучшая покупка если нужен именно такой гаджет
POSITIVE,"Очень приличный вид, без понтов и наворотов. По мне так идеальный телефон для звонков и смс. Как сдохнет, куплю такой же!",121,21,3,1,0,3,0.024793388429752067,40.333333333333336,0,0,"(116.0, 164.0]",1,очень приличный вид без понтов и наворотов по мне так идеальный телефон для звонков и смс как сдохнет куплю такой же
POSITIVE,"При появлении аппарата железо было супер, на тот момент ровня флагману тех времен от Nokia-lumia 920. Но на данный момент железо подустарело, но не смотря на это аппарат шустрый и справляется со многими задачами и по сей день.",226,38,2,0,0,3,0.01327433628318584,113.0,0,0,"(212.0, 260.0]",1,при появлении аппарата железо было супер на тот момент ровня флагману тех времен от nokia lumia но на данный момент железо подустарело но не смотря на это аппарат шустрый и справляется со многими задачами и по сей день
NEUTRAL,"Я долго выбирал телефон, чтобы был удобен и не тормозил. В итоге очень сильно разочаровался в нём именно по части его основной функции: разговоров, звонков и ответа на звонки. В качестве игрушки хорошо, в качестве телефона - три с минусом! Буду сдавать телефон назад в магазин. Покупать не стоит.",296,49,5,1,0,5,0.016891891891891893,59.2,0,0,"(260.0, 308.0]",0,я долго выбирал телефон чтобы был удобен и не тормозил в итоге очень сильно разочаровался в нём именно по части его основной функции разговоров звонков и ответа на звонки в качестве игрушки хорошо в качестве телефона три с минусом буду сдавать телефон назад в магазин покупать не стоит
POSITIVE,ОТЛИЧНАЯ модель телефона!!!!!,29,3,1,5,0,8,0.27586206896551724,29.0,0,0,"(19.52, 68.0]",1,отличная модель телефона
NEGATIVE,"У меня телефон 5363. Думал вот куплю телефон МТСсовский (прошивка 5360 обычная, а 5363 МТСовская) и будет он у меня здорового работать в сети МТС, а вот нет.Теперь предстоит муторная процедура возврата аппарата. В поддержке самсунга сказали или отключайте поддержку 3G (интернета) или сдавайте в сервисный центр на 45 дней.",323,50,4,0,0,14,0.043343653250773995,80.75,0,0,"(308.0, 356.0]",-1,у меня телефон думал вот куплю телефон мтссовский прошивка обычная а мтсовская и будет он у меня здорового работать в сети мтс а вот нет теперь предстоит муторная процедура возврата аппарата в поддержке самсунга сказали или отключайте поддержку g интернета или сдавайте в сервисный центр на дней
NEGATIVE,"Из плюсов только дизайн, когда покупал выбор из двухсимочников был никакой, сейчас бы предпочел ему хотя бы Lenovo",114,18,0,0,0,2,0.017543859649122806,114.0,0,0,"(68.0, 116.0]",-1,из плюсов только дизайн когда покупал выбор из двухсимочников был никакой сейчас бы предпочел ему хотя бы lenovo
NEUTRAL,"Впервые, наверное, года с 2011 вернулся к компании Nokia, да и то не по собственному желанию, а по стечению обстоятельств. До этого аппарата были и iPhone 5S, и Google Nexus 5 на андроиде пятом. Windows Phone - это такой вариант для тех, кто не хочет заумный смартфон, да ещё и сэкономить. Телефон хорош для звонков, смс, вк и максимум ИГ. Сёрфить в интернете, что-то искать или даже читать книги на WP телефоне - не доставит удовольствие.",439,76,5,0,0,15,0.03416856492027335,87.8,0,0,"(404.0, 452.0]",0,впервые наверное года с вернулся к компании nokia да и то не по собственному желанию а по стечению обстоятельств до этого аппарата были и iphone s и google nexus на андроиде пятом windows phone это такой вариант для тех кто не хочет заумный смартфон да ещё и сэкономить телефон хорош для звонков смс вк и максимум иг сёрфить в интернете что то искать или даже читать книги на wp телефоне не доставит удовольствие
NEUTRAL,А в общем телефон хороший.,26,5,1,0,0,1,0.038461538461538464,26.0,0,0,"(19.52, 68.0]",0,а в общем телефон хороший
NEGATIVE,"Я бы не советовал брать его, устаревает, если подкопить, можно достойный смартфон найти, лучше его, меня этот телефон огорчил качеством сборки. Если умрёт, не буду жалеть. Брак, он и есть брак как я уже понял.",209,35,3,0,0,3,0.014354066985645933,69.66666666666667,0,0,"(164.0, 212.0]",-1,я бы не советовал брать его устаревает если подкопить можно достойный смартфон найти лучше его меня этот телефон огорчил качеством сборки если умрёт не буду жалеть брак он и есть брак как я уже понял
NEUTRAL,"Смартфон для людей, которым нужен телефон для звонков и для простых задач: выход в интернет, общение в соцсетях. Нет датчика приближения, что очень неудобно при разговоре,но проблема разблокировки экрана решается покупкой флип-чехла. Для тех кто хочет приобрести данный телефон, советую обратить внимание на Galaxy Core Prime (в нем большинство проблем этой модели устранены.",375,53,3,0,0,6,0.016,125.0,0,0,"(356.0, 404.0]",0,смартфон для людей которым нужен телефон для звонков и для простых задач выход в интернет общение в соцсетях нет датчика приближения что очень неудобно при разговоре но проблема разблокировки экрана решается покупкой флип чехла для тех кто хочет приобрести данный телефон советую обратить внимание на galaxy core prime в нем большинство проблем этой модели устранены
NEGATIVE,"кстати менял только заставку экрана и звонок вызова, и по удалял настройки ВАП в соединениях ЖПРС, но не думаю что это существенно, кстати связь мтс и одна и др. симки ((((крайне недоволен компании филипс хотел бы сказать что телефоны не их конек и может лучше чем нить другим заняться как выпускать сырые модели которые глючат(((((",332,55,1,0,0,7,0.02108433734939759,332.0,0,0,"(308.0, 356.0]",-1,кстати менял только заставку экрана и звонок вызова и по удалял настройки вап в соединениях жпрс но не думаю что это существенно кстати связь мтс и одна и др симки крайне недоволен компании филипс хотел бы сказать что телефоны не их конек и может лучше чем нить другим заняться как выпускать сырые модели которые глючат
NEUTRAL,"Очень долго сомневалась я по поводу этого телефона: чистый китаец, 5,5"", flyme... в общем миллион сомнений. Хотела Соню м5, но все же консультанты нескольких магазинов меня переубедили и я купила мейзу. Сразу мне стало удобно его держать. После Леново 820 у которого 4.7"" этот не показался снегоуборочной лопатой. Скользкий-это минус. Жду силиконовый бампер.Я не придираюсь к фокусу камеры-для фото у меня есть зеркалка. Камера в телефоне должна быть просто хорошей. Эта более чем достойная.",491,74,11,0,0,11,0.02240325865580448,44.63636363636363,0,0,"(452.0, 500.0]",0,очень долго сомневалась я по поводу этого телефона чистый китаец flyme в общем миллион сомнений хотела соню м но все же консультанты нескольких магазинов меня переубедили и я купила мейзу сразу мне стало удобно его держать после леново у которого этот не показался снегоуборочной лопатой скользкий это минус жду силиконовый бампер я не придираюсь к фокусу камеры для фото у меня есть зеркалка камера в телефоне должна быть просто хорошей эта более чем достойная
NEUTRAL,"- постоянно забитая оперативка, которой и так мало, от чего немного спасали сторонние программы, - моментально садящийся аккумулятор - максимум 3 часа активного потребления, 2 часа на игры (что создает еще больше проблем - аккумулятор встроенный), - не всегда срабатывающий вай-фай, - постоянные зависания (если включен какой-либо интернет, вай-фай или мобильный, телефон при пробуждении может зависнуть, что-то обновляя, или просто пытаясь подцепиться к сети, особенно это конечно ""доставляет"" при.",499,69,1,0,0,0,0.0,499.0,0,0,"(452.0, 500.0]",0,постоянно забитая оперативка которой и так мало от чего немного спасали сторонние программы моментально садящийся аккумулятор максимум часа активного потребления часа на игры что создает еще больше проблем аккумулятор встроенный не всегда срабатывающий вай фай постоянные зависания если включен какой либо интернет вай фай или мобильный телефон при пробуждении может зависнуть что то обновляя или просто пытаясь подцепиться к сети особенно это конечно доставляет при
NEUTRAL,"ну а вообщем мне телефон, очень нравиться, всем кому нужен недорогой и при этом с множеством функций телефон, советую)))",120,19,0,0,0,0,0.0,120.0,0,0,"(116.0, 164.0]",0,ну а вообщем мне телефон очень нравиться всем кому нужен недорогой и при этом с множеством функций телефон советую
NEUTRAL,"для работы хороший телефон, пользуюсь около 2х лет, даже после многих падений заменил только экран (меняется за 15-20 мин)стоит своих денег",139,21,0,0,0,0,0.0,139.0,0,0,"(116.0, 164.0]",0,для работы хороший телефон пользуюсь около х лет даже после многих падений заменил только экран меняется за мин стоит своих денег
NEUTRAL,Когда брал он стоил пять тясяч.выбор был между ним и самсунгом...Он не плох в качестве мультимедиа игрушки...но для делового человека не думаю что будет удобная вещь,165,26,3,0,0,2,0.012121212121212121,55.0,0,0,"(164.0, 212.0]",0,когда брал он стоил пять тясяч выбор был между ним и самсунгом он не плох в качестве мультимедиа игрушки но для делового человека не думаю что будет удобная вещь
NEGATIVE,"Ужасная модель, 100% бюджет, забыли совсем про своё качество, стараясь обойти айфон, понапихали всего как китайцы, много всего ненужного(((( Не берите его он ужасен.",165,24,1,0,0,2,0.012121212121212121,165.0,0,0,"(164.0, 212.0]",-1,ужасная модель бюджет забыли совсем про своё качество стараясь обойти айфон понапихали всего как китайцы много всего ненужного не берите его он ужасен
NEGATIVE,"Может я и привереда но после использования lg g2 и lg g3 (погибших утоплением)- решил попробовать что то типа флагмана за более бюджетные килорубли,либо я привиреда(что скорее всего),либо ещё что.., но асус не дотягивает до обалденного смарта(новинки от lg тоже печальные),радость от покупки проходит в течении недели,а дольше это уже обыкновенная, убогая,серая звонилка-не радующая глаз",387,55,1,0,0,1,0.002583979328165375,387.0,0,0,"(356.0, 404.0]",-1,может я и привереда но после использования lg g и lg g погибших утоплением решил попробовать что то типа флагмана за более бюджетные килорубли либо я привиреда что скорее всего либо ещё что но асус не дотягивает до обалденного смарта новинки от lg тоже печальные радость от покупки проходит в течении недели а дольше это уже обыкновенная убогая серая звонилка не радующая глаз
POSITIVE,"Телефон брал в 2010 году за 15тыс. руб. Отслужил верой и правдой 4 года. На 5-ый год сдохла батарейка (купил новую, но он продержалась 1 год) и начал сильно тормозить.  В целом этим смартфоном остался доволен. О покупке не сожалею.",231,40,6,0,0,5,0.021645021645021644,38.5,0,0,"(212.0, 260.0]",1,телефон брал в году за тыс руб отслужил верой и правдой года на ый год сдохла батарейка купил новую но он продержалась год и начал сильно тормозить в целом этим смартфоном остался доволен о покупке не сожалею
POSITIVE,"Вообще хотел взять HTC decire X, но пришла СМС, скидка 20% на nokia lumia 625, ну решил посмотреть в итоге купил его не за 11000,а за 8200р. Вот пользуюсь 2 недели, радует, модель хорошая, советую!",197,35,2,1,0,9,0.04568527918781726,98.5,0,0,"(164.0, 212.0]",1,вообще хотел взять htc decire x но пришла смс скидка на nokia lumia ну решил посмотреть в итоге купил его не за а за р вот пользуюсь недели радует модель хорошая советую
NEGATIVE,"В целом даже если исправить динамик телеофон мне скорее не понравился. 1. 2 симкарты одновременно использовать (в режиме ожидания) нельзя. 2. При 2 включенных симкартах на одном заряде телефон держится порядка 2 дней. При использовании 1 симкарты хватает на неделю(мп3 и радио не прослушиваю). Все это время совершаю порядко 5 минут разговоров в день. 3. кнопки в телефоне разделенные, но распределение веса таково, что я не могу нажимать клавиши нижнего ряда одной рукой не рискуя выронить его. 4.",498,78,10,0,0,4,0.008032128514056224,49.8,0,0,"(452.0, 500.0]",-1,в целом даже если исправить динамик телеофон мне скорее не понравился симкарты одновременно использовать в режиме ожидания нельзя при включенных симкартах на одном заряде телефон держится порядка дней при использовании симкарты хватает на неделю мп и радио не прослушиваю все это время совершаю порядко минут разговоров в день кнопки в телефоне разделенные но распределение веса таково что я не могу нажимать клавиши нижнего ряда одной рукой не рискуя выронить его
NEUTRAL,"В первый год службы телефон радовал , но сейчас один сплошной негатив",69,12,0,0,0,1,0.014492753623188406,69.0,0,0,"(68.0, 116.0]",0,в первый год службы телефон радовал но сейчас один сплошной негатив
NEUTRAL,"Батарейку жрёт очень сильно,  но и зарядку берёт быстро. Греется всегда и постоянно, причём греется конкретно.",110,16,2,0,0,2,0.01818181818181818,55.0,0,0,"(68.0, 116.0]",0,батарейку жрёт очень сильно но и зарядку берёт быстро греется всегда и постоянно причём греется конкретно
POSITIVE,"Поставил плеер BitsMp3- стал играть вроде получше, но для аудиофила этот девайс не годится. Покупал  ростест по скидке 21тр. Доволен.",133,20,3,0,0,5,0.03759398496240601,44.333333333333336,0,0,"(116.0, 164.0]",1,поставил плеер bitsmp стал играть вроде получше но для аудиофила этот девайс не годится покупал ростест по скидке тр доволен
NEGATIVE,По передаче звука даже близко не стоит с телефонами Microsoft.Жестоко ошибся я.,79,12,2,0,0,3,0.0379746835443038,39.5,0,0,"(68.0, 116.0]",-1,по передаче звука даже близко не стоит с телефонами microsoft жестоко ошибся я
POSITIVE,В комплекте с устройством идет переходник 3.5mm - type-c.,57,9,2,0,0,1,0.017543859649122806,28.5,0,0,"(19.52, 68.0]",1,в комплекте с устройством идет переходник mm type c
POSITIVE,Великолепная машинка для бизнеса и для развлечений. Но не стоит забывать про зарядку:). Думаю что эта машинка никого не разочарует.,131,20,3,0,0,3,0.022900763358778626,43.666666666666664,0,0,"(116.0, 164.0]",1,великолепная машинка для бизнеса и для развлечений но не стоит забывать про зарядку думаю что эта машинка никого не разочарует
NEGATIVE,"Крайне не советую покупать, просто выброшенные деньги.",54,7,1,0,0,1,0.018518518518518517,54.0,0,0,"(19.52, 68.0]",-1,крайне не советую покупать просто выброшенные деньги
NEUTRAL,"Телефону 1.5 года, сначала все было хорошо, но потом пришел 4ый андроид... И все, телефон стал отвратным... Быстродействия никакого, сети нет, просто ушла, просто потерял и сколько его не перезагружай она не появится. Конечно он прочный, стойкий и вообще отличный, но куча мелочей-недостаков все портит... И о марке SONY данный товар испортил впечатление... Совет! Если у вас есть еще такая возможность не обновляйте Андроид на нем до 4ого!!!",442,68,8,4,0,12,0.027149321266968326,55.25,0,0,"(404.0, 452.0]",0,телефону года сначала все было хорошо но потом пришел ый андроид и все телефон стал отвратным быстродействия никакого сети нет просто ушла просто потерял и сколько его не перезагружай она не появится конечно он прочный стойкий и вообще отличный но куча мелочей недостаков все портит и о марке sony данный товар испортил впечатление совет если у вас есть еще такая возможность не обновляйте андроид на нем до ого
POSITIVE,"После падения в воду,воскрес практически Без потерь.Только заряд стал держать сутки.",84,11,2,0,0,3,0.03571428571428571,42.0,0,0,"(68.0, 116.0]",1,после падения в воду воскрес практически без потерь только заряд стал держать сутки
POSITIVE,"Решился написать отзыв после прочтения других к этой теме. Здесь писали бред! Писали про неадекватность цены, что считаю вполне глупым! Все хорошие качества при нем! Советую брать!",180,27,5,4,0,5,0.027777777777777776,36.0,0,0,"(164.0, 212.0]",1,решился написать отзыв после прочтения других к этой теме здесь писали бред писали про неадекватность цены что считаю вполне глупым все хорошие качества при нем советую брать
POSITIVE,номер заказа 43266092,21,3,0,0,0,0,0.0,21.0,0,0,"(19.52, 68.0]",1,номер заказа
NEGATIVE,Первый раз сгорел через 2 месяца - поменяли экран-матрицу.(бесплатно по гарантии) через год перестала работать беспроводная  зарядка. Потом месяца 4 заряжал по проводной. Месяц назад не всегда стал заряжаться и по ней. На прошлой неделе сгорел порт зарядки  при  ее подключении(зато беспроводная впервые за полгода заработала). Сейчас выставили счет за ремонт на 16т блин.,372,54,6,0,0,5,0.013440860215053764,62.0,0,0,"(356.0, 404.0]",-1,первый раз сгорел через месяца поменяли экран матрицу бесплатно по гарантии через год перестала работать беспроводная зарядка потом месяца заряжал по проводной месяц назад не всегда стал заряжаться и по ней на прошлой неделе сгорел порт зарядки при ее подключении зато беспроводная впервые за полгода заработала сейчас выставили счет за ремонт на т блин
NEGATIVE,"Если повезет и попадется телефон без брака то можно взять и привыкнуть к светодиоду, кнопке включения и прочим ""неудобностям"".Мне не повезло и мой телефон приказал долго жить через пять месяцев использования. Просто перестал включаться. Да и батарея вела себя странным образом, то два дня держит то едва один день, причем телефон серьезно не используется: пару звонков, аська, смс.Деньги в магазине вернули, буду покупать смарт другого производителя.",450,66,5,0,0,5,0.011111111111111112,90.0,0,0,"(404.0, 452.0]",-1,если повезет и попадется телефон без брака то можно взять и привыкнуть к светодиоду кнопке включения и прочим неудобностям мне не повезло и мой телефон приказал долго жить через пять месяцев использования просто перестал включаться да и батарея вела себя странным образом то два дня держит то едва один день причем телефон серьезно не используется пару звонков аська смс деньги в магазине вернули буду покупать смарт другого производителя
NEGATIVE,"подойдет разве что школьнику, а если вам нужно постоянно звонит, да еще с удержанием одного абонента, работать в интернете, пользоваться именно качественным навигатором, то не вздумайте его покупать- переплюетесь.",213,29,1,0,0,0,0.0,213.0,0,0,"(212.0, 260.0]",-1,подойдет разве что школьнику а если вам нужно постоянно звонит да еще с удержанием одного абонента работать в интернете пользоваться именно качественным навигатором то не вздумайте его покупать переплюетесь
NEUTRAL,"Купил на замену разбитому Galaxy S4 и поэтому есть с чем сравнить. Первые впечатления - не самые положительные, в отличие при покупке самсунга. Нокиа уступает самунгу во всем: эргономика хуже- одной рукой уже не поработаешь, при одинаковом размере экрана, вес больше, камера хуже, экран с глюками в виде полос при наборе номера, андроид гораздо совершенее и удобнее.",366,57,3,0,0,5,0.01366120218579235,122.0,0,0,"(356.0, 404.0]",0,купил на замену разбитому galaxy s и поэтому есть с чем сравнить первые впечатления не самые положительные в отличие при покупке самсунга нокиа уступает самунгу во всем эргономика хуже одной рукой уже не поработаешь при одинаковом размере экрана вес больше камера хуже экран с глюками в виде полос при наборе номера андроид гораздо совершенее и удобнее
POSITIVE,"Советую эту модель. Она достойна по цене, качеству и функциональности.",70,10,2,0,0,2,0.02857142857142857,35.0,0,0,"(68.0, 116.0]",1,советую эту модель она достойна по цене качеству и функциональности
NEUTRAL,"Xiaomi Mi 5s был протестирован на платформе Android 6.0.1. Эта модель была выпущена для реализации в Европе, правда, быстрое меню есть только на китайском. Но в целом это смартфон с хорошими техническими характеристиками. 5,2-дюймовый экран очень удобно использовать, а камера получила неплохие оценки в наших тестах. В этой модели есть стабилизатор изображения. Аккумулятор на 3200 мА·ч держал заряд в течение 22,5 часа.",421,62,8,0,0,9,0.021377672209026127,52.625,0,0,"(404.0, 452.0]",0,xiaomi mi s был протестирован на платформе android эта модель была выпущена для реализации в европе правда быстрое меню есть только на китайском но в целом это смартфон с хорошими техническими характеристиками дюймовый экран очень удобно использовать а камера получила неплохие оценки в наших тестах в этой модели есть стабилизатор изображения аккумулятор на ма ч держал заряд в течение часа
NEGATIVE,В общем мне совсем непонравился телефон.,40,6,1,0,0,1,0.025,40.0,0,0,"(19.52, 68.0]",-1,в общем мне совсем непонравился телефон
NEGATIVE,Кто хочет брать-ОДУМАЙТЕСЬ!!!!!! Лучше возмите модель на Symbian Anna или Symbian Belle если так важен бренд Nokia. А если не важен то присмотритесь к устройству на Android или iOS.,181,29,3,6,0,21,0.11602209944751381,60.333333333333336,0,0,"(164.0, 212.0]",-1,кто хочет брать одумайтесь лучше возмите модель на symbian anna или symbian belle если так важен бренд nokia а если не важен то присмотритесь к устройству на android или ios
NEUTRAL,Брал за 6000. С двумя выше описанными недостатками выше тройки никак не поставлю,80,13,1,0,0,2,0.025,80.0,0,0,"(68.0, 116.0]",0,брал за с двумя выше описанными недостатками выше тройки никак не поставлю
NEUTRAL,"Покупал за 25000 деревянных. Телефон подкупил своим внешним видом. Оказалось, что в красивой обертке находиться обычная мультимедийка. Цена этому аппарату не более 20000-21000 деревянных. Советовать не буду, можно найти варианты гораздо лучше.",243,32,5,0,0,5,0.0205761316872428,48.6,0,0,"(212.0, 260.0]",0,покупал за деревянных телефон подкупил своим внешним видом оказалось что в красивой обертке находиться обычная мультимедийка цена этому аппарату не более деревянных советовать не буду можно найти варианты гораздо лучше
NEGATIVE,"Телефон был куплен в подарок за симпатичный внешний вид и потому что предыдущие телефоны тоже были нокиа. Проблемы начались в первую же неделю использования. Телефон самопроизвольно выключался во время разговора. Отслоилась передняя панель, закрывающая экран, и это при бережной эксплуатации. Так как не прошло 14 дней с момента покупки поменяли на такой же. Решили что предыдущий просто брак. Новый телефон точно так же начал выключаться во время разговора.",458,68,7,0,0,7,0.015283842794759825,65.42857142857143,0,0,"(452.0, 500.0]",-1,телефон был куплен в подарок за симпатичный внешний вид и потому что предыдущие телефоны тоже были нокиа проблемы начались в первую же неделю использования телефон самопроизвольно выключался во время разговора отслоилась передняя панель закрывающая экран и это при бережной эксплуатации так как не прошло дней с момента покупки поменяли на такой же решили что предыдущий просто брак новый телефон точно так же начал выключаться во время разговора
NEGATIVE,"телефон сломался, после первого месяца использования!",53,6,1,1,0,0,0.0,53.0,0,0,"(19.52, 68.0]",-1,телефон сломался после первого месяца использования
POSITIVE,"Держит заряд 1 день если при активном пользовании, при умеренном использовании: пару дней, если пару-тройку звонков в день: 3-4 дня. Собран очень качественно, нигде не скрипит, на ощупь очень приятный. В моей мужской руке лежит отлично, жинщины говорят что большой, ребята, вы подержите в руке Samsung s4!",305,47,3,1,0,4,0.013114754098360656,101.66666666666667,0,0,"(260.0, 308.0]",1,держит заряд день если при активном пользовании при умеренном использовании пару дней если пару тройку звонков в день дня собран очень качественно нигде не скрипит на ощупь очень приятный в моей мужской руке лежит отлично жинщины говорят что большой ребята вы подержите в руке samsung s
NEGATIVE,"Данная модель как спортивный автомобиль - кайфа от него много. Но когда ломается, а у него гарантированно часто отклеиваются стекла, попадаете на дорогой ремонт.т.к. все-таки это не спорткар, ставлю неуд.Телефоны не должны ломаться. А если часто ломаются, то их быстро должны ремонтировать.",290,42,7,0,0,4,0.013793103448275862,41.42857142857143,0,0,"(260.0, 308.0]",-1,данная модель как спортивный автомобиль кайфа от него много но когда ломается а у него гарантированно часто отклеиваются стекла попадаете на дорогой ремонт т к все таки это не спорткар ставлю неуд телефоны не должны ломаться а если часто ломаются то их быстро должны ремонтировать
NEGATIVE,"Дальше я обычно отвечаю на вопросы ты почему трубку не берешь итд. Один раз, честно скажу, Меня благодаря этому чудовищу среди ночи большой и шумной толпой искали! После каждого звонка главное вспомнить сколько он стоит и сдержаться и не швырнуть его об стену! Остальные все проблемы стандарные для любого смарта! Итог! Берите этот великолепный смарт фон, если вас устраивает даже самый ненадежный друг! Да кстати насчет имиджевости и топовости (флагмановости) данного продукта!",478,72,7,6,0,8,0.016736401673640166,68.28571428571429,0,0,"(452.0, 500.0]",-1,дальше я обычно отвечаю на вопросы ты почему трубку не берешь итд один раз честно скажу меня благодаря этому чудовищу среди ночи большой и шумной толпой искали после каждого звонка главное вспомнить сколько он стоит и сдержаться и не швырнуть его об стену остальные все проблемы стандарные для любого смарта итог берите этот великолепный смарт фон если вас устраивает даже самый ненадежный друг да кстати насчет имиджевости и топовости флагмановости данного продукта
POSITIVE,"Отличный телефон за свои деньги. По соотношению цена-качество один из лучших телефонов по состоянию на конец 2015 - начало 2016 года. Заказывал из Китая, поэтому обошелся существенно дешевле, чем если бы покупал в фирменном магазине в России. Телефон пришел за три недели. Пользуюсь уже больше трех месяцев - никаких проблем не выявил.",335,52,5,0,0,7,0.020895522388059702,67.0,0,0,"(308.0, 356.0]",1,отличный телефон за свои деньги по соотношению цена качество один из лучших телефонов по состоянию на конец начало года заказывал из китая поэтому обошелся существенно дешевле чем если бы покупал в фирменном магазине в россии телефон пришел за три недели пользуюсь уже больше трех месяцев никаких проблем не выявил
NEGATIVE,"Просто не покупайте, если хотите сберечь свои нервы.",52,8,1,0,0,1,0.019230769230769232,52.0,0,0,"(19.52, 68.0]",-1,просто не покупайте если хотите сберечь свои нервы
POSITIVE,"Если используете телефон как позвонить,написать смс,иногда пофоткать очень достойный аппарат.",93,10,1,0,0,1,0.010752688172043012,93.0,0,0,"(68.0, 116.0]",1,если используете телефон как позвонить написать смс иногда пофоткать очень достойный аппарат
POSITIVE,вопрос: почему этот телефон стоит от 10 и до плюс минус 20000 рублей. если уже через пол года он ломается. в общем - пролетела я со смартфоном. вернулась к своей кнопочной Нокиа 320.,182,33,4,0,0,1,0.005494505494505495,45.5,0,0,"(164.0, 212.0]",1,вопрос почему этот телефон стоит от и до плюс минус рублей если уже через пол года он ломается в общем пролетела я со смартфоном вернулась к своей кнопочной нокиа
NEGATIVE,"Просто ужасный тормознутый телефон. Как говориться - скупой платит дважды. Нужно было добавить тысяч 5 и купить нормальный телефон. Постоянные зависания и глюки, недоработанный ведройд 5.0, очень неудобно. категорически НЕ советую брать данную модель",250,34,5,0,0,6,0.024,50.0,0,0,"(212.0, 260.0]",-1,просто ужасный тормознутый телефон как говориться скупой платит дважды нужно было добавить тысяч и купить нормальный телефон постоянные зависания и глюки недоработанный ведройд очень неудобно категорически не советую брать данную модель
NEGATIVE,"Не покупайте этот шлак, я вот жалею...",38,7,1,0,0,1,0.02631578947368421,38.0,0,0,"(19.52, 68.0]",-1,не покупайте этот шлак я вот жалею
NEUTRAL,"и кстати про 3D, лично для меня - обычные понты. Первые два дня поиграла и все, забыла, что это такое, для меня совершенно не нужная функция, хотя покупала только из-за нее, так только друзьям раз что-то необычное показать и все, особо ни чего полезного от  3D не вижу, фильмы мне удобнее в обычном режиме смотреть, вот фото еще интереснее)",340,59,1,0,0,3,0.008823529411764706,340.0,0,0,"(308.0, 356.0]",0,и кстати про d лично для меня обычные понты первые два дня поиграла и все забыла что это такое для меня совершенно не нужная функция хотя покупала только из за нее так только друзьям раз что то необычное показать и все особо ни чего полезного от d не вижу фильмы мне удобнее в обычном режиме смотреть вот фото еще интереснее
NEGATIVE,"как увидела рекламу, влюбилась в этот телефон, через месяц купила, а потом пошли все недостатки, которые читала на форумах, очень обидно...",139,21,1,0,0,0,0.0,139.0,0,0,"(116.0, 164.0]",-1,как увидела рекламу влюбилась в этот телефон через месяц купила а потом пошли все недостатки которые читала на форумах очень обидно
NEGATIVE,"1.Самопроизвольно и совершенно беспричинно отключается даже при полной зарядке.  Батарея держит заряд не более 2-х дней даже при самом неактивном пользовании (30-40 мин. телефонные звонки, 15-20 мин. интернет и icq). Причем уровень зарядки понять совершенно невозможно - если утром батарея показывается полной, то до последнего деления и полной разрядки она может дойти часов за шесть.  2.Несколько раз зависал в процессе работы так, что приходилось перезагружать доставая батарею.  4.",485,68,9,0,0,4,0.008247422680412371,53.888888888888886,0,0,"(452.0, 500.0]",-1,самопроизвольно и совершенно беспричинно отключается даже при полной зарядке батарея держит заряд не более х дней даже при самом неактивном пользовании мин телефонные звонки мин интернет и icq причем уровень зарядки понять совершенно невозможно если утром батарея показывается полной то до последнего деления и полной разрядки она может дойти часов за шесть несколько раз зависал в процессе работы так что приходилось перезагружать доставая батарею
NEGATIVE,"для погружений в обычную воду-этот телефон прекрасно подходит,но в песок лучше его не засовывать!песок забился мгновенно в щель между экраном и корпусом!но это пол-беды...через пару недель у меня телефон окончательно накрылся(слетела ОС). Может быть,только мне такой попался,я не знаю...я был очень разочарован этим телефоном...",328,44,6,2,0,3,0.009146341463414634,54.666666666666664,0,0,"(308.0, 356.0]",-1,для погружений в обычную воду этот телефон прекрасно подходит но в песок лучше его не засовывать песок забился мгновенно в щель между экраном и корпусом но это пол беды через пару недель у меня телефон окончательно накрылся слетела ос может быть только мне такой попался я не знаю я был очень разочарован этим телефоном
POSITIVE,"Купила полтора месяца назад - все это время ведет себя хорошо. Работает прекрасно, никаких нареканий нет.Клавиатурой пользуюсь только в метро - в остальных случаях предпочитаю с телефоном разговаривать - речь распознает хорошо.Управление, управление жестами, настройки - все удобно и просто.Прекрасный телефон!",310,41,5,1,0,5,0.016129032258064516,62.0,0,0,"(308.0, 356.0]",1,купила полтора месяца назад все это время ведет себя хорошо работает прекрасно никаких нареканий нет клавиатурой пользуюсь только в метро в остальных случаях предпочитаю с телефоном разговаривать речь распознает хорошо управление управление жестами настройки все удобно и просто прекрасный телефон
NEUTRAL,"Оценка 8 из 10. После обновления пропали языки. Ставить ломаную прошивку не стал. Оставил как есть, так как английский язык знаю. Но для кого-то это может стать проблемой. Памяти хватает. Opera Mobile работает шустрее чем Opera Mini.",233,37,7,0,0,10,0.04291845493562232,33.285714285714285,0,0,"(212.0, 260.0]",0,оценка из после обновления пропали языки ставить ломаную прошивку не стал оставил как есть так как английский язык знаю но для кого то это может стать проблемой памяти хватает opera mobile работает шустрее чем opera mini
NEUTRAL,"Получаете то, сколько платите. Пользуюсь месяц (мой MI4c после трёх лет стал очень плохо держать батарею). Но после MI4c честно скажу, этот как черепаха. Неуклюжая. Единственный плюс это экран и фотоаппарат, они конечно поинтереснее чем на MI4c. Недостатки: - Тачскрин в 2 случаях из 100 ведёт себя странно: не откликается после ""тапа"" по выбранной иконке или перелистывает страницу вместо ""входа"" по ссылке.",408,62,6,0,0,13,0.031862745098039214,68.0,0,0,"(404.0, 452.0]",0,получаете то сколько платите пользуюсь месяц мой mi c после трёх лет стал очень плохо держать батарею но после mi c честно скажу этот как черепаха неуклюжая единственный плюс это экран и фотоаппарат они конечно поинтереснее чем на mi c недостатки тачскрин в случаях из ведёт себя странно не откликается после тапа по выбранной иконке или перелистывает страницу вместо входа по ссылке
NEUTRAL,"Вернул бы в Эльдорадо(пока только из за памяти, ибо из 8ми - 4 занимает андроид, а плэймаркет устанавливает только на внутреннюю) но по закону-сорванная пленка - нельзя. Даже поменять или дороже взять. Сто раз подумайте прежде чем бабло отдавать, лучше переспите с этой задней и никому не верьте, особенно продавцам. Миллион отзывов Вам в помощь. Хотя про все телефоны - в большинстве негатив. Усредняйте",404,64,5,0,0,8,0.019801980198019802,80.8,0,0,"(356.0, 404.0]",0,вернул бы в эльдорадо пока только из за памяти ибо из ми занимает андроид а плэймаркет устанавливает только на внутреннюю но по закону сорванная пленка нельзя даже поменять или дороже взять сто раз подумайте прежде чем бабло отдавать лучше переспите с этой задней и никому не верьте особенно продавцам миллион отзывов вам в помощь хотя про все телефоны в большинстве негатив усредняйте
NEUTRAL,Если бы встал выбор еще раз что взять взял бы снова айфон потому как за первый месяц всплывают обычно все косяки здесь он 1 и тот не большой до этого была лыжа и сони после двух этих шедевров я думал айфон тоже раздутое рекламой г но как оказалось хороший телефон из рук не выпускаю всем советую,295,56,0,0,0,1,0.003389830508474576,295.0,0,0,"(260.0, 308.0]",0,если бы встал выбор еще раз что взять взял бы снова айфон потому как за первый месяц всплывают обычно все косяки здесь он и тот не большой до этого была лыжа и сони после двух этих шедевров я думал айфон тоже раздутое рекламой г но как оказалось хороший телефон из рук не выпускаю всем советую
NEUTRAL,"Брался как вторая, дополнительная трубка без лишних изысков. Только чтоб умел: звонить, смсить и лазать в Интернет через Opera Mini. Подкупил очень элегантный дизайн и возможность вставить 8гигабайтную флешку, дабы использовать в качестве музыкального плеера. Впрочем, родная гарнитура непригодна к использованию в шумном метро. Нужно покупать гарнитуру с вкладышами. Как отключить писк клавиатуры при наборе СМС?",413,56,6,0,1,12,0.029055690072639227,68.83333333333333,0,0,"(404.0, 452.0]",0,брался как вторая дополнительная трубка без лишних изысков только чтоб умел звонить смсить и лазать в интернет через opera mini подкупил очень элегантный дизайн и возможность вставить гигабайтную флешку дабы использовать в качестве музыкального плеера впрочем родная гарнитура непригодна к использованию в шумном метро нужно покупать гарнитуру с вкладышами как отключить писк клавиатуры при наборе смс
NEUTRAL,"Камера отлично снимает даже ночью, но отсутствие стабилизатора делает отдельные снимки некачественными",102,12,0,0,0,1,0.00980392156862745,102.0,0,0,"(68.0, 116.0]",0,камера отлично снимает даже ночью но отсутствие стабилизатора делает отдельные снимки некачественными
POSITIVE,"Мне комфортно и удобно им пользоваться. Он как раз для таких , как я. Я с ним хожу уже полгода хожу и ни разу не подводил . Всем рекомендую этот телефон.",153,31,4,0,0,4,0.026143790849673203,38.25,0,0,"(116.0, 164.0]",1,мне комфортно и удобно им пользоваться он как раз для таких как я я с ним хожу уже полгода хожу и ни разу не подводил всем рекомендую этот телефон
POSITIVE,Просто рульная вещь для общения. Была.,38,6,2,0,0,2,0.05263157894736842,19.0,0,0,"(19.52, 68.0]",1,просто рульная вещь для общения была
NEUTRAL,Невозможно держать в руках (скользкий и неудобный). батарея не держит и дня нагрузки. для переключения языка смс необходимо очень долго копаться в меню. плеер не знает о существовании разных дисков одного альбома (CD1 и CD2 например) и не умеет проигрывать песни из конкретной папки. штатные наушники выпадают из ушей под тяжестью пульта (клипса не спасает). а сам пульт не позволяет сменить композицию или отключить проигрывание.,430,65,6,0,0,5,0.011627906976744186,71.66666666666667,0,0,"(404.0, 452.0]",0,невозможно держать в руках скользкий и неудобный батарея не держит и дня нагрузки для переключения языка смс необходимо очень долго копаться в меню плеер не знает о существовании разных дисков одного альбома cd и cd например и не умеет проигрывать песни из конкретной папки штатные наушники выпадают из ушей под тяжестью пульта клипса не спасает а сам пульт не позволяет сменить композицию или отключить проигрывание
POSITIVE,"Хочу сказать, лишь то, что если вам нужен супер-пупер мощный телефон, то советую подождать до нового Nexus от Google, говорят, он вообще будет конфетка.Ну, а если вам нужен телефон за среднюю цену(по сравнению с Галакси 2), но с большими возможностями, то разумеется, нужно брать 1-ую модель этого телефона...",309,48,2,0,0,5,0.016181229773462782,154.5,0,0,"(308.0, 356.0]",1,хочу сказать лишь то что если вам нужен супер пупер мощный телефон то советую подождать до нового nexus от google говорят он вообще будет конфетка ну а если вам нужен телефон за среднюю цену по сравнению с галакси но с большими возможностями то разумеется нужно брать ую модель этого телефона
NEGATIVE,"Телефон GT-B7722 купила в декабре 2010 года. То, что он еще жив, удивляюсь, поскольку глюки у него начались с самого начала. Если ставить основной симку МТС - телефон живет своей жизнью: выключается неожиданно, виснет и ты ды. Если вас угораздило спуститься в метро, он в 100 % случаев выключится. Если же основной назначена симка Билайн - аппарат работает стабильно... За исключением кучи других недостатков. Интернет - он как бы есть, но пользоваться им - невозможно.",469,75,7,0,0,14,0.029850746268656716,67.0,0,0,"(452.0, 500.0]",-1,телефон gt b купила в декабре года то что он еще жив удивляюсь поскольку глюки у него начались с самого начала если ставить основной симку мтс телефон живет своей жизнью выключается неожиданно виснет и ты ды если вас угораздило спуститься в метро он в случаев выключится если же основной назначена симка билайн аппарат работает стабильно за исключением кучи других недостатков интернет он как бы есть но пользоваться им невозможно
NEGATIVE,"Это навороченный, современный ТЕЛЕФОН с обсолютно неудобной телефонной книгой, который позиционируется нокией, как СМАРТФОН и вводит этим самым покупателей в заблуждение. очень пожалел о покупке, ведь выбирал между этим телефоном и смартфоном самсунг s3, по старой памяти было отдано предпочение и было куплено это недоразумение нокия 920.",339,47,2,0,0,16,0.0471976401179941,169.5,0,0,"(308.0, 356.0]",-1,это навороченный современный телефон с обсолютно неудобной телефонной книгой который позиционируется нокией как смартфон и вводит этим самым покупателей в заблуждение очень пожалел о покупке ведь выбирал между этим телефоном и смартфоном самсунг s по старой памяти было отдано предпочение и было куплено это недоразумение нокия
NEUTRAL,"В целом не плохой товар,шустрый,красивый.",41,5,1,0,0,1,0.024390243902439025,41.0,0,0,"(19.52, 68.0]",0,в целом не плохой товар шустрый красивый
POSITIVE,"самый лучший телефон! кто бы что не писал, лично у меня за 3 года использования ни разу ничего не глючило и не ломалось! Аська встала без проблем, элементарно установила её сама, хоть я в этом ничего не смыслю. Звук отличный, камера тоже. Качество телефона на высоте.",267,46,5,2,0,3,0.011235955056179775,53.4,0,0,"(260.0, 308.0]",1,самый лучший телефон кто бы что не писал лично у меня за года использования ни разу ничего не глючило и не ломалось аська встала без проблем элементарно установила её сама хоть я в этом ничего не смыслю звук отличный камера тоже качество телефона на высоте
POSITIVE,"Ничуть не жалею, что приобрел эту модель. Есть большинство функций и приложений более дорогих смартфонов (часть приложений загружается из андройд маркета), наличие 3G. Компактные размеры экрана скорее имеют больше плюсов, чем минусов (смартфон получился компактный, удобно лежит в руке, дольше хватает заряда, недостатка в размере экрана при работе в интернете и просмотре видео практически не ощущается, быстро привыкаешь к такому экрану).",440,61,3,0,0,4,0.00909090909090909,146.66666666666666,0,0,"(404.0, 452.0]",1,ничуть не жалею что приобрел эту модель есть большинство функций и приложений более дорогих смартфонов часть приложений загружается из андройд маркета наличие g компактные размеры экрана скорее имеют больше плюсов чем минусов смартфон получился компактный удобно лежит в руке дольше хватает заряда недостатка в размере экрана при работе в интернете и просмотре видео практически не ощущается быстро привыкаешь к такому экрану
NEGATIVE,"именно купив и попользовавшись этим телефоном я понял, что времена, когда нокиа=качество безвозвратно ушли",106,14,0,0,0,0,0.0,106.0,0,0,"(68.0, 116.0]",-1,именно купив и попользовавшись этим телефоном я понял что времена когда нокиа качество безвозвратно ушли
NEGATIVE,Очень не советую покупать эту модель телефона!!!!!,50,7,1,5,0,1,0.02,50.0,0,0,"(19.52, 68.0]",-1,очень не советую покупать эту модель телефона
POSITIVE,"Один из лучших вариантов в ценовом сегменте. Стабильная работа без зависаний, прием связи и gps на высоте + хорошая гарантия, т.к. известный бренд.",147,23,4,0,0,2,0.013605442176870748,36.75,0,0,"(116.0, 164.0]",1,один из лучших вариантов в ценовом сегменте стабильная работа без зависаний прием связи и gps на высоте хорошая гарантия т к известный бренд
NEGATIVE,"В принципе год назад этот телефон меня в полне устраивал,но теперь я понимаю,что за такие деньги можно было бы взять смарт по круче.Вообщем вроде бы все.",153,26,2,0,0,2,0.013071895424836602,76.5,0,0,"(116.0, 164.0]",-1,в принципе год назад этот телефон меня в полне устраивал но теперь я понимаю что за такие деньги можно было бы взять смарт по круче вообщем вроде бы все
NEGATIVE,"Есть куча других похожих моделей. Так же есть афйоны всякие и сни эриксон. Которые стоят в 2 раза дешевле. А функционал не хуже. Слава богу это чудо, ХОТЯБЫ зарядить можно! А то, вот так вот купишь телефон за 30 тыщ, 1 раз попользовался и в помойку )))",252,47,5,1,0,12,0.047619047619047616,50.4,0,0,"(212.0, 260.0]",-1,есть куча других похожих моделей так же есть афйоны всякие и сни эриксон которые стоят в раза дешевле а функционал не хуже слава богу это чудо хотябы зарядить можно а то вот так вот купишь телефон за тыщ раз попользовался и в помойку
NEGATIVE,Брал 16.05.17. В конце февраля этого года сломался. Пойду менять по гарантии...,79,12,5,0,0,3,0.0379746835443038,15.8,0,0,"(68.0, 116.0]",-1,брал в конце февраля этого года сломался пойду менять по гарантии
NEGATIVE,"Нужно дорабатывать, такой сырой продукт нельзя выставлять на рынок.",67,9,1,0,0,1,0.014925373134328358,67.0,0,0,"(19.52, 68.0]",-1,нужно дорабатывать такой сырой продукт нельзя выставлять на рынок
POSITIVE,"Очень понравились режимы просмотра фотографий(Слайд шоу), которых даже на ПК нет! Ели-ели сдержал слёзы... Оптимальный выбор! Наилучший параметр Цена/качество, несмотря на минусы... Жаль T650i перестали производить(((",217,26,4,2,0,10,0.04608294930875576,54.25,0,0,"(212.0, 260.0]",1,очень понравились режимы просмотра фотографий слайд шоу которых даже на пк нет ели ели сдержал слёзы оптимальный выбор наилучший параметр цена качество несмотря на минусы жаль t i перестали производить
NEGATIVE,"Худший выбор который сделал при покупке телефона, увы положившись на моногочисленные отзывы, видимо проплаченные (информация о том как проплачивает самсунг отзывы - в сети). Никогда плохого о телефонах не писал, и не очень привереднив. Но это конечно корейский провал!",268,39,3,1,0,3,0.011194029850746268,89.33333333333333,0,0,"(260.0, 308.0]",-1,худший выбор который сделал при покупке телефона увы положившись на моногочисленные отзывы видимо проплаченные информация о том как проплачивает самсунг отзывы в сети никогда плохого о телефонах не писал и не очень привереднив но это конечно корейский провал
POSITIVE,"Купил этот телефон на смену G2, т.к. экран побольше, 2 симки, съемный аккум, карта памяти. Все коммуникации, включая инфраред (IRDA) и NFC. Внешний вид на 10 по 5 балльной шкале, камера отличная... Функции кнок-кнок, ответ на звонок поднесением к уху, и невероятно удобное расположение кнопок на задней стенке, кожаная крышка.. Может, чуть слаба батарея, но с таким экраном это немудрено..",389,60,7,0,0,13,0.033419023136246784,55.57142857142857,0,0,"(356.0, 404.0]",1,купил этот телефон на смену g т к экран побольше симки съемный аккум карта памяти все коммуникации включая инфраред irda и nfc внешний вид на по балльной шкале камера отличная функции кнок кнок ответ на звонок поднесением к уху и невероятно удобное расположение кнопок на задней стенке кожаная крышка может чуть слаба батарея но с таким экраном это немудрено
POSITIVE,"Приложения лучше ставить в память телефона, а не на 8Г, быстрее будет открываться и работать.",93,15,1,0,0,2,0.021505376344086023,93.0,0,0,"(68.0, 116.0]",1,приложения лучше ставить в память телефона а не на г быстрее будет открываться и работать
NEGATIVE,Эта модель отвернула меня от техники Хуавей. Максимум 2 года использования новой техники. 7 лет назад покупал Хуавей медиапад 10 линк до сих пор работает как телевизор на кухне.,177,29,3,0,0,4,0.022598870056497175,59.0,0,0,"(164.0, 212.0]",-1,эта модель отвернула меня от техники хуавей максимум года использования новой техники лет назад покупал хуавей медиапад линк до сих пор работает как телевизор на кухне
NEUTRAL,"В целом, за свою цену очень неплох. Брать его рекомендую, если бюджет мал, а так, лучше присмотреться к другим смартфонам",121,20,1,0,0,2,0.01652892561983471,121.0,0,0,"(116.0, 164.0]",0,в целом за свою цену очень неплох брать его рекомендую если бюджет мал а так лучше присмотреться к другим смартфонам
NEUTRAL,"смарт понравился, все просто и удобно=)",39,6,0,0,0,0,0.0,39.0,0,0,"(19.52, 68.0]",0,смарт понравился все просто и удобно
NEUTRAL,"Телефон в общем неплохой.Но все эти недостатки напрягают.Проходил с ним менее месяца и отдал на экспертизу.В магазине сделали круглые глаза и сказали что я первый с этой моделью пришёл к ним.Вот теперь жду результата. До этого ходил с айфоном,но этот кирпич может только звонить.Хотелось что-нибудь более функциональное.Остановился на АСЕ.Но видимо надёжность всётаки стоит больших денег.",388,55,9,0,0,12,0.030927835051546393,43.111111111111114,0,0,"(356.0, 404.0]",0,телефон в общем неплохой но все эти недостатки напрягают проходил с ним менее месяца и отдал на экспертизу в магазине сделали круглые глаза и сказали что я первый с этой моделью пришёл к ним вот теперь жду результата до этого ходил с айфоном но этот кирпич может только звонить хотелось что нибудь более функциональное остановился на асе но видимо надёжность всётаки стоит больших денег
POSITIVE,Хороший телефончик. удобно лежит в руке. оставляет приятные впечатления. Своих денег стоит.,91,12,4,0,0,2,0.02197802197802198,22.75,0,0,"(68.0, 116.0]",1,хороший телефончик удобно лежит в руке оставляет приятные впечатления своих денег стоит
NEGATIVE,"Телефон однозначно буду менять, даже ремонтировать не хочу - такое разочарование. С Nokia как-то не сложилось у меня.",117,18,2,0,0,3,0.02564102564102564,58.5,0,0,"(116.0, 164.0]",-1,телефон однозначно буду менять даже ремонтировать не хочу такое разочарование с nokia как то не сложилось у меня
POSITIVE,"Хотя есть существенные минусы но не сколько не жалею что купил!!! ГЛАВНОЕ ЧТОБЫ РУКИ РОСЛИ ОТ КУДА НАДО И МОЖНО ТАКОЕ СОТВОРИТЬ=)) Я лично полностью переделал под себя! В ходе полутора года мучений скажу что у меня получилось: 1.Заменил стандартную прошивку на китайскую( платформа R4441D_G_08.01.03R-самая быстрая на v3i и очень быстро блютуз на ней работает, минус это длгое открытие картинок) Снял RSA-проверку, сдлелал открутую ФС чрез патч! 2.Поставил кучу патчей, полностью изменил оформление!",499,73,8,6,0,66,0.13226452905811623,62.375,0,0,"(452.0, 500.0]",1,хотя есть существенные минусы но не сколько не жалею что купил главное чтобы руки росли от куда надо и можно такое сотворить я лично полностью переделал под себя в ходе полутора года мучений скажу что у меня получилось заменил стандартную прошивку на китайскую платформа r d_g_ r самая быстрая на v i и очень быстро блютуз на ней работает минус это длгое открытие картинок снял rsa проверку сдлелал открутую фс чрез патч поставил кучу патчей полностью изменил оформление
POSITIVE,Рекомендую всем.Эта нокиа очень крепкая и надёжная. У меня не разу небыло чтобы она зависла,91,15,2,0,0,3,0.03296703296703297,45.5,0,0,"(68.0, 116.0]",1,рекомендую всем эта нокиа очень крепкая и надёжная у меня не разу небыло чтобы она зависла
NEUTRAL,Очень хороший телефон советую всем и цена подходящая,52,8,0,0,0,1,0.019230769230769232,52.0,0,0,"(19.52, 68.0]",0,очень хороший телефон советую всем и цена подходящая
NEGATIVE,"У меня айфон 3г 16гб Было много статей по поводу того, что экспрес-мьюзик 5800 лучше яблокотелефона. Я, как пользователь и того, и того, могу сообщить, что из этого правда. Лишь две вещи - звук из динамиков(нокия действительно лучше и громче проигрывает музыку) и разрешение камеры(в нокии 3,2 а в айфоне 2. Хотя тут я бы посмотрел на качество снимков и того и того...)). Все остальное - маразм. Я являюсь учеником 9 класса, казалось бы, 5800 просто отличный телефон для меня.",476,80,7,0,0,7,0.014705882352941176,68.0,0,0,"(452.0, 500.0]",-1,у меня айфон г гб было много статей по поводу того что экспрес мьюзик лучше яблокотелефона я как пользователь и того и того могу сообщить что из этого правда лишь две вещи звук из динамиков нокия действительно лучше и громче проигрывает музыку и разрешение камеры в нокии а в айфоне хотя тут я бы посмотрел на качество снимков и того и того все остальное маразм я являюсь учеником класса казалось бы просто отличный телефон для меня
POSITIVE,"моему телефону скоро 2 годика, не могу ему нарадоваться по сей день. Не люблю привыкать к новым вещам. Не люблю когда вещи стареют и выходят из строя через день после завершения гарантии. Этот девайс - та самая находка качественной и долговечной продукции, которой так сейчас не хватает на рынке. Кто-то здесь написал, что телефон нельзя настроить под себя. Ха. Ну цвет интерфейса и шрифт тут и правда хрен настроишь.",417,69,7,0,0,6,0.014388489208633094,59.57142857142857,0,0,"(404.0, 452.0]",1,моему телефону скоро годика не могу ему нарадоваться по сей день не люблю привыкать к новым вещам не люблю когда вещи стареют и выходят из строя через день после завершения гарантии этот девайс та самая находка качественной и долговечной продукции которой так сейчас не хватает на рынке кто то здесь написал что телефон нельзя настроить под себя ха ну цвет интерфейса и шрифт тут и правда хрен настроишь
POSITIVE,"Покупал на официальном сайте, немного напрягала доставка. 9-10 дней с момента заказа. Телефон сам по себе хороший, яркий чёткий экран, два динамика дают хороший и громкий звук, к размерам достаточно быстро привык. Игры идут на ура, фризов пока нигде не встречал. У телефона огромная проблема, вот прям большая. Несмотря на ёмкость аккумы, хватает её при активном использовании (игры) на 4-5 часов, экран на полной яркости успешно сжирает заряд.",444,68,6,0,0,5,0.01126126126126126,74.0,0,0,"(404.0, 452.0]",1,покупал на официальном сайте немного напрягала доставка дней с момента заказа телефон сам по себе хороший яркий чёткий экран два динамика дают хороший и громкий звук к размерам достаточно быстро привык игры идут на ура фризов пока нигде не встречал у телефона огромная проблема вот прям большая несмотря на ёмкость аккумы хватает её при активном использовании игры на часов экран на полной яркости успешно сжирает заряд
POSITIVE,Идеальный выбор за свои деньги.,31,5,1,0,0,1,0.03225806451612903,31.0,0,0,"(19.52, 68.0]",1,идеальный выбор за свои деньги
NEGATIVE,"Телефон очень приятный, аккуратный и привлекательный. Самый большой недостаток - аккумулятор. Из-за него я НЕ РЕКОМЕНДУЮ покупать данную модель.",144,19,3,0,0,15,0.10416666666666667,48.0,0,0,"(116.0, 164.0]",-1,телефон очень приятный аккуратный и привлекательный самый большой недостаток аккумулятор из за него я не рекомендую покупать данную модель
POSITIVE,"У меня взорвался мозг когда я недавно его включила и он идеально работает. Я его использовала 4,5 года, а потом купила новый и не ожидала что он ещё работает поэтому 5 звёзд.",174,32,2,0,0,2,0.011494252873563218,87.0,0,0,"(164.0, 212.0]",1,у меня взорвался мозг когда я недавно его включила и он идеально работает я его использовала года а потом купила новый и не ожидала что он ещё работает поэтому звёзд
POSITIVE,Своих денег стОит однозначно.,29,4,1,0,0,2,0.06896551724137931,29.0,0,0,"(19.52, 68.0]",1,своих денег стоит однозначно
NEGATIVE,"Ужас! Динамик лагает, нельзя перенести игры на карту памяти, а через 2 месяца вообще не хочет включаться, раньше просто не хотел играть в игры, советую тем кто ещё не приобрёл этот телефон и не покупать, фронтальная камера,боится воды,вечно надо протирать экран, быстро пачкается.",280,43,2,1,0,2,0.007142857142857143,140.0,0,0,"(260.0, 308.0]",-1,ужас динамик лагает нельзя перенести игры на карту памяти а через месяца вообще не хочет включаться раньше просто не хотел играть в игры советую тем кто ещё не приобрёл этот телефон и не покупать фронтальная камера боится воды вечно надо протирать экран быстро пачкается
NEUTRAL,в принципе качество и все функции соответствуют цене,52,8,0,0,0,0,0.0,52.0,0,0,"(19.52, 68.0]",0,в принципе качество и все функции соответствуют цене
NEGATIVE,"пока новый всем хорош, но не стоит покупать телефон на 1 год что б потом ломать голову при выборе другого да и денег жалко становиться. не советую брать !!!!!!!!",161,29,2,8,0,0,0.0,80.5,0,0,"(116.0, 164.0]",-1,пока новый всем хорош но не стоит покупать телефон на год что б потом ломать голову при выборе другого да и денег жалко становиться не советую брать
POSITIVE,"Телефон просто бомба за такие деньги и дизайн хорош, так же для игр нормально подходит советую",94,16,0,0,0,1,0.010638297872340425,94.0,0,0,"(68.0, 116.0]",1,телефон просто бомба за такие деньги и дизайн хорош так же для игр нормально подходит советую
NEUTRAL,Как первый тел можно купить ребенку.   Комментарий: Как первый тел можно купить ребенку.,88,13,2,0,0,3,0.03409090909090909,44.0,0,0,"(68.0, 116.0]",0,как первый тел можно купить ребенку комментарий как первый тел можно купить ребенку
NEGATIVE,"Пересев на него с андройда я сразу почувствовал разницу. В связи с отсутствием возможности передачи голоса в LTE при звонке он переходит на edge,теряя при этом не только связь по инету,но и связь по GSM.",203,35,2,0,0,8,0.03940886699507389,101.5,0,0,"(164.0, 212.0]",-1,пересев на него с андройда я сразу почувствовал разницу в связи с отсутствием возможности передачи голоса в lte при звонке он переходит на edge теряя при этом не только связь по инету но и связь по gsm
POSITIVE,"Составляю отзыв после 3-х недель использования 3-го Max'а. Так же сразу же перешедший от Max'а 2-й версии. Поэтому отзыв возможно будет не в полной мере объективным, как мог бы написать человек, который впервые взял в руки телефон таких размеров. Первое, что явно бросается в глаза - это очень и очень неплохой экран с приятной цветопередачей даже на около-минимальных значениях яркости. Серьёзно, чуть выше самого минимума и в тёмное время суток очень даже. Он действительно яркий.",482,75,6,0,0,8,0.016597510373443983,80.33333333333333,0,0,"(452.0, 500.0]",1,составляю отзыв после х недель использования го max а так же сразу же перешедший от max а й версии поэтому отзыв возможно будет не в полной мере объективным как мог бы написать человек который впервые взял в руки телефон таких размеров первое что явно бросается в глаза это очень и очень неплохой экран с приятной цветопередачей даже на около минимальных значениях яркости серьёзно чуть выше самого минимума и в тёмное время суток очень даже он действительно яркий
NEGATIVE,"Начну со стилуса.Держится он чуть-чуть в самом конце корпуса,т.е после того как его подцепил,то тут уже держи крепче,иначе он стремглав как пуля полетит на пол.SMS писать отрвратительно.Глючит по страшному и ни какая новая прошивка делу не поможет.Сенсорный дисплей крайне плохо работает,я бы даже сказал ужасно.Ну про камеру,музыку и т.д писать не буду,тут всё ""в лучших традициях Флая"",хотя в телефоне это не первостепенно.Тут я вижу люди делают акцент на дешевизну.",468,69,9,0,0,10,0.021367521367521368,52.0,0,0,"(452.0, 500.0]",-1,начну со стилуса держится он чуть чуть в самом конце корпуса т е после того как его подцепил то тут уже держи крепче иначе он стремглав как пуля полетит на пол sms писать отрвратительно глючит по страшному и ни какая новая прошивка делу не поможет сенсорный дисплей крайне плохо работает я бы даже сказал ужасно ну про камеру музыку и т д писать не буду тут всё в лучших традициях флая хотя в телефоне это не первостепенно тут я вижу люди делают акцент на дешевизну
NEGATIVE,"В расстройстве,неудачная покупка товара.Не рекомендую!",54,5,2,1,0,2,0.037037037037037035,27.0,0,0,"(19.52, 68.0]",-1,в расстройстве неудачная покупка товара не рекомендую
NEUTRAL,по профилю bluetooth A2DP аудиоплеер заработал где-то на третий день после сопряжения наушников,95,13,0,0,0,3,0.031578947368421054,95.0,0,0,"(68.0, 116.0]",0,по профилю bluetooth a dp аудиоплеер заработал где то на третий день после сопряжения наушников
POSITIVE,"Как известно идеальной во всех отношениях модели телефона нет, но это не просто отличный выбор, а еще и выбор удобства. Так, что совет один: подержать в руках. Мой выбор после того как взял его в руку стал очевиден и не принимал иного варианта.",244,43,3,0,0,3,0.012295081967213115,81.33333333333333,0,0,"(212.0, 260.0]",1,как известно идеальной во всех отношениях модели телефона нет но это не просто отличный выбор а еще и выбор удобства так что совет один подержать в руках мой выбор после того как взял его в руку стал очевиден и не принимал иного варианта
NEUTRAL,"Все необходимые приложения есть, обновляются регулярно, ошибки исправляются   Разочаровало время автономной работы (до последнего пользовался кнопочным С5-00). У меня от 100% заряда до выключения работает ~24 часа (в игры не играю; средняя интенсивность использования, всегда включены Wi-fi, LTE, GPS), т.е. заряжать надо каждый день без вариантов. За час зарядился с полной разрядки до 47% двухамперным зарядником. Т.е.",420,57,7,0,0,13,0.030952380952380953,60.0,0,0,"(404.0, 452.0]",0,все необходимые приложения есть обновляются регулярно ошибки исправляются разочаровало время автономной работы до последнего пользовался кнопочным с у меня от заряда до выключения работает часа в игры не играю средняя интенсивность использования всегда включены wi fi lte gps т е заряжать надо каждый день без вариантов за час зарядился с полной разрядки до двухамперным зарядником т е
POSITIVE,"Ну если вкратце то телефон очень качественно сделан и всё в нём работает правильно. На счёт неработоспособности 2-ух симкарт сразу, решается прописью кода(при определённой прошивке, в ином случае, надо сначало перепрошить девайс). Звук динамика вполне отличен, к нему нет нареканий Подсветка кнопок нижних в принципе и не нужна, просто из-за привычки к андроиду, даже ночью не промажешь по нужной кнопке.",404,60,3,0,0,4,0.009900990099009901,134.66666666666666,0,0,"(356.0, 404.0]",1,ну если вкратце то телефон очень качественно сделан и всё в нём работает правильно на счёт неработоспособности ух симкарт сразу решается прописью кода при определённой прошивке в ином случае надо сначало перепрошить девайс звук динамика вполне отличен к нему нет нареканий подсветка кнопок нижних в принципе и не нужна просто из за привычки к андроиду даже ночью не промажешь по нужной кнопке
POSITIVE,"Всем кому нужен хороший, но недорогой смарт советую.",52,8,1,0,0,1,0.019230769230769232,52.0,0,0,"(19.52, 68.0]",1,всем кому нужен хороший но недорогой смарт советую
NEGATIVE,"Сразу пришел в негодность от одного падения с высоты полутора метров, будучи в защитном чехле и не получив видимых повреждений. Отказал дисплей. При такой цене ожидал большей надежности. Телефон шлак.",200,30,4,0,0,4,0.02,50.0,0,0,"(164.0, 212.0]",-1,сразу пришел в негодность от одного падения с высоты полутора метров будучи в защитном чехле и не получив видимых повреждений отказал дисплей при такой цене ожидал большей надежности телефон шлак
NEGATIVE,не плохая удобная железка но не качественная. А также программное обеспечение очень сильно подводит. на мой взгляд уж лучше ANDROID.,132,20,3,0,0,8,0.06060606060606061,44.0,0,0,"(116.0, 164.0]",-1,не плохая удобная железка но не качественная а также программное обеспечение очень сильно подводит на мой взгляд уж лучше android
NEUTRAL,"Пользуюсь с декабря. первые 3 зарядки засекал - на сколько хватит: хватало на 40 дней (инетом и ВТ не пользуюсь, с 23 до 8 автоотключение, МП-3 много не слушал). крепкий, надежный. правда, задняя крышка у меня уже имеет покарябанность - ронял неоднократно. память вставить-вынуть - приходится вскрывать и извлекать акб. радует фонарик и запись разговоров на диктофон, правда пишет не более 5 минут и при заполнении памяти перестает писать.",439,69,6,0,0,5,0.011389521640091117,73.16666666666667,0,0,"(404.0, 452.0]",0,пользуюсь с декабря первые зарядки засекал на сколько хватит хватало на дней инетом и вт не пользуюсь с до автоотключение мп много не слушал крепкий надежный правда задняя крышка у меня уже имеет покарябанность ронял неоднократно память вставить вынуть приходится вскрывать и извлекать акб радует фонарик и запись разговоров на диктофон правда пишет не более минут и при заполнении памяти перестает писать
NEGATIVE,"В общем, этот телефон подойдет разве-что только позвонить, ну или детям можно подарить (цена не высокая), потому что они постоянно роняют телефоны. Я сам его ронял на пол, асфальт, а ему хоть бы хны!",199,34,2,1,0,2,0.010050251256281407,99.5,0,0,"(164.0, 212.0]",-1,в общем этот телефон подойдет разве что только позвонить ну или детям можно подарить цена не высокая потому что они постоянно роняют телефоны я сам его ронял на пол асфальт а ему хоть бы хны
NEGATIVE,Кошмарный аппарат жутко! если вы хотите нормальный аппарат то вам не к LG. И запомните то что коментам в инете не всегда можно доверять! Пока сам не попробуешь свое мнение не получишь.,184,32,4,2,0,5,0.02717391304347826,46.0,0,0,"(164.0, 212.0]",-1,кошмарный аппарат жутко если вы хотите нормальный аппарат то вам не к lg и запомните то что коментам в инете не всегда можно доверять пока сам не попробуешь свое мнение не получишь
NEUTRAL,Пропустив все вызовы за день хочеться его сдать..,49,8,1,0,0,1,0.02040816326530612,49.0,0,0,"(19.52, 68.0]",0,пропустив все вызовы за день хочеться его сдать
NEGATIVE,"Пользовалась телефоном где-то 2,5 года. ужаасный телефон, как бы это не звучало, но это так! уже в последние 1,5 года просто мечтала о новом телефоне. этот ужааасно тормозит, батарея также не очень, каждую ночь заряжала телефон. в общем, всё вроде как в недостатках описала понятно) слава Богу, теперь у меня новый телефон (Nokia E72- просто прелесть), а о прошлом телефоне я даже вспоминать не хочу.. выбор за вами)",416,68,5,1,0,4,0.009615384615384616,83.2,0,0,"(404.0, 452.0]",-1,пользовалась телефоном где то года ужаасный телефон как бы это не звучало но это так уже в последние года просто мечтала о новом телефоне этот ужааасно тормозит батарея также не очень каждую ночь заряжала телефон в общем всё вроде как в недостатках описала понятно слава богу теперь у меня новый телефон nokia e просто прелесть а о прошлом телефоне я даже вспоминать не хочу выбор за вами
NEUTRAL,"Если вам не нужны игры и интернет, берите обычную звонилку, а нокиа с5 по сути звонилка за 8 тыщ. Гораздо лучше тот же E72. А нынешние сенсоры очень удобны и всё под рукой, тем более покупая такой кнопочный смартфон, вы уже выделяетесь из толпы не в лучшую сторону. Да и вид нокии с5 явно бюджетный, никто не поверит что такой телефон стоит (или стоил) 8 тысяч.",361,66,4,0,0,5,0.013850415512465374,90.25,0,0,"(356.0, 404.0]",0,если вам не нужны игры и интернет берите обычную звонилку а нокиа с по сути звонилка за тыщ гораздо лучше тот же e а нынешние сенсоры очень удобны и всё под рукой тем более покупая такой кнопочный смартфон вы уже выделяетесь из толпы не в лучшую сторону да и вид нокии с явно бюджетный никто не поверит что такой телефон стоит или стоил тысяч
NEGATIVE,"Категорически не советую данный аппарат.Сам взял для разнообразия, думал что в нем должно быть все четко (на подобии айфона), но на самом деле нет. Я написал этот отзыв после того как у меня его украли,я его пытался заблокировать через свою учетную запись.После того как телефон вернули, ни какой блокировки не было (телефон находился в сети интернета)",352,56,3,0,0,4,0.011363636363636364,117.33333333333333,0,0,"(308.0, 356.0]",-1,категорически не советую данный аппарат сам взял для разнообразия думал что в нем должно быть все четко на подобии айфона но на самом деле нет я написал этот отзыв после того как у меня его украли я его пытался заблокировать через свою учетную запись после того как телефон вернули ни какой блокировки не было телефон находился в сети интернета
POSITIVE,"Телефон был куплен у перекупа с Али, и обошелся в 9300 р. соответственно тел. не РСТ, даже зарядка не под наши розетки, но прошивка с нормальным русским языком и шрифтом, ошибок выявлено не было - все как в ""нашем"" магазине.",224,40,3,0,0,5,0.022321428571428572,74.66666666666667,0,0,"(212.0, 260.0]",1,телефон был куплен у перекупа с али и обошелся в р соответственно тел не рст даже зарядка не под наши розетки но прошивка с нормальным русским языком и шрифтом ошибок выявлено не было все как в нашем магазине
NEGATIVE,лучше не берите этот телефон!!! в прошлом году он стоял 6500 и за такие деньги я ожидала лучшего...,99,18,2,3,0,0,0.0,49.5,0,0,"(68.0, 116.0]",-1,лучше не берите этот телефон в прошлом году он стоял и за такие деньги я ожидала лучшего
NEGATIVE,"В общем при покупке выбирала между Explay и вот этим аппаратом, хотя по характеристикам они не отличались я купила тот что подороже, сейчас жалею так как таких отзывов от Explay  не слышала, те кто решил купить подумайте.",221,37,1,0,0,3,0.013574660633484163,221.0,0,0,"(212.0, 260.0]",-1,в общем при покупке выбирала между explay и вот этим аппаратом хотя по характеристикам они не отличались я купила тот что подороже сейчас жалею так как таких отзывов от explay не слышала те кто решил купить подумайте
NEUTRAL,"Купил сразу после старта продаж в сентябре 2015 года. Тогда 35 тр за телефон было не мало. Через два месяца разбил экран и отколол нижнюю часть корпуса, ремонт не целесообразен.  О ударопрочности аппарата: выходил из машины , телефон в руке, поскользнулся на льду и упал всем весом (100 кг) на руку в которой был телефон экраном вниз. Отколол нижний угол корпуса, экран потрескался, но телефон при этом работал.  Аппарат так понравился, что купил такой же новый.",462,76,6,0,0,6,0.012987012987012988,77.0,0,0,"(452.0, 500.0]",0,купил сразу после старта продаж в сентябре года тогда тр за телефон было не мало через два месяца разбил экран и отколол нижнюю часть корпуса ремонт не целесообразен о ударопрочности аппарата выходил из машины телефон в руке поскользнулся на льду и упал всем весом кг на руку в которой был телефон экраном вниз отколол нижний угол корпуса экран потрескался но телефон при этом работал аппарат так понравился что купил такой же новый
NEGATIVE,"Технические характеристики вполне стандартные, а вот прочность экрана явно не ровня аналогам :(",95,13,0,0,0,1,0.010526315789473684,95.0,0,0,"(68.0, 116.0]",-1,технические характеристики вполне стандартные а вот прочность экрана явно не ровня аналогам
NEGATIVE,"Издалека – как айфон и даже лучше, вблизи – кроссовки абибас.",61,11,1,0,0,1,0.01639344262295082,61.0,0,0,"(19.52, 68.0]",-1,издалека как айфон и даже лучше вблизи кроссовки абибас
NEGATIVE,"В общем, судите сами...",23,4,1,0,0,1,0.043478260869565216,23.0,0,0,"(19.52, 68.0]",-1,в общем судите сами
POSITIVE,сам являюсь фанатом moto. был до этого moto raizer в россию не поставлялся. купил на сером рынке..,98,17,3,0,0,0,0.0,32.666666666666664,0,0,"(68.0, 116.0]",1,сам являюсь фанатом moto был до этого moto raizer в россию не поставлялся купил на сером рынке
NEGATIVE,"покупала как только появился... но уже через 2 месяца столкнулась с первой проблемой - зеркало что на внешней понели треснуло. от перемены температуры. из квартиры на улицу. ели нашла комплектующее. заменили с проблемой. затем сломалась единица. на клавиатуре. часто вырубается сам когда захочет и главно что до сих пор возмущает - облезло все серебро. буквально сразу слезла пленка. могли бы уже за такие деньги, а стоил он тогда 600 баксов) и сделать его в метал корпусе а не наклеить пленку.",494,80,11,0,0,0,0.0,44.90909090909091,0,0,"(452.0, 500.0]",-1,покупала как только появился но уже через месяца столкнулась с первой проблемой зеркало что на внешней понели треснуло от перемены температуры из квартиры на улицу ели нашла комплектующее заменили с проблемой затем сломалась единица на клавиатуре часто вырубается сам когда захочет и главно что до сих пор возмущает облезло все серебро буквально сразу слезла пленка могли бы уже за такие деньги а стоил он тогда баксов и сделать его в метал корпусе а не наклеить пленку
NEUTRAL,"Мои основные требования на момент покупки:1. Удобство использования в а\м (навигатор, клавиатура, держатель, зарядник)2. Возможность использования как навигатор.3. Строгий дизайн4. Известный производитель.Телефон очень нравится своими данными. За два года использования очень привык.. Даже вышеописанные нарекания (поломанный корпус и нехватку оперативной памяти для некоторых задач) не мотивируют менять на другой. Т. к. очень привык.",435,53,12,0,0,9,0.020689655172413793,36.25,0,0,"(404.0, 452.0]",0,мои основные требования на момент покупки удобство использования в а м навигатор клавиатура держатель зарядник возможность использования как навигатор строгий дизайн известный производитель телефон очень нравится своими данными за два года использования очень привык даже вышеописанные нарекания поломанный корпус и нехватку оперативной памяти для некоторых задач не мотивируют менять на другой т к очень привык
POSITIVE,"Как привез, сразу перепрошил. Теперь можно и игры скачивать бесплатно и проги. Софта на него немероно, главное знать где искать!! Заливаю и смотрю пачками.",155,24,4,2,0,4,0.025806451612903226,38.75,0,0,"(116.0, 164.0]",1,как привез сразу перепрошил теперь можно и игры скачивать бесплатно и проги софта на него немероно главное знать где искать заливаю и смотрю пачками
POSITIVE,"Камера очень хорошая! При наклееном защитном стекле - сканер отпечатка пальца не работает. Блокировка не так важна, а вот пароли, которые заменяет Samsung Pass вводить не удобно.  Телефон рекомендую.",199,29,4,1,0,6,0.03015075376884422,49.75,0,0,"(164.0, 212.0]",1,камера очень хорошая при наклееном защитном стекле сканер отпечатка пальца не работает блокировка не так важна а вот пароли которые заменяет samsung pass вводить не удобно телефон рекомендую
NEGATIVE,этот телефон хорошо если на очень короткий период времени брать что бы потом взять нормальный хороший телефон . Так что если вы хотите взять на длительное время то советую лучше воздержатся от данной модели,206,34,1,0,0,1,0.0048543689320388345,206.0,0,0,"(164.0, 212.0]",-1,этот телефон хорошо если на очень короткий период времени брать что бы потом взять нормальный хороший телефон так что если вы хотите взять на длительное время то советую лучше воздержатся от данной модели
POSITIVE,"Качественный стильный телефон, в кармане не ощущается, мелодии красиво играет.",78,10,1,0,0,1,0.01282051282051282,78.0,0,0,"(68.0, 116.0]",1,качественный стильный телефон в кармане не ощущается мелодии красиво играет
NEGATIVE,"К сожалению, все достоинства перечеркиваются одним недостатком - нет календаря и на экран невозможно вывести день недели. Для стариков это суперважно, т. к. они не помнят ни числа ни тем более дня недели. Пришлось отдать, т. к. старому человеку он бесполезен.",259,41,7,0,0,3,0.011583011583011582,37.0,0,0,"(212.0, 260.0]",-1,к сожалению все достоинства перечеркиваются одним недостатком нет календаря и на экран невозможно вывести день недели для стариков это суперважно т к они не помнят ни числа ни тем более дня недели пришлось отдать т к старому человеку он бесполезен
POSITIVE,"Отличный аппарат ,заслуживает хорошую оценку пользователя, надежен,очень доволен им =))",87,10,0,0,0,1,0.011494252873563218,87.0,0,0,"(68.0, 116.0]",1,отличный аппарат заслуживает хорошую оценку пользователя надежен очень доволен им
POSITIVE,"Купил, как основной телефон и не пожалел! Игры тянет на ура! Жаль, где samsung ловил wi-fi его на этом устройстве нет...",120,21,3,2,0,3,0.025,40.0,0,0,"(116.0, 164.0]",1,купил как основной телефон и не пожалел игры тянет на ура жаль где samsung ловил wi fi его на этом устройстве нет
POSITIVE,"Я давняя поклонница фирмы Samsung, давным-давно пользовалась С110 4 года, потом с перерывом легендарным galaxy s3 5 лет. S3 уже, конечно, был выжат как лимон и оооочень тормозил, устарел физически и морально. Поэтому после него j5 стал как свежий воздух. Пока никаких нареканий, надеюсь, тоже прослужит не один год)",315,49,3,0,0,6,0.01904761904761905,105.0,0,0,"(308.0, 356.0]",1,я давняя поклонница фирмы samsung давным давно пользовалась с года потом с перерывом легендарным galaxy s лет s уже конечно был выжат как лимон и оооочень тормозил устарел физически и морально поэтому после него j стал как свежий воздух пока никаких нареканий надеюсь тоже прослужит не один год
NEGATIVE,В целом - плохо из-за неудовлетворительного выполнения телефоном основной своей функции. Продал после 2х мес мучительного использования. Не рекомендую.,151,19,3,0,0,3,0.019867549668874173,50.333333333333336,0,0,"(116.0, 164.0]",-1,в целом плохо из за неудовлетворительного выполнения телефоном основной своей функции продал после х мес мучительного использования не рекомендую
POSITIVE,"-У кого-то перегревается, но у меня всё ОК с этим. -Чехлов мало? на aliexpress их изобилие, на любой вкус и цвет, доставка 2-4 недели -До этого был Alcatel idol x 6040, камера 13, но этот лучше фоткает В общем я более чем доволен телефоном.",240,44,3,0,1,7,0.029166666666666667,80.0,0,0,"(212.0, 260.0]",1,у кого то перегревается но у меня всё ок с этим чехлов мало на aliexpress их изобилие на любой вкус и цвет доставка недели до этого был alcatel idol x камера но этот лучше фоткает в общем я более чем доволен телефоном
NEUTRAL,"Царапается даже от крошек хлеба! Заявленный звук из динамиков сравним с Xiaomi никакого эффекта стерео вы не получите. Купил,теперь хочу избавиться побыстрее! Материалы из которых сделан телефон оставляют желать лучшего! Не скупитесь ,возьмите Samsung или iPhone.",263,36,5,3,0,8,0.030418250950570342,52.6,0,0,"(260.0, 308.0]",0,царапается даже от крошек хлеба заявленный звук из динамиков сравним с xiaomi никакого эффекта стерео вы не получите купил теперь хочу избавиться побыстрее материалы из которых сделан телефон оставляют желать лучшего не скупитесь возьмите samsung или iphone
NEGATIVE,"В течении месяца горя не знал, совершенно адекватный телефон....НО потом началось. Сначала часы стали показывать не правильное время, показывали с большой задержкой после разблокировки экрана. Потом начались тормоза как с программами, так и с ПРИЕМОМ входящих вызовов т.е. ты уже ответил а тел в течении 6-8!!!!!!!! секунд продолжал вибрировать и звонить. Связь тоже пропадала-ужасно бесило!!!!",394,55,8,12,0,13,0.03299492385786802,49.25,0,0,"(356.0, 404.0]",-1,в течении месяца горя не знал совершенно адекватный телефон но потом началось сначала часы стали показывать не правильное время показывали с большой задержкой после разблокировки экрана потом начались тормоза как с программами так и с приемом входящих вызовов т е ты уже ответил а тел в течении секунд продолжал вибрировать и звонить связь тоже пропадала ужасно бесило
POSITIVE,"Пользуюсь уже 4 месяца, брал в нормальном магазине. Не китайский, а международный. Проблем ни разу не возникало. Сам не выключался, не зависал. С кнопкой все хорошо, не знаю возможно, что мне просто повезло. Но вообще лучше брать международную версию, там и проблем с прошивкой не будет.",287,46,6,0,0,6,0.020905923344947737,47.833333333333336,0,0,"(260.0, 308.0]",1,пользуюсь уже месяца брал в нормальном магазине не китайский а международный проблем ни разу не возникало сам не выключался не зависал с кнопкой все хорошо не знаю возможно что мне просто повезло но вообще лучше брать международную версию там и проблем с прошивкой не будет
POSITIVE,"На момент покупки - в 2012 году - смартфон этот только вышел и стоил что-то около 16 т. р. Все эти годы служил мне верой и правдой. Ни разу не ломался, хотя роняла на пол я его множество раз. Сейчас уже с ним имеются некоторые проблемы, которые возникают как раз из-за небольшого объема внутренней памяти, приходится постоянно подчищать кэш, иначе начинаются ""глюки"" (сам нажимает на экран, либо проблемы с инстаграмом, а именно с новыми его версиями, с первыми версиями проблем никогда не было).",496,83,5,0,0,4,0.008064516129032258,99.2,0,0,"(452.0, 500.0]",1,на момент покупки в году смартфон этот только вышел и стоил что то около т р все эти годы служил мне верой и правдой ни разу не ломался хотя роняла на пол я его множество раз сейчас уже с ним имеются некоторые проблемы которые возникают как раз из за небольшого объема внутренней памяти приходится постоянно подчищать кэш иначе начинаются глюки сам нажимает на экран либо проблемы с инстаграмом а именно с новыми его версиями с первыми версиями проблем никогда не было
NEGATIVE,"Телефон купил на замену старой нокии. Очень удобная вещь - 2 сим карты, благодаря которой  смог сократить расходы на сотовую связь в два раза. Сначала очень нравился, но то что он нереально тормозит испортило все впечатление о нем. Точно такой же телефон у девушки, с абсолютно схожими проблемами (ну только SD карта у нее работать до сих пор:))), так что ненавидим его теперь вместе)))) Сейчас ищу другой, тоже с 2-мя симками. Этот уже сильно раздражает.",455,75,5,0,0,8,0.017582417582417582,91.0,0,0,"(452.0, 500.0]",-1,телефон купил на замену старой нокии очень удобная вещь сим карты благодаря которой смог сократить расходы на сотовую связь в два раза сначала очень нравился но то что он нереально тормозит испортило все впечатление о нем точно такой же телефон у девушки с абсолютно схожими проблемами ну только sd карта у нее работать до сих пор так что ненавидим его теперь вместе сейчас ищу другой тоже с мя симками этот уже сильно раздражает
NEGATIVE,"Пользовался полгода. С тем, что камера никакая в принципе смирился, есть зеркалка. С тормозами мириться приходилось. Но когда DRWEB выявил троян в прошивке, я уже терпеть не стал. Перешивать было лень. Написал производителю, меня послали... на форум поддержки. А я думаю, откуда у меня всякие новые приложения появляются по очистке памяти, по безопасности и т.д. Почитал про этот троян, он как раз и служит для внедрения разных программ, а так же для похищения конфиденциальной информации.",489,75,10,0,0,13,0.026584867075664622,48.9,0,0,"(452.0, 500.0]",-1,пользовался полгода с тем что камера никакая в принципе смирился есть зеркалка с тормозами мириться приходилось но когда drweb выявил троян в прошивке я уже терпеть не стал перешивать было лень написал производителю меня послали на форум поддержки а я думаю откуда у меня всякие новые приложения появляются по очистке памяти по безопасности и т д почитал про этот троян он как раз и служит для внедрения разных программ а так же для похищения конфиденциальной информации
NEUTRAL,"Был куплен как рабочий телефон,удобно работать с сим-картами, сейчас используется как магнитола с выходом на колонки - заметил глюки обои сам по себе меняет на стандартные после часа воспроизведения, скидывает выбор сим-карты при звонке по умолчанию,не всегда срабатывает датчик приближения, короче подтупливает, использую 2 месяца. нет отдельной регулировки звука сообщений и звонка. короче обычный китайский телефон, больше не буду эксперементировать и покупать Explay.",471,63,3,0,0,2,0.004246284501061571,157.0,0,0,"(452.0, 500.0]",0,был куплен как рабочий телефон удобно работать с сим картами сейчас используется как магнитола с выходом на колонки заметил глюки обои сам по себе меняет на стандартные после часа воспроизведения скидывает выбор сим карты при звонке по умолчанию не всегда срабатывает датчик приближения короче подтупливает использую месяца нет отдельной регулировки звука сообщений и звонка короче обычный китайский телефон больше не буду эксперементировать и покупать explay
NEUTRAL,"Хороший недорогой вариант, я не особо заморачивался на разных дополнительных функциях, в первую очередь мне были важны 2 сим-карты и возможность использования мобильного интернета. Бюджетный, компактный, стильный и весьма удобный в использовании! По функциональности кстати в целом, на мой вгляд, не уступает более дорогим моделям.",331,45,3,1,0,3,0.00906344410876133,110.33333333333333,0,0,"(308.0, 356.0]",0,хороший недорогой вариант я не особо заморачивался на разных дополнительных функциях в первую очередь мне были важны сим карты и возможность использования мобильного интернета бюджетный компактный стильный и весьма удобный в использовании по функциональности кстати в целом на мой вгляд не уступает более дорогим моделям
POSITIVE,Это моя прелесть  (процессор куалком),37,5,0,0,0,1,0.02702702702702703,37.0,0,0,"(19.52, 68.0]",1,это моя прелесть процессор куалком
POSITIVE,"Отличный телефон за свои деньги,ни разу не пожалел,что купил, а с маленькими минусами можно мириться!",101,15,1,1,0,1,0.009900990099009901,101.0,0,0,"(68.0, 116.0]",1,отличный телефон за свои деньги ни разу не пожалел что купил а с маленькими минусами можно мириться
NEGATIVE,В комментариях не нуждается. Для использования непригоден.,58,7,2,0,0,2,0.034482758620689655,29.0,0,0,"(19.52, 68.0]",-1,в комментариях не нуждается для использования непригоден
POSITIVE,"Отлиный телефон!!! Советую брать всем, не пожалеете)))",54,7,1,3,0,2,0.037037037037037035,54.0,0,0,"(19.52, 68.0]",1,отлиный телефон советую брать всем не пожалеете
POSITIVE,"Очень доволен покупкой, за свои деньги он просто отличный! Камеры четкая, снимает прилично даже в темноте. Отлично держит заряд, да и вай фай радует! Влаги реально не боится, я с ним купался)) В общем всем советую эту модель, реально хорошая вещь!",247,41,4,3,0,5,0.020242914979757085,61.75,0,0,"(212.0, 260.0]",1,очень доволен покупкой за свои деньги он просто отличный камеры четкая снимает прилично даже в темноте отлично держит заряд да и вай фай радует влаги реально не боится я с ним купался в общем всем советую эту модель реально хорошая вещь
NEGATIVE,"Когда я его только включил, он работал очень быстро, но со временем начал дико тормозить и даже сброс не помогает. По этому я не советую данный товар.",150,27,2,0,0,2,0.013333333333333334,75.0,0,0,"(116.0, 164.0]",-1,когда я его только включил он работал очень быстро но со временем начал дико тормозить и даже сброс не помогает по этому я не советую данный товар
NEUTRAL,"Мой первый WP телефон после android, и я сильно разочарован. Не буду устраивать холивар и скажу только о тех вещах, который относятся к конкретной этой модели: Первое, о чем хотел бы сказать - энергопотребление...оно пока откровенно огорчает. Для того, чтоб добиться 6% жора батарейки за ночь (6 часов) пришлось снести весь сторонний софт и отключить все синхронизации! Но согласитесь, какой это смартфон? Без таких мер за ночь уходило более 12%.",446,70,6,1,1,8,0.017937219730941704,74.33333333333333,0,0,"(404.0, 452.0]",0,мой первый wp телефон после android и я сильно разочарован не буду устраивать холивар и скажу только о тех вещах который относятся к конкретной этой модели первое о чем хотел бы сказать энергопотребление оно пока откровенно огорчает для того чтоб добиться жора батарейки за ночь часов пришлось снести весь сторонний софт и отключить все синхронизации но согласитесь какой это смартфон без таких мер за ночь уходило более
NEGATIVE,"Не телефон, а деньги, выброшенные на ветер.",43,7,1,0,0,1,0.023255813953488372,43.0,0,0,"(19.52, 68.0]",-1,не телефон а деньги выброшенные на ветер
POSITIVE,"Использовала телефон около 5 лет. Ни разу не глючил, не доставлял неудобств! Сейчас уже надо менять батарею, чинить динамик, менять верхнее стекло. Решила, что пора бы уже купить новый, но расстаюсь со старым другом не без сожаления",232,37,3,1,0,4,0.017241379310344827,77.33333333333333,0,0,"(212.0, 260.0]",1,использовала телефон около лет ни разу не глючил не доставлял неудобств сейчас уже надо менять батарею чинить динамик менять верхнее стекло решила что пора бы уже купить новый но расстаюсь со старым другом не без сожаления
POSITIVE,"Ну вот и пришло время написать свой отзыв. Пользуюсь им уже 9 месяцев, полностью всем доволен. Были поломки, 1 раз слитало программное обеспечение, 2 раз перестал работать полифонический динамик, 3раз случайно разбил экран... Но все это отремонтированно.... Сейчас все в порядке отличная модель... В маркете есть все что нужно... И люди которые пишут что этот телефон отстой, пусть для начала попробуют им пользоваться!!!",421,63,7,3,0,7,0.0166270783847981,60.142857142857146,0,0,"(404.0, 452.0]",1,ну вот и пришло время написать свой отзыв пользуюсь им уже месяцев полностью всем доволен были поломки раз слитало программное обеспечение раз перестал работать полифонический динамик раз случайно разбил экран но все это отремонтированно сейчас все в порядке отличная модель в маркете есть все что нужно и люди которые пишут что этот телефон отстой пусть для начала попробуют им пользоваться
POSITIVE,"Изначально не планировала брать этот телефон, точнее телефон с системой win phone, поскольку уже был и хотелось разнообразия. Но когда увидела, что у него офигенная емкость батареи, шустренький и имеет отличную камеру - решилась",228,34,1,0,0,2,0.008771929824561403,228.0,0,0,"(212.0, 260.0]",1,изначально не планировала брать этот телефон точнее телефон с системой win phone поскольку уже был и хотелось разнообразия но когда увидела что у него офигенная емкость батареи шустренький и имеет отличную камеру решилась
NEGATIVE,"Купил телефон в августе 2017 года, понравился визуально, неплохие заявленные характеристики. Первый месяц все было хорошо, вначале отклеились лишь название ASUS на задней крышке, потом стало ухудшаться качество звука через микрофон, потом уже разговаривать можно стало только через громкую связь. Плата микрофона была заменена, меня стали слышать. Через какое то время стал гораздо хуже ловить сеть, там где раньше работал без проблем. В довершении ко всему 3 дня назад перестала работать камера.",496,72,5,0,0,9,0.018145161290322582,99.2,0,0,"(452.0, 500.0]",-1,купил телефон в августе года понравился визуально неплохие заявленные характеристики первый месяц все было хорошо вначале отклеились лишь название asus на задней крышке потом стало ухудшаться качество звука через микрофон потом уже разговаривать можно стало только через громкую связь плата микрофона была заменена меня стали слышать через какое то время стал гораздо хуже ловить сеть там где раньше работал без проблем в довершении ко всему дня назад перестала работать камера
NEGATIVE,"Удивительно, что Samsung до сих унижает своих пользователей, устанавливая одну цену для смартфонов на асболютно разных процессорах. А пользователи все терпят. Понимаю, что для кого-то не важна разница в скорости, производительности и расходовании батареи, но должны же быть границы. Exynos хуже не только в синтетических тестах и играх как говорят блогеры. В повседневном использовании это тоже легко заметить.",410,58,5,0,0,6,0.014634146341463415,82.0,0,0,"(404.0, 452.0]",-1,удивительно что samsung до сих унижает своих пользователей устанавливая одну цену для смартфонов на асболютно разных процессорах а пользователи все терпят понимаю что для кого то не важна разница в скорости производительности и расходовании батареи но должны же быть границы exynos хуже не только в синтетических тестах и играх как говорят блогеры в повседневном использовании это тоже легко заметить
POSITIVE,"Телефон отличный! Всем советую. Батареии мне хватает, а пользуюсь телефоном постоянно (WI-FI, ICQ, Фотоаппарат, плеер). Никаких глюков с проигрывателем или ""слишком тихий звук"" не наблюдал и гарнитурка в комплекте норм, хотя лучше купить качественную. Сборка финская",266,36,4,1,0,13,0.04887218045112782,66.5,0,0,"(260.0, 308.0]",1,телефон отличный всем советую батареии мне хватает а пользуюсь телефоном постоянно wi fi icq фотоаппарат плеер никаких глюков с проигрывателем или слишком тихий звук не наблюдал и гарнитурка в комплекте норм хотя лучше купить качественную сборка финская
POSITIVE,"Внешний вид: однозначно пять. Выглядит свежее чем яблоко, лаконичней, чем самсунг. В руке удобно, по боковым линиям действительно почти нет рамки: при погашенном дисплее ощущение их полного отсутствия, при включенном - видна рамка ок. 1 мм. Это несет в себе единственный минус: предлагаемые защитные стекла не достают до боков телефона ок. 3 мм. Для обычных телефонов это может и приемлемо, но тут это ужасно неэстетично и даже мешает, например, набору текста.",460,71,7,0,0,5,0.010869565217391304,65.71428571428571,0,0,"(452.0, 500.0]",1,внешний вид однозначно пять выглядит свежее чем яблоко лаконичней чем самсунг в руке удобно по боковым линиям действительно почти нет рамки при погашенном дисплее ощущение их полного отсутствия при включенном видна рамка ок мм это несет в себе единственный минус предлагаемые защитные стекла не достают до боков телефона ок мм для обычных телефонов это может и приемлемо но тут это ужасно неэстетично и даже мешает например набору текста
NEUTRAL,достойная business-модель,25,2,0,0,0,0,0.0,25.0,0,0,"(19.52, 68.0]",0,достойная business модель
NEGATIVE,"Выдали на работе. Увидел - расстроился. Малепусенький экран!!! Не понимаю КАК на таком маленьком экране можно нормально читать почту и серфить в нете!!! А просматривать файлы как??? Боюсь потерять зрение. Качество экрана тоже оставляет желать лучшего. Начал настраивать - депрессия! Сразу видно что делали его инженеры, никакого удобства, долго разбирался что и где. Все равно работает криво. Неудобная клавиатура, слишком мелкая и выпухлая, вечно промазываю мимо нужной буквы.",477,68,11,7,3,14,0.029350104821802937,43.36363636363637,0,0,"(452.0, 500.0]",-1,выдали на работе увидел расстроился малепусенький экран не понимаю как на таком маленьком экране можно нормально читать почту и серфить в нете а просматривать файлы как боюсь потерять зрение качество экрана тоже оставляет желать лучшего начал настраивать депрессия сразу видно что делали его инженеры никакого удобства долго разбирался что и где все равно работает криво неудобная клавиатура слишком мелкая и выпухлая вечно промазываю мимо нужной буквы
NEUTRAL,"Вообще отличный телефон,хотя имеет недостатки, и на данный момент есть модели лучше.. но на момент его выпуска в данной категории он был одним из лучших",152,25,1,0,0,1,0.006578947368421052,152.0,0,0,"(116.0, 164.0]",0,вообще отличный телефон хотя имеет недостатки и на данный момент есть модели лучше но на момент его выпуска в данной категории он был одним из лучших
NEUTRAL,"Сначала было тяжело найти наклейку на экран. Впринципе аппарат по такой цене норм. Купил телефон почти сразу, как он появился в России в продаже и пока (тьфу-тьфу) не пожалел.",175,29,3,0,0,4,0.022857142857142857,58.333333333333336,0,0,"(164.0, 212.0]",0,сначала было тяжело найти наклейку на экран впринципе аппарат по такой цене норм купил телефон почти сразу как он появился в россии в продаже и пока тьфу тьфу не пожалел
NEGATIVE,"цена ему 5000-6000 руб, не более",32,6,0,0,0,0,0.0,32.0,0,0,"(19.52, 68.0]",-1,цена ему руб не более
NEUTRAL,"Этот телефон прослужил мне с момента его выхода в продажу и по сент 16г. вышел из строя микрофон. использовал телефон по полной программе, работа обязывает. без чехлов и пленок внешний стал потрепанным. в аппаратной части это очень хороший телефон. БЕЗ тормозов, редкие лаги есть в любом телефоне. Камера супер, акум тоже нормально при бешеной нагрузке, да подзаряжаю, поэтому относительно, но реально очень лучше многих.",421,64,7,0,0,5,0.011876484560570071,60.142857142857146,0,0,"(404.0, 452.0]",0,этот телефон прослужил мне с момента его выхода в продажу и по сент г вышел из строя микрофон использовал телефон по полной программе работа обязывает без чехлов и пленок внешний стал потрепанным в аппаратной части это очень хороший телефон без тормозов редкие лаги есть в любом телефоне камера супер акум тоже нормально при бешеной нагрузке да подзаряжаю поэтому относительно но реально очень лучше многих
POSITIVE,Впечатления супер! После iphone 5s просто песня! Честно)),57,8,2,2,0,3,0.05263157894736842,28.5,0,0,"(19.52, 68.0]",1,впечатления супер после iphone s просто песня честно
NEUTRAL,"хороший, красивый, тонкий, стильный, эстетичный, но не идеальный. Для тех, кто ценит дизайн, но никак не практичность - с его блестящих гладких поверхностей придется постоянно сдувать пылинки, таскать его в чехле, класть на мягкое, чтобы не поцарапался - а царапинки быстро появляются) Пафосный, в общем, и вся цена - чисто за визуал.)",335,52,2,0,0,2,0.005970149253731343,167.5,0,0,"(308.0, 356.0]",0,хороший красивый тонкий стильный эстетичный но не идеальный для тех кто ценит дизайн но никак не практичность с его блестящих гладких поверхностей придется постоянно сдувать пылинки таскать его в чехле класть на мягкое чтобы не поцарапался а царапинки быстро появляются пафосный в общем и вся цена чисто за визуал
NEUTRAL,"Доступная цена, отличный телефон. Пользуюсь около трех месяцев,очень довольна! Ставлю 4 из-за памяти.",101,13,3,1,0,3,0.0297029702970297,33.666666666666664,0,0,"(68.0, 116.0]",0,доступная цена отличный телефон пользуюсь около трех месяцев очень довольна ставлю из за памяти
NEUTRAL,"Телефон, как аппарат очень хорош, но его оболочка с некоторыми глупыми недочётами всё портит. И это очень имиджевая штука, кстати.",130,20,2,0,0,2,0.015384615384615385,65.0,0,0,"(116.0, 164.0]",0,телефон как аппарат очень хорош но его оболочка с некоторыми глупыми недочётами всё портит и это очень имиджевая штука кстати
NEUTRAL,"В целом отличный телефон, очень нравится. Если не нужно много приложений - самое то. Если нужно - лучше взять Ace II.",117,21,3,0,0,6,0.05128205128205128,39.0,0,0,"(116.0, 164.0]",0,в целом отличный телефон очень нравится если не нужно много приложений самое то если нужно лучше взять ace ii
NEUTRAL,"Как звонилка, очень приятная=)  Для себя я сделал вывод, что в следующий раз буду брать обыкновенный телефон=) Учитывая  что телефон это инструмент для связи и не более=)",170,27,0,0,0,3,0.01764705882352941,170.0,0,0,"(164.0, 212.0]",0,как звонилка очень приятная для себя я сделал вывод что в следующий раз буду брать обыкновенный телефон учитывая что телефон это инструмент для связи и не более
NEGATIVE,оказывается на наш рынок приходят как европейские модели так и предназначенные для китайского рынка... частоты отличаются и соответственно у этой модели отличаются радиомодули ....получается что сигнал то есть то нет..... но чаще нет чем есть... живу в загородном доме в комнате напротив сигнал есть на полную...иду в другую.. нет сигнала...менял прошивки радимодуля...те еще пляски с бубном + горловое пение))) есть форум там таких полно людей http://lenovo-forums.,466,66,9,0,0,0,0.0,51.77777777777778,0,0,"(452.0, 500.0]",-1,оказывается на наш рынок приходят как европейские модели так и предназначенные для китайского рынка частоты отличаются и соответственно у этой модели отличаются радиомодули получается что сигнал то есть то нет но чаще нет чем есть живу в загородном доме в комнате напротив сигнал есть на полную иду в другую нет сигнала менял прошивки радимодуля те еще пляски с бубном горловое пение есть форум там таких полно людей http lenovo forums
NEUTRAL,"Не знаю почему, но этот телефон я очень люблю, не смотря на его недостатки. Вначале использования, он достаточно быстрый, но через несколько месяцев тормозит, батарея сильно нагревается. Разъем под наушники полетел уже через пол года. Корпус (у меня белый) очень маркий, появляются трещины, очень легко отхотят осколки от корпуса. Фронтальная камера не тянет на 2 мп. Совет берите телефон в черном корпусе)",406,62,5,0,0,6,0.014778325123152709,81.2,0,0,"(404.0, 452.0]",0,не знаю почему но этот телефон я очень люблю не смотря на его недостатки вначале использования он достаточно быстрый но через несколько месяцев тормозит батарея сильно нагревается разъем под наушники полетел уже через пол года корпус у меня белый очень маркий появляются трещины очень легко отхотят осколки от корпуса фронтальная камера не тянет на мп совет берите телефон в черном корпусе
NEUTRAL,"Телефон брала не для понта, а для работы. ""Дёшево и сердито"" :) Вцелом устраивает,еслиб не подвисал, цены бы ему не было",120,21,1,0,0,3,0.025,120.0,0,0,"(116.0, 164.0]",0,телефон брала не для понта а для работы дёшево и сердито вцелом устраивает еслиб не подвисал цены бы ему не было
POSITIVE,"Очень рада что купила именно этот смартфон. Интересная и простая в доступности операционная система, привыкла за пару дней. Быстро перекинула контакты, фото и всё необходимое с андроида через блютус. Телефон прекрасно ловит GPS, ни разу не подвел",246,37,3,0,0,7,0.028455284552845527,82.0,0,0,"(212.0, 260.0]",1,очень рада что купила именно этот смартфон интересная и простая в доступности операционная система привыкла за пару дней быстро перекинула контакты фото и всё необходимое с андроида через блютус телефон прекрасно ловит gps ни разу не подвел
NEGATIVE,"Купил супруге на ДР. Теперь стыдно перед ней, качество связи отвратное, где я galaxy5 нормально разговариваю, она мечется. Из месеца пользования перестали созваниваться, пользуемся перепиской через воцап, при разговоре ее не кто не понимает, одни обрывки фраз.Если хотите самсунг, только не это у...во.",302,43,5,0,0,6,0.019867549668874173,60.4,0,0,"(260.0, 308.0]",-1,купил супруге на др теперь стыдно перед ней качество связи отвратное где я galaxy нормально разговариваю она мечется из месеца пользования перестали созваниваться пользуемся перепиской через воцап при разговоре ее не кто не понимает одни обрывки фраз если хотите самсунг только не это у во
POSITIVE,"Выбирал в своё время нокиа (т.к. привык тогда к бренду), но продавец  посоветовал мне HTC. Этой моделью очень доволен.        Телефону более 4 лет - работает отлично,несмотря на то,что намокал,падал не один раз. Носил без чехлов, плёнок, панелек и прочей защитной продукции (зачастую валялся в кармане с посторонними предметами).",329,48,6,0,0,7,0.02127659574468085,54.833333333333336,0,0,"(308.0, 356.0]",1,выбирал в своё время нокиа т к привык тогда к бренду но продавец посоветовал мне htc этой моделью очень доволен телефону более лет работает отлично несмотря на то что намокал падал не один раз носил без чехлов плёнок панелек и прочей защитной продукции зачастую валялся в кармане с посторонними предметами
POSITIVE,"Смарт получился отличным, midle-high класса.Свою цену оправдывает на 99%, хотя есть баги, недоработки и т.д., хотя все это программные косяки.",142,20,4,0,0,2,0.014084507042253521,35.5,0,0,"(116.0, 164.0]",1,смарт получился отличным midle high класса свою цену оправдывает на хотя есть баги недоработки и т д хотя все это программные косяки
NEUTRAL,"АКБ-работает на 2_х симках 1.5 суток(с 3G+) много звонков и интернет,карты,мессенджеры.Вполне хороший результат. Урезанность(некоторая)меню компенсируется прогами из маркета.Зато нет ненужного не удаляемого мусора.Дискомфорта не испытал. Приём сетей хороший,в режиме 4G отображает низкий уровень сети и жрёт акб(как и все впрочем) Режим энергосбережения,классная штука,причём можно настроить под себя(сотовые данные и т.д.) На обеих симках настраиваются режимы соты как захотите 3G.LTE.2G.off.",493,59,12,0,0,17,0.034482758620689655,41.083333333333336,0,0,"(452.0, 500.0]",0,акб работает на _х симках суток с g много звонков и интернет карты мессенджеры вполне хороший результат урезанность некоторая меню компенсируется прогами из маркета зато нет ненужного не удаляемого мусора дискомфорта не испытал приём сетей хороший в режиме g отображает низкий уровень сети и жрёт акб как и все впрочем режим энергосбережения классная штука причём можно настроить под себя сотовые данные и т д на обеих симках настраиваются режимы соты как захотите g lte g off
NEUTRAL,А так телефон хорош),20,4,0,0,0,1,0.05,20.0,0,0,"(19.52, 68.0]",0,а так телефон хорош
NEUTRAL,"Телефон очень хороший! Удобный, стильный, красивый....))) Уже у меня больше года, ни единой царапинки! Но переодически немного похрипывает динамик и может немного поглючить, если садится батарея... (Но она может не садиться, при активном слушании музыки, очень долго!!!) Так что вполне достойный выбор",301,42,5,5,0,6,0.019933554817275746,60.2,0,0,"(260.0, 308.0]",0,телефон очень хороший удобный стильный красивый уже у меня больше года ни единой царапинки но переодически немного похрипывает динамик и может немного поглючить если садится батарея но она может не садиться при активном слушании музыки очень долго так что вполне достойный выбор
NEGATIVE,Вывод:не берите его это полное фуфло!,37,6,1,1,0,1,0.02702702702702703,37.0,0,0,"(19.52, 68.0]",-1,вывод не берите его это полное фуфло
NEUTRAL,"Просто диву даешься - ну как может аппарат с камерой более 20 мпх делать такие отстойные фото ! Что это , зачем и главное почему ??? Почему такой обман покупателя. Ну а как это еще назвать ? То, что должно было по идее стать главной фишкой и достоинством аппарата , почему то становится его главным разочарованием и главным недостатком. Сейчас просто остается молиться на свою Nokia N8 , которой уже 4-йгод, и которая по качеству фото просто уделывает хваленую Z1 в пух и прах.",477,84,6,1,4,9,0.018867924528301886,79.5,0,0,"(452.0, 500.0]",0,просто диву даешься ну как может аппарат с камерой более мпх делать такие отстойные фото что это зачем и главное почему почему такой обман покупателя ну а как это еще назвать то что должно было по идее стать главной фишкой и достоинством аппарата почему то становится его главным разочарованием и главным недостатком сейчас просто остается молиться на свою nokia n которой уже йгод и которая по качеству фото просто уделывает хваленую z в пух и прах
POSITIVE,"Люблю этот телефон, пользуюсь им уже четвертый год, и для андроида он отлично сохранился, пережил чуть ли не сотню падений и два потопления :) и все еще он живете всех живых. точно не собираюсь его менять пока сам не 'сдохнет', а произойдет это, я думаю, очень не скоро.",270,48,2,0,0,1,0.003703703703703704,135.0,0,0,"(260.0, 308.0]",1,люблю этот телефон пользуюсь им уже четвертый год и для андроида он отлично сохранился пережил чуть ли не сотню падений и два потопления и все еще он живете всех живых точно не собираюсь его менять пока сам не сдохнет а произойдет это я думаю очень не скоро
POSITIVE,"Купил в итоге этот телефон, предварительно прочитав отзывы на маркете. Скажу сразу планировал его использовать для выхода в интернет, работы с документами и непосредственно звонков (Как плеер и фотоаппарат телефон изначально не рассматривал).",242,33,2,0,0,3,0.012396694214876033,121.0,0,0,"(212.0, 260.0]",1,купил в итоге этот телефон предварительно прочитав отзывы на маркете скажу сразу планировал его использовать для выхода в интернет работы с документами и непосредственно звонков как плеер и фотоаппарат телефон изначально не рассматривал
NEGATIVE,"Накой я его себе купил? Да просто не думал что камера отстой, и батарея шлак. Думаю убью его быстро и больше не куплю аппараты данной марки....",143,26,3,0,1,3,0.02097902097902098,47.666666666666664,0,0,"(116.0, 164.0]",-1,накой я его себе купил да просто не думал что камера отстой и батарея шлак думаю убью его быстро и больше не куплю аппараты данной марки
POSITIVE,"Влагозащита на вышке, автономность на вышке, камера фантастическая, дизайн влюбляет!!! Он прекрасен. Ниже прикреплю фото побольше. Все фото сделаны мною и на это телефон huawei p30 pro)",185,27,3,3,0,4,0.021621621621621623,61.666666666666664,0,0,"(164.0, 212.0]",1,влагозащита на вышке автономность на вышке камера фантастическая дизайн влюбляет он прекрасен ниже прикреплю фото побольше все фото сделаны мною и на это телефон huawei p pro
NEGATIVE,"Данный аппарат приобрели жене в декабре. Ей понравился, но в день по 2-4 раза пропадала сеть, в итоге дозвониться до нее не возможно было. В общем пока сама в телефон не глянет и не перезагрузит, то никто не дозвонится. Покупали в сетевом магазине и через неделю принесли назад, поменяли на такой же и с ним та же история. В итоге магазин забрал на диагностику, прошло 20 дней и ответа не получили. Нам вернули деньги.В итоге: за цену 20000 можно купить телефон без такого косяка.",480,84,7,0,0,7,0.014583333333333334,68.57142857142857,0,0,"(452.0, 500.0]",-1,данный аппарат приобрели жене в декабре ей понравился но в день по раза пропадала сеть в итоге дозвониться до нее не возможно было в общем пока сама в телефон не глянет и не перезагрузит то никто не дозвонится покупали в сетевом магазине и через неделю принесли назад поменяли на такой же и с ним та же история в итоге магазин забрал на диагностику прошло дней и ответа не получили нам вернули деньги в итоге за цену можно купить телефон без такого косяка
POSITIVE,Оказался великоват для женской руки. Но уже почти привыкла )),61,10,1,0,0,2,0.03278688524590164,61.0,0,0,"(19.52, 68.0]",1,оказался великоват для женской руки но уже почти привыкла
POSITIVE,"Очень приятный во многих отношениях аппарат. Взял в подарок маме. Из альтернатив можно отметить LG Optimus One, который приобрел для себя - он покрупнее и минусов у него субъективно меньше. Но тем не менее, Samsung Galaxy Y - тоже очень хороший смартфон.",254,42,4,0,0,11,0.04330708661417323,63.5,0,0,"(212.0, 260.0]",1,очень приятный во многих отношениях аппарат взял в подарок маме из альтернатив можно отметить lg optimus one который приобрел для себя он покрупнее и минусов у него субъективно меньше но тем не менее samsung galaxy y тоже очень хороший смартфон
NEGATIVE,"Модель непригодная к использованию в работе из-за конструкции антенны. Жаль что поменял свой Desire S. Подумайте прежде чем покупать эту ""суперновинку""",151,21,2,0,0,5,0.033112582781456956,75.5,0,0,"(116.0, 164.0]",-1,модель непригодная к использованию в работе из за конструкции антенны жаль что поменял свой desire s подумайте прежде чем покупать эту суперновинку
POSITIVE,"Отличный Padfone, полностью оправдывает свою стоимость, несколько дней назад обновился до android 4.4.2 Была устранена масса ошибок и багов данного девайса. Использую уже больше полу года, всё устраивает, тянет все игры",219,31,3,0,0,4,0.0182648401826484,73.0,0,0,"(212.0, 260.0]",1,отличный padfone полностью оправдывает свою стоимость несколько дней назад обновился до android была устранена масса ошибок и багов данного девайса использую уже больше полу года всё устраивает тянет все игры
NEGATIVE,"Экран - это катастрофа. Телефон чудовищно скользкий, из карманов вылетает на ура, так я его и разбил. Вклеить экран смогли только с четвертой попытки, и то - в авторизованном сервисе Сони это сделали за 2.5 тысячи (только работа) и не гарантировали герметичность. Прошла пара месяцев и экран тихо треснул без всяких ударов — в этом я уверен, видимо, вклеили с перекосом. Ставить новый экран - опять десятка, не хочу. Телефон мне нравился, но он слишком дорого обходится.",470,77,7,0,0,7,0.014893617021276596,67.14285714285714,0,0,"(452.0, 500.0]",-1,экран это катастрофа телефон чудовищно скользкий из карманов вылетает на ура так я его и разбил вклеить экран смогли только с четвертой попытки и то в авторизованном сервисе сони это сделали за тысячи только работа и не гарантировали герметичность прошла пара месяцев и экран тихо треснул без всяких ударов в этом я уверен видимо вклеили с перекосом ставить новый экран опять десятка не хочу телефон мне нравился но он слишком дорого обходится
NEUTRAL,"Не плохая модель, за исключением небольших недоработок, который надеюсь со следующими обновлениями изменяться.",110,13,1,0,0,1,0.00909090909090909,110.0,0,0,"(68.0, 116.0]",0,не плохая модель за исключением небольших недоработок который надеюсь со следующими обновлениями изменяться
NEUTRAL,"Я купил данный смартфон себе как 2 устройство к своему iPhone 6 Plus. У меня международная версия L681H, прошивка тоже глобальная. В целом устройство не плохое, за свои деньги одно из лучших на рынке, еще и официально на российском рынке продается. Но смартфоном нельзя взять и пользоваться сразу, по крайней мере у меня было именно так.",337,56,4,0,0,8,0.02373887240356083,84.25,0,0,"(308.0, 356.0]",0,я купил данный смартфон себе как устройство к своему iphone plus у меня международная версия l h прошивка тоже глобальная в целом устройство не плохое за свои деньги одно из лучших на рынке еще и официально на российском рынке продается но смартфоном нельзя взять и пользоваться сразу по крайней мере у меня было именно так
POSITIVE,"Сочный, красивый, шустрый, умный телефон!!!",43,5,1,3,0,1,0.023255813953488372,43.0,0,0,"(19.52, 68.0]",1,сочный красивый шустрый умный телефон
NEUTRAL,"Общее впечатление такое:Покупал 2 таких аппарата.На обоих аппаратах собеседники говорят,что меня плохо слышно...приходится в прямом смысле орать,чтоб услышали...Так вот когда пользовался первым .сначала радовался ,что он такой яркий.долго держит батарею...но через 3 месяца начал глючить сенсорный экран..какие-то места на экране реагируют на прикосновения ,какие-то нет...так вот решил купить ещё раз такой аппарат...Купил второй раз этот аппарат..сначала работал хорошо..",473,58,11,0,0,5,0.010570824524312896,43.0,0,0,"(452.0, 500.0]",0,общее впечатление такое покупал таких аппарата на обоих аппаратах собеседники говорят что меня плохо слышно приходится в прямом смысле орать чтоб услышали так вот когда пользовался первым сначала радовался что он такой яркий долго держит батарею но через месяца начал глючить сенсорный экран какие то места на экране реагируют на прикосновения какие то нет так вот решил купить ещё раз такой аппарат купил второй раз этот аппарат сначала работал хорошо
NEUTRAL,"В общем телефон не плохой. Два года работал нормально, на третий подглючивает периодически отключался сам по себе, сейчас этого уже не наблюдаю. Несколько раз роняла, но это не как не повлияло на его работу. Месяц назад намок под дождем и теперь нижняя часть экрана не работает. Скажу прямо, неряшливым людям этот телефон не подходит)",334,54,4,0,0,5,0.014970059880239521,83.5,0,0,"(308.0, 356.0]",0,в общем телефон не плохой два года работал нормально на третий подглючивает периодически отключался сам по себе сейчас этого уже не наблюдаю несколько раз роняла но это не как не повлияло на его работу месяц назад намок под дождем и теперь нижняя часть экрана не работает скажу прямо неряшливым людям этот телефон не подходит
NEGATIVE,это всё ничего.за такую цену характеристики оправданы.НО.после полугода начались лаги.самопроизвольное вкл\выкл.начал жить своей жизнью.в общем это самый ужасный телефон который когда либо я покупал.даже ребёнку маленькому не покупайте.берегите его нервы.я покупал своей дочке.надеялся на лучшее.в общем лаги лаги и ещё раз они.подтупливать он начал через несколько дней после использования,390,49,12,0,0,2,0.005128205128205128,32.5,0,0,"(356.0, 404.0]",-1,это всё ничего за такую цену характеристики оправданы но после полугода начались лаги самопроизвольное вкл выкл начал жить своей жизнью в общем это самый ужасный телефон который когда либо я покупал даже ребёнку маленькому не покупайте берегите его нервы я покупал своей дочке надеялся на лучшее в общем лаги лаги и ещё раз они подтупливать он начал через несколько дней после использования
NEGATIVE,"ужасная модель. Качество сборки на троечку, приспособленность системы никакой. Синхронизация на два с большим минусом. Акамулятора надолго не хватает даже при умеренном пользовании. Софта для него мало, а тот что есть слабоват. Итог-НЕ ПОКУПАЙТЕ люди этот аппарат, ПОЖАЛЕЕТЕ!",275,38,6,1,0,25,0.09090909090909091,45.833333333333336,0,0,"(260.0, 308.0]",-1,ужасная модель качество сборки на троечку приспособленность системы никакой синхронизация на два с большим минусом акамулятора надолго не хватает даже при умеренном пользовании софта для него мало а тот что есть слабоват итог не покупайте люди этот аппарат пожалеете
POSITIVE,"Пользуюсь более двух месяцев. Ожидал подвоха со стороны этого телефона. Уж больно цена маленькая для заявленных характеристик. Но пока ""полет нормальный"". Все работает включая фронтальную камеру. Хочу дать несколько советов тем, кто имеет или хочет приобретать этот телефон. 1. Рекомендую поставить приложение GO Locker для разблокировки аппарата. При этом клавишей управления этой функции становиться качелька изменения громкости.",431,57,9,0,0,11,0.025522041763341066,47.888888888888886,0,0,"(404.0, 452.0]",1,пользуюсь более двух месяцев ожидал подвоха со стороны этого телефона уж больно цена маленькая для заявленных характеристик но пока полет нормальный все работает включая фронтальную камеру хочу дать несколько советов тем кто имеет или хочет приобретать этот телефон рекомендую поставить приложение go locker для разблокировки аппарата при этом клавишей управления этой функции становиться качелька изменения громкости
POSITIVE,"Купил вчера, быстро перегрузил все со старого аппарата и сегодня целый день получал удовольствие от Xperia Z3 Compact. Летом утопил почти новый Iphone 5s - забыл в шортах, когда пошел кататься на виндсерфинге. Восстановлению не подлежал. Вернулся на старый Xperia Arco, чтобы дождаться до осени, когда ожидался Iphone 6, после выхода которого долго присматривался и уговаривал себя его купить. Но в моей средней ладони 6-ка лежит не комфортно - одним пальцем не поработаешь, а я часто за рулем.",494,78,5,0,0,12,0.024291497975708502,98.8,0,0,"(452.0, 500.0]",1,купил вчера быстро перегрузил все со старого аппарата и сегодня целый день получал удовольствие от xperia z compact летом утопил почти новый iphone s забыл в шортах когда пошел кататься на виндсерфинге восстановлению не подлежал вернулся на старый xperia arco чтобы дождаться до осени когда ожидался iphone после выхода которого долго присматривался и уговаривал себя его купить но в моей средней ладони ка лежит не комфортно одним пальцем не поработаешь а я часто за рулем
POSITIVE,"При периодическом обновлении, грамотной настройке и подбору ПО и аксессуаров - телефон замечательный! После айфона 4 и ведроида - вообще замечательно смотрится!",160,22,2,2,0,4,0.025,80.0,0,0,"(116.0, 164.0]",1,при периодическом обновлении грамотной настройке и подбору по и аксессуаров телефон замечательный после айфона и ведроида вообще замечательно смотрится
NEGATIVE,"Модель неудачная, сырая, покупать не рекомендую.Ещё один совет, перед выходом в интренет проверьте настройки. По умолчанию он ставит автонастройки, которые приходят от оператора (МТС в моём случае) GPRS-WAP, а это в 10 раз дороже чем GPRS-Internet! (возможно это ""подарок"" от оператора конечно)",294,42,3,1,0,18,0.061224489795918366,98.0,0,0,"(260.0, 308.0]",-1,модель неудачная сырая покупать не рекомендую ещё один совет перед выходом в интренет проверьте настройки по умолчанию он ставит автонастройки которые приходят от оператора мтс в моём случае gprs wap а это в раз дороже чем gprs internet возможно это подарок от оператора конечно
NEGATIVE,Никогда не покупайте этот телефон,33,5,0,0,0,1,0.030303030303030304,33.0,0,0,"(19.52, 68.0]",-1,никогда не покупайте этот телефон
POSITIVE,"Офигенный телефон, большой и удобный, очень долго держит заряд, можно его не заряжать, или забыть и на утро следующего дня еще останется 50%. После этого телефона очень сложно подобрать что-либо аналогичное, чтобы так же держало заряд, и так же хорошо выглядело. Обязательно надо прошиться на MIUI 9, weekly, он начинат летать после этого и работать идеальнее, чем на 8 версии!",377,60,3,1,0,7,0.01856763925729443,125.66666666666667,0,0,"(356.0, 404.0]",1,офигенный телефон большой и удобный очень долго держит заряд можно его не заряжать или забыть и на утро следующего дня еще останется после этого телефона очень сложно подобрать что либо аналогичное чтобы так же держало заряд и так же хорошо выглядело обязательно надо прошиться на miui weekly он начинат летать после этого и работать идеальнее чем на версии
NEGATIVE,"Неплохой телефон, если не учитывать слабую батарею. Как смартфон - не доработан. Покупкой разочарована",102,14,2,0,0,3,0.029411764705882353,51.0,0,0,"(68.0, 116.0]",-1,неплохой телефон если не учитывать слабую батарею как смартфон не доработан покупкой разочарована
POSITIVE,"Аккумулятор это да) что то лджи поскупились,однако из сенсорных моделей лучше пока никто ничего предложить не смог,мне хватает на 2.5 дня ибо батарею сразу прокачал так как об этом сказано в инструкции) а вообще аппарат настолько хорош и так не хотелось бы обламываться из за какой то батареи что я купил себе ещё одну оригинальную) заряжаю её через ""лягушку"" и ношу с собой.",375,63,2,0,0,1,0.0026666666666666666,187.5,0,0,"(356.0, 404.0]",1,аккумулятор это да что то лджи поскупились однако из сенсорных моделей лучше пока никто ничего предложить не смог мне хватает на дня ибо батарею сразу прокачал так как об этом сказано в инструкции а вообще аппарат настолько хорош и так не хотелось бы обламываться из за какой то батареи что я купил себе ещё одну оригинальную заряжаю её через лягушку и ношу с собой
NEGATIVE,"Претензий к телефону нет, есть претензии и немой вопрос к себе - нахрена я это купил? Если вы собираетесь использовать смартфон как звонилку или хотите устроить забаву в духе разбей телефон о стену, то это хороший вариант. Попользовался недельку и продаю, т.к. нет ни малейшего желания ждать пока разработчики ПО нормально партируют программы на Win Phone.",356,56,5,0,1,7,0.019662921348314606,71.2,0,0,"(308.0, 356.0]",-1,претензий к телефону нет есть претензии и немой вопрос к себе нахрена я это купил если вы собираетесь использовать смартфон как звонилку или хотите устроить забаву в духе разбей телефон о стену то это хороший вариант попользовался недельку и продаю т к нет ни малейшего желания ждать пока разработчики по нормально партируют программы на win phone
NEUTRAL,"Заказ доставили на день позже срока. Когда звонил узнать, когда смогу получить заказ - мне начислили 200 бонусных рублей за нарушение сроков доставки, что меня приятно удивило.",176,27,2,0,0,2,0.011363636363636364,88.0,0,0,"(164.0, 212.0]",0,заказ доставили на день позже срока когда звонил узнать когда смогу получить заказ мне начислили бонусных рублей за нарушение сроков доставки что меня приятно удивило
POSITIVE,"Смартфон с 3 Гб оперативки и 32 Гб общей памяти по очень демократичной цене. В остальном - всё как у всех. Не тормозит. Фото, сделанные на улице - достойные. Можно поставить 2 сим-карты + карту памяти. Из минусов - чехол и стекло на экран по адекватной цене можно купить только в Китае. Это уже второй Alcatel 1S (2019) в нашей семье.",334,61,7,0,0,12,0.03592814371257485,47.714285714285715,0,0,"(308.0, 356.0]",1,смартфон с гб оперативки и гб общей памяти по очень демократичной цене в остальном всё как у всех не тормозит фото сделанные на улице достойные можно поставить сим карты карту памяти из минусов чехол и стекло на экран по адекватной цене можно купить только в китае это уже второй alcatel s в нашей семье
NEUTRAL,Для  звонилки хороший телефон. Пользуюсь год.,45,6,2,0,0,2,0.044444444444444446,22.5,0,0,"(19.52, 68.0]",0,для звонилки хороший телефон пользуюсь год
POSITIVE,"Покупал за 6500 Пермь, своих денег стоит, отличный аппарат, покупкой доволен. игры тянет, играю мало, антуту 19800",114,17,1,0,0,2,0.017543859649122806,114.0,0,0,"(68.0, 116.0]",1,покупал за пермь своих денег стоит отличный аппарат покупкой доволен игры тянет играю мало антуту
POSITIVE,"Аппаратом доволен. На самом деле я уже боялся, что Нокиа ничего путного не создаст. Рад, что ошибался.",102,17,3,0,0,4,0.0392156862745098,34.0,0,0,"(68.0, 116.0]",1,аппаратом доволен на самом деле я уже боялся что нокиа ничего путного не создаст рад что ошибался
NEUTRAL,"Брал жене на замену Highscreen Zerra F. Хороший смартфон с серьёзной батареей. Камера средненькая, но для аварийной съёмки нормально. Оболочка родная Андроидная. Лично для меня не хватает nfc.",192,28,5,0,0,9,0.046875,38.4,0,0,"(164.0, 212.0]",0,брал жене на замену highscreen zerra f хороший смартфон с серьёзной батареей камера средненькая но для аварийной съёмки нормально оболочка родная андроидная лично для меня не хватает nfc
NEUTRAL,"Телефон был доволен первый месяц, на текущий момент из-за гарантийного ремонта паршиво держит акб, задняя крышка имеет зазор 2мм в левом верхнем углу (если смотреть на тыльную сторону телефона). Слёт с гарантии по бредовой причине, обслуживал телефон у официалов на сухаревской. В целом телефоном остался доволен, как кончится карантин приведу его в нормальное состояние.",371,54,3,0,0,3,0.008086253369272238,123.66666666666667,0,0,"(356.0, 404.0]",0,телефон был доволен первый месяц на текущий момент из за гарантийного ремонта паршиво держит акб задняя крышка имеет зазор мм в левом верхнем углу если смотреть на тыльную сторону телефона слёт с гарантии по бредовой причине обслуживал телефон у официалов на сухаревской в целом телефоном остался доволен как кончится карантин приведу его в нормальное состояние
NEGATIVE,Лучше вообще ничего не брать если нет денег на телефон подороже. Купите лучше себе коньяк и девушке цветы.,106,18,2,0,0,2,0.018867924528301886,53.0,0,0,"(68.0, 116.0]",-1,лучше вообще ничего не брать если нет денег на телефон подороже купите лучше себе коньяк и девушке цветы
NEUTRAL,"В целом от телефона много хороших впечатлений, особенно за столь приемлемую цену,но все таки его самостоятельность бесит. У меня кстати в wi-fi никогда не работал, то есть просто ничего не загружал. Если думаете о покупке, все же лучше откажитесь, и выберите какой нибудь кнопочный телефон за эту же цену, но с меньшими глюками",327,53,2,0,0,3,0.009174311926605505,163.5,0,0,"(308.0, 356.0]",0,в целом от телефона много хороших впечатлений особенно за столь приемлемую цену но все таки его самостоятельность бесит у меня кстати в wi fi никогда не работал то есть просто ничего не загружал если думаете о покупке все же лучше откажитесь и выберите какой нибудь кнопочный телефон за эту же цену но с меньшими глюками
NEGATIVE,"купили маме этот телефон в августе 2012 года. вроде все было хорошо, не жаловалась, но ей особо ничего и не надо было особенного, главное недорогой. но тут сломала я свой iPhone и мне пришлось пока забрать её телефон. я просто прокляла тот день, когда мы его купили! во-первых, когда фотографируешься хоть на какую камеру или делаешь скрин звук раздаётся очень громко, и ЕГО НЕ ОТКЛЮЧИТЬ! Во-вторых, когда мне звонят идёт задержка звука на 2-3 секунды, тоже порядком достало!",475,78,6,3,0,16,0.03368421052631579,79.16666666666667,0,0,"(452.0, 500.0]",-1,купили маме этот телефон в августе года вроде все было хорошо не жаловалась но ей особо ничего и не надо было особенного главное недорогой но тут сломала я свой iphone и мне пришлось пока забрать её телефон я просто прокляла тот день когда мы его купили во первых когда фотографируешься хоть на какую камеру или делаешь скрин звук раздаётся очень громко и его не отключить во вторых когда мне звонят идёт задержка звука на секунды тоже порядком достало
NEUTRAL,"Телефон понравился, когда покупал, про камеру знал, про тормоза тоже из отзывов, поэтому сюрпризов не было. Отличная рабочая лошадка. Деньги свои оправдывает. Любителям крутых игрушек не советую. А так же инстаграмщикам - папарацци (камера не тянет) в остальном отличное решение. Советую для покупки. Lenovo выводит на рынок качетсвенные смарты. Думаю будет конкурировать с такими крутяками как HTC через пару лет.",414,60,8,0,0,11,0.026570048309178744,51.75,0,0,"(404.0, 452.0]",0,телефон понравился когда покупал про камеру знал про тормоза тоже из отзывов поэтому сюрпризов не было отличная рабочая лошадка деньги свои оправдывает любителям крутых игрушек не советую а так же инстаграмщикам папарацци камера не тянет в остальном отличное решение советую для покупки lenovo выводит на рынок качетсвенные смарты думаю будет конкурировать с такими крутяками как htc через пару лет
NEGATIVE,"Кому не нужна камера, берите эту модель! мне же камера нужна на работе постоянно! ставлю такую оценку из-за камеры! я не думал , что сейчас существуют камеры на телефонах без автофокуса.",186,31,4,3,0,1,0.005376344086021506,46.5,0,0,"(164.0, 212.0]",-1,кому не нужна камера берите эту модель мне же камера нужна на работе постоянно ставлю такую оценку из за камеры я не думал что сейчас существуют камеры на телефонах без автофокуса
NEUTRAL,"Отличный девайс но не без недостатков,как в прочем и у конкурентов. Написано многое,повторять нет смысла. Хочу только написать о двух минусах которые меня докучают: 1)Это батарея,многие тут нахваливают её (мол у меня хватает на 2-3 дня) но у меня максимум на день работы,к тому же заряжается долго. 2)Это боковые кнопки,постоянно случайно их нажимаю,лучше бы их сделали утопленными в корпус как в яблоке. На пять звёзд не тянет,но твёрдую четвёрку поставлю.",457,70,5,0,0,6,0.01312910284463895,91.4,0,0,"(452.0, 500.0]",0,отличный девайс но не без недостатков как в прочем и у конкурентов написано многое повторять нет смысла хочу только написать о двух минусах которые меня докучают это батарея многие тут нахваливают её мол у меня хватает на дня но у меня максимум на день работы к тому же заряжается долго это боковые кнопки постоянно случайно их нажимаю лучше бы их сделали утопленными в корпус как в яблоке на пять звёзд не тянет но твёрдую четвёрку поставлю
NEGATIVE,"был приобретённый данный телефон, в этот же день перестала ловится сеть, замена сим-карты не исправило проблему. Пришлось идти в гарантийный сервис, телефон изъяли на 40 дней, сделали проверку, выявили заводской брак. Затем по окончанию срока выдали новый восстановленный телефон. Данная ситуация оставила плохой отпечаток на отношении к продукции Apple.",354,49,4,0,0,4,0.011299435028248588,88.5,0,0,"(308.0, 356.0]",-1,был приобретённый данный телефон в этот же день перестала ловится сеть замена сим карты не исправило проблему пришлось идти в гарантийный сервис телефон изъяли на дней сделали проверку выявили заводской брак затем по окончанию срока выдали новый восстановленный телефон данная ситуация оставила плохой отпечаток на отношении к продукции apple
NEUTRAL,Хороший телефон.Брал за надёжность от LG.,41,6,2,0,0,4,0.0975609756097561,20.5,0,0,"(19.52, 68.0]",0,хороший телефон брал за надёжность от lg
POSITIVE,покупайте не думая это просто класс мне все нравится и даже очень.,66,12,1,0,0,0,0.0,66.0,0,0,"(19.52, 68.0]",1,покупайте не думая это просто класс мне все нравится и даже очень
NEUTRAL,"Модель старая, использую три года. Не раз роняла- ни царапинки. Расстроили акк, фронтальная камера и нагрев,а также подтормаживания. Иногда не могу ответить на вызов - решается блокировкой смартфона.",199,28,4,0,0,4,0.020100502512562814,49.75,0,0,"(164.0, 212.0]",0,модель старая использую три года не раз роняла ни царапинки расстроили акк фронтальная камера и нагрев а также подтормаживания иногда не могу ответить на вызов решается блокировкой смартфона
NEUTRAL,неплохой телефон жаль батарейка быстро садится,46,6,0,0,0,0,0.0,46.0,0,0,"(19.52, 68.0]",0,неплохой телефон жаль батарейка быстро садится
NEGATIVE,После почти года использования теперь ищу что-нибудь по лучше,61,9,0,0,0,1,0.01639344262295082,61.0,0,0,"(19.52, 68.0]",-1,после почти года использования теперь ищу что нибудь по лучше
NEGATIVE,"8 встроенных гб памяти, из которых 4,5 занято системой, категорически не хватает даже на минимальный набор приложений. Все новые приложения ставятся на встроенную память, несмотря на то, что в настройках указана микросд как место для установки по умолчанию. Обновления тоже не ставятся из-за отсутствия места в памяти, приходится сначала что-то удалять, но уже через полчаса-час места опять нет. Чем он его забивает с такой скоростью, я так и не разобралась.",458,70,4,0,0,3,0.006550218340611353,114.5,0,0,"(452.0, 500.0]",-1,встроенных гб памяти из которых занято системой категорически не хватает даже на минимальный набор приложений все новые приложения ставятся на встроенную память несмотря на то что в настройках указана микросд как место для установки по умолчанию обновления тоже не ставятся из за отсутствия места в памяти приходится сначала что то удалять но уже через полчаса час места опять нет чем он его забивает с такой скоростью я так и не разобралась
NEGATIVE,"Телефон своих денег не стоит, лучше купить iPhone 3GS за 10 000, чем пользоваться этим псевдо телефоном",103,17,0,0,0,4,0.038834951456310676,103.0,0,0,"(68.0, 116.0]",-1,телефон своих денег не стоит лучше купить iphone gs за чем пользоваться этим псевдо телефоном
NEUTRAL,"Очень пожалела, что делала последние два обновления, до них было гораздо лучше, не считая тормозов камеры.",106,16,1,0,0,1,0.009433962264150943,106.0,0,0,"(68.0, 116.0]",0,очень пожалела что делала последние два обновления до них было гораздо лучше не считая тормозов камеры
NEUTRAL,"Для тех, кто часто проверят баланс своего счета, прошу обратить внимание! Функция не доступна! На всех моих предыдущих телефонах проверка баланса записана на ""Быстром наборе"" под кнопкой 2. Если нажать и удерживать кнопку 2 идет запрос баланса, информация поступает от оператора, я нажимаю кнопку ""Выйти"", и после этого появляется чистый экран телефона. Необходимо нажать кнопку ""Домик"". После этой операции появляется обычный рабочий экран. Мне это надо? Сдавал в официальный сервис, по гарантии.",497,72,8,2,1,11,0.022132796780684104,62.125,0,0,"(452.0, 500.0]",0,для тех кто часто проверят баланс своего счета прошу обратить внимание функция не доступна на всех моих предыдущих телефонах проверка баланса записана на быстром наборе под кнопкой если нажать и удерживать кнопку идет запрос баланса информация поступает от оператора я нажимаю кнопку выйти и после этого появляется чистый экран телефона необходимо нажать кнопку домик после этой операции появляется обычный рабочий экран мне это надо сдавал в официальный сервис по гарантии
NEUTRAL,"Брал из-за GPS и защищенности. Мочить не мочил, но ронял, работает. Хотя стекло на экране пластиковое, а не каленое, как пишут в рекламе. Специально поцарапал его в уголке ключиком - осталась царапина. После установки Яндекс карт решил, что в городе не потеряетесь и без GPS, а смотреть пробки он вообще не нужен. После SE K750 был несколько огорчен его функциональностью, короче не в восторге.",394,64,6,0,0,16,0.04060913705583756,65.66666666666667,0,0,"(356.0, 404.0]",0,брал из за gps и защищенности мочить не мочил но ронял работает хотя стекло на экране пластиковое а не каленое как пишут в рекламе специально поцарапал его в уголке ключиком осталась царапина после установки яндекс карт решил что в городе не потеряетесь и без gps а смотреть пробки он вообще не нужен после se k был несколько огорчен его функциональностью короче не в восторге
NEGATIVE,"Экран - угол обзора никакой, тотальные блики, чёткости 0  Переодические подлаги при разблокировании.  Слабая камера/автофокус  Нет горячей замены флешек  разговорный динамик не особо реалистичен, я услышал людей по другому ;D  Поиск сети - слабый.",247,34,2,0,0,6,0.024291497975708502,123.5,0,0,"(212.0, 260.0]",-1,экран угол обзора никакой тотальные блики чёткости переодические подлаги при разблокировании слабая камера автофокус нет горячей замены флешек разговорный динамик не особо реалистичен я услышал людей по другому d поиск сети слабый
NEUTRAL,В целом все равно реккомендую!,30,5,1,1,0,1,0.03333333333333333,30.0,0,0,"(19.52, 68.0]",0,в целом все равно реккомендую
POSITIVE,"Получил аппарат в первый день доставки предзаказов. В первую очередь всегда смотрю на 3 параметра - скорость работы, камеры и звук, и тут все это сделано на очень высоком уровне (описал в плюсах). Пока в подарок дают камеру samsung gear 360, думал будет игрушкой на 1 раз, но по факту стал пользоваться - очень интересные снимки получаются. Samsung pay работает с возможностью подтверждения операций не только по отпечатку пальца, но и по сетчатке глаза.",454,74,4,0,0,4,0.00881057268722467,113.5,0,0,"(452.0, 500.0]",1,получил аппарат в первый день доставки предзаказов в первую очередь всегда смотрю на параметра скорость работы камеры и звук и тут все это сделано на очень высоком уровне описал в плюсах пока в подарок дают камеру samsung gear думал будет игрушкой на раз но по факту стал пользоваться очень интересные снимки получаются samsung pay работает с возможностью подтверждения операций не только по отпечатку пальца но и по сетчатке глаза
NEUTRAL,Долго открывает приложения и по работе по сравнению с древним HTC ONE X,71,13,0,0,0,8,0.11267605633802817,71.0,0,0,"(68.0, 116.0]",0,долго открывает приложения и по работе по сравнению с древним htc one x
NEGATIVE,"Хочется уточнить, что это касается именно моделей Sensation и Sensation XE. Как обстоят дела с качеством у всех остальных HTC, ничего сказать не могу. К примеру, у моих знакомых другие модели этой марки вполне себе безглючно работают. Так что не рекомендую брать именно эти две модели.",285,46,4,0,0,11,0.03859649122807018,71.25,0,0,"(260.0, 308.0]",-1,хочется уточнить что это касается именно моделей sensation и sensation xe как обстоят дела с качеством у всех остальных htc ничего сказать не могу к примеру у моих знакомых другие модели этой марки вполне себе безглючно работают так что не рекомендую брать именно эти две модели
NEGATIVE,Ужасный телефон. НИКОГДА не берите небрендовые телефоны - скупой платит дважды.,79,11,2,0,0,8,0.10126582278481013,39.5,0,0,"(68.0, 116.0]",-1,ужасный телефон никогда не берите небрендовые телефоны скупой платит дважды
POSITIVE,"Купил предзаказов у официального сайта, правда очень долго доставили, сервис у них хромает...долго и тщательно подходил к покупке смартфон, сравнивал и смотрел все отзывы что есть, в итоге остановился на этот и ни капли не жалею! Главный плюс аппарата, это автономность)",270,41,2,1,0,2,0.007407407407407408,135.0,0,0,"(260.0, 308.0]",1,купил предзаказов у официального сайта правда очень долго доставили сервис у них хромает долго и тщательно подходил к покупке смартфон сравнивал и смотрел все отзывы что есть в итоге остановился на этот и ни капли не жалею главный плюс аппарата это автономность
NEUTRAL,"взял телефон недавно, в основном для звонков и работы в социальных сетях — с этими задачами справляется идеально. Нареканий нет. Разве что батарея садится довольно быстро, но возможно, что это я избалован нокией, которая по три дня держала заряд и айпадом, который тоже несколько дней не требовал зарядки. Этот же до вечера едва доживает. Хотя, наверное стоит отключить какие-нибудь функции. Из бонусов: есть запись телефонных разговоров прямо из меню звонка. В общем, я покупкой доволен.",488,75,7,0,0,6,0.012295081967213115,69.71428571428571,0,0,"(452.0, 500.0]",0,взял телефон недавно в основном для звонков и работы в социальных сетях с этими задачами справляется идеально нареканий нет разве что батарея садится довольно быстро но возможно что это я избалован нокией которая по три дня держала заряд и айпадом который тоже несколько дней не требовал зарядки этот же до вечера едва доживает хотя наверное стоит отключить какие нибудь функции из бонусов есть запись телефонных разговоров прямо из меню звонка в общем я покупкой доволен
POSITIVE,Отличный бизнес телефон. цена/качество - 100%,45,6,1,0,0,1,0.022222222222222223,45.0,0,0,"(19.52, 68.0]",1,отличный бизнес телефон цена качество
NEGATIVE,"надеюсь, комментарий будет вам полезен/при покупке с продукцией повезёт больше чем мне.",87,12,1,0,0,0,0.0,87.0,0,0,"(68.0, 116.0]",-1,надеюсь комментарий будет вам полезен при покупке с продукцией повезёт больше чем мне
NEGATIVE,"Очень-очень советую, не видитесь на внешнюю красоту, не покупайте эту модель. лично я погорела. спасибо.",104,15,3,0,0,1,0.009615384615384616,34.666666666666664,0,0,"(68.0, 116.0]",-1,очень очень советую не видитесь на внешнюю красоту не покупайте эту модель лично я погорела спасибо
POSITIVE,"В целом аппарат очень достойный, что называется ""дорого и круто"", но придется с ним чуток повозиться. Самсунг в принципе хитрые ребята, 8Гиг разделеили на 2Гиг под программы (что вполне достаточно на Android 2.1 и будет пофигу с выходом версии 2.",246,40,3,0,0,5,0.02032520325203252,82.0,0,0,"(212.0, 260.0]",1,в целом аппарат очень достойный что называется дорого и круто но придется с ним чуток повозиться самсунг в принципе хитрые ребята гиг разделеили на гиг под программы что вполне достаточно на android и будет пофигу с выходом версии
NEGATIVE,"Завтра иду возвращать. Мне такой девайс не подходит, слишком уж с ним много нервов тратится.",92,15,2,0,0,2,0.021739130434782608,46.0,0,0,"(68.0, 116.0]",-1,завтра иду возвращать мне такой девайс не подходит слишком уж с ним много нервов тратится
NEUTRAL,"Телефон сравниваю с LG G2 (остался как резервный) и SGS4 (то же остался). После G2 необходимо некоторое привыкание, все-таки G3 великоват для ладони среднего и небольшого размера, но привыкнуть можно. Сборка стала намного лучше (G2 немного люфтил, этот нет). Кроме того,очень удачно сделали сужение корпуса к торцам, лежит в ладони приятно. Тот же Sony Z2 или SGN3 заметно менее удачно лежат в ладони. Экран - 5,5'' после 5,2"" огромная разница (в отличие 5,2'' у G2 и 5"" у SGS4).",479,79,6,0,0,24,0.05010438413361169,79.83333333333333,0,0,"(452.0, 500.0]",0,телефон сравниваю с lg g остался как резервный и sgs то же остался после g необходимо некоторое привыкание все таки g великоват для ладони среднего и небольшого размера но привыкнуть можно сборка стала намного лучше g немного люфтил этот нет кроме того очень удачно сделали сужение корпуса к торцам лежит в ладони приятно тот же sony z или sgn заметно менее удачно лежат в ладони экран после огромная разница в отличие у g и у sgs
NEGATIVE,"Я поклонник Samsungов, всегда перехожу с модели на модель. И вот решил заменить свой старенький S4 mini (САМАЯ ЛУЧШАЯ МОДЕЛЬ!!!) на что нибудь новое. Оказалось, что такого размера телефонов просто нет новых у данный компании. Единственная модель, которая подошла - это A3. Не задумываясь купил. Итог - это просто ужасно! Очень разочарован! Из-за малой памяти постоянно тормозит! Теряет связь и ловит её очень плохо (из-за металлического корпуса).",446,67,10,6,0,29,0.06502242152466367,44.6,0,0,"(404.0, 452.0]",-1,я поклонник samsungов всегда перехожу с модели на модель и вот решил заменить свой старенький s mini самая лучшая модель на что нибудь новое оказалось что такого размера телефонов просто нет новых у данный компании единственная модель которая подошла это a не задумываясь купил итог это просто ужасно очень разочарован из за малой памяти постоянно тормозит теряет связь и ловит её очень плохо из за металлического корпуса
NEGATIVE,"Уже десятый человек говорит выкинуть это изделие на помойку, но денег то жалко, отдал за данное произведение чей то больной фантазии 2650, теперь вот плююсь, ругаюсь и мучаюсь, ""скупой платит дважды"" как всегда подтвердилось! Не берите данную модель телефона, что бы не трепать себе потом нервы, лучше тыс. добавить и взять более известных производителей, тот же Fly например или Prestigio. Удачи в покупке смартфона!",417,64,4,2,0,5,0.011990407673860911,104.25,0,0,"(404.0, 452.0]",-1,уже десятый человек говорит выкинуть это изделие на помойку но денег то жалко отдал за данное произведение чей то больной фантазии теперь вот плююсь ругаюсь и мучаюсь скупой платит дважды как всегда подтвердилось не берите данную модель телефона что бы не трепать себе потом нервы лучше тыс добавить и взять более известных производителей тот же fly например или prestigio удачи в покупке смартфона
NEGATIVE,"Самый главный недостаток это то, что на второй месяц отказала пол экрана тача, из-за этого пользоваться нормально смартфоном не возможно, сейчас периодически отказывает сеть, дозвониться не могут, приходит очень много смс с попытками до меня дозвонится. Поэтому фактически это выброшенные деньги, т. к. он неработоспособен. Несмотря на 40 тыс. попугаем заметны тормоза. До этого был Alcatel Idol X, работал как часы, не смотря на то, что много раз он сильно падал.",464,71,7,0,0,7,0.015086206896551725,66.28571428571429,0,0,"(452.0, 500.0]",-1,самый главный недостаток это то что на второй месяц отказала пол экрана тача из за этого пользоваться нормально смартфоном не возможно сейчас периодически отказывает сеть дозвониться не могут приходит очень много смс с попытками до меня дозвонится поэтому фактически это выброшенные деньги т к он неработоспособен несмотря на тыс попугаем заметны тормоза до этого был alcatel idol x работал как часы не смотря на то что много раз он сильно падал
NEGATIVE,"Телефоном пользуюсь два года... За это время полностью разочаровал. Основная причина - телефон сам, повторюсь - САМ и неожиданно, за секунду принимает решение о форматировании карты памяти и удаления с ней всех данных! Первый раз удивилась, подумала какой-то сбой, жалко было фотографий, но забила, в общем-то... Но потом эта история стала повторяться чуть ли не каждую неделю! В ремонт не пошла, отдавать еще кучу денег за ремонт - нет.",437,69,6,2,0,9,0.020594965675057208,72.83333333333333,0,0,"(404.0, 452.0]",-1,телефоном пользуюсь два года за это время полностью разочаровал основная причина телефон сам повторюсь сам и неожиданно за секунду принимает решение о форматировании карты памяти и удаления с ней всех данных первый раз удивилась подумала какой то сбой жалко было фотографий но забила в общем то но потом эта история стала повторяться чуть ли не каждую неделю в ремонт не пошла отдавать еще кучу денег за ремонт нет
NEUTRAL,"в целом телефон соответствует соотношению ""цена-качество""",57,6,0,0,0,0,0.0,57.0,0,0,"(19.52, 68.0]",0,в целом телефон соответствует соотношению цена качество
NEGATIVE,"Не советовал бы брать данный телефон, разве что если вам не жалко денег и, например, вашему чаду полюбому нужен сенсорный. А так, за такие деньги лучше купить что-нибудь идентичное(а я брал его за 3800), а лучше кнопочное(точно надёжнее и долговечнее будет).",258,41,2,0,0,2,0.007751937984496124,129.0,0,0,"(212.0, 260.0]",-1,не советовал бы брать данный телефон разве что если вам не жалко денег и например вашему чаду полюбому нужен сенсорный а так за такие деньги лучше купить что нибудь идентичное а я брал его за а лучше кнопочное точно надёжнее и долговечнее будет
NEUTRAL,"Аппарат достойный,но вот этот недостаток (пусть для кого-то и несущественный) меня просто убивает напрочь!",106,14,1,1,0,1,0.009433962264150943,106.0,0,0,"(68.0, 116.0]",0,аппарат достойный но вот этот недостаток пусть для кого то и несущественный меня просто убивает напрочь
NEUTRAL,"После обновления навигатор стал работать хорошо.По поводу автономности ,ничего не изменилось. 6- 8 часов МАКСИМУМ...(Если пользоваться навигатором и смотреть видео)",164,20,3,0,0,11,0.06707317073170732,54.666666666666664,0,0,"(116.0, 164.0]",0,после обновления навигатор стал работать хорошо по поводу автономности ничего не изменилось часов максимум если пользоваться навигатором и смотреть видео
NEGATIVE,"Купил Nokia 301 Dual SIM 4 января 2014г. С тех пор мучаюсь с батареей. Как советуют профессионалы первые три цикла разряжал до отключения телефона потом ставил на зарядку на всю ночь. Если в начале батарея держала 3-4 дня (обычный режим пользования без блютус, игр и интернета, только разговор исходящий не более 20 мин в сутки, входящий чуть больше) то примерно через 5-10 циклов это время снизилось до 1 суток, т.е.",417,70,5,0,0,9,0.02158273381294964,83.4,0,0,"(404.0, 452.0]",-1,купил nokia dual sim января г с тех пор мучаюсь с батареей как советуют профессионалы первые три цикла разряжал до отключения телефона потом ставил на зарядку на всю ночь если в начале батарея держала дня обычный режим пользования без блютус игр и интернета только разговор исходящий не более мин в сутки входящий чуть больше то примерно через циклов это время снизилось до суток т е
POSITIVE,"Рекомендую всем кто выбирает КПК, ограничен в стоимости и кому не нужен вайфай и 3же))",86,15,0,0,0,4,0.046511627906976744,86.0,0,0,"(68.0, 116.0]",1,рекомендую всем кто выбирает кпк ограничен в стоимости и кому не нужен вайфай и же
POSITIVE,Отличная бюджетная модель для выхода в интернет без заморочек,61,9,0,0,0,1,0.01639344262295082,61.0,0,0,"(19.52, 68.0]",1,отличная бюджетная модель для выхода в интернет без заморочек
NEUTRAL,"Поставил сразу карту памяти, скачал кучу приложений и немного игр, все легко и без тормозов установилось.Работает быстро и без глюков. Экран яркий, цвета сочные, если лень тащить ноут, могу вечерком насладиться фильмом в hd. Звонки, ютюб, карты, телега и скайп - все для чего в основном использую смарт, справляется как положено хорошо. Аккумулятор просто выше всяких похвал, в таком режима 2-3 дня без проблем.",411,64,5,0,0,5,0.012165450121654502,82.2,0,0,"(404.0, 452.0]",0,поставил сразу карту памяти скачал кучу приложений и немного игр все легко и без тормозов установилось работает быстро и без глюков экран яркий цвета сочные если лень тащить ноут могу вечерком насладиться фильмом в hd звонки ютюб карты телега и скайп все для чего в основном использую смарт справляется как положено хорошо аккумулятор просто выше всяких похвал в таком режима дня без проблем
POSITIVE,"Хочу точно такой же, только 7-дюймовый. И со стулусом. LG G Flex Мах Duos.",74,14,3,0,0,8,0.10810810810810811,24.666666666666668,0,0,"(68.0, 116.0]",1,хочу точно такой же только дюймовый и со стулусом lg g flex мах duos
POSITIVE,"брал за 15k, за эти деньги просто лучше не найти, а сейчас он 25...",67,14,1,0,0,0,0.0,67.0,0,0,"(19.52, 68.0]",1,брал за k за эти деньги просто лучше не найти а сейчас он
NEUTRAL,"Этой мой второй xiaomi. И если redmi за 9 тысяч - вполне оправданная покупка, то mi5s за 18 - не уверен. В целом, наверное, все претензии не к железу, а кривому софту. Тем не менее, впечатление от телефона это портит. Батарея садится побыстрее, чем на серии redmi. Пойду пробовать сдавать через 5 дней использования. Буду А5 2017 брать.",336,58,7,0,0,8,0.023809523809523808,48.0,0,0,"(308.0, 356.0]",0,этой мой второй xiaomi и если redmi за тысяч вполне оправданная покупка то mi s за не уверен в целом наверное все претензии не к железу а кривому софту тем не менее впечатление от телефона это портит батарея садится побыстрее чем на серии redmi пойду пробовать сдавать через дней использования буду а брать
NEGATIVE,"отдала сестра, временно юзал как основной телефон, ещё раз убедился в том, что ненавижу Самсунг как производителя смартфонов. Мне он неудобен во всемПродал за копейки",166,25,1,0,0,3,0.018072289156626505,166.0,0,0,"(164.0, 212.0]",-1,отдала сестра временно юзал как основной телефон ещё раз убедился в том что ненавижу самсунг как производителя смартфонов мне он неудобен во всемпродал за копейки
NEGATIVE,"Стал фанатом SE после 750-го, разочарование после 850-го.",57,8,1,0,0,3,0.05263157894736842,57.0,0,0,"(19.52, 68.0]",-1,стал фанатом se после го разочарование после го
NEGATIVE,"В смартфоне основное, это все таки экран! По этому было принято решение вернуть товар.",86,14,2,1,0,2,0.023255813953488372,43.0,0,0,"(68.0, 116.0]",-1,в смартфоне основное это все таки экран по этому было принято решение вернуть товар
NEGATIVE,"Худший смарт из тех что у меня был. Постоянно ""висит"" и ""тупит"" Не практичный, пластик быстро затирается.",105,17,2,0,0,3,0.02857142857142857,52.5,0,0,"(68.0, 116.0]",-1,худший смарт из тех что у меня был постоянно висит и тупит не практичный пластик быстро затирается
NEGATIVE,"А еще лучше присмотритесь к xiaomi, за небольшие суммы хорошие аппараты , а с этим только мучаться",98,17,0,0,0,1,0.01020408163265306,98.0,0,0,"(68.0, 116.0]",-1,а еще лучше присмотритесь к xiaomi за небольшие суммы хорошие аппараты а с этим только мучаться
NEGATIVE,"Шок - все контакты из записной книги вдруг взяли и без спросу ушли в облако LIVE.COM, смешавшись там с контактами из скайпа. На удаление их оттуда ушёл не один час, т.к. сделано всё, чтобы максимально усложнить эту задачу. В телефоне за 30000 уведомления на живую плитку о новых письмах и СМС приходят через раз. Телефон за 30000 может дичайше тормозить на простом перелистывании меню настроек.",394,65,7,0,0,14,0.03553299492385787,56.285714285714285,0,0,"(356.0, 404.0]",-1,шок все контакты из записной книги вдруг взяли и без спросу ушли в облако live com смешавшись там с контактами из скайпа на удаление их оттуда ушёл не один час т к сделано всё чтобы максимально усложнить эту задачу в телефоне за уведомления на живую плитку о новых письмах и смс приходят через раз телефон за может дичайше тормозить на простом перелистывании меню настроек
NEUTRAL,"изображение стало двоиться и дергаться через пару недель...  в остальном вроде все ничего, чуток тяжеловат по весу и от камеры в 13 мп ожидала большего... оттенок красноватый ( не настраивается) и фокусируется она долго.",220,34,3,0,0,0,0.0,73.33333333333333,0,0,"(212.0, 260.0]",0,изображение стало двоиться и дергаться через пару недель в остальном вроде все ничего чуток тяжеловат по весу и от камеры в мп ожидала большего оттенок красноватый не настраивается и фокусируется она долго
NEGATIVE,"После трех месяцев использования перестал загружатся, итог полетел процессор, отнес в сервис. Результат жду ответа месяц.",121,16,2,0,0,2,0.01652892561983471,60.5,0,0,"(116.0, 164.0]",-1,после трех месяцев использования перестал загружатся итог полетел процессор отнес в сервис результат жду ответа месяц
NEUTRAL,В целом вполне достойная модель со своими достоинствами и недостатками.Считаю что за свою цену это наилучший вариант,116,17,1,0,0,2,0.017241379310344827,116.0,0,0,"(68.0, 116.0]",0,в целом вполне достойная модель со своими достоинствами и недостатками считаю что за свою цену это наилучший вариант
NEGATIVE,"Строго НЕ РЕКОМЕНДУЮ брать этот телефон! Слабый процессор, аккумулятор дохнет после полугода работы вместе с задним динамиком. Перестал работать второй слот симкарту из-за большой температуры аккумулятора при загрузке процессора телефона. По началу я думал у одного меня такой телефон с этими болячками, но оказалось, что и у моего знакомого таже история. Телефон у меня уже почти год и я понимаю что он свое уже отжил.",419,65,5,1,0,17,0.0405727923627685,83.8,0,0,"(404.0, 452.0]",-1,строго не рекомендую брать этот телефон слабый процессор аккумулятор дохнет после полугода работы вместе с задним динамиком перестал работать второй слот симкарту из за большой температуры аккумулятора при загрузке процессора телефона по началу я думал у одного меня такой телефон с этими болячками но оказалось что и у моего знакомого таже история телефон у меня уже почти год и я понимаю что он свое уже отжил
NEUTRAL,"На самом деле телефон мне очень нравится. Все в нем как-то очень удобно. И все в нем просто летает. НО! из-за его недостатков его я не советую!КАМЕРА. Ооочень нравится фронтальная камера (большой захват, отличное качество снимков, автоматическая небольшая ретушь после каждого снимка), зато основная совсем не нравится. Цветопередача то хорошая, но снимки капец смазанные многие получаются.БОЛЬШЕ ВСЕГО ВЫНОСИТ КЛАВИАТУРА, которая периодически не убирается. Ниже люди пишут о ней уже.",484,69,10,2,0,42,0.08677685950413223,48.4,0,0,"(452.0, 500.0]",0,на самом деле телефон мне очень нравится все в нем как то очень удобно и все в нем просто летает но из за его недостатков его я не советую камера ооочень нравится фронтальная камера большой захват отличное качество снимков автоматическая небольшая ретушь после каждого снимка зато основная совсем не нравится цветопередача то хорошая но снимки капец смазанные многие получаются больше всего выносит клавиатура которая периодически не убирается ниже люди пишут о ней уже
POSITIVE,"Покупкой доволен,выбирал между Galaxy Ace и Wildfire S.Выбрал 2 и не разу не пожалел.Берите телефон гуд!))",106,16,3,1,0,7,0.0660377358490566,35.333333333333336,0,0,"(68.0, 116.0]",1,покупкой доволен выбирал между galaxy ace и wildfire s выбрал и не разу не пожалел берите телефон гуд
NEUTRAL,сейчас планирую заменить телефон,32,4,0,0,0,0,0.0,32.0,0,0,"(19.52, 68.0]",0,сейчас планирую заменить телефон
NEUTRAL,"Не плохой телефон. Но для себя сделал вывод, что в седующий раз буду брать тел. только на андроиде.",99,18,3,0,0,2,0.020202020202020204,33.0,0,0,"(68.0, 116.0]",0,не плохой телефон но для себя сделал вывод что в седующий раз буду брать тел только на андроиде
NEGATIVE,"Я купил его за 23 т.р. сейчас цена упала меньше чем за год на том же алиэкспресс до 13 т.р. и я не знаю как его теперь спихнуть. Теряю минимум 10 тыс. беда печаль.. Там уже полно аналогов типа Xiaomi Redmi Note 3 Pro 32GB и более крутых и дешевых аппаратов. Ещё кстати скользкий, не знаю как он у меня до сих пор не вылетел и не разбился, ношу конечно в чехольчике. Опять же, возможно програмная ошибка или что, но нет там 4g, ну и 3g тоже при связи Билайн.",457,90,10,0,0,12,0.0262582056892779,45.7,0,0,"(452.0, 500.0]",-1,я купил его за т р сейчас цена упала меньше чем за год на том же алиэкспресс до т р и я не знаю как его теперь спихнуть теряю минимум тыс беда печаль там уже полно аналогов типа xiaomi redmi note pro gb и более крутых и дешевых аппаратов ещё кстати скользкий не знаю как он у меня до сих пор не вылетел и не разбился ношу конечно в чехольчике опять же возможно програмная ошибка или что но нет там g ну и g тоже при связи билайн
NEUTRAL,"Wifi отлично работает!Ловил вместе с Nokia E65, так у него постоянно разрешение спрашивал и медленно грузил. главное как я понял, выключить Java script а то при открытии страниц пишет ""недостаточно памяти"".Вообщем, неплохой, приятный телефон!",242,34,4,2,0,6,0.024793388429752067,60.5,0,0,"(212.0, 260.0]",0,wifi отлично работает ловил вместе с nokia e так у него постоянно разрешение спрашивал и медленно грузил главное как я понял выключить java script а то при открытии страниц пишет недостаточно памяти вообщем неплохой приятный телефон
POSITIVE,"За свою цену и по своим характеристикам этот телефон почти идеален.все недостатки так или иначе лечатся и не критичны.насчёт скорости работы, то он работает нормально. не так быстр как айфон.:-) но при цене в 4 раза ниже он ещё и выигрывает по функционалу.:-)при покупке не срывайте защитную плёнку с экрана(ту которая с надписями можно, но под ней ещё одна)замучаетесь клеить. У меня был один маленький пузырик. а теперь их 6 и это мой самый лучший результат.",460,76,8,0,0,2,0.004347826086956522,57.5,0,0,"(452.0, 500.0]",1,за свою цену и по своим характеристикам этот телефон почти идеален все недостатки так или иначе лечатся и не критичны насчёт скорости работы то он работает нормально не так быстр как айфон но при цене в раза ниже он ещё и выигрывает по функционалу при покупке не срывайте защитную плёнку с экрана ту которая с надписями можно но под ней ещё одна замучаетесь клеить у меня был один маленький пузырик а теперь их и это мой самый лучший результат
POSITIVE,Что сказать дорого но он того стоит по сравнению с самсунгом ноте 4 просто небо и земля между прочим Самсунг сдох через пол года сначала отказала батарея потом навернулась 4g и 3g соединение  а после одного одного года вообще на зарядке перегрелся ночью и сдох а по опыту владения двух айпедов и 4 айфона могу сказать что Apple на голову выше связь берет отлично там где ноут у же не брал у айфона 3 g интернет и 2 палки связи,426,80,0,0,0,3,0.007042253521126761,426.0,0,0,"(404.0, 452.0]",1,что сказать дорого но он того стоит по сравнению с самсунгом ноте просто небо и земля между прочим самсунг сдох через пол года сначала отказала батарея потом навернулась g и g соединение а после одного одного года вообще на зарядке перегрелся ночью и сдох а по опыту владения двух айпедов и айфона могу сказать что apple на голову выше связь берет отлично там где ноут у же не брал у айфона g интернет и палки связи
POSITIVE,"Конечно великолепно по цена/качество. Но, с другой стороны как то во многом не туда не сюда. Книги читать - можно, но лучше застрелиться, играть - можно, но, опять же экран подводит, все упирается в него. Флешовые игры тормозят в большинстве. Но хорошо идут эмуляторы (nes, gen, snes). Так что порубить в дюну можно. Вот в плане музыки/аудиокниг тут все безупречно. Синхронизация/управление компом тоже ок.",406,64,8,0,0,8,0.019704433497536946,50.75,0,0,"(404.0, 452.0]",1,конечно великолепно по цена качество но с другой стороны как то во многом не туда не сюда книги читать можно но лучше застрелиться играть можно но опять же экран подводит все упирается в него флешовые игры тормозят в большинстве но хорошо идут эмуляторы nes gen snes так что порубить в дюну можно вот в плане музыки аудиокниг тут все безупречно синхронизация управление компом тоже ок
NEGATIVE,Косяки с зависаниями и перезагрузкой начались после истечения гарантийного срока. Не ожидал таких косяков от Asus.,114,16,2,0,0,3,0.02631578947368421,57.0,0,0,"(68.0, 116.0]",-1,косяки с зависаниями и перезагрузкой начались после истечения гарантийного срока не ожидал таких косяков от asus
NEGATIVE,"Подарила мужу первую модель. Очень нравились фотографии и ранее приобретенные модели HTC очень радовали качеством. Через неделю начались глюки. То за 30 минут полностью заряженный аккумулятор умирал, то сенсор отказывал. Автосброс выручал. Все влила на ""левые"" приложения. Полетел мой HTC сенсейшен (отслужил 5 лет верой и правдой, падая 1100 млн раз, 3 раза купался). Купила и себе one x, и та же музыка. Экран разбился от легкого удара, сенсор виснет постоянно, заряд еле-еле на день хватает.",494,76,9,0,0,15,0.030364372469635626,54.888888888888886,0,0,"(452.0, 500.0]",-1,подарила мужу первую модель очень нравились фотографии и ранее приобретенные модели htc очень радовали качеством через неделю начались глюки то за минут полностью заряженный аккумулятор умирал то сенсор отказывал автосброс выручал все влила на левые приложения полетел мой htc сенсейшен отслужил лет верой и правдой падая млн раз раза купался купила и себе one x и та же музыка экран разбился от легкого удара сенсор виснет постоянно заряд еле еле на день хватает
POSITIVE,"Берите не пожалеете,конечно если вам нужен телефон только для звонков и смс! А для себя купил смартфон на android 2.3))",119,20,2,1,0,2,0.01680672268907563,59.5,0,0,"(116.0, 164.0]",1,берите не пожалеете конечно если вам нужен телефон только для звонков и смс а для себя купил смартфон на android
NEUTRAL,"Заметно сильно греется телефон, самое горячее место на задней крышке чуть ниже камеры. Игры при этом не запущены, только приложение ВК и мобильный интернет, не знаю в чем дело.",176,29,2,0,0,4,0.022727272727272728,88.0,0,0,"(164.0, 212.0]",0,заметно сильно греется телефон самое горячее место на задней крышке чуть ниже камеры игры при этом не запущены только приложение вк и мобильный интернет не знаю в чем дело
POSITIVE,"Ну начнём, то,что говорят люди, мол ""нельзя использовать, как флешку, нельзя ставить mp3 на звонок и будильник, только платные программы в appstore,нель"" всё это БРЕД, всё можно делать, даже мануалы есть для этого, и одна прекрасная программа,которая делает всё(cydia) открывает доступ к ф.с. позволяет его использовать в качестве не только телефона, но и кпк!",360,54,3,1,0,5,0.013888888888888888,120.0,0,0,"(356.0, 404.0]",1,ну начнём то что говорят люди мол нельзя использовать как флешку нельзя ставить mp на звонок и будильник только платные программы в appstore нель всё это бред всё можно делать даже мануалы есть для этого и одна прекрасная программа которая делает всё cydia открывает доступ к ф с позволяет его использовать в качестве не только телефона но и кпк
POSITIVE,"Это мой первый iphone. Раньше ненавидела айфоны, но уж очень хотелось бы попробовать сей девайс. В целом впечатления положительные.  Немного не хватает более подробных настроек как в андроиде. А так же люблю порядок в телефоне. Хотелось бы всё же нормальную организацию папок.  Хочется, чтобы фотографии, сделанные с телефона сохранялись в отдельной папке, а то непонятно, что скачано с Интернета, а что сделано с мобильника.  По поводу разъема для зарядки... Катастрофически неудобно.",485,71,9,0,0,10,0.020618556701030927,53.888888888888886,0,0,"(452.0, 500.0]",1,это мой первый iphone раньше ненавидела айфоны но уж очень хотелось бы попробовать сей девайс в целом впечатления положительные немного не хватает более подробных настроек как в андроиде а так же люблю порядок в телефоне хотелось бы всё же нормальную организацию папок хочется чтобы фотографии сделанные с телефона сохранялись в отдельной папке а то непонятно что скачано с интернета а что сделано с мобильника по поводу разъема для зарядки катастрофически неудобно
NEGATIVE,Никогда в жизни больше не свяжусь с LG. Такого отношения к клиентам и такой ужасной политики поддержки своих продуктов я ещё не встречал.,137,23,2,0,0,4,0.029197080291970802,68.5,0,0,"(116.0, 164.0]",-1,никогда в жизни больше не свяжусь с lg такого отношения к клиентам и такой ужасной политики поддержки своих продуктов я ещё не встречал
POSITIVE,"Интересно, что же придумают разработчики дальше. Что можно еще дополнить и улучшить.",84,12,2,0,0,2,0.023809523809523808,42.0,0,0,"(68.0, 116.0]",1,интересно что же придумают разработчики дальше что можно еще дополнить и улучшить
POSITIVE,"пока что лучший из ценовой политики ,заметил что попадаются левые аппараты (некоторые жалуются ) я покупал в юлмарте попал на акцию купил за 12990",146,24,0,0,0,0,0.0,146.0,0,0,"(116.0, 164.0]",1,пока что лучший из ценовой политики заметил что попадаются левые аппараты некоторые жалуются я покупал в юлмарте попал на акцию купил за
NEGATIVE,Зря потратил  деньги....,24,3,1,0,0,1,0.041666666666666664,24.0,0,0,"(19.52, 68.0]",-1,зря потратил деньги
NEGATIVE,"Покупалось два таких аппарата для работы из расчёта дешево и сердито. Главным критерием были АКБ и слышимость. АКБ хватает на неделю при интенсивных разговорах - вопросов нет. Динамик и микрофон полное ""Г"", услышать собеседника можно только в изолированном от посторонних звука помещении, если рядом кто то активно общается будете переспрашивать по несколько раз, так же как и ваш собеседник, слышит/понимает вас не с первого раза. Такие проблемы на обоих аппаратах.",466,70,5,0,0,11,0.023605150214592276,93.2,0,0,"(452.0, 500.0]",-1,покупалось два таких аппарата для работы из расчёта дешево и сердито главным критерием были акб и слышимость акб хватает на неделю при интенсивных разговорах вопросов нет динамик и микрофон полное г услышать собеседника можно только в изолированном от посторонних звука помещении если рядом кто то активно общается будете переспрашивать по несколько раз так же как и ваш собеседник слышит понимает вас не с первого раза такие проблемы на обоих аппаратах
NEUTRAL,"В целом хороший телефон. Но только для мессенджеров, соцсетей, звонков, смс. Больше туда особо не наставишь. Во первых ось уже давно не обновляется, а на андроиде 4,3 не работает полноценно уже более 60 % приложений play market.  Во вторых памяти всего 4 гб из которых доступно 2.1 гб.  потому Хороший вариант для временной замены утерянному, сломанному современному смарту. Так я его и использую.",397,63,8,0,0,7,0.017632241813602016,49.625,0,0,"(356.0, 404.0]",0,в целом хороший телефон но только для мессенджеров соцсетей звонков смс больше туда особо не наставишь во первых ось уже давно не обновляется а на андроиде не работает полноценно уже более приложений play market во вторых памяти всего гб из которых доступно гб потому хороший вариант для временной замены утерянному сломанному современному смарту так я его и использую
NEUTRAL,Создается впечатление ненадежности легкий и тонкий хотя сейчас это модно но я прибавил бы ему грамм 30 веса задняя крышка полностью не закрывает экран если телефон упадет мордой вниз думаю ничем хорошим это не закончится особенно если упадет углом дисплея usb в комплекте это просто издевательство я бы еще понял если бы в комплекте шла зарядка с длинным проводом и usb при активном использовании интернета телефона едва хватает на сутки очень тихий динамик но звук качественный в наушниках звук.,496,79,1,0,0,1,0.0020161290322580645,496.0,0,0,"(452.0, 500.0]",0,создается впечатление ненадежности легкий и тонкий хотя сейчас это модно но я прибавил бы ему грамм веса задняя крышка полностью не закрывает экран если телефон упадет мордой вниз думаю ничем хорошим это не закончится особенно если упадет углом дисплея usb в комплекте это просто издевательство я бы еще понял если бы в комплекте шла зарядка с длинным проводом и usb при активном использовании интернета телефона едва хватает на сутки очень тихий динамик но звук качественный в наушниках звук
NEGATIVE,"Строго НЕ РЕКОМЕНДУЮ брать этот телефон! Слабый процессор, аккумулятор дохнет после полугода работы вместе с задним динамиком. Перестал работать второй слот симкарту из-за большой температуры аккумулятора при загрузке процессора телефона. По началу я думал у одного меня такой телефон с этими болячками, но оказалось, что и у моего знакомого таже история. Телефон у меня уже почти год и я понимаю что он свое уже отжил.",419,65,5,1,0,17,0.0405727923627685,83.8,0,0,"(404.0, 452.0]",-1,строго не рекомендую брать этот телефон слабый процессор аккумулятор дохнет после полугода работы вместе с задним динамиком перестал работать второй слот симкарту из за большой температуры аккумулятора при загрузке процессора телефона по началу я думал у одного меня такой телефон с этими болячками но оказалось что и у моего знакомого таже история телефон у меня уже почти год и я понимаю что он свое уже отжил
NEGATIVE,"Сдал в магазин, сильно тормозит датчик отпечатка пальца, иногда невозможно разблокировать , деньги вернули, советую сначала проверить!",134,17,1,1,0,1,0.007462686567164179,134.0,0,0,"(116.0, 164.0]",-1,сдал в магазин сильно тормозит датчик отпечатка пальца иногда невозможно разблокировать деньги вернули советую сначала проверить
NEGATIVE,"При покупке телефон достался с заводским браком. Меняли все внутренности. 4 раза ходил в сервис самсунга. Сейчас не работает интернет связь через сотового оператора, телефон не обновляется ни через специальную программу ни через wi-fi. Раз в месяц отключает связь, причем и баланс запрашивается и звонки с телефона проходят, но вот мне дозвониться не может никто и смс не доходят. Проверял с домашнего - абонент недоступен. На все претензии говорят приезжайте в сервисный цент.",477,73,7,0,0,6,0.012578616352201259,68.14285714285714,0,0,"(452.0, 500.0]",-1,при покупке телефон достался с заводским браком меняли все внутренности раза ходил в сервис самсунга сейчас не работает интернет связь через сотового оператора телефон не обновляется ни через специальную программу ни через wi fi раз в месяц отключает связь причем и баланс запрашивается и звонки с телефона проходят но вот мне дозвониться не может никто и смс не доходят проверял с домашнего абонент недоступен на все претензии говорят приезжайте в сервисный цент
POSITIVE,"Очень нравится, особенно радует качество изображений и фотокамеры. И удобно сидеть в интернете",94,13,1,0,0,2,0.02127659574468085,94.0,0,0,"(68.0, 116.0]",1,очень нравится особенно радует качество изображений и фотокамеры и удобно сидеть в интернете
NEGATIVE,"вобщем я расстроилась и хочу его продать, очень обидно, жаль что недостатков больше чем достоинств",98,15,0,0,0,0,0.0,98.0,0,0,"(68.0, 116.0]",-1,вобщем я расстроилась и хочу его продать очень обидно жаль что недостатков больше чем достоинств
NEGATIVE,"Теперь от  конторы  4Good буду держаться подальше. И Вам советую. Думаю, что отсутствие гарантийного ремонта в крупном городе говорит о низком качестве товара вообще.",166,24,3,0,0,5,0.030120481927710843,55.333333333333336,0,0,"(164.0, 212.0]",-1,теперь от конторы good буду держаться подальше и вам советую думаю что отсутствие гарантийного ремонта в крупном городе говорит о низком качестве товара вообще
POSITIVE,"За полгода уже несколько раз падал на твердый пол с высоты полутора метров, тонул в ванне, был неудачно прижат пятой точкой... Все стерпел и работает как новый, разве что после воды пришлось просушивать трижды, потому что телефон считал, будто в него вставлен наушник. Греется только в тяжелых приложениях и играх и только после длительного использования. Есть множество бесполезных приложений в прошивке. За свою цену хороший смартфон, все недостатки мелочны и скорее являются придирками.",489,73,5,0,0,5,0.010224948875255624,97.8,0,0,"(452.0, 500.0]",1,за полгода уже несколько раз падал на твердый пол с высоты полутора метров тонул в ванне был неудачно прижат пятой точкой все стерпел и работает как новый разве что после воды пришлось просушивать трижды потому что телефон считал будто в него вставлен наушник греется только в тяжелых приложениях и играх и только после длительного использования есть множество бесполезных приложений в прошивке за свою цену хороший смартфон все недостатки мелочны и скорее являются придирками
NEUTRAL,деньги потрачены не зря,23,4,0,0,0,0,0.0,23.0,0,0,"(19.52, 68.0]",0,деньги потрачены не зря
POSITIVE,"Приобрел данный телефон в белом исполнении (в комплекте еще синяя панелька задняя). В принципе уже давно на нем и остановился, т. к. две симки, батарея и нормальный экран стали для меня приоритетными функциями, когда медленно стал сдавать мой трудяга LG Optimus One, с который я отходил два года. Филипс же аппарат действительно очень собранный-сбалансированный, правда, человеку с небольшими руками будет неудобно, т. к. потуги на кирпичность у него есть.",456,69,7,0,0,7,0.015350877192982455,65.14285714285714,0,0,"(452.0, 500.0]",1,приобрел данный телефон в белом исполнении в комплекте еще синяя панелька задняя в принципе уже давно на нем и остановился т к две симки батарея и нормальный экран стали для меня приоритетными функциями когда медленно стал сдавать мой трудяга lg optimus one с который я отходил два года филипс же аппарат действительно очень собранный сбалансированный правда человеку с небольшими руками будет неудобно т к потуги на кирпичность у него есть
NEGATIVE,"телефон-конструктор «сделай сам». если любите настройки-перепрошивки и прочие доделки, а за плечами - диплом радиотехнического вуза (желательно с отличием) - эта модель для вас. мне же с гуманитарным образованием пришлось попотеть. купила телефон в начале лета, для моря типа и прочего активного отдыха. брала по интернету в известном салоне. не знаю, можно здесь название магазина писать или нет. на «С», короче, называется. так что подделка вроде бы исключена. но качество аппарата - ужас!!!",493,73,9,3,0,1,0.002028397565922921,54.77777777777778,0,0,"(452.0, 500.0]",-1,телефон конструктор сделай сам если любите настройки перепрошивки и прочие доделки а за плечами диплом радиотехнического вуза желательно с отличием эта модель для вас мне же с гуманитарным образованием пришлось попотеть купила телефон в начале лета для моря типа и прочего активного отдыха брала по интернету в известном салоне не знаю можно здесь название магазина писать или нет на с короче называется так что подделка вроде бы исключена но качество аппарата ужас
NEUTRAL,"Разработчики нигде не указывают о такой особенности,что аппарат нельзя носить в кармане брюк.Это мне еще повезло - ничего не сломалось.А на счет герметичности теперь говорить не стоит.Наверняка воду пропустит.Алюминиевый обод корпуса это отстой!Нет жёсткости в местах кнопок, гнёзд  и остальных ""дырок"".Руками легко погнуть аппарат, а может и сломать...",353,48,7,1,0,7,0.019830028328611898,50.42857142857143,0,0,"(308.0, 356.0]",0,разработчики нигде не указывают о такой особенности что аппарат нельзя носить в кармане брюк это мне еще повезло ничего не сломалось а на счет герметичности теперь говорить не стоит наверняка воду пропустит алюминиевый обод корпуса это отстой нет жёсткости в местах кнопок гнёзд и остальных дырок руками легко погнуть аппарат а может и сломать
NEGATIVE,"После положительного опыта владения 4 Самсунгами начиная с D780 решил обновить перед новым годом себе телефон и взять новый Самсунг.Приобретал в мегафоне в декабре 2018. Искал по офисам именно в синем цвете. Разочарование от покупки сильное.Либо Самсунг уже не тот, либо мне продали не ликвид.",293,45,5,0,0,9,0.030716723549488054,58.6,0,0,"(260.0, 308.0]",-1,после положительного опыта владения самсунгами начиная с d решил обновить перед новым годом себе телефон и взять новый самсунг приобретал в мегафоне в декабре искал по офисам именно в синем цвете разочарование от покупки сильное либо самсунг уже не тот либо мне продали не ликвид
NEUTRAL,Отличный выбор. Айфон вне всякого сомнения привлекательнее в плане мультимедиа. Однако отсутствием большинства удобств.,119,14,3,0,0,3,0.025210084033613446,39.666666666666664,0,0,"(116.0, 164.0]",0,отличный выбор айфон вне всякого сомнения привлекательнее в плане мультимедиа однако отсутствием большинства удобств
POSITIVE,"Этот аппарат для тех кому нужен стильный телефон для работы с большим количеством различных приложений. Три дня батарея держит даже при очень очень большом количестве звонков, интернете и GPS. Кстати GPS очень порадовал, показывает названия улиц даже в самых глухих станицах Краснодарского края. Советую тем кому нужен отличный ТЕЛЕФОН.",336,49,4,0,0,18,0.05357142857142857,84.0,0,0,"(308.0, 356.0]",1,этот аппарат для тех кому нужен стильный телефон для работы с большим количеством различных приложений три дня батарея держит даже при очень очень большом количестве звонков интернете и gps кстати gps очень порадовал показывает названия улиц даже в самых глухих станицах краснодарского края советую тем кому нужен отличный телефон
POSITIVE,"Покупал жене за 6000р,нужен был аппарат с двумя симками, выбирал между ним и Fly IQ440 Energie, Samsung в белом цвете более подходит для девушки (легче, меньше),а для дам дизайн наверно главный критерий.Прочитал много плохих отзывов, рискнул, наверно мне повезло за неделю пользования замечаний нет,связь не пропадала, слышимость отличная,батарея средняя,да железо не самое мощное поэтому совет устанавливать по минимуму приложений и не забывать их закрывать тормозов не будет.",477,67,2,0,0,7,0.014675052410901468,238.5,0,0,"(452.0, 500.0]",1,покупал жене за р нужен был аппарат с двумя симками выбирал между ним и fly iq energie samsung в белом цвете более подходит для девушки легче меньше а для дам дизайн наверно главный критерий прочитал много плохих отзывов рискнул наверно мне повезло за неделю пользования замечаний нет связь не пропадала слышимость отличная батарея средняя да железо не самое мощное поэтому совет устанавливать по минимуму приложений и не забывать их закрывать тормозов не будет
NEUTRAL,"Все отлично. Но только батареи не хватает даже на 10 часов. Утром 100%, к 12 часам дня уже 45-50% НЕАКТИВНОГО использования. Подключены все энергосберегающие возможности телефона. но это не помогает. Разочарование полное!",221,32,6,1,0,16,0.07239819004524888,36.833333333333336,0,0,"(212.0, 260.0]",0,все отлично но только батареи не хватает даже на часов утром к часам дня уже неактивного использования подключены все энергосберегающие возможности телефона но это не помогает разочарование полное
NEUTRAL,"Достоинства и недостатки расположил в порядке важности для меня лично в условиях т.н. ""паркетного"" экстрима, редкие туры на байдарках с инструктором. Главное достоинство - водозащита класса 7. Среди аппаратов этого класса конкурентов по цене у данной модели просто нет. Главный недостаток - малый запас громкости. На речке, озере, в лесу некритично. Но вот для использования на стройке, например, аппарат не подойдет. Для постоянного ношения тоже не слишком удобен из-за габаритов.",481,70,9,0,0,7,0.014553014553014554,53.44444444444444,0,0,"(452.0, 500.0]",0,достоинства и недостатки расположил в порядке важности для меня лично в условиях т н паркетного экстрима редкие туры на байдарках с инструктором главное достоинство водозащита класса среди аппаратов этого класса конкурентов по цене у данной модели просто нет главный недостаток малый запас громкости на речке озере в лесу некритично но вот для использования на стройке например аппарат не подойдет для постоянного ношения тоже не слишком удобен из за габаритов
NEUTRAL,"Купил в начале прошлого года. Не знал беды. Отличная батарея, довольно шустрый. Никаких сбоев целый год. Но около месяца назад вышло официальное обновление H60-L04C10B830 (Android 6.0). Вот тут и начались проблемы. Сначала телефон стал быстро разряжаться. Потом телефон начал выключаться на 30% зарядки, потом на 50% зарядки. И наконец при 65% зарядки телефон выключался и отказывался загружаться до тех пор, пока его не подключишь к зарядному устройству.",455,67,10,0,0,14,0.03076923076923077,45.5,0,0,"(452.0, 500.0]",0,купил в начале прошлого года не знал беды отличная батарея довольно шустрый никаких сбоев целый год но около месяца назад вышло официальное обновление h l c b android вот тут и начались проблемы сначала телефон стал быстро разряжаться потом телефон начал выключаться на зарядки потом на зарядки и наконец при зарядки телефон выключался и отказывался загружаться до тех пор пока его не подключишь к зарядному устройству
NEUTRAL,"В целом телефон среднего ранга, не смотря на то, что он имеет обширный выбор возможностей и функций. Первый год телефон не переставал радовать, ну а потом проблемы с ним начались, как после заговора! - начал быстро заряжаться аккумулятор, тормоза и т.д. Если же вы всё таки хотите приобрести именно эту модель, приготовьтесь к перепрошивке, так как на заводской он проработает не долго.",386,62,5,1,0,3,0.007772020725388601,77.2,0,0,"(356.0, 404.0]",0,в целом телефон среднего ранга не смотря на то что он имеет обширный выбор возможностей и функций первый год телефон не переставал радовать ну а потом проблемы с ним начались как после заговора начал быстро заряжаться аккумулятор тормоза и т д если же вы всё таки хотите приобрести именно эту модель приготовьтесь к перепрошивке так как на заводской он проработает не долго
POSITIVE,Отличный телефон за еще более отличную цену!,44,7,1,1,0,1,0.022727272727272728,44.0,0,0,"(19.52, 68.0]",1,отличный телефон за еще более отличную цену
NEGATIVE,Купил данный телефон и через неделю аппарат выпал из кормана  сидя на стуле. Т.е. высота сантиметров 40. И экран разбился. Минус в том что раньше экран был ниже кромки корпуса и был тем самым защищен. А сейчас нет. Ремонт стоит как пол телефона. Крайне разочарован. Вся техника дома самсунг была....3 телека телефоны и т.д. Но вот теперь думаю уходить от них. Если аппарат за такие деньги бьется с 40 см о мягкий пол. В общем никому не советую/ Дополнение от  16/02/2018.,471,81,15,0,0,12,0.025477707006369428,31.4,0,0,"(452.0, 500.0]",-1,купил данный телефон и через неделю аппарат выпал из кормана сидя на стуле т е высота сантиметров и экран разбился минус в том что раньше экран был ниже кромки корпуса и был тем самым защищен а сейчас нет ремонт стоит как пол телефона крайне разочарован вся техника дома самсунг была телека телефоны и т д но вот теперь думаю уходить от них если аппарат за такие деньги бьется с см о мягкий пол в общем никому не советую дополнение от
NEGATIVE,"Купил данный девайс польстившись на рекламу и большой аккумулятор... Но длительность жизни аккумулятора достигается тем что половину дня никто прозвониться не может... Постоянно зависает на звонке и лечится только перезагрузкой - происходит 3....5 раз на дню... Совет - все что угодно но не LG..... Продаю за символическую цену, если не разобью об стену.",354,53,6,0,0,7,0.01977401129943503,59.0,0,0,"(308.0, 356.0]",-1,купил данный девайс польстившись на рекламу и большой аккумулятор но длительность жизни аккумулятора достигается тем что половину дня никто прозвониться не может постоянно зависает на звонке и лечится только перезагрузкой происходит раз на дню совет все что угодно но не lg продаю за символическую цену если не разобью об стену
NEUTRAL,"Дизайн и прочность аппарата вызывают только положительные эмоции. Падал несколько раз на кафельную плитку, но жив и даже почти не потерял во внешнем виде.Производительность и объём памяти лично для меня оказались идеальными (в игры не играю, пользуюсь интернетом, слушаю музыку, пишу, звоню). По началу были сбои в работе, но после глобального обновления ПО всё работает, как часы.Экран по тактильным ощущениям и по отзывчивости на пять баллов.",444,66,5,0,0,7,0.015765765765765764,88.8,0,0,"(404.0, 452.0]",0,дизайн и прочность аппарата вызывают только положительные эмоции падал несколько раз на кафельную плитку но жив и даже почти не потерял во внешнем виде производительность и объём памяти лично для меня оказались идеальными в игры не играю пользуюсь интернетом слушаю музыку пишу звоню по началу были сбои в работе но после глобального обновления по всё работает как часы экран по тактильным ощущениям и по отзывчивости на пять баллов
POSITIVE,"Пользуюсь линейкой А с 2015 года, с каждым годом А-шка растет и растет, и только радует. Если А5 2015 года радовал супер дизайном, последующий А3 2016 обрадовал шикарным дизайном, ДИКТОФОН СТЕРЕО для меня актуально, то теперь при покупке А3 2017 я просто доволен теперь всем. Могу спокойно дожидаться следующую модель. Нет желания переходить на китайцев, на Айфон. Никогда линейка А не разочаровывала и я надеюсь не разочарует, с нетерпением жду модель 2018 года. Молодцы. Нет времени обьяснять.",495,77,7,0,0,28,0.05656565656565657,70.71428571428571,0,0,"(452.0, 500.0]",1,пользуюсь линейкой а с года с каждым годом а шка растет и растет и только радует если а года радовал супер дизайном последующий а обрадовал шикарным дизайном диктофон стерео для меня актуально то теперь при покупке а я просто доволен теперь всем могу спокойно дожидаться следующую модель нет желания переходить на китайцев на айфон никогда линейка а не разочаровывала и я надеюсь не разочарует с нетерпением жду модель года молодцы нет времени обьяснять
NEUTRAL,"Прекрасный телефон, я бы сказал-культоый телефон компании эпл.Прекрасный функционал, все точно продуманно и спроэктированно. Конечно же андроидоводы могут найти тысячу причин смешать этот телефон с нечиститами, но реально знающий человек просто посмеется с этого. Софт написан под их железо-то есть выжимает из него все и оперирует им полноценно. В случае поломки какого-то из элементов телефон прекрасно работает без этого элемента. Достаточно качественный дисплей.",466,63,6,0,0,6,0.012875536480686695,77.66666666666667,0,0,"(452.0, 500.0]",0,прекрасный телефон я бы сказал культоый телефон компании эпл прекрасный функционал все точно продуманно и спроэктированно конечно же андроидоводы могут найти тысячу причин смешать этот телефон с нечиститами но реально знающий человек просто посмеется с этого софт написан под их железо то есть выжимает из него все и оперирует им полноценно в случае поломки какого то из элементов телефон прекрасно работает без этого элемента достаточно качественный дисплей
POSITIVE,Хотите смартфон по доступной цене ? покупайте этот нераздумывая,63,9,1,0,1,1,0.015873015873015872,63.0,0,0,"(19.52, 68.0]",1,хотите смартфон по доступной цене покупайте этот нераздумывая
NEGATIVE,"Брал в одном известном магазе. Специально хотел как можно более простой телефон - без интернета, блютуса, явы и прочего. Решил попробовать филлипс. о чём пожалел =) При продаже меня предупредили, что телефон надо очень долго заряжать в первые разы, что я послушно делал =) Однако, не помогло. Телефон работает одни сутки, вместо обещанных 30! На претензию в магазине великодушно поменяли аккумулятор, но это не помогло... пробовал и без сим карт и с одной - та же картина. Одним словом - не советую.",499,82,8,1,0,8,0.01603206412825651,62.375,0,0,"(452.0, 500.0]",-1,брал в одном известном магазе специально хотел как можно более простой телефон без интернета блютуса явы и прочего решил попробовать филлипс о чём пожалел при продаже меня предупредили что телефон надо очень долго заряжать в первые разы что я послушно делал однако не помогло телефон работает одни сутки вместо обещанных на претензию в магазине великодушно поменяли аккумулятор но это не помогло пробовал и без сим карт и с одной та же картина одним словом не советую
NEUTRAL,Постараюсь избавиться от этого телефона только из-за звука...Остальное всё (несмотря на недостатки) устраивает.,111,13,2,0,0,2,0.018018018018018018,55.5,0,0,"(68.0, 116.0]",0,постараюсь избавиться от этого телефона только из за звука остальное всё несмотря на недостатки устраивает
NEUTRAL,"в целом апрарат хороший, да еще и за такие малые деньги.",56,11,1,0,0,0,0.0,56.0,0,0,"(19.52, 68.0]",0,в целом апрарат хороший да еще и за такие малые деньги
POSITIVE,Вывод: Достойный КПК для работы и отдыха. Относитесь к нему хорошо и он вас не разочарует.,90,16,2,0,0,6,0.06666666666666667,45.0,0,0,"(68.0, 116.0]",1,вывод достойный кпк для работы и отдыха относитесь к нему хорошо и он вас не разочарует
NEGATIVE,Жесть... Подарок на др был испорчен.,36,6,2,0,0,2,0.05555555555555555,18.0,0,0,"(19.52, 68.0]",-1,жесть подарок на др был испорчен
NEUTRAL,не рекомендую к покупке,23,4,0,0,0,0,0.0,23.0,0,0,"(19.52, 68.0]",0,не рекомендую к покупке
NEUTRAL,"По сравнению с Mi5 - ужасный аппарат :( камера хуже, чем Mi5 с gcam значительно. В штатной камере нет половины режимов, а те что есть - убогие. С рутом на всех известных мне прошивках начинается жор аккумулятора и фризы, которые проходят при удалении рута. Есть режим управления одной рукой, но он конфликтует (и не работает) с режимом управления жестами. В режиме управления жестами сложно писать свайпом слова, начинающиеся с Ф или Э. Нужно на долю секунды задержать палец на букве",483,80,5,0,0,10,0.020703933747412008,96.6,0,0,"(452.0, 500.0]",0,по сравнению с mi ужасный аппарат камера хуже чем mi с gcam значительно в штатной камере нет половины режимов а те что есть убогие с рутом на всех известных мне прошивках начинается жор аккумулятора и фризы которые проходят при удалении рута есть режим управления одной рукой но он конфликтует и не работает с режимом управления жестами в режиме управления жестами сложно писать свайпом слова начинающиеся с ф или э нужно на долю секунды задержать палец на букве
NEUTRAL,"В целом доволен, мне нужен был КПК, и я его получил. А так, проц не сильно мощный, но достаточно. Некоторые недостатки решаются покупкой чехла-книжки. Про чехол скажу особо, хрен найдешь, по габаритам подходит LG p920, но их тоже пока нет в продаже. Кино конечно без перекодирования силно не посмотришь, но на мой взгляд, смотреть кино на телефоне это офобый вид извращения.",374,61,5,0,0,10,0.026737967914438502,74.8,0,0,"(356.0, 404.0]",0,в целом доволен мне нужен был кпк и я его получил а так проц не сильно мощный но достаточно некоторые недостатки решаются покупкой чехла книжки про чехол скажу особо хрен найдешь по габаритам подходит lg p но их тоже пока нет в продаже кино конечно без перекодирования силно не посмотришь но на мой взгляд смотреть кино на телефоне это офобый вид извращения
POSITIVE,"Мой первый смартфон. Раньше вообще не любил Нокию и Windows Phone. После выхода WP8 изменил свои взгляды. До этого присматривался и к Купертиновскому смартфону, и к смартам на Андроиде, и к BlackBerry. Все они для меня меркнут под светом Windows Phone и Нокии. Некоторые недостатки скорее просто придирки и простительны. За те деньги, что за него просят, всё просто замечательно. Отличный смартфон для первооткрывателей данного типа телефонов + для знакомства с Windows Phone 8.",478,74,8,0,0,22,0.04602510460251046,59.75,0,0,"(452.0, 500.0]",1,мой первый смартфон раньше вообще не любил нокию и windows phone после выхода wp изменил свои взгляды до этого присматривался и к купертиновскому смартфону и к смартам на андроиде и к blackberry все они для меня меркнут под светом windows phone и нокии некоторые недостатки скорее просто придирки и простительны за те деньги что за него просят всё просто замечательно отличный смартфон для первооткрывателей данного типа телефонов для знакомства с windows phone
NEUTRAL,"Будьте внимательны. Настоящего ip68 в этом смартфоне НЕТ!! Никаких погружений на метр в течении 30мин. Его можно помыть держа динамиком вниз, но не более того.  Все-таки не понятно, почему флагман этого года без гугла стоит столько же, сколько в прошлом году стоил флагман той же фирмы с гуглом. Huawei за лицензии не платил что ли в прошлом году?  P.S. В начале мая поставить сервисы GOOGLE по имеющимся инструкциям в инете не вышло - видать закрыли лазейку.",459,76,9,2,1,18,0.0392156862745098,51.0,0,0,"(452.0, 500.0]",0,будьте внимательны настоящего ip в этом смартфоне нет никаких погружений на метр в течении мин его можно помыть держа динамиком вниз но не более того все таки не понятно почему флагман этого года без гугла стоит столько же сколько в прошлом году стоил флагман той же фирмы с гуглом huawei за лицензии не платил что ли в прошлом году p s в начале мая поставить сервисы google по имеющимся инструкциям в инете не вышло видать закрыли лазейку
NEUTRAL,лай-ла-ла-ла-ла-ла-ла-ла-ла!=),30,1,1,1,0,0,0.0,30.0,0,0,"(19.52, 68.0]",0,лай ла ла ла ла ла ла ла ла
POSITIVE,"Выбирал себе телефон, на 3-4 года использования, как и прошлый-Xperia l. Очень долго выбирал и гуглил, сравнивал. Оказалось, что согласно моим требованиям, выбора то - особо нет. Батарейка держит полтора дня, после, можно включить ""экстримальную экономию"" (Не экономию эннргии) и продержит ещё полдня. Офигенный дисплей, чётко работает камера, если не фокусируется - можно просто тапнуть в экран по нужному месту. Размер, с подобными характеристиками, почти все телефоны, с размером дисплея от 5"".",497,72,6,0,0,8,0.01609657947686117,82.83333333333333,0,0,"(452.0, 500.0]",1,выбирал себе телефон на года использования как и прошлый xperia l очень долго выбирал и гуглил сравнивал оказалось что согласно моим требованиям выбора то особо нет батарейка держит полтора дня после можно включить экстримальную экономию не экономию эннргии и продержит ещё полдня офигенный дисплей чётко работает камера если не фокусируется можно просто тапнуть в экран по нужному месту размер с подобными характеристиками почти все телефоны с размером дисплея от
NEUTRAL,"1. Хороший аудиплеер, но для прослушивания flac установил АМР плеер. 2. Видео воспроизводит хорошо без тормозов любых размеров и форматов (МХ плеер) 3. Игры летают, поставил Need for speed, Dead Space, Plants vs Zombis 2, Subway Surf За эти деньги отличный аппарат. Рекомендую!!!",279,43,6,3,0,17,0.06093189964157706,46.5,0,0,"(260.0, 308.0]",0,хороший аудиплеер но для прослушивания flac установил амр плеер видео воспроизводит хорошо без тормозов любых размеров и форматов мх плеер игры летают поставил need for speed dead space plants vs zombis subway surf за эти деньги отличный аппарат рекомендую
POSITIVE,"Брал на Алиэкспрессе, доставка ЕМС. Шел 2 месяца. Все предыдущие телефоны были из семейства NEXUS (SGN и 4). Был фанатом ""голого"" Андроида, и тут этот MIUI, он бесподобен! Писали ниже о проблеме с калькулятором и радио. Перепрошился с miui. su и все решилось (шится элементарно). За то время пока шел вышло несколько прошивок и все баги исправили. Телефон немного для меня великоват, но уже привык. В остальном телефон просто супер!",432,70,10,2,0,26,0.06018518518518518,43.2,0,0,"(404.0, 452.0]",1,брал на алиэкспрессе доставка емс шел месяца все предыдущие телефоны были из семейства nexus sgn и был фанатом голого андроида и тут этот miui он бесподобен писали ниже о проблеме с калькулятором и радио перепрошился с miui su и все решилось шится элементарно за то время пока шел вышло несколько прошивок и все баги исправили телефон немного для меня великоват но уже привык в остальном телефон просто супер
NEGATIVE,"Не смотря на снижение стоимости с 24 тысяч в том году до 15 в этом, стоит взвесить все за и против!",99,21,1,1,0,1,0.010101010101010102,99.0,0,0,"(68.0, 116.0]",-1,не смотря на снижение стоимости с тысяч в том году до в этом стоит взвесить все за и против
NEGATIVE,"самый отстойный телефон в моей жизни такого ................ у меня давно не было покупал новый телефон,думал будет отличный аппарат  ошибся камера так себе,батарея вообще не держит толком заряд провел эксперимент,использовал телефон только для звонков,и смс батареи хватило на 10 часов(((((( плюс к этому всему сам по себе выключается через два месяца использования продал",373,53,1,0,0,0,0.0,373.0,0,0,"(356.0, 404.0]",-1,самый отстойный телефон в моей жизни такого у меня давно не было покупал новый телефон думал будет отличный аппарат ошибся камера так себе батарея вообще не держит толком заряд провел эксперимент использовал телефон только для звонков и смс батареи хватило на часов плюс к этому всему сам по себе выключается через два месяца использования продал
NEUTRAL,"UPD Пользуюсь уже чуть меньше полугода. При активном постоянном использовании телефона в течение дня — зарядки хватает впритык. В обычный день (дорога на работу, немного в течение дня + дорога домой + использование в зале на занятиях) — хватит на пару дней. Камера среднего качества.  UPD2 В использовании почти 2 года. 16 Gb очень мало. Барахлит датчик, который включает/отключает дисплей при разговоре.",404,62,7,0,0,13,0.03217821782178218,57.714285714285715,0,0,"(356.0, 404.0]",0,upd пользуюсь уже чуть меньше полугода при активном постоянном использовании телефона в течение дня зарядки хватает впритык в обычный день дорога на работу немного в течение дня дорога домой использование в зале на занятиях хватит на пару дней камера среднего качества upd в использовании почти года gb очень мало барахлит датчик который включает отключает дисплей при разговоре
NEGATIVE,"Купила год назад в июне, в начале не могла нарадоваться, но потом о-о-очень огорчилась. Как только закончилась гарантия, у меня, то есть у моего телефона, накрылся меддным тазом динамик. Не слышно звонка, а потом и вовсе фуршать начинает. Теперь отвечаю только на вибрацию (благо дело вибровызов не подкачал). Как-то завела на нем будильник (встаю очень рано на работу), подняла им весь дом только оттого, что не могу отключить, жала на все кнопки спросоня, так и не выключила, проглючил.",488,78,5,0,0,5,0.010245901639344262,97.6,0,0,"(452.0, 500.0]",-1,купила год назад в июне в начале не могла нарадоваться но потом о о очень огорчилась как только закончилась гарантия у меня то есть у моего телефона накрылся меддным тазом динамик не слышно звонка а потом и вовсе фуршать начинает теперь отвечаю только на вибрацию благо дело вибровызов не подкачал как то завела на нем будильник встаю очень рано на работу подняла им весь дом только оттого что не могу отключить жала на все кнопки спросоня так и не выключила проглючил
NEGATIVE,"Радужные надежды не только не оправдались, но и просто убили хорошее отношение к самсунгу. Можно даже смириться с родовыми травмами, но телефон время от времени самопроизвольно перезагружается, а в конце концов перестал ВЫКЛЮЧАТЬСЯ пока не снимишь АКБ! За такие же деньги можно купить две приличные трубы. Менее удобно, зато без связи не останешься в самый неподходящий момент.",377,57,4,1,0,18,0.04774535809018567,94.25,0,0,"(356.0, 404.0]",-1,радужные надежды не только не оправдались но и просто убили хорошее отношение к самсунгу можно даже смириться с родовыми травмами но телефон время от времени самопроизвольно перезагружается а в конце концов перестал выключаться пока не снимишь акб за такие же деньги можно купить две приличные трубы менее удобно зато без связи не останешься в самый неподходящий момент
POSITIVE,Пошли с товарищем в магазин. Он взял последний экземпляр Leeco cool 1 3/32gb за 8400. Мне пришлось выбирать другую модель. За 6800 рублей лучше не  найдете.,156,26,4,0,0,5,0.03205128205128205,39.0,0,0,"(116.0, 164.0]",1,пошли с товарищем в магазин он взял последний экземпляр leeco cool gb за мне пришлось выбирать другую модель за рублей лучше не найдете
NEUTRAL,"Очень довольна тлф, батареи на день чаще всего хватает (часа 3,5 музыки и часов 6 вай-фая, навигатор часик), после самсунга не привычно расположены кнопки, хотя громкость на тыльной стороне оказалось удобно, да и обновления на него часто приходят.",247,38,1,0,0,1,0.004048582995951417,247.0,0,0,"(212.0, 260.0]",0,очень довольна тлф батареи на день чаще всего хватает часа музыки и часов вай фая навигатор часик после самсунга не привычно расположены кнопки хотя громкость на тыльной стороне оказалось удобно да и обновления на него часто приходят
NEUTRAL,"Пользуюсь им год. Это мой первый сенсорный телефон. Все что мне требовалось от телефона: звонки, смс, навигатор и возможность выйти в интернет по необходимости. До этого всегда пользовался телефонами Nokia, хотя всегда считал эту марку, неоправданно завышенной в цене. Андройд брать не хотелось, т.к. нормальные телефоны стояли от 15ти, постоянные тормоза, быстрый расход батареи, в приложениях особо не нуждаюсь.",413,59,7,0,0,6,0.014527845036319613,59.0,0,0,"(404.0, 452.0]",0,пользуюсь им год это мой первый сенсорный телефон все что мне требовалось от телефона звонки смс навигатор и возможность выйти в интернет по необходимости до этого всегда пользовался телефонами nokia хотя всегда считал эту марку неоправданно завышенной в цене андройд брать не хотелось т к нормальные телефоны стояли от ти постоянные тормоза быстрый расход батареи в приложениях особо не нуждаюсь
NEGATIVE,"Купил телефон для использования в рабочих целях. Верхняя sim-карта отключается в течении дня несколько раз. В результате сбиваются все набранные номера. Во время разговора может быть разрыв связи. телефоном пользовался неделю, потом пришлось отвезти его на экспертизу в магазин. В общем лучше добавить денег и купить что-нибудь из samsung  или lg.",347,51,6,0,0,5,0.01440922190201729,57.833333333333336,0,0,"(308.0, 356.0]",-1,купил телефон для использования в рабочих целях верхняя sim карта отключается в течении дня несколько раз в результате сбиваются все набранные номера во время разговора может быть разрыв связи телефоном пользовался неделю потом пришлось отвезти его на экспертизу в магазин в общем лучше добавить денег и купить что нибудь из samsung или lg
NEGATIVE,"Интерфейс и скорость работы - стандартные для начинки, нормально. Связь (в отличие от некоторых) не теряет, все нормально. Брал жене как двухсимковый и Сони, впринципе она довольна, а я, перепробовавший разные телефоны на андроиде, аппаратом - недоволен.",254,37,3,0,0,4,0.015748031496062992,84.66666666666667,0,0,"(212.0, 260.0]",-1,интерфейс и скорость работы стандартные для начинки нормально связь в отличие от некоторых не теряет все нормально брал жене как двухсимковый и сони впринципе она довольна а я перепробовавший разные телефоны на андроиде аппаратом недоволен
POSITIVE,"Модель сама по себе уникальна, и противоречива - для коммуникатора слишком мал, - для телефона слишком мощный и функциональный, такая уменьшенная версия N8 и C7 получилась.",172,26,1,0,0,3,0.01744186046511628,172.0,0,0,"(164.0, 212.0]",1,модель сама по себе уникальна и противоречива для коммуникатора слишком мал для телефона слишком мощный и функциональный такая уменьшенная версия n и c получилась
NEGATIVE,"Ужас, добавьте тысячу рублей и возьмите самсунг, телефон не справляется даже со звонками, для чего и был куплен",111,18,0,0,0,1,0.009009009009009009,111.0,0,0,"(68.0, 116.0]",-1,ужас добавьте тысячу рублей и возьмите самсунг телефон не справляется даже со звонками для чего и был куплен
NEGATIVE,"аппарат более чем отличный для позвонить/смс/интернет, но как только доходит до навигации...1. не находит спутники (сравниваю с таким же односимочным);2. теряет спутники если с телефоном что-то происходит, например: приходит смс!!!3. теряет спутник если остановиться в поле или же наоборот рядом со зданием. закономерности пока не выявил, все как-то ""рандомно""",360,49,6,3,0,0,0.0,60.0,0,0,"(356.0, 404.0]",-1,аппарат более чем отличный для позвонить смс интернет но как только доходит до навигации не находит спутники сравниваю с таким же односимочным теряет спутники если с телефоном что то происходит например приходит смс теряет спутник если остановиться в поле или же наоборот рядом со зданием закономерности пока не выявил все как то рандомно
NEUTRAL,"честно признаться, о таком телефоне я мечтал, но когда приобрел, и через несколько месяцев, усомнился в выборе. советую хотя бы k790 или k800, но не этот! у тех хоть корпус крепче.",180,31,3,1,0,0,0.0,60.0,0,0,"(164.0, 212.0]",0,честно признаться о таком телефоне я мечтал но когда приобрел и через несколько месяцев усомнился в выборе советую хотя бы k или k но не этот у тех хоть корпус крепче
POSITIVE,"Отличный телефон для людей среднего возраста, которым не нужны супер мощные возможности для всяких игр и кого раздражает постоянное присутствие рядом со своим телом зарядного устройства.",186,26,1,0,0,1,0.005376344086021506,186.0,0,0,"(164.0, 212.0]",1,отличный телефон для людей среднего возраста которым не нужны супер мощные возможности для всяких игр и кого раздражает постоянное присутствие рядом со своим телом зарядного устройства
POSITIVE,"Если вы понимаете, что такое и для кого линейка Note, покупайте смело, никакого аналогичного устройства на рынке просто нет, аппарат вне конкуренции в разделе фаблетов.",168,25,1,0,0,2,0.011904761904761904,168.0,0,0,"(164.0, 212.0]",1,если вы понимаете что такое и для кого линейка note покупайте смело никакого аналогичного устройства на рынке просто нет аппарат вне конкуренции в разделе фаблетов
NEGATIVE,"Своих денег не стоит: (клавиатура очень неудобная, сенсор не всегда работает, не всегда могут дозвонится люди (звонилка не открывается), временами теряет сеть(на минуту максимум, но все равно не приятно). Очень медленный, хотя видео проигрывает очень даже не плохо(через MX Player).Выбешивают стандартные программы (телефон не рутовал, а снести так не представляется возможным)P. S. перешел на него с HTC Sensation, поэтому, возможно, не очень объективно оцениваю его",467,65,4,0,0,12,0.02569593147751606,116.75,0,0,"(452.0, 500.0]",-1,своих денег не стоит клавиатура очень неудобная сенсор не всегда работает не всегда могут дозвонится люди звонилка не открывается временами теряет сеть на минуту максимум но все равно не приятно очень медленный хотя видео проигрывает очень даже не плохо через mx player выбешивают стандартные программы телефон не рутовал а снести так не представляется возможным p s перешел на него с htc sensation поэтому возможно не очень объективно оцениваю его
NEUTRAL,хороший аппарат купил бу но не подводит с декабря месяца использую,66,11,0,0,0,0,0.0,66.0,0,0,"(19.52, 68.0]",0,хороший аппарат купил бу но не подводит с декабря месяца использую
NEUTRAL,"Дизайн-это пожалуй самое лучшее достоинство этого смартфона. Порадовал экран с хорошими углами обзора,с хорошей цветопередачей. Функция настройки цвета всей системы тоже порадовала. Возможность попеременно ставить сим или флеш это тоже плюс. Но,для 2016-2017 года 1 гиг оперативной памяти ,это как то мало. Проблем с производительностью не заметил,за исключением ,что ,плохо держит приложения в памяти. что касается камеры-я лично ничего особенного не заметил.",460,62,7,0,0,6,0.013043478260869565,65.71428571428571,0,0,"(452.0, 500.0]",0,дизайн это пожалуй самое лучшее достоинство этого смартфона порадовал экран с хорошими углами обзора с хорошей цветопередачей функция настройки цвета всей системы тоже порадовала возможность попеременно ставить сим или флеш это тоже плюс но для года гиг оперативной памяти это как то мало проблем с производительностью не заметил за исключением что плохо держит приложения в памяти что касается камеры я лично ничего особенного не заметил
POSITIVE,"Телефоном пользуюсь порядка 3 месяцев. Все полностью устраивает, работает отлично и не тупит. Но на днях дочка упустила его в чашку с чаем и динамик по-ходу залили, стало плохо слышно. Отнес в сервисный центр на Парк Победы, сделали все за полдня, теперь телефон как новенький)",277,45,3,0,0,6,0.021660649819494584,92.33333333333333,0,0,"(260.0, 308.0]",1,телефоном пользуюсь порядка месяцев все полностью устраивает работает отлично и не тупит но на днях дочка упустила его в чашку с чаем и динамик по ходу залили стало плохо слышно отнес в сервисный центр на парк победы сделали все за полдня теперь телефон как новенький
POSITIVE,Вот наконец добрался дабы вложить свои 5 копеек про это Устройство (с большой буквы) (телефоном язык не поворачивается назвать). Мой принцип при покупке заключался в том что нет смысла покупать то что есть во всех магазинах - брать надо как раз то чего просто так не найти сейчас он стоит около 5 тыс. руб. (в интернет магазинах типа CU) за эти деньги СУПЕР аппарат!!! заказывал в немецком магазе себе компьютерные штуки и решил докинуть ещё телефон.,450,76,5,3,0,10,0.022222222222222223,90.0,0,0,"(404.0, 452.0]",1,вот наконец добрался дабы вложить свои копеек про это устройство с большой буквы телефоном язык не поворачивается назвать мой принцип при покупке заключался в том что нет смысла покупать то что есть во всех магазинах брать надо как раз то чего просто так не найти сейчас он стоит около тыс руб в интернет магазинах типа cu за эти деньги супер аппарат заказывал в немецком магазе себе компьютерные штуки и решил докинуть ещё телефон
NEUTRAL,"удобный, тонкий, легкий, в белом цвете в кожаном розовом чехле очень красиво смотрится, всем советую",100,15,0,0,0,0,0.0,100.0,0,0,"(68.0, 116.0]",0,удобный тонкий легкий в белом цвете в кожаном розовом чехле очень красиво смотрится всем советую
POSITIVE,"отличный телефон за разумную цену. Очень функционален. Как любитель моторол считаю аппарат примерно равным им. Телефон без излишеств - все что нужно имеет. Интерфейс понятен и в нем можно легко разобраться самостоятельно. Есть предустановленные приложения и игры (в шарик прикольная игрушка). Также есть прочие ненужности типа шагомера, смены обоев или перемотка песен в плеере при помощи тряски...Рекомендую всем, кто ценит своё время и деньги (нет нужды переплачивать за бренд)",479,69,7,0,0,7,0.014613778705636743,68.42857142857143,0,0,"(452.0, 500.0]",1,отличный телефон за разумную цену очень функционален как любитель моторол считаю аппарат примерно равным им телефон без излишеств все что нужно имеет интерфейс понятен и в нем можно легко разобраться самостоятельно есть предустановленные приложения и игры в шарик прикольная игрушка также есть прочие ненужности типа шагомера смены обоев или перемотка песен в плеере при помощи тряски рекомендую всем кто ценит своё время и деньги нет нужды переплачивать за бренд
POSITIVE,"Спустя три года эксплуатации Samsung Galaxy S3 появилась необходимость смены смартфона. Переплачивать за бренд не хотелось, поэтому выбор пал на китайские смартфоны Xiaomi. В остальных моделях отталкивала оболочка MIUI, которая с каждым обновлением подкидывает что-то новенькое. Тогда выбор пал на Mi A1, на котором чистый андроид. В первые пару дней телефон казался слишком большим и слишком тонким, спустя неделю это ощущение прошло.",435,62,5,0,0,15,0.034482758620689655,87.0,0,0,"(404.0, 452.0]",1,спустя три года эксплуатации samsung galaxy s появилась необходимость смены смартфона переплачивать за бренд не хотелось поэтому выбор пал на китайские смартфоны xiaomi в остальных моделях отталкивала оболочка miui которая с каждым обновлением подкидывает что то новенькое тогда выбор пал на mi a на котором чистый андроид в первые пару дней телефон казался слишком большим и слишком тонким спустя неделю это ощущение прошло
NEUTRAL,Телефон устраивал во всём....,29,4,1,0,0,1,0.034482758620689655,29.0,0,0,"(19.52, 68.0]",0,телефон устраивал во всём
NEUTRAL,"Аппарат выдали на работе, до этого был НТС Оne X. Камера конечно огорчила после НТС, хотел даже отдать жене и купить себе другой. Неудобно реализован набор номеров: при переключении на клавиатуру над ней НЕ высвечиваются последние звонки, как НТС. Очень неудобно! В целом зря Самсунг так сильно ""курочит"" и ""закрывает"" Андроид под себя. НТС можно настроить под себя более гибко..Глючит редко, почти не тормозит. Передатчик хороший. Батарея хорошая.",448,68,9,1,0,26,0.05803571428571429,49.77777777777778,0,0,"(404.0, 452.0]",0,аппарат выдали на работе до этого был нтс оne x камера конечно огорчила после нтс хотел даже отдать жене и купить себе другой неудобно реализован набор номеров при переключении на клавиатуру над ней не высвечиваются последние звонки как нтс очень неудобно в целом зря самсунг так сильно курочит и закрывает андроид под себя нтс можно настроить под себя более гибко глючит редко почти не тормозит передатчик хороший батарея хорошая
POSITIVE,"Имея синий аппарат, могу сказать, что этт- стильный аппарат, с отличной камерой, делающий чёткие снимки, но ""лопата"")",117,17,0,0,0,1,0.008547008547008548,117.0,0,0,"(116.0, 164.0]",1,имея синий аппарат могу сказать что этт стильный аппарат с отличной камерой делающий чёткие снимки но лопата
POSITIVE,"Советую кто думает брать не брать, берите не пожалеете, достойный конкурент LG оптимус и самсунгам.",99,15,1,0,0,3,0.030303030303030304,99.0,0,0,"(68.0, 116.0]",1,советую кто думает брать не брать берите не пожалеете достойный конкурент lg оптимус и самсунгам
NEUTRAL,"За время использования этой моделью (с конца августа 2011 до начала апреля 2012) прошивал, перешивал по 100-200 раз, перепробовал все прошивки, которые только есть, но в конце остановился на офф обновлении до Sense 3.0. Чертовски привык к этому телефону, знал его до полностью. Так бы и оставил, если бы черт не дернул взять HTC Sensation на замену.",349,57,4,0,0,8,0.022922636103151862,87.25,0,0,"(308.0, 356.0]",0,за время использования этой моделью с конца августа до начала апреля прошивал перешивал по раз перепробовал все прошивки которые только есть но в конце остановился на офф обновлении до sense чертовски привык к этому телефону знал его до полностью так бы и оставил если бы черт не дернул взять htc sensation на замену
NEUTRAL,"Продал. Пока хожу с honor 10, не думал что так будет после смены iphone 7 на iphone x. Да, honor 10 это попроще десятки, но лучше 7-ки!",135,27,3,1,0,3,0.022222222222222223,45.0,0,0,"(116.0, 164.0]",0,продал пока хожу с honor не думал что так будет после смены iphone на iphone x да honor это попроще десятки но лучше ки
NEGATIVE,"Поначалу очень хорошо и живенько работал. USB, QWERTY-клавы, доступа в интернет нет. Постарел мой телефон через год: при включению симку распознавал спустя минут 10-20, включался также минут 10-15. Через некоторое время телефон практически умер: симку он не видел, наушники или зарядку вставить не возможно, провод выпадал. Постепенно перестал видеть карту micro-sd. При долгом его использовании мной появлялся синий экран, после вытаскивания батареи начинал лишь сильней тупить.",479,66,6,0,0,14,0.029227557411273485,79.83333333333333,0,0,"(452.0, 500.0]",-1,поначалу очень хорошо и живенько работал usb qwerty клавы доступа в интернет нет постарел мой телефон через год при включению симку распознавал спустя минут включался также минут через некоторое время телефон практически умер симку он не видел наушники или зарядку вставить не возможно провод выпадал постепенно перестал видеть карту micro sd при долгом его использовании мной появлялся синий экран после вытаскивания батареи начинал лишь сильней тупить
NEGATIVE,"Два недостатка, связанных со стеклянной задней частью: 1. Скользит по тканевым поверхностям, несколько раз падал. Если Вы положили его на диван, кресло, офисный стул и т.д. - он может упасть через 5 минут, хотя вроде бы лежал спокойно. 2. Заднее стекло неустойчиво к царапинам, в отличие от основного. Про бампер/чехол не надо - в этом случае лучше взять оригинал в виде M3 s mini, чем аппарат, главная фишка которого дизайн, засовывать в силикон.",447,73,8,0,0,7,0.015659955257270694,55.875,0,0,"(404.0, 452.0]",-1,два недостатка связанных со стеклянной задней частью скользит по тканевым поверхностям несколько раз падал если вы положили его на диван кресло офисный стул и т д он может упасть через минут хотя вроде бы лежал спокойно заднее стекло неустойчиво к царапинам в отличие от основного про бампер чехол не надо в этом случае лучше взять оригинал в виде m s mini чем аппарат главная фишка которого дизайн засовывать в силикон
NEGATIVE,"много раз падал (и на асфальт в том числе) работает. меня в нем устраивает только камера. через год полетел динамик и вибро, приходилось розговаривать через наушники. телефон только для аккуратных людей!! многие ведуться на красивый дизайн, не советую покупать",260,39,4,2,0,0,0.0,65.0,0,0,"(212.0, 260.0]",-1,много раз падал и на асфальт в том числе работает меня в нем устраивает только камера через год полетел динамик и вибро приходилось розговаривать через наушники телефон только для аккуратных людей многие ведуться на красивый дизайн не советую покупать
NEUTRAL,"Нормальный телефон. Несмотря на то, что корпус выполнен из металла -достаточно хрупкий и маркий, требует бережного отношения. Чехол решает эту проблему. Трубу взял на смену нокии Н73. Вот это была неубиваемая машинка, качество сборки, ""ударопрочность"", камера и т. д... Все это к сожалению ушло. В итоге, Nokia 6700 -хороший, красивый телефон, среднего качества сборки, среднего технического уровня. Ощущения от пользования: приятно, но не цепляет.",448,64,9,0,0,10,0.022321428571428572,49.77777777777778,0,0,"(404.0, 452.0]",0,нормальный телефон несмотря на то что корпус выполнен из металла достаточно хрупкий и маркий требует бережного отношения чехол решает эту проблему трубу взял на смену нокии н вот это была неубиваемая машинка качество сборки ударопрочность камера и т д все это к сожалению ушло в итоге nokia хороший красивый телефон среднего качества сборки среднего технического уровня ощущения от пользования приятно но не цепляет
NEUTRAL,"Хороший телефон. Покупкой доволен. Мне его подарили на ДР, так же пользуется таким же телефоном сестра, полностью довольны. Но есть минус, стал облезать хром, обильно причем. Но когда он облезет полностью, то будет еще даже красивее :)",235,37,4,0,0,7,0.029787234042553193,58.75,0,0,"(212.0, 260.0]",0,хороший телефон покупкой доволен мне его подарили на др так же пользуется таким же телефоном сестра полностью довольны но есть минус стал облезать хром обильно причем но когда он облезет полностью то будет еще даже красивее
NEUTRAL,"Телефон просто стоит своих денег. Батарейка держит столько, сколько пользуешься, у меня от 20-ти часов до полутора суток. Работает шустро, даже очень. Звонит, пишет. Обновление на 5.1 лично мне ничего не принесло, кроме глюков с wi-fi, но наверное она круче 4-ой. По мне, так Китай просто вышел на новый уровень стоимости и хитрости глюков. Сейчас телефон есть в списке обновлений на 6-ой андройд, может чего и исправят.",420,67,8,0,0,8,0.01904761904761905,52.5,0,0,"(404.0, 452.0]",0,телефон просто стоит своих денег батарейка держит столько сколько пользуешься у меня от ти часов до полутора суток работает шустро даже очень звонит пишет обновление на лично мне ничего не принесло кроме глюков с wi fi но наверное она круче ой по мне так китай просто вышел на новый уровень стоимости и хитрости глюков сейчас телефон есть в списке обновлений на ой андройд может чего и исправят
NEUTRAL,"Хороший телефон если бы не запороли основную функцию устройства, звук разговорного динамика.",92,12,1,0,0,1,0.010869565217391304,92.0,0,0,"(68.0, 116.0]",0,хороший телефон если бы не запороли основную функцию устройства звук разговорного динамика
NEUTRAL,"Убогую камеру и некрасивый дизайн в минусы не ставлю, всё-таки это бюджетный смартфон. Но в целом, остались приятные впечатления от, хоть в итоге я его и продал через месяц, купив Redmi Note 3 Pro) К покупке не рекомендую, давно есть в продаже Redmi 4x, который поинтереснее.  Не покупайте телефоны с 2 Гб ОЗУ! :)",313,54,3,1,0,12,0.038338658146964855,104.33333333333333,0,0,"(308.0, 356.0]",0,убогую камеру и некрасивый дизайн в минусы не ставлю всё таки это бюджетный смартфон но в целом остались приятные впечатления от хоть в итоге я его и продал через месяц купив redmi note pro к покупке не рекомендую давно есть в продаже redmi x который поинтереснее не покупайте телефоны с гб озу
POSITIVE,"Кто говорит что 3д тут лишнее сильно ошибается, эта фишка реально прикольная и пока что я все снимки делал в 3д. Игры так же выглядят на 5 баллов, но их пока не очень много, что огорчает. С 3д контентом проблем нет, можно самому легко переконвертить любой фильм, ибо пока плеер не умеет горизонтальную/вертикальную стереопару из мкв в 3д преобразовать. Может нужен специальный плеер, но я не нашел такого.",405,68,4,0,0,4,0.009876543209876543,101.25,0,0,"(404.0, 452.0]",1,кто говорит что д тут лишнее сильно ошибается эта фишка реально прикольная и пока что я все снимки делал в д игры так же выглядят на баллов но их пока не очень много что огорчает с д контентом проблем нет можно самому легко переконвертить любой фильм ибо пока плеер не умеет горизонтальную вертикальную стереопару из мкв в д преобразовать может нужен специальный плеер но я не нашел такого
NEUTRAL,не советовала бы покупать.,26,4,1,0,0,0,0.0,26.0,0,0,"(19.52, 68.0]",0,не советовала бы покупать
NEUTRAL,"Сборка как у самого сурового китайца. Видимо texet смогли найти самого дешёвого производителя. Острые грани, они ещё ине подогнаны, вспышка была смещена в сторону от отверстия, резинки на боковинах люфтят, хотя должны быть приклеены по логике. По отзывам, у этих телефонов высокий показатель брака, но за 3000 лучше аппарата вы не найдёте из защищённых.  Если закрыть глаза на кастрированную прошивку и кривую сборку, то аппарат свои функции выполняет - звонит, будит, смс показывает.",484,73,5,0,0,5,0.010330578512396695,96.8,0,0,"(452.0, 500.0]",0,сборка как у самого сурового китайца видимо texet смогли найти самого дешёвого производителя острые грани они ещё ине подогнаны вспышка была смещена в сторону от отверстия резинки на боковинах люфтят хотя должны быть приклеены по логике по отзывам у этих телефонов высокий показатель брака но за лучше аппарата вы не найдёте из защищённых если закрыть глаза на кастрированную прошивку и кривую сборку то аппарат свои функции выполняет звонит будит смс показывает
NEGATIVE,"ЭТО Г... от SONY. Худше этого куска Японской мысли я не держал в руках не чего, ну если только за 2000 руб, но это стоило 5500 руб. Больше не когда не куплю от этой компании ни чего из умной электроники. Да и планшет Z2 за огромные деньги выпустили куском Г... Короче - эта фирма умерла на мобильном рынке.",306,58,6,0,0,15,0.049019607843137254,51.0,0,0,"(260.0, 308.0]",-1,это г от sony худше этого куска японской мысли я не держал в руках не чего ну если только за руб но это стоило руб больше не когда не куплю от этой компании ни чего из умной электроники да и планшет z за огромные деньги выпустили куском г короче эта фирма умерла на мобильном рынке
POSITIVE,"Всем рекомендую, отличный аппарат за свои деньги.",49,7,1,0,0,1,0.02040816326530612,49.0,0,0,"(19.52, 68.0]",1,всем рекомендую отличный аппарат за свои деньги
POSITIVE,"Полгода назад купил такой ребенку. Недавно купил еще один такой же, что может быть лучшей рекомендацией? Для тех кому телефон не для игр с 3D, ""блекджеком и шл...."", а в качестве телефона, с ютубом и соцсетями, то за свой ценник это великолепный аппарат. Немного расстраивает появление трещин на экране от падений, но он и не заявляется как противоударный.",356,58,5,0,1,5,0.014044943820224719,71.2,0,0,"(308.0, 356.0]",1,полгода назад купил такой ребенку недавно купил еще один такой же что может быть лучшей рекомендацией для тех кому телефон не для игр с d блекджеком и шл а в качестве телефона с ютубом и соцсетями то за свой ценник это великолепный аппарат немного расстраивает появление трещин на экране от падений но он и не заявляется как противоударный
POSITIVE,"Вообще смартфоны для людей с правильными руками и тех. образованием. Многие писали про сертификаты (аналог джейла или рута), все легко обходиться; Переключение языков - вышел свап с русским языком!!! Неплохая камера, просто ей нужно уметь пользоваться (лучше поставить мод).",274,39,4,3,0,4,0.014598540145985401,68.5,0,0,"(260.0, 308.0]",1,вообще смартфоны для людей с правильными руками и тех образованием многие писали про сертификаты аналог джейла или рута все легко обходиться переключение языков вышел свап с русским языком неплохая камера просто ей нужно уметь пользоваться лучше поставить мод
NEUTRAL,"Недорогой телефон.  Простой, легкий, функциональный. Взяла именно из-за 2 сим карт. Очень простое переключение симок. Изменила отзыв через год. Сейчас бы не купила такой тупой телефон ни за что (((",197,30,5,0,0,6,0.030456852791878174,39.4,0,0,"(164.0, 212.0]",0,недорогой телефон простой легкий функциональный взяла именно из за сим карт очень простое переключение симок изменила отзыв через год сейчас бы не купила такой тупой телефон ни за что
NEGATIVE,"Был очень приятно удивлен временем работы после прошлого своего Sony Xperia ZL, который держал максимум 4 часа при непрерывной работе. Камера не шик, конечно, у соньки была в разы лучше. Это наверно первый андроид смартфон, которым уже можно пользоваться минимум день не беспокоясь о том, что батарея сядет. Ещё плюс отметил, что при наборе текста его можно выделять и копировать, чего нельзя было сделать на соньке.",416,66,4,0,0,8,0.019230769230769232,104.0,0,0,"(404.0, 452.0]",-1,был очень приятно удивлен временем работы после прошлого своего sony xperia zl который держал максимум часа при непрерывной работе камера не шик конечно у соньки была в разы лучше это наверно первый андроид смартфон которым уже можно пользоваться минимум день не беспокоясь о том что батарея сядет ещё плюс отметил что при наборе текста его можно выделять и копировать чего нельзя было сделать на соньке
POSITIVE,"Отличная модель, жаль не производят больше их.",46,7,1,0,0,1,0.021739130434782608,46.0,0,0,"(19.52, 68.0]",1,отличная модель жаль не производят больше их
NEGATIVE,"Если хотите испортить себе жизнь на ближайший год пользования(сомневаюсь,что вы выдержите больше с данным приспособлением,который у меня не поворачивается язык назвать телефоном)–купите это.Если вы хотите потешить свои возможные скрытые мазохистские наклонности(а они у вас точно имеются,если вы решили приобрести этот чудотелефон),также рекомендую к покупке.Остальным адекватным людям советую держаться от этого телефона подальше.",431,52,3,0,0,3,0.0069605568445475635,143.66666666666666,0,0,"(404.0, 452.0]",-1,если хотите испортить себе жизнь на ближайший год пользования сомневаюсь что вы выдержите больше с данным приспособлением который у меня не поворачивается язык назвать телефоном купите это если вы хотите потешить свои возможные скрытые мазохистские наклонности а они у вас точно имеются если вы решили приобрести этот чудотелефон также рекомендую к покупке остальным адекватным людям советую держаться от этого телефона подальше
NEUTRAL,"Вообще не смотря на недостатки, телефон хороший, БЕРИТЕ! не пожалеите",69,10,1,1,0,7,0.10144927536231885,69.0,0,0,"(68.0, 116.0]",0,вообще не смотря на недостатки телефон хороший берите не пожалеите
POSITIVE,"В целом довольно неплохая машина, тяжёленькая...   Недостатки может быть будут исправлены в следующих прошивках.",112,14,2,0,0,2,0.017857142857142856,56.0,0,0,"(68.0, 116.0]",1,в целом довольно неплохая машина тяжёленькая недостатки может быть будут исправлены в следующих прошивках
NEGATIVE,В общем телефон не самого лучшего качества.не советую!,54,8,2,1,0,1,0.018518518518518517,27.0,0,0,"(19.52, 68.0]",-1,в общем телефон не самого лучшего качества не советую
NEUTRAL,Достойная модель за свои деньги. менять стану ещё не скоро и да зарядку держит не плохо.,88,16,2,0,0,1,0.011363636363636364,44.0,0,0,"(68.0, 116.0]",0,достойная модель за свои деньги менять стану ещё не скоро и да зарядку держит не плохо
POSITIVE,"Пользовался iOS, android (sgs 6, sgn4), перешел более полугода назад на WM10, в целом доволен, платформа активно развивается, большое количество новых качественных приложений. Явно не для тех, кто хочет играть в 3d игрушки, хотя и их тут в достаточном количестве.",263,40,2,0,0,6,0.022813688212927757,131.5,0,0,"(260.0, 308.0]",1,пользовался ios android sgs sgn перешел более полугода назад на wm в целом доволен платформа активно развивается большое количество новых качественных приложений явно не для тех кто хочет играть в d игрушки хотя и их тут в достаточном количестве
NEUTRAL,прошивку не правильно сделал пришлось на ремонт дать...незнаю как для вас но мне нрава,86,14,1,0,0,0,0.0,86.0,0,0,"(68.0, 116.0]",0,прошивку не правильно сделал пришлось на ремонт дать незнаю как для вас но мне нрава
NEUTRAL,"Вот пользователь ya-ni90a купил брак, а судит нормальный телефон по браку, разве это правильно? Не слушайте его, руки растут у него из одного места, ри покупке нужно телефон проверять, а не хватать первый с витрины. телефоном доволен, просто у этого телефона не очень адекватная цена: вот SE LwW стоит дороже на 1к, а у него больше достоинств. Если хотите отличный функциональный кнопочный телефон, то покупайте этот!!!! Советую, но стоит прверять при покупке!!!!!!!!!!!!",471,72,5,16,1,8,0.016985138004246284,94.2,0,0,"(452.0, 500.0]",0,вот пользователь ya ni a купил брак а судит нормальный телефон по браку разве это правильно не слушайте его руки растут у него из одного места ри покупке нужно телефон проверять а не хватать первый с витрины телефоном доволен просто у этого телефона не очень адекватная цена вот se lww стоит дороже на к а у него больше достоинств если хотите отличный функциональный кнопочный телефон то покупайте этот советую но стоит прверять при покупке
NEGATIVE,"купила этот телефон в качестве временной замены моему горячо любимому htc desire x, который геройски погиб в зубах моей кошки. после первого дня использования поняла, что сделала огромную ошибку. в общем, возвращаю его обратно в магазин и начинаю копить на хороший телефон.",273,42,3,0,0,0,0.0,91.0,0,0,"(260.0, 308.0]",-1,купила этот телефон в качестве временной замены моему горячо любимому htc desire x который геройски погиб в зубах моей кошки после первого дня использования поняла что сделала огромную ошибку в общем возвращаю его обратно в магазин и начинаю копить на хороший телефон
POSITIVE,"Я влюбилась в этот телефон! Держать приятно, не скрипит, ничего не отходит. Дорого выглядит. Экран яркий и чувствительный. Динамики очень качественные. Огорчили кнопочки... в темноте вообще не видно. Камера для такой цены неплохая, но хотелось бы чуть лучше. Могу сказать, что у меня планшет за 11К может меньше, чем этот телефон за 3К! Берите, не пожалеете)",358,56,9,2,0,11,0.030726256983240222,39.77777777777778,0,0,"(356.0, 404.0]",1,я влюбилась в этот телефон держать приятно не скрипит ничего не отходит дорого выглядит экран яркий и чувствительный динамики очень качественные огорчили кнопочки в темноте вообще не видно камера для такой цены неплохая но хотелось бы чуть лучше могу сказать что у меня планшет за к может меньше чем этот телефон за к берите не пожалеете
NEUTRAL,покупался телефон в евросети. в пользовании 8 месяцев.,54,8,2,0,0,0,0.0,27.0,0,0,"(19.52, 68.0]",0,покупался телефон в евросети в пользовании месяцев
POSITIVE,"Смотрится он конечно отлично, и не подумаешь что это бюджетник. Перед покупкой, судя по отзывам, я думал что телефон неплохой, а когда купил, понял что он - СУПЕР)Заказывал из Китая, т.к. не собираюсь переплачивать.Мне кажется, за эту цену -это лучший телефон.Буду рад если мой отзыв вам помог.",294,47,6,0,0,11,0.03741496598639456,49.0,0,0,"(260.0, 308.0]",1,смотрится он конечно отлично и не подумаешь что это бюджетник перед покупкой судя по отзывам я думал что телефон неплохой а когда купил понял что он супер заказывал из китая т к не собираюсь переплачивать мне кажется за эту цену это лучший телефон буду рад если мой отзыв вам помог
NEUTRAL,"Вообще, этот телефон - хорошая бюджетная модель, со всеми базовыми наворотами, громким динамиком, возможностью вставить карту памяти, удобным интерфейсом, простотой дизайна и долгодержащейся зарядкой.",200,24,1,0,0,1,0.005,200.0,0,0,"(164.0, 212.0]",0,вообще этот телефон хорошая бюджетная модель со всеми базовыми наворотами громким динамиком возможностью вставить карту памяти удобным интерфейсом простотой дизайна и долгодержащейся зарядкой
NEGATIVE,"Хотите узнать как устроено железо в смартфонах, как работают датчики, самодиагностика, как делать сброс,  и тп - смело берите ZTE. Если хотите просто пользоваться смартфоном и получать удовольствие - выберите что то другое",222,33,1,0,0,5,0.02252252252252252,222.0,0,0,"(212.0, 260.0]",-1,хотите узнать как устроено железо в смартфонах как работают датчики самодиагностика как делать сброс и тп смело берите zte если хотите просто пользоваться смартфоном и получать удовольствие выберите что то другое
NEUTRAL,"Телефон не относится к товару, который купил, включил и пользуйся. Тем, кто не знаком с WM головная боль при изучении обеспечена:)Все стандартные Самсунговские виджеты убираются, ставится SPB Mobile Shell, после чего пользоваться аппаратом значительно приятнее. Софта для WM6 в интернете море, можно поставить всё, что душе угодно. Из экзотических прог, например, у меня стоит анализатор спектра и осциллограф:)",411,58,3,0,0,15,0.0364963503649635,137.0,0,0,"(404.0, 452.0]",0,телефон не относится к товару который купил включил и пользуйся тем кто не знаком с wm головная боль при изучении обеспечена все стандартные самсунговские виджеты убираются ставится spb mobile shell после чего пользоваться аппаратом значительно приятнее софта для wm в интернете море можно поставить всё что душе угодно из экзотических прог например у меня стоит анализатор спектра и осциллограф
NEGATIVE,"Важное уточнение: телефон из оффициальной поставки, не из Китая. Однако, за красивой оберткой скрывается одно большое разочарование. И самое главное это работа с сетью, она потреплет вам нервы. Выглядит так: шкала сигнала полная, все хорошо, вы в сети, потом бац! Интернета уже нету, переподключаете, начинает работать, через минут бац! опять не работает. Переподключаете, может заработать, а может и нет. Все на одном месте, без движения.",439,65,8,2,0,8,0.018223234624145785,54.875,0,0,"(404.0, 452.0]",-1,важное уточнение телефон из оффициальной поставки не из китая однако за красивой оберткой скрывается одно большое разочарование и самое главное это работа с сетью она потреплет вам нервы выглядит так шкала сигнала полная все хорошо вы в сети потом бац интернета уже нету переподключаете начинает работать через минут бац опять не работает переподключаете может заработать а может и нет все на одном месте без движения
POSITIVE,"Пользуюсь у же два года хороший телефон.Удобно лежит в руке стильный красивый.Говорят железо устарело,не чего подобного не смотрите на эти синтетические тесты,все игры на данный момент прут на ура,не чего не тупит и не тормозит.Мой вам совет за 13000рублей это лучший выбор,чем за ту же цену брать дрянь китайскую.",314,49,4,0,0,4,0.012738853503184714,78.5,0,0,"(308.0, 356.0]",1,пользуюсь у же два года хороший телефон удобно лежит в руке стильный красивый говорят железо устарело не чего подобного не смотрите на эти синтетические тесты все игры на данный момент прут на ура не чего не тупит и не тормозит мой вам совет за рублей это лучший выбор чем за ту же цену брать дрянь китайскую
NEUTRAL,"Жена подарила на день рождения. В режиме энергосбережения, если только звонить и писать SMS - хватает ровно на 12 суток. При получении root-прав, все ненужные программы легко удаляются. Исправно служит уже 2.5 года.",215,33,5,0,0,7,0.03255813953488372,43.0,0,0,"(212.0, 260.0]",0,жена подарила на день рождения в режиме энергосбережения если только звонить и писать sms хватает ровно на суток при получении root прав все ненужные программы легко удаляются исправно служит уже года
NEGATIVE,"В первый раз покупаю вещь,не посмотрев отзывы о ней.Пожалел.Да ,стоит относительно недорого. Но лучше немного добавить  и купить что-то другое.Те кто раздумывают-не берите этот девайс. Поначалу все радовало -скорость, все работало отлично. Но прошел месяц и теперь глючит страшно(восстановление заводских настроек не помогла),не видит карту памяти и самое обидное заедает кнопка блокировки.(та что сбоку) Камера не очень хорошая.",429,58,8,0,0,8,0.018648018648018648,53.625,0,0,"(404.0, 452.0]",-1,в первый раз покупаю вещь не посмотрев отзывы о ней пожалел да стоит относительно недорого но лучше немного добавить и купить что то другое те кто раздумывают не берите этот девайс поначалу все радовало скорость все работало отлично но прошел месяц и теперь глючит страшно восстановление заводских настроек не помогла не видит карту памяти и самое обидное заедает кнопка блокировки та что сбоку камера не очень хорошая
NEUTRAL,Он тех недег не стоит! Нетратьте зря денег купите лучше кпк у меня сейчас HTC MAX 4G и я очень рад он в 100раз функциональней! Короче если вы можете себе позволить себе 2 или 3 телефона тогда покупайте ради интеренета как на пк и ради игрушек хотя ради игрушек псп го лучше подойдет!PS Его так разрикламировали что все побижали его покупать а выяснилось что г. в. о полное!,373,68,6,4,0,13,0.03485254691689008,62.166666666666664,0,0,"(356.0, 404.0]",0,он тех недег не стоит нетратьте зря денег купите лучше кпк у меня сейчас htc max g и я очень рад он в раз функциональней короче если вы можете себе позволить себе или телефона тогда покупайте ради интеренета как на пк и ради игрушек хотя ради игрушек псп го лучше подойдет ps его так разрикламировали что все побижали его покупать а выяснилось что г в о полное
POSITIVE,"Скорость работы потрясающая! Переживал, что аккумулятор будет слабый. Оказалось, напрасно, его хватает вдвое больше, чем на моем прежнем Note 3 с новой батарейкой. Я даже перестал пользоваться автомобильной зарядкой, чего раньше нельзя было себе представить. Еще одно чудо - мои умные часы LG, наконец, перестали каждую минуту отваливаться от телефона, как это было с Note 3,  и стали теперь по-настоящему умными.",413,61,5,1,0,9,0.021791767554479417,82.6,0,0,"(404.0, 452.0]",1,скорость работы потрясающая переживал что аккумулятор будет слабый оказалось напрасно его хватает вдвое больше чем на моем прежнем note с новой батарейкой я даже перестал пользоваться автомобильной зарядкой чего раньше нельзя было себе представить еще одно чудо мои умные часы lg наконец перестали каждую минуту отваливаться от телефона как это было с note и стали теперь по настоящему умными
NEGATIVE,Очень плохой аппарат.,21,3,1,0,0,1,0.047619047619047616,21.0,0,0,"(19.52, 68.0]",-1,очень плохой аппарат
NEUTRAL,"в целом аппарат очень удачен,цена полностью оправдывает себя! никакие WP и iOS не дотягивают до мощи LT22+андроид",113,17,1,1,0,6,0.05309734513274336,113.0,0,0,"(68.0, 116.0]",0,в целом аппарат очень удачен цена полностью оправдывает себя никакие wp и ios не дотягивают до мощи lt андроид
POSITIVE,"Спустя 2 года держать заряд стал 1,5-2 дня. Глючить стал почуть. Но в целом трубкой доволен. Беспроблемный телефон для суммф 5000 в 2010 году",141,24,3,0,0,4,0.028368794326241134,47.0,0,0,"(116.0, 164.0]",1,спустя года держать заряд стал дня глючить стал почуть но в целом трубкой доволен беспроблемный телефон для суммф в году
NEUTRAL,"Не знаю,если бы телефон не был подарком друзей из Германии,я бы его продал и купил что нибудь получше.",102,18,1,0,0,2,0.0196078431372549,102.0,0,0,"(68.0, 116.0]",0,не знаю если бы телефон не был подарком друзей из германии я бы его продал и купил что нибудь получше
NEGATIVE,"Уже сильно жалею что взял эту модель, а не J5 или что-то вообще не самсунговское. В этот раз самсунг как-то совсем не порадовал.",128,23,2,0,0,3,0.0234375,64.0,0,0,"(116.0, 164.0]",-1,уже сильно жалею что взял эту модель а не j или что то вообще не самсунговское в этот раз самсунг как то совсем не порадовал
NEGATIVE,Не ожидал такого качества. Просто отстой. Раньше покупал только Нокия.,70,10,3,0,0,4,0.05714285714285714,23.333333333333332,0,0,"(68.0, 116.0]",-1,не ожидал такого качества просто отстой раньше покупал только нокия
NEGATIVE,Брать не советую. Замучаетесь бегать по мастерским.,51,7,2,0,0,2,0.0392156862745098,25.5,0,0,"(19.52, 68.0]",-1,брать не советую замучаетесь бегать по мастерским
NEUTRAL,"Слезаю с п20 про на лыжу обратно. У п20 про и кнопка спереди и челка и куча мелких непонятных багов на киринах. V30+ не лучший аппарат, но оптимальный в текущих реалиях.",169,31,3,0,0,3,0.01775147928994083,56.333333333333336,0,0,"(164.0, 212.0]",0,слезаю с п про на лыжу обратно у п про и кнопка спереди и челка и куча мелких непонятных багов на киринах v не лучший аппарат но оптимальный в текущих реалиях
POSITIVE,"Пришло время снова попробовать ""лопату"". На смену S7 в использованиt пришел Galaxy S8 Plus. 1. Очень необычный формат (размер), 6 с лишним дюймов, а вполне удобен. На самом деле изначально рассматривался S8, но как только взял в руки Plus, обычный S8 уже не рассматривал. 2. Шикарный экран и сам размер экрана, наверное лучший экран, что я видел. 3. Корпус стекло, как и в S7, тонкий и возможно хрупкий, поэтому чехол или бампер на заднюю часть. 4.",448,76,10,0,0,14,0.03125,44.8,0,0,"(404.0, 452.0]",1,пришло время снова попробовать лопату на смену s в использованиt пришел galaxy s plus очень необычный формат размер с лишним дюймов а вполне удобен на самом деле изначально рассматривался s но как только взял в руки plus обычный s уже не рассматривал шикарный экран и сам размер экрана наверное лучший экран что я видел корпус стекло как и в s тонкий и возможно хрупкий поэтому чехол или бампер на заднюю часть
NEGATIVE,"После двух лет эксплуатации,телефон стал виснуть,медленно работать,хватает его уже на меньшее время,доверять ему уже нельзя,Samsung больше не купли никогда...а вы сами делайте выводы",182,23,1,0,0,2,0.01098901098901099,182.0,0,0,"(164.0, 212.0]",-1,после двух лет эксплуатации телефон стал виснуть медленно работать хватает его уже на меньшее время доверять ему уже нельзя samsung больше не купли никогда а вы сами делайте выводы
NEUTRAL,"сначала по плюсам:1. как меломана, меня радует такой объем флешки... + всяко разно иногда временно надо закинуть на флешку, если иной нету2. и 3. на мой взгляд такой конструкции телефоны самые прочные... как только мой телефон не летал и не падал.... за все время есть только крошечная трещинка на углу... что будет, если повторить все падения но другими (сенсор, ""раскладушка"" или слайдер), то скорее всего они станут просто непригодными к дальнейшей эксплуатации4.",466,72,8,0,0,0,0.0,58.25,0,0,"(452.0, 500.0]",0,сначала по плюсам как меломана меня радует такой объем флешки всяко разно иногда временно надо закинуть на флешку если иной нету и на мой взгляд такой конструкции телефоны самые прочные как только мой телефон не летал и не падал за все время есть только крошечная трещинка на углу что будет если повторить все падения но другими сенсор раскладушка или слайдер то скорее всего они станут просто непригодными к дальнейшей эксплуатации
POSITIVE,"Когда я его купил, то сразу подалел что не купил его раньше Смартфон отличный Советую всем!!!",93,16,1,3,0,3,0.03225806451612903,93.0,0,0,"(68.0, 116.0]",1,когда я его купил то сразу подалел что не купил его раньше смартфон отличный советую всем
NEUTRAL,"Я доволен аппаратом, жаль лишь только, что комплектация как всегда скудновата, стерео гарнитура за 50 р., карты памяти нет в комплекте, но правда есть защитная пленочка на экран и она глянцевая, в прочем если комплектация была богаче, он бы не стоял 10000 р. это же Philips!",274,46,3,1,0,2,0.0072992700729927005,91.33333333333333,0,0,"(260.0, 308.0]",0,я доволен аппаратом жаль лишь только что комплектация как всегда скудновата стерео гарнитура за р карты памяти нет в комплекте но правда есть защитная пленочка на экран и она глянцевая в прочем если комплектация была богаче он бы не стоял р это же philips
POSITIVE,"выбирал между HTC 8S (WP8), Huawei Honor (Android), Nokia 520 (WP8), выбрал все таки W1. До него был обладателем HTC Incredible S, LG L3, LG L5, Samsung Galaxy Mini, Samsung Wave II, Samsung Note II, IPhone 3GS, IPhone 4S, Sony Xperia Sola, Huawei P1 XL, Huawei Honor 2, как говориться перепробовал практически все ОС, и вот добрался таки до WP под номером 8.Первые впечатления были конечно противоречивые, но WP8 освоил практически в 1й же день, и хочу сказать что WP в общем на любителя.",489,84,3,0,0,61,0.12474437627811862,163.0,0,0,"(452.0, 500.0]",1,выбирал между htc s wp huawei honor android nokia wp выбрал все таки w до него был обладателем htc incredible s lg l lg l samsung galaxy mini samsung wave ii samsung note ii iphone gs iphone s sony xperia sola huawei p xl huawei honor как говориться перепробовал практически все ос и вот добрался таки до wp под номером первые впечатления были конечно противоречивые но wp освоил практически в й же день и хочу сказать что wp в общем на любителя
NEGATIVE,"но самое интересное,что продать гаджет так во всю гаразд,а как отремонтировать,причем по вине изготовителя,так загнули такую цену сколько он стоил новый.с таким отношением ребята,принципиально с нтс связываться не стоит.пересмотрите ценовую политику запчастей,в частности сист.платы.согласен вещь не дешевая,но не нужно перегибать.на одном устройстве заработали,но на покупке последующих увы.",392,47,6,0,0,0,0.0,65.33333333333333,0,0,"(356.0, 404.0]",-1,но самое интересное что продать гаджет так во всю гаразд а как отремонтировать причем по вине изготовителя так загнули такую цену сколько он стоил новый с таким отношением ребята принципиально с нтс связываться не стоит пересмотрите ценовую политику запчастей в частности сист платы согласен вещь не дешевая но не нужно перегибать на одном устройстве заработали но на покупке последующих увы
NEGATIVE,"Полный отстой, взял после галакси s3, ужасный телефон",53,8,0,0,0,1,0.018867924528301886,53.0,0,0,"(19.52, 68.0]",-1,полный отстой взял после галакси s ужасный телефон
NEGATIVE,"В принципе бы оставил,но из-за неудобного динамика продал через неделю,был Meizu 16s-такая же проблема,на Oneplus 7pro c такой же конструкцией звук отличный,но и цена другая.",174,25,1,0,0,3,0.017241379310344827,174.0,0,0,"(164.0, 212.0]",-1,в принципе бы оставил но из за неудобного динамика продал через неделю был meizu s такая же проблема на oneplus pro c такой же конструкцией звук отличный но и цена другая
NEUTRAL,"Представьте лица людей на кассе и очереди когда стоит человек и не понимает почему телефон показывает оплату, а терминал вообще никак не реагирует... Или когда надо срочно сделать фотографию или отправить видео, а камера сегодня решила в принципе не работать.",259,40,2,0,0,2,0.007722007722007722,129.5,0,0,"(212.0, 260.0]",0,представьте лица людей на кассе и очереди когда стоит человек и не понимает почему телефон показывает оплату а терминал вообще никак не реагирует или когда надо срочно сделать фотографию или отправить видео а камера сегодня решила в принципе не работать
POSITIVE,"Купила не так давно этот смарти осталась довольна. Раньше я покупала телефоны от 20000 и более, но в этот раз решила немного сэкономить. Телефончик мне посоветовал продавец-консультант в магазине. И как только я его взяла в руки, то поняла, что это мое. Отличный, насыщенный дисплей с просто потрясающей цветопередачей. Все хорошо видно под любыми углами. Все таки стилус в некоторых ситуациях достаточно удобная штука.",419,64,7,0,0,7,0.016706443914081145,59.857142857142854,0,0,"(404.0, 452.0]",1,купила не так давно этот смарти осталась довольна раньше я покупала телефоны от и более но в этот раз решила немного сэкономить телефончик мне посоветовал продавец консультант в магазине и как только я его взяла в руки то поняла что это мое отличный насыщенный дисплей с просто потрясающей цветопередачей все хорошо видно под любыми углами все таки стилус в некоторых ситуациях достаточно удобная штука
NEUTRAL,"До 5s была 5 ка, до..4s. Так что есть с чем сравнить. До покупки сомневался в качестве корпуса( свежо впечатление от черной пятерки). Нигде толком не мог найти отзывы как ведет себя новый корпус телефона. Пошел и купил.На мой взгляд облазить точно не будет, царапаться будет, на уровне белой пятерки потому что корпус из алюминия, но на гранях нет этой чудо краски или не знаю, иодирования как на пятерке, а просто металл. Что понравилось: Цвет, камера вообще чудо.",465,78,8,0,0,8,0.017204301075268817,58.125,0,0,"(452.0, 500.0]",0,до s была ка до s так что есть с чем сравнить до покупки сомневался в качестве корпуса свежо впечатление от черной пятерки нигде толком не мог найти отзывы как ведет себя новый корпус телефона пошел и купил на мой взгляд облазить точно не будет царапаться будет на уровне белой пятерки потому что корпус из алюминия но на гранях нет этой чудо краски или не знаю иодирования как на пятерке а просто металл что понравилось цвет камера вообще чудо
NEUTRAL,"Телефон скорее понравился. Хотя постоянные не срабатывания отпечатка и мелкие глюки надоели уже в первый день. Дисплей у самсунга лучше. Отсутствие гугла, для меня, как для рядового пользователя, особой проблемой не стало. Хотя они везде пишут, что апгелэри все время развивается, приложения там устаревших версий и далеко не все. HUAWEI, добавьте нормальные авито и геттакси. Если бы я знал, что с геттакси такие проблемы, купил бы самсунг.",441,67,7,0,0,12,0.027210884353741496,63.0,0,0,"(404.0, 452.0]",0,телефон скорее понравился хотя постоянные не срабатывания отпечатка и мелкие глюки надоели уже в первый день дисплей у самсунга лучше отсутствие гугла для меня как для рядового пользователя особой проблемой не стало хотя они везде пишут что апгелэри все время развивается приложения там устаревших версий и далеко не все huawei добавьте нормальные авито и геттакси если бы я знал что с геттакси такие проблемы купил бы самсунг
POSITIVE,"Представляю вашему вниманию список приложений которые я установил и оставил на своем Samsung GT-I9000 Galaxy S (Android 2.2 (Froyo)) после недели использования данного девайса.(так сказать дополнил функциями для приятного использования) ES Проводник - Бесплатный продвинутый проводник, менеджер приложений, диспетчер задач для КПК, ПК короче, работа с файлами, в том числе запускает apk файлы (лучше не видел, - всякие там -  Astro, X plore, Filego и т.",453,66,3,0,0,21,0.046357615894039736,151.0,0,0,"(452.0, 500.0]",1,представляю вашему вниманию список приложений которые я установил и оставил на своем samsung gt i galaxy s android froyo после недели использования данного девайса так сказать дополнил функциями для приятного использования es проводник бесплатный продвинутый проводник менеджер приложений диспетчер задач для кпк пк короче работа с файлами в том числе запускает apk файлы лучше не видел всякие там astro x plore filego и т
POSITIVE,"Пара советов - Не ставьте кастом прошивки. Все они хуже оффициальных, проверенно! Получите только неполноценный функционал, и кривую настройку символов на английской раскладке. Все прелести вроде flash-плагина, JIT, установки сторонних тем оформления и xRecovery ставятся на родную прошивку через root explorer (после получения root доступа) без всяких проблем. И ещё - все операции с root доступом могут привести к провалу.",424,60,5,1,0,10,0.02358490566037736,84.8,0,0,"(404.0, 452.0]",1,пара советов не ставьте кастом прошивки все они хуже оффициальных проверенно получите только неполноценный функционал и кривую настройку символов на английской раскладке все прелести вроде flash плагина jit установки сторонних тем оформления и xrecovery ставятся на родную прошивку через root explorer после получения root доступа без всяких проблем и ещё все операции с root доступом могут привести к провалу
NEUTRAL,Выбирала между Explay и Fly. Выбрала Fly и не ошиблась! Телефон несмотря на недостатки очень хороший.,101,16,3,1,0,6,0.0594059405940594,33.666666666666664,0,0,"(68.0, 116.0]",0,выбирала между explay и fly выбрала fly и не ошиблась телефон несмотря на недостатки очень хороший
NEUTRAL,Если не брать его для музыки то вполне хороший аппарат. Для повседневных задач все хорошо. Для настоящего звука нужно смотреть на что-то другое.,144,23,3,0,0,3,0.020833333333333332,48.0,0,0,"(116.0, 164.0]",0,если не брать его для музыки то вполне хороший аппарат для повседневных задач все хорошо для настоящего звука нужно смотреть на что то другое
POSITIVE,"Это мой первый андроид.Раньше пользовался исключительно техникой Эппл,но после 5-ой версии айфона окончательно разочаровался.Я доволен этим телефоном на все сто",160,20,2,0,0,4,0.025,80.0,0,0,"(116.0, 164.0]",1,это мой первый андроид раньше пользовался исключительно техникой эппл но после ой версии айфона окончательно разочаровался я доволен этим телефоном на все сто
POSITIVE,"Хороший аппарат за такие деньги, окажется неплохим подарком или просто приобретением.",85,11,1,0,0,1,0.011764705882352941,85.0,0,0,"(68.0, 116.0]",1,хороший аппарат за такие деньги окажется неплохим подарком или просто приобретением
POSITIVE,"Так получилось, что за лето утопил iphone 6s и разбил sony xperia z (( Долго думал, что взять: что не тонет или что бьется )) В итоге решил взять то, чего будет не жалко )) К своему удивлению, не почувствовал дискомфорта от пользования аппаратом, кроме насмешек друзей и коллег ))) По субъективным ощущениям, сеть держит даже лучше названных ранее телефончиков, а по времени работы так совершенно точно превосходит их.",418,69,1,0,0,5,0.011961722488038277,418.0,0,0,"(404.0, 452.0]",1,так получилось что за лето утопил iphone s и разбил sony xperia z долго думал что взять что не тонет или что бьется в итоге решил взять то чего будет не жалко к своему удивлению не почувствовал дискомфорта от пользования аппаратом кроме насмешек друзей и коллег по субъективным ощущениям сеть держит даже лучше названных ранее телефончиков а по времени работы так совершенно точно превосходит их
NEUTRAL,Вообщем я довольна покупкой.,28,4,1,0,0,1,0.03571428571428571,28.0,0,0,"(19.52, 68.0]",0,вообщем я довольна покупкой
NEUTRAL,"Сегодня приобрела данную модель. Немного нервничаю: не настаивается отправка смс сообщений, нет даже настроек центра сообщений!? На прием смс работает, на отправку ммс тоже. Пробовала настроить с оператором своей сотовой связи, не помогли! Может кто укажет на мой косяк?? Или проблема только с моим аппаратом!!? Не хотелось бы сдавать обратно в магазин, успел понравиться!",372,54,7,5,4,7,0.01881720430107527,53.142857142857146,0,0,"(356.0, 404.0]",0,сегодня приобрела данную модель немного нервничаю не настаивается отправка смс сообщений нет даже настроек центра сообщений на прием смс работает на отправку ммс тоже пробовала настроить с оператором своей сотовой связи не помогли может кто укажет на мой косяк или проблема только с моим аппаратом не хотелось бы сдавать обратно в магазин успел понравиться
NEUTRAL,Стекло 5 тыс. руб. замена 2 тыс. руб. При стоимости 13 тыс. руб. Думаю или новый телефон брать или старый ремонтировать. Не проработал и 2-х месяцев.,149,26,8,0,0,4,0.026845637583892617,18.625,0,0,"(116.0, 164.0]",0,стекло тыс руб замена тыс руб при стоимости тыс руб думаю или новый телефон брать или старый ремонтировать не проработал и х месяцев
NEUTRAL,"Как не крути, а если фирма сама не производит продукт, то и довести его до совершенной роботы невозможно, всегда что нибудь да вылезит.",135,23,1,0,0,1,0.007407407407407408,135.0,0,0,"(116.0, 164.0]",0,как не крути а если фирма сама не производит продукт то и довести его до совершенной роботы невозможно всегда что нибудь да вылезит
NEUTRAL,"Начиная с 4-го айфона был яблофилом. Видимо им и останусь)) Начну пожалуй с того, что больше всего бесит. 1. Bluetooth. Постоянно теряет связь. И с гарнитурой в машине, и беспроводными наушниками. В машине ещё и ограниченный функционал-не вижу список воспроизведения, плейлисты. Можно тупо мотать вперёд или назад и все... 2. Проблема с уведомлениями - не приходят, а потом все уведомления оптом сразу 3. Куча рекламы-везде. Бесит прям-в приложениях., на сайтах.",462,70,13,0,0,11,0.023809523809523808,35.53846153846154,0,0,"(452.0, 500.0]",0,начиная с го айфона был яблофилом видимо им и останусь начну пожалуй с того что больше всего бесит bluetooth постоянно теряет связь и с гарнитурой в машине и беспроводными наушниками в машине ещё и ограниченный функционал не вижу список воспроизведения плейлисты можно тупо мотать вперёд или назад и все проблема с уведомлениями не приходят а потом все уведомления оптом сразу куча рекламы везде бесит прям в приложениях на сайтах
NEUTRAL,"Купил его на замену старой Nokia 5228, ради множества приложений и функций, которыми стал пользоваться ежедневно. Заряд держит 1 день, иногда и меньше, то есть, пара фото, 5 звонков, 30 минут интернета и 1 час прослушивание радио- ВСЁ. Телефоном доволен, несмотря на небольшие недостатки, ведь почти все андроиды работают только один день. Покупал за 7490р.",357,55,4,0,0,8,0.022408963585434174,89.25,0,0,"(356.0, 404.0]",0,купил его на замену старой nokia ради множества приложений и функций которыми стал пользоваться ежедневно заряд держит день иногда и меньше то есть пара фото звонков минут интернета и час прослушивание радио всё телефоном доволен несмотря на небольшие недостатки ведь почти все андроиды работают только один день покупал за р
POSITIVE,"Хоть аппарат внешне и выглядит больше мужским по стилю, но рекомендую к покупке ВСЕМ!!! Он превзошёл все мои скептические ожидания и просто перевернул взгляд на корпорацию ZTE. Они реально молодцы - нужно было хорошо постараться, чтобы создать столь мощный и дружелюбный смартфон. Да ещё и сделать его таким доступным. Берите смело, не пожалеете!!!",348,53,5,6,0,12,0.034482758620689655,69.6,0,0,"(308.0, 356.0]",1,хоть аппарат внешне и выглядит больше мужским по стилю но рекомендую к покупке всем он превзошёл все мои скептические ожидания и просто перевернул взгляд на корпорацию zte они реально молодцы нужно было хорошо постараться чтобы создать столь мощный и дружелюбный смартфон да ещё и сделать его таким доступным берите смело не пожалеете
NEUTRAL,"Пожелтение экрана в районе клавиш регулировки звука от перегрева через три месяца начала эксплуатации. Поменяли по гарантии экран. Через четыре месяца та же история, но гарантия кончилась.",188,27,3,0,0,3,0.015957446808510637,62.666666666666664,0,0,"(164.0, 212.0]",0,пожелтение экрана в районе клавиш регулировки звука от перегрева через три месяца начала эксплуатации поменяли по гарантии экран через четыре месяца та же история но гарантия кончилась
POSITIVE,"Покупая данный телефон, я знал, на что шел. По большому счету аппарат только для звонков и СМС, есть только самое необходимое и нет ничего лишнего (вроде mp3 на звонок, радио и пр.). Экран на солнце выцветает, но прочесть показания можно. По умолчанию установлен T9; быстро переключиться между режимами ввода можно удерживая клавишу # во время написания СМС. Если удерживать клавишу # в обычном состоянии, то можно переключаться между профилями ""Общий"" и ""Вибрация"".",466,72,6,0,0,14,0.030042918454935622,77.66666666666667,0,0,"(452.0, 500.0]",1,покупая данный телефон я знал на что шел по большому счету аппарат только для звонков и смс есть только самое необходимое и нет ничего лишнего вроде mp на звонок радио и пр экран на солнце выцветает но прочесть показания можно по умолчанию установлен t быстро переключиться между режимами ввода можно удерживая клавишу во время написания смс если удерживать клавишу в обычном состоянии то можно переключаться между профилями общий и вибрация
NEGATIVE,"ПРПОСТО НИ КОМУ, НЕ СОВЕТУЮ!!!!!!",33,5,1,6,0,22,0.6666666666666666,33.0,0,0,"(19.52, 68.0]",-1,прпосто ни кому не советую
POSITIVE,"Первое впечатление-большой))) это после использования более 3-х лет Samsung Galaxy Ace S5830, но быстро привыкаешь)) брали в России за 9.999р. (В Казахстане таких телефонов нет, а жаль(() программного обеспечения хватает установленного, добавил ватсап, вибер да читалку, большего для меня как бы и не требуется. К кнопке выкл довольно шустро привык. Громкости хватает, но знаю что и добавить можно как люди говорят, звук в наушниках - нормальный, я не меломан.",460,69,5,0,0,10,0.021739130434782608,92.0,0,0,"(452.0, 500.0]",1,первое впечатление большой это после использования более х лет samsung galaxy ace s но быстро привыкаешь брали в россии за р в казахстане таких телефонов нет а жаль программного обеспечения хватает установленного добавил ватсап вибер да читалку большего для меня как бы и не требуется к кнопке выкл довольно шустро привык громкости хватает но знаю что и добавить можно как люди говорят звук в наушниках нормальный я не меломан
POSITIVE,"Телефон хороший за такую цену,не пожелеите.",43,6,1,0,0,1,0.023255813953488372,43.0,0,0,"(19.52, 68.0]",1,телефон хороший за такую цену не пожелеите
POSITIVE,"Перешел с Симбиана на эту модель с Андроидом. Впечатления строго положительные, про Симбиан вспоминать не хочется. Кстати для перехода на Яндексе есть удобный сервис, переехало абсолютно всё, даже журнал звонков за последние дни. Пользуюсь телефоном неравномено и не сильно интенсивно - чаще всего в конце дня остается порядка 40-50% заряда. Но это при получасовом использовании GPS, постоянном соединении 3G, порядка часа в браузере и минут 10 звонков, без 3Д игр.",465,70,5,0,0,14,0.030107526881720432,93.0,0,0,"(452.0, 500.0]",1,перешел с симбиана на эту модель с андроидом впечатления строго положительные про симбиан вспоминать не хочется кстати для перехода на яндексе есть удобный сервис переехало абсолютно всё даже журнал звонков за последние дни пользуюсь телефоном неравномено и не сильно интенсивно чаще всего в конце дня остается порядка заряда но это при получасовом использовании gps постоянном соединении g порядка часа в браузере и минут звонков без д игр
NEUTRAL,"У меня пару раз падал, причем довольно жестко, но выдержал с честью.",68,12,1,0,0,1,0.014705882352941176,68.0,0,0,"(19.52, 68.0]",0,у меня пару раз падал причем довольно жестко но выдержал с честью
NEGATIVE,"ВНИМАНИЕ. Всем купившим и собирающимся приобрести - мой смарт 3 раза в ремонте по причине появления полос на экране и последующем отключением насовсем. В АСЦ Мобайл-сервис г. Новосибирск ул. Мира 62/1(мой отзыв с оценкой -1 можно прочитать на флампе) отремонтировать не смогли. Сегодня из АСЦ мне сообщили, что компания FLY признала недоработку по этой модели, недостаток неустраним и они без вопросов выдают акт о неремонтнопригодности для возврата в магазин. Надеюсь кому-нибудь это поможет.",493,73,7,0,0,24,0.0486815415821501,70.42857142857143,0,0,"(452.0, 500.0]",-1,внимание всем купившим и собирающимся приобрести мой смарт раза в ремонте по причине появления полос на экране и последующем отключением насовсем в асц мобайл сервис г новосибирск ул мира мой отзыв с оценкой можно прочитать на флампе отремонтировать не смогли сегодня из асц мне сообщили что компания fly признала недоработку по этой модели недостаток неустраним и они без вопросов выдают акт о неремонтнопригодности для возврата в магазин надеюсь кому нибудь это поможет
NEUTRAL,"Любителям поковыряться с софтом недостатки нипочем, остальным не советую",72,9,0,0,0,1,0.013888888888888888,72.0,0,0,"(68.0, 116.0]",0,любителям поковыряться с софтом недостатки нипочем остальным не советую
NEUTRAL,"Сегодня покупать в магазине новый 3G за 5-6 тысяч рублей, ИМХО, бессмысленно. Как, в принципе, и его младшего брата 3GS. Лично мне он достался на сдачу с покупки IPhone 5, и его стоимость для меня составила что-то в районе 2-х тысяч рублей. На досках объявлений б/у 3G можно купить от 1500 рубелй: мне кажется, отличная цена за великолепный плеер с интернетом, хорошими играми и gsm-модулем. После покупки таскаю его с собой как раз в качестве плеера, дабы не сажать аккумулятор основного телефона.",498,82,5,0,0,15,0.030120481927710843,99.6,0,0,"(452.0, 500.0]",0,сегодня покупать в магазине новый g за тысяч рублей имхо бессмысленно как в принципе и его младшего брата gs лично мне он достался на сдачу с покупки iphone и его стоимость для меня составила что то в районе х тысяч рублей на досках объявлений б у g можно купить от рубелй мне кажется отличная цена за великолепный плеер с интернетом хорошими играми и gsm модулем после покупки таскаю его с собой как раз в качестве плеера дабы не сажать аккумулятор основного телефона
NEUTRAL,"Я вообще сначала хотел поставить 3 а не 4, но потом подумал, Nokia - бренд.Обо всем по порядку. Пишу отзыв не на свой телефон, а на телефон отца. Как он купил мне понраивлось, но сразу напрягли наушники. После распаковки и включения я достал наушники и хотел проверить на своем HTC Wildfire, но они воспроизводились криво, как-будто им было 3 года и стоили не больше 100 рублей. Был очень этому удивлен, к тому же как на HTC, так и на Nokia была проблема басов - Дцб высокие и голоса не слышно.",494,90,6,0,0,16,0.032388663967611336,82.33333333333333,0,0,"(452.0, 500.0]",0,я вообще сначала хотел поставить а не но потом подумал nokia бренд обо всем по порядку пишу отзыв не на свой телефон а на телефон отца как он купил мне понраивлось но сразу напрягли наушники после распаковки и включения я достал наушники и хотел проверить на своем htc wildfire но они воспроизводились криво как будто им было года и стоили не больше рублей был очень этому удивлен к тому же как на htc так и на nokia была проблема басов дцб высокие и голоса не слышно
NEGATIVE,Жуть. Все вылетает и ломается.,30,5,2,0,0,2,0.06666666666666667,15.0,0,0,"(19.52, 68.0]",-1,жуть все вылетает и ломается
NEUTRAL,"Берите, но помните что идеальных телефонов не бывает!",53,8,1,1,0,1,0.018867924528301886,53.0,0,0,"(19.52, 68.0]",0,берите но помните что идеальных телефонов не бывает
NEGATIVE,выбирайте сами  или со сломаным зарядником и тихим или со стильным  и удоюным телефоном,87,14,0,0,0,0,0.0,87.0,0,0,"(68.0, 116.0]",-1,выбирайте сами или со сломаным зарядником и тихим или со стильным и удоюным телефоном
NEUTRAL,"Хорош именно как телефон, но в дальнейшем, телефоны от самсунга покупать не буду(выходит, сервис ниже чем у китайцев)",117,18,0,0,0,1,0.008547008547008548,117.0,0,0,"(116.0, 164.0]",0,хорош именно как телефон но в дальнейшем телефоны от самсунга покупать не буду выходит сервис ниже чем у китайцев
NEUTRAL,"За время существования связи сменил много телефонов. Были Nokia, Sony, LG' Motorola, HTC. Хм, попал этот девайс ко мне случайно. Зарекался не брать себе больше Sony. А нет, чёрт за ногу дернул, думал что то за это время изменилось. А ВОТ НЕ ЧЕРТА И НЕ ИЗМЕНИЛОСЬ. При активном пользовании вся покраска изцарапалась , кнопки вытерлись до меди, как делали фуфловые корпуса, так и делают. Камера была их коньяком, так и остались первыми. Вот лежат передо мной два андройда, Соня и Лыжах 730 сол.",492,83,9,0,0,43,0.08739837398373984,54.666666666666664,0,0,"(452.0, 500.0]",0,за время существования связи сменил много телефонов были nokia sony lg motorola htc хм попал этот девайс ко мне случайно зарекался не брать себе больше sony а нет чёрт за ногу дернул думал что то за это время изменилось а вот не черта и не изменилось при активном пользовании вся покраска изцарапалась кнопки вытерлись до меди как делали фуфловые корпуса так и делают камера была их коньяком так и остались первыми вот лежат передо мной два андройда соня и лыжах сол
NEUTRAL,"купил 03.12.09 работает отлично, покупкой доволен, в дизайне по моему выигрывает у модели 5230",94,14,2,0,0,0,0.0,47.0,0,0,"(68.0, 116.0]",0,купил работает отлично покупкой доволен в дизайне по моему выигрывает у модели
NEGATIVE,"Я категорически не рекомендую брать этот телефон тем, кому постоянно надо быть на связи, или кто активно юзает интернет.  Ночью у меня отошёл штекер, и в итоге батарея зарядилась только на 30%. В режиме 4G и активного использования к 10:30 телефон сдох. Но каково же было моё удивление когда придя на работу, и подключив зарядку, я увидела, что аккамулятор продолжает дохнуть! То есть он заряжается только в состоянии покоя. Мне надо было делать кучу звонков, лазать в инете, НО!",479,79,6,2,0,9,0.018789144050104383,79.83333333333333,0,0,"(452.0, 500.0]",-1,я категорически не рекомендую брать этот телефон тем кому постоянно надо быть на связи или кто активно юзает интернет ночью у меня отошёл штекер и в итоге батарея зарядилась только на в режиме g и активного использования к телефон сдох но каково же было моё удивление когда придя на работу и подключив зарядку я увидела что аккамулятор продолжает дохнуть то есть он заряжается только в состоянии покоя мне надо было делать кучу звонков лазать в инете но
POSITIVE,Хороший смарт за свои деньги,28,5,0,0,0,1,0.03571428571428571,28.0,0,0,"(19.52, 68.0]",1,хороший смарт за свои деньги
NEUTRAL,"Интересное меню. Хорошо сидит в руке, совершенно не стремится никуда выпрыгнуть. Наверное, зависит от рук ))). Больше подойдет девушкам. Приятно порадовал кожаный чехол в комплекте. Кто-то скажет кожа фиговая, тугой и т. д. А что же вы хотели за 7500 р.? Все вполне сносно. Я за ночь растянула путем вставления в него предмета немного толще, чем сам телефон. И все - замечательно входит и выходит! Достаточно громкий, соображает побыстрее, чем например Корби. Любителям аськи не рекомендую.",490,76,13,1,1,13,0.026530612244897958,37.69230769230769,0,0,"(452.0, 500.0]",0,интересное меню хорошо сидит в руке совершенно не стремится никуда выпрыгнуть наверное зависит от рук больше подойдет девушкам приятно порадовал кожаный чехол в комплекте кто то скажет кожа фиговая тугой и т д а что же вы хотели за р все вполне сносно я за ночь растянула путем вставления в него предмета немного толще чем сам телефон и все замечательно входит и выходит достаточно громкий соображает побыстрее чем например корби любителям аськи не рекомендую
NEUTRAL,"Неплохой телефон. Рекомендую если периодически и незапланировано необходимо что-нибудь сфотографировать или заснять на видео (родители мальньких детей меня поймут), найти что-нибудь в интернете. Насчет тихого звука - скажите это моей жене и маленькому ребенку (в четырехкомнатной квартире оставленный у входной двери телефон звонком будит их в дальних спальнях)",361,48,2,0,0,3,0.008310249307479225,180.5,0,0,"(356.0, 404.0]",0,неплохой телефон рекомендую если периодически и незапланировано необходимо что нибудь сфотографировать или заснять на видео родители мальньких детей меня поймут найти что нибудь в интернете насчет тихого звука скажите это моей жене и маленькому ребенку в четырехкомнатной квартире оставленный у входной двери телефон звонком будит их в дальних спальнях
POSITIVE,"Телефон выбирал долго, скрупулезно, пересмотрел кучу обзоров, выбирал среди Alcatel, CUBOT, DOOGEE, DEXP, Elephone, Huawei, iNew, Jiayu, Leagoo, Lenovo, LG, Prestigio, ZTE, ThL, UMI, Xiaomi, но выбрал именно Micromax. Во-первых из-за скачка доллара за 7500 с такими характеристиками Micromax выигрывает у конкурентов и из Китая покупать становится не выгодно и рисково. Во-вторых, Сертификация Ростест и прошивка Android 5.x Lollipop для России без всякого китайского левого софта.",481,66,4,0,0,45,0.09355509355509356,120.25,0,0,"(452.0, 500.0]",1,телефон выбирал долго скрупулезно пересмотрел кучу обзоров выбирал среди alcatel cubot doogee dexp elephone huawei inew jiayu leagoo lenovo lg prestigio zte thl umi xiaomi но выбрал именно micromax во первых из за скачка доллара за с такими характеристиками micromax выигрывает у конкурентов и из китая покупать становится не выгодно и рисково во вторых сертификация ростест и прошивка android x lollipop для россии без всякого китайского левого софта
NEUTRAL,"Использую данный агрегат более года. Могу поставить твердую 4. Я бы не сказал, что аппаратом 100% удовлетворен, но сравнивая с другими моделями (а опыт есть), считаю, что на данный момент времени в своем ценовом сегменте 6000-10000 руб. он сверхконкурентен. На момент покупки в 2011 г.  и даже сейчас в своем классе ему почти нет равных, и главное здесь сравнение: цена-качество, начинка, функционал и внешние габариты аппарата! Лично по мне, телефон должен стоить не более 10000 руб.",484,76,7,1,0,5,0.010330578512396695,69.14285714285714,0,0,"(452.0, 500.0]",0,использую данный агрегат более года могу поставить твердую я бы не сказал что аппаратом удовлетворен но сравнивая с другими моделями а опыт есть считаю что на данный момент времени в своем ценовом сегменте руб он сверхконкурентен на момент покупки в г и даже сейчас в своем классе ему почти нет равных и главное здесь сравнение цена качество начинка функционал и внешние габариты аппарата лично по мне телефон должен стоить не более руб
NEGATIVE,"Сначала он мне, конечно, понравился, скромный, яркий, удобный, неплохая камера, много интересных и полезных виджетов и приложений из плей-стора, но недостатки просто убивают все это. Меня хватило на 10 месяцев.Единственное, по чему скучаю в этом телефоне - маленький мигающий фонарик-оповещения. Можно было задержать взгляд на телефон на пару секунд и понять, звонил/писал тебе кто-нибудь или нет. А так все, больше ни по чему:) И задняя крышка скрипит, кстати.",461,68,5,0,0,6,0.013015184381778741,92.2,0,0,"(452.0, 500.0]",-1,сначала он мне конечно понравился скромный яркий удобный неплохая камера много интересных и полезных виджетов и приложений из плей стора но недостатки просто убивают все это меня хватило на месяцев единственное по чему скучаю в этом телефоне маленький мигающий фонарик оповещения можно было задержать взгляд на телефон на пару секунд и понять звонил писал тебе кто нибудь или нет а так все больше ни по чему и задняя крышка скрипит кстати
NEGATIVE,"Сначала он мне, конечно, понравился, скромный, яркий, удобный, неплохая камера, много интересных и полезных виджетов и приложений из плей-стора, но недостатки просто убивают все это. Меня хватило на 10 месяцев.  Единственное, по чему скучаю в этом телефоне - маленький мигающий фонарик-оповещения. Можно было задержать взгляд на телефон на пару секунд и понять, звонил/писал тебе кто-нибудь или нет. А так все, больше ни по чему:) И задняя крышка скрипит, кстати.",463,69,5,0,0,6,0.012958963282937365,92.6,0,0,"(452.0, 500.0]",-1,сначала он мне конечно понравился скромный яркий удобный неплохая камера много интересных и полезных виджетов и приложений из плей стора но недостатки просто убивают все это меня хватило на месяцев единственное по чему скучаю в этом телефоне маленький мигающий фонарик оповещения можно было задержать взгляд на телефон на пару секунд и понять звонил писал тебе кто нибудь или нет а так все больше ни по чему и задняя крышка скрипит кстати
NEUTRAL,"Нормальный современный телефон. В телефонах не разбираюсь, в возрасте, нужда заставила перейти на сенсорный. - Некоторые пишут, что ЛТЕ не работает, не согласен прекрасно работает, боле того в помещении с метровыми стенами, в офисе, телефон ""раздаёт"" интернет на компьютеры, 20 МБ постоянно держит, уже год так работает, по 8 часов в день. -Да радиомодуль один, когда говорите, вторя симка ""вне зоны"", потом приходит смс кто звонил. Это ""косяк"" зря модуль убрали. - Камера.",473,73,6,0,0,11,0.023255813953488372,78.83333333333333,0,0,"(452.0, 500.0]",0,нормальный современный телефон в телефонах не разбираюсь в возрасте нужда заставила перейти на сенсорный некоторые пишут что лте не работает не согласен прекрасно работает боле того в помещении с метровыми стенами в офисе телефон раздаёт интернет на компьютеры мб постоянно держит уже год так работает по часов в день да радиомодуль один когда говорите вторя симка вне зоны потом приходит смс кто звонил это косяк зря модуль убрали камера
POSITIVE,Телефон просто супер чего бы не говорили. Перешол с сони всегда покупал флагманы. Этот телефон глоток свежего воздуха. И камера супер и зделан достойно. Да ждал пока от бракованного дисплея откажуться пока ждал и цена немного упала. Вообщем флагман за пол цены чего хотят другие производители.   Недостатки совсем не критичны просто дело привычки.,347,53,7,0,0,7,0.020172910662824207,49.57142857142857,0,0,"(308.0, 356.0]",1,телефон просто супер чего бы не говорили перешол с сони всегда покупал флагманы этот телефон глоток свежего воздуха и камера супер и зделан достойно да ждал пока от бракованного дисплея откажуться пока ждал и цена немного упала вообщем флагман за пол цены чего хотят другие производители недостатки совсем не критичны просто дело привычки
NEGATIVE,"Здравствуйте пользователи Lenovo  , пользовался больше двух лет , думаю можно оставить свой комментарий  улыбнуло ) конечно оставлены отзывы с +ми и -ми тоже потешили,  да есть совпадения, и всё же  Батарея , а точнее ёмкость у меня чуть более 1000, не знаю может и изменились характеристики у новых , Держит при первых порах полтора дня ,это около года потом даже на пол дня не хватает ( Гнёзда под сим .",405,71,1,0,0,5,0.012345679012345678,405.0,0,0,"(404.0, 452.0]",-1,здравствуйте пользователи lenovo пользовался больше двух лет думаю можно оставить свой комментарий улыбнуло конечно оставлены отзывы с ми и ми тоже потешили да есть совпадения и всё же батарея а точнее ёмкость у меня чуть более не знаю может и изменились характеристики у новых держит при первых порах полтора дня это около года потом даже на пол дня не хватает гнёзда под сим
NEGATIVE,"Убило полное отсутствие сервиса- нигде не берут в ремонт. Как вышел улифон 2-перестали выходить обновления, а ошибок в прошивке тьма. Писал много раз на их типа оф. сайт- ни одного ответа (отличное отношение к клиенту!) Из 3-х купленных- мой оказался еще самым живучим. Больше улифон я точно не куплю-  и другим не советую",322,53,5,1,0,5,0.015527950310559006,64.4,0,0,"(308.0, 356.0]",-1,убило полное отсутствие сервиса нигде не берут в ремонт как вышел улифон перестали выходить обновления а ошибок в прошивке тьма писал много раз на их типа оф сайт ни одного ответа отличное отношение к клиенту из х купленных мой оказался еще самым живучим больше улифон я точно не куплю и другим не советую
NEGATIVE,"Проработал месяц, и накрылся NFC, ради чего, собственно, был приобретён.",72,10,1,0,0,4,0.05555555555555555,72.0,0,0,"(68.0, 116.0]",-1,проработал месяц и накрылся nfc ради чего собственно был приобретён
NEUTRAL,"В общем и целом, по суммарному набору функций смарт хорош. Автономность и бестродействие на достаточном уровне для повседневного использования. Камеры тоже хватит для повседневных фоток, даже есть ширик на случай, если нужно сфоткать какое-то большое пространство без особых деталей. Бывают фризы при использовании телефона, но они не критичны. Вымораживает количество установленного хлама, в том числе и от Ян декса, который никак нельзя удалить.",447,63,5,0,0,6,0.013422818791946308,89.4,0,0,"(404.0, 452.0]",0,в общем и целом по суммарному набору функций смарт хорош автономность и бестродействие на достаточном уровне для повседневного использования камеры тоже хватит для повседневных фоток даже есть ширик на случай если нужно сфоткать какое то большое пространство без особых деталей бывают фризы при использовании телефона но они не критичны вымораживает количество установленного хлама в том числе и от ян декса который никак нельзя удалить
POSITIVE,Модель мне нравится.Не смотря на небольшие недостатки я могу им похвастаться),77,11,1,0,0,2,0.025974025974025976,77.0,0,0,"(68.0, 116.0]",1,модель мне нравится не смотря на небольшие недостатки я могу им похвастаться
POSITIVE,"Рекомендую всем за 9900р в дешевле только даром ,отличный аппарат",65,10,0,0,0,1,0.015384615384615385,65.0,0,0,"(19.52, 68.0]",1,рекомендую всем за р в дешевле только даром отличный аппарат
NEUTRAL,"Отзывы не пишу обычно, но тут решил. батарея у телефона никакая, ден еле додерживает и то без активных разговоров и интернета. В общем не знаю, что и покупать сейчас.",166,29,3,0,0,2,0.012048192771084338,55.333333333333336,0,0,"(164.0, 212.0]",0,отзывы не пишу обычно но тут решил батарея у телефона никакая ден еле додерживает и то без активных разговоров и интернета в общем не знаю что и покупать сейчас
NEGATIVE,"Раньше несколько лет пользовался Samsung Galaxy A3 2016. Был полностью доволен. Решил в 2019 г. поменять гаджет. Купил это бюджетное ""чудо технологической мысли от Самсунга"" и начались проблемы с интернетом и иногда с потерей связи. Обратился на сайт техподдержки. приаттачив снимок с информацией версии прошивки, номера сборки и т.п. Получил стандартную отписку с сссылкой на страницу по описанию рекомендованных действий.",423,60,9,0,0,10,0.02364066193853428,47.0,0,0,"(404.0, 452.0]",-1,раньше несколько лет пользовался samsung galaxy a был полностью доволен решил в г поменять гаджет купил это бюджетное чудо технологической мысли от самсунга и начались проблемы с интернетом и иногда с потерей связи обратился на сайт техподдержки приаттачив снимок с информацией версии прошивки номера сборки и т п получил стандартную отписку с сссылкой на страницу по описанию рекомендованных действий
NEUTRAL,"основное достоинство-большой аккумулятор,которого хватает на неделю при не очень активном использовании (wifi и gps постоянно включены),а так типичный бюджетник:512 озу,не слишком быстрый процессор,камера без автофокуса.Вообщем,если бы не его огромнейший аккумулятор, смартфон утонул бы в море однотипных,безликих,бюджетных android смартфонов.",343,38,2,0,0,1,0.0029154518950437317,171.5,0,0,"(308.0, 356.0]",0,основное достоинство большой аккумулятор которого хватает на неделю при не очень активном использовании wifi и gps постоянно включены а так типичный бюджетник озу не слишком быстрый процессор камера без автофокуса вообщем если бы не его огромнейший аккумулятор смартфон утонул бы в море однотипных безликих бюджетных android смартфонов
POSITIVE,"Покупал ""кота в мешке"". Хотел недорогой (очень дешевый) 3G. По мере использования стал нравиться еще больше. С компа скачивал видео (фильмы по 300-400 мб) - нормально. Сначала казался тормозным, но попробовав другие телефоны этой ""категории"" мнение изменилось. Хороший моб за 4999 р.(DIVISION) Писали, что не идут игры - скачал 40 игр для Nokia S40 v3 320x240 - не пошли только две. Не читает тексты - скачал ReadManiac. Контента в интернете много.",448,71,9,0,0,22,0.049107142857142856,49.77777777777778,0,0,"(404.0, 452.0]",1,покупал кота в мешке хотел недорогой очень дешевый g по мере использования стал нравиться еще больше с компа скачивал видео фильмы по мб нормально сначала казался тормозным но попробовав другие телефоны этой категории мнение изменилось хороший моб за р division писали что не идут игры скачал игр для nokia s v x не пошли только две не читает тексты скачал readmaniac контента в интернете много
NEUTRAL,"Многие пишут  что экран темный, но я бы так не сказала. РАзрешение и цветопередача отличная, яркость регулируется. На улице читала книжки - все прекрасно видно. А прямое солнце затемняет экран на любом телефоне. Это же не электронная книга с E-Ink - экраном. За такую цену это самое хорошее предложение",302,49,5,0,0,9,0.029801324503311258,60.4,0,0,"(260.0, 308.0]",0,многие пишут что экран темный но я бы так не сказала разрешение и цветопередача отличная яркость регулируется на улице читала книжки все прекрасно видно а прямое солнце затемняет экран на любом телефоне это же не электронная книга с e ink экраном за такую цену это самое хорошее предложение
NEGATIVE,"Всё, до последней мелочи, разработано что бы раздражать. Samsung приложил максимум усилий, что бы из просто телефона сделать бесячий девайс. 1. Разблокируем и любуемся на надпись ""Клавиатура разблокированна"". Мне не надо об этом читать, я хочу сразу начать пользоваться телефоном, но разработчики решили иначе. Т.е. если я решу позвонить - жму ""центр""+""лев.кн.""+""сброс""(убираем сообщение о разблокировке)+""контакты"".... 2.",422,56,11,0,0,6,0.014218009478672985,38.36363636363637,0,0,"(404.0, 452.0]",-1,всё до последней мелочи разработано что бы раздражать samsung приложил максимум усилий что бы из просто телефона сделать бесячий девайс разблокируем и любуемся на надпись клавиатура разблокированна мне не надо об этом читать я хочу сразу начать пользоваться телефоном но разработчики решили иначе т е если я решу позвонить жму центр лев кн сброс убираем сообщение о разблокировке контакты
POSITIVE,Отличный телефон. чтоб поболтать и в Интернете посидеть. да и в дороге музыку послушать тоже можно. Если прибавить низкую стоимость (4390) вообще красота.,154,23,4,0,0,3,0.01948051948051948,38.5,0,0,"(116.0, 164.0]",1,отличный телефон чтоб поболтать и в интернете посидеть да и в дороге музыку послушать тоже можно если прибавить низкую стоимость вообще красота
NEGATIVE,"В принце аппаратом очень доволен, но после самсунга не нравится оболочка андроида - не смертельно, скачал стороннюю оболочку.",125,18,1,0,0,1,0.008,125.0,0,0,"(116.0, 164.0]",-1,в принце аппаратом очень доволен но после самсунга не нравится оболочка андроида не смертельно скачал стороннюю оболочку
NEGATIVE,"очень жалею, что потратил деньги на такое дерьмо. Больше никогда сони эрикссон на адроиде не куплю.",99,16,2,0,0,1,0.010101010101010102,49.5,0,0,"(68.0, 116.0]",-1,очень жалею что потратил деньги на такое дерьмо больше никогда сони эрикссон на адроиде не куплю
POSITIVE,"После почти 10 лет владения самсунгом от Галакси нот до Галакси с9, я наконец-то попробовал iPhone, в целом это супер удобный быстрый Смарт, я был удивлён на сколько он лучше андройда, минусы конечно есть небольшие, но это все мелочи!",234,39,1,1,0,5,0.021367521367521368,234.0,0,0,"(212.0, 260.0]",1,после почти лет владения самсунгом от галакси нот до галакси с я наконец то попробовал iphone в целом это супер удобный быстрый смарт я был удивлён на сколько он лучше андройда минусы конечно есть небольшие но это все мелочи
NEUTRAL,"В прицепе хороший аппарат. С непривычки великоват, но это естественный минус 5 дюймовых смартов. За две недели использования не было глюков и зависаний по вине аппарата. Пользоваться удобно, если такое вообще можно сказать про телефоны таких размеров. Я к сожалению не дождался появления его в наших магазинах. Поэтому довольствуюсь тем, что пришло по почте. А вам советую, если вы все же решитесь его приобрести. Покупать у нас и смотреть перед покупкой внимательно экран.",473,73,8,0,0,8,0.016913319238900635,59.125,0,0,"(452.0, 500.0]",0,в прицепе хороший аппарат с непривычки великоват но это естественный минус дюймовых смартов за две недели использования не было глюков и зависаний по вине аппарата пользоваться удобно если такое вообще можно сказать про телефоны таких размеров я к сожалению не дождался появления его в наших магазинах поэтому довольствуюсь тем что пришло по почте а вам советую если вы все же решитесь его приобрести покупать у нас и смотреть перед покупкой внимательно экран
POSITIVE,"Телефон-легенда! До него легендарным считался Т600, но этот намного его превзошел по популярности и добрым отзывам в течение всего времени после его выпуска.",157,23,2,1,0,3,0.01910828025477707,78.5,0,0,"(116.0, 164.0]",1,телефон легенда до него легендарным считался т но этот намного его превзошел по популярности и добрым отзывам в течение всего времени после его выпуска
NEGATIVE,"Мой первый смартфон на андроиде... попользовался месяц и сразу же выкинул из за того что бесил)... Однозначно не рекомендую к покупке... Тормоза, в первую очередь будут вас бесить. Стальные нервы надо иметь, иначе разобьете телефон отзлости)) Не знаете что купить за такую цену? Попробуйте Бюджетные смартфоны компании Nokia/Microsoft Lumia 520, 525, 532, 435... на ОС Windows phone... не бойтесь покупать Windows phone, попробуйте....",435,63,8,0,1,14,0.03218390804597701,54.375,0,0,"(404.0, 452.0]",-1,мой первый смартфон на андроиде попользовался месяц и сразу же выкинул из за того что бесил однозначно не рекомендую к покупке тормоза в первую очередь будут вас бесить стальные нервы надо иметь иначе разобьете телефон отзлости не знаете что купить за такую цену попробуйте бюджетные смартфоны компании nokia microsoft lumia на ос windows phone не бойтесь покупать windows phone попробуйте
NEUTRAL,"Телефоном пользуюсь уже почти 10 месяцев (куплен в ноябре 2015). Качество материалов и сборки без нареканий, никаких скрипов и люфтов. В руке сидит хорошо, задняя крышка качественная и не глянцевая - отпечатков не видно, ношу без чехла и царапин почти нет. Экран довольно хороший, углов обзора хватает для нормального использования, на солнце яркости хватает. Динамики довольно громкие, вызывной ставлю на 70-75%, разговорный не выше 50%. Вибро вызов очень слабый.",464,69,6,0,0,6,0.01293103448275862,77.33333333333333,0,0,"(452.0, 500.0]",0,телефоном пользуюсь уже почти месяцев куплен в ноябре качество материалов и сборки без нареканий никаких скрипов и люфтов в руке сидит хорошо задняя крышка качественная и не глянцевая отпечатков не видно ношу без чехла и царапин почти нет экран довольно хороший углов обзора хватает для нормального использования на солнце яркости хватает динамики довольно громкие вызывной ставлю на разговорный не выше вибро вызов очень слабый
NEGATIVE,"Объективно, мне есть с чем сравнитьи за эти деньги можнл купить два шустрых и качественных телефона не такого известного производителя",134,20,0,0,0,1,0.007462686567164179,134.0,0,0,"(116.0, 164.0]",-1,объективно мне есть с чем сравнитьи за эти деньги можнл купить два шустрых и качественных телефона не такого известного производителя
POSITIVE,"Хороший смартфон.Садится батарея довольно быстро)Но при постоянном использовании хватает где-то на день и 10-20% зарядки остаётся.Смартфоном довольна,не худший вариант.Советую.Со связью всё нормально,на медленность не жалуюсь(её там нет;)).Но всё-таки для тех,кто пользуется смартфоном постоянно,советую зэтку.",310,34,6,0,0,7,0.02258064516129032,51.666666666666664,0,0,"(308.0, 356.0]",1,хороший смартфон садится батарея довольно быстро но при постоянном использовании хватает где то на день и зарядки остаётся смартфоном довольна не худший вариант советую со связью всё нормально на медленность не жалуюсь её там нет но всё таки для тех кто пользуется смартфоном постоянно советую зэтку
POSITIVE,"Купили два таких аппарата, последний 14 марта 2013 - до сих пор работает, притормаживает. У первого, купленного в ноябре 2012, отказал сенсор в октябре 2014, но до этого он ответственно работал пол года, после того, как принял ледяную 4 часовую ванную.",252,41,2,0,0,2,0.007936507936507936,126.0,0,0,"(212.0, 260.0]",1,купили два таких аппарата последний марта до сих пор работает притормаживает у первого купленного в ноябре отказал сенсор в октябре но до этого он ответственно работал пол года после того как принял ледяную часовую ванную
NEGATIVE,"вобщем можелью недоволен, планирую менять в самое ближайшее время",65,9,0,0,0,0,0.0,65.0,0,0,"(19.52, 68.0]",-1,вобщем можелью недоволен планирую менять в самое ближайшее время
POSITIVE,"Искала полностью нафаршированный телефон, выбирала из многих фирм по цене. Практически у всех одинаковые характеристики, поэтому главным ориентиром все же была цена. Привлекло еще то, что есть ГЛОНАСС, это, по-моему, будет в ближайшее время очень актуально. Полностью удовлетворила камера Хуавея, разрешение экрана дает возможность смотреть фотки и выбирать качественные, которые хорошо получились, прямо на экране смартфона.",425,56,4,0,0,12,0.02823529411764706,106.25,0,0,"(404.0, 452.0]",1,искала полностью нафаршированный телефон выбирала из многих фирм по цене практически у всех одинаковые характеристики поэтому главным ориентиром все же была цена привлекло еще то что есть глонасс это по моему будет в ближайшее время очень актуально полностью удовлетворила камера хуавея разрешение экрана дает возможность смотреть фотки и выбирать качественные которые хорошо получились прямо на экране смартфона
NEGATIVE,"После iphon 5 это сплошное разочарование. Виснет постоянно, каждый день перезагружаю, бывает вообще никак камера не реагирует, это при условии что я его не нагружаю.",165,25,2,0,0,2,0.012121212121212121,82.5,0,0,"(164.0, 212.0]",-1,после iphon это сплошное разочарование виснет постоянно каждый день перезагружаю бывает вообще никак камера не реагирует это при условии что я его не нагружаю
NEUTRAL,"неплохой телефон, не как у всех.идея неплохая, всё достаточно удобно кроме нескольких минусов.менять трубку не собираюсь, мне подходит... тем более что стоила не дорого))",170,24,3,0,0,0,0.0,56.666666666666664,0,0,"(164.0, 212.0]",0,неплохой телефон не как у всех идея неплохая всё достаточно удобно кроме нескольких минусов менять трубку не собираюсь мне подходит тем более что стоила не дорого
NEGATIVE,"камера слабенькая, и места немного, но к недостаткам это не отношу - модель из недорогих.",89,15,1,0,0,0,0.0,89.0,0,0,"(68.0, 116.0]",-1,камера слабенькая и места немного но к недостаткам это не отношу модель из недорогих
POSITIVE,"Об этом телефоне много везде написано. Все Виндос-мобилы достали ещё на стадии их появления. Я ими переболел лет 5-6 назад. Ничего нового сейчас не появилось, как впрочем и у Симбиана. Поэтому приходится довольствоваться тем что есть. Ждал Е-73 модель, но так и не дождался! Переходить ни на АйФон, ни на HTC не собираюсь, хотя и тем и другим попользовался. Своих денег они явно не стоят... А этот за 10000 деревянных — самый раз.",430,73,9,1,0,17,0.03953488372093023,47.77777777777778,0,0,"(404.0, 452.0]",1,об этом телефоне много везде написано все виндос мобилы достали ещё на стадии их появления я ими переболел лет назад ничего нового сейчас не появилось как впрочем и у симбиана поэтому приходится довольствоваться тем что есть ждал е модель но так и не дождался переходить ни на айфон ни на htc не собираюсь хотя и тем и другим попользовался своих денег они явно не стоят а этот за деревянных самый раз
NEGATIVE,"Очень разочаровалась в продукции Apple. Покупала телефон, чтобы звонить, пользоваться интернетом и навигатором. С первыми двумя пунктами телефон ещё справляется, но как навигатор использовать его не представляется возможным: нет точного позиционирования местонахождения, лишь примерная точка и ореол вокруг нее. Пробовала различные навигационные программы - результат один и тот же (службы геолокации включены)За такие деньги хочется иметь многофункциональный телефон.",468,58,4,0,0,6,0.01282051282051282,117.0,0,0,"(452.0, 500.0]",-1,очень разочаровалась в продукции apple покупала телефон чтобы звонить пользоваться интернетом и навигатором с первыми двумя пунктами телефон ещё справляется но как навигатор использовать его не представляется возможным нет точного позиционирования местонахождения лишь примерная точка и ореол вокруг нее пробовала различные навигационные программы результат один и тот же службы геолокации включены за такие деньги хочется иметь многофункциональный телефон
NEGATIVE,"не хочу наговаривать,может бракованный попался,пойду поменяю на такойже ВРЕМЯ ЭКСПЛУАТАЦИИ МЕНЕЕ СУТОК",102,12,0,0,0,27,0.2647058823529412,102.0,0,0,"(68.0, 116.0]",-1,не хочу наговаривать может бракованный попался пойду поменяю на такойже время эксплуатации менее суток
NEGATIVE,"Тошнит от этого телефона, уже хочется выбросить. На клавиатуру надо давить с усилием, батарея держит максимум 1,5 месяца если разговаривать пару минут в день, динамик ужасный, речь собеседника не разборчива, возможность занести номер в черный список отсутствует, фонарика нет и камеры нет, телефон гнется, скрипит, отключить одну сим карту невозможно, ловит сеть плохо. Цена  такому телефону 1000 рублей, не больше.",415,60,3,0,0,3,0.007228915662650603,138.33333333333334,0,0,"(404.0, 452.0]",-1,тошнит от этого телефона уже хочется выбросить на клавиатуру надо давить с усилием батарея держит максимум месяца если разговаривать пару минут в день динамик ужасный речь собеседника не разборчива возможность занести номер в черный список отсутствует фонарика нет и камеры нет телефон гнется скрипит отключить одну сим карту невозможно ловит сеть плохо цена такому телефону рублей не больше
NEGATIVE,"За свою цену наверное нормально, но впечатления общие - отвратителный аппарат.",78,11,1,0,0,1,0.01282051282051282,78.0,0,0,"(68.0, 116.0]",-1,за свою цену наверное нормально но впечатления общие отвратителный аппарат
NEUTRAL,За такие деньги что-то лучше найти сложно.,42,7,1,0,0,1,0.023809523809523808,42.0,0,0,"(19.52, 68.0]",0,за такие деньги что то лучше найти сложно
NEGATIVE,Сдала обратно через 4 дня.,26,5,1,0,0,1,0.038461538461538464,26.0,0,0,"(19.52, 68.0]",-1,сдала обратно через дня
NEGATIVE,"в то время я его покупала за 5500руб. считаю ,что деньги выкинула на ветер.Очень ужасная модель и не советую ее брать! Больше ремонтировать его будете чем пользоваться =)",170,28,3,1,0,2,0.011764705882352941,56.666666666666664,0,0,"(164.0, 212.0]",-1,в то время я его покупала за руб считаю что деньги выкинула на ветер очень ужасная модель и не советую ее брать больше ремонтировать его будете чем пользоваться
NEUTRAL,"Вообщем поставила как то раз на зарядку, на ночь и утром встаю. Он выключен попыталась включить не вышло!!!! Понесли в ремонт сказали там что то перегорело а деталий на этот телефон не существует вот так теперь новый покупать((((((",231,38,2,4,0,3,0.012987012987012988,115.5,0,0,"(212.0, 260.0]",0,вообщем поставила как то раз на зарядку на ночь и утром встаю он выключен попыталась включить не вышло понесли в ремонт сказали там что то перегорело а деталий на этот телефон не существует вот так теперь новый покупать
POSITIVE,"В остальном, кроме небольших недостатков, телефон за свои деньги вне конкуренции!!!",83,11,1,3,0,1,0.012048192771084338,83.0,0,0,"(68.0, 116.0]",1,в остальном кроме небольших недостатков телефон за свои деньги вне конкуренции
NEUTRAL,"Давно хотел оставить отзыв, но всё как-то откладывал. Не буду скрывать, я всегда любил продукцию Apple, но именно iPhone 5s сподвиг меня на написание этого отзыва. Перешёл я на 5S с 4-ки, как, наверное, и многие. Сразу скажу, что в сторону Андроида, я не смотрю и не буду, не люблю его! Но нужно признать, что без Джобса компания уже не ""торт"" и стало появляться слишком много неприятных мелочей в каждом продукте от Apple, тех мелочей, в которых компания была сильна раньше.",475,81,5,1,0,11,0.023157894736842106,95.0,0,0,"(452.0, 500.0]",0,давно хотел оставить отзыв но всё как то откладывал не буду скрывать я всегда любил продукцию apple но именно iphone s сподвиг меня на написание этого отзыва перешёл я на s с ки как наверное и многие сразу скажу что в сторону андроида я не смотрю и не буду не люблю его но нужно признать что без джобса компания уже не торт и стало появляться слишком много неприятных мелочей в каждом продукте от apple тех мелочей в которых компания была сильна раньше
POSITIVE,"наверное лучший из смартфонов что мне приходилось использовать,,всё работает быстро и без лагов и подвисаний ,за свою цену просто апупсденая камера и реально хорошая батарея,представить себе страшно что было бы если стояла батарея большего объема. брал на беру за 10 к, но стоимость у официальных дилеров думаю всё же завышена как и на все их продукты ..так что если ты друг ищешь себе отличный смарт с супер чоткой камерой и собственно говоря всем остальным то это лучший вариант",480,78,2,0,0,0,0.0,240.0,0,0,"(452.0, 500.0]",1,наверное лучший из смартфонов что мне приходилось использовать всё работает быстро и без лагов и подвисаний за свою цену просто апупсденая камера и реально хорошая батарея представить себе страшно что было бы если стояла батарея большего объема брал на беру за к но стоимость у официальных дилеров думаю всё же завышена как и на все их продукты так что если ты друг ищешь себе отличный смарт с супер чоткой камерой и собственно говоря всем остальным то это лучший вариант
NEGATIVE,"я давно его хотела, но потом разочаровалась сильно. в наборе ничего нету, все пришлось покупать. в магазин его решили сдать на следующий день так как пробел зависал, не взяли. не советую, потому что это типичная звонилка только выглядит прилично.",246,39,4,0,0,0,0.0,61.5,0,0,"(212.0, 260.0]",-1,я давно его хотела но потом разочаровалась сильно в наборе ничего нету все пришлось покупать в магазин его решили сдать на следующий день так как пробел зависал не взяли не советую потому что это типичная звонилка только выглядит прилично
NEGATIVE,"Начнём с простого , у аппарата 3Гб оперативной памяти - вроде должно быть достаточно для всего , а оболочка сжирает 1.5Гб .  Батарея живёт средне , нельзя назвать телефон долгоработающим , но и быстро посадить его будет сложно.  Дисплей . Первое - забудьте про авторегулировку яркости её как таковой нет , подсветка работает либо на среднем уровне , либо сразу в максимальную яркость уходит .",392,65,5,0,0,6,0.015306122448979591,78.4,0,0,"(356.0, 404.0]",-1,начнём с простого у аппарата гб оперативной памяти вроде должно быть достаточно для всего а оболочка сжирает гб батарея живёт средне нельзя назвать телефон долгоработающим но и быстро посадить его будет сложно дисплей первое забудьте про авторегулировку яркости её как таковой нет подсветка работает либо на среднем уровне либо сразу в максимальную яркость уходит
NEGATIVE,"ужасная модель, никогда не берите(((",36,5,0,0,0,0,0.0,36.0,0,0,"(19.52, 68.0]",-1,ужасная модель никогда не берите
POSITIVE,"Телефон, конечно, в первую очередь для прекрасной половины человечества - для вас, милые дамы! Самый красивый, самый стильный, самый необычный! Вы с ним обязательно подружитесь!",177,25,3,3,0,3,0.01694915254237288,59.0,0,0,"(164.0, 212.0]",1,телефон конечно в первую очередь для прекрасной половины человечества для вас милые дамы самый красивый самый стильный самый необычный вы с ним обязательно подружитесь
NEGATIVE,"Очень рад что Windows Mobile как платформа практически сошла со сцены. Да, Microsoft еще силится протолкнуть на сцену Windows Phone 7, но у них это не шибко получается. Сейчас на коммуникаторы со значком Windows даже не посмотрю.",229,37,3,0,0,9,0.039301310043668124,76.33333333333333,0,0,"(212.0, 260.0]",-1,очень рад что windows mobile как платформа практически сошла со сцены да microsoft еще силится протолкнуть на сцену windows phone но у них это не шибко получается сейчас на коммуникаторы со значком windows даже не посмотрю
NEGATIVE,Итог: использовать аппарат можно исключительно как музыкальный ударопрочный фонарик. Именно такую функцию сейчас и выполняет))),127,15,1,0,0,2,0.015748031496062992,127.0,0,0,"(116.0, 164.0]",-1,итог использовать аппарат можно исключительно как музыкальный ударопрочный фонарик именно такую функцию сейчас и выполняет
POSITIVE,"В целом телефоном доволен, если бы ещё 4g в него впихнули и батарейку помощнее, то цены б ему не было)",102,20,0,0,0,1,0.00980392156862745,102.0,0,0,"(68.0, 116.0]",1,в целом телефоном доволен если бы ещё g в него впихнули и батарейку помощнее то цены б ему не было
NEGATIVE,Читайте тему про брак Xperia ZL на сайте 4pda.ru. Теперь уже лучше его не покупать (((,86,16,2,0,0,5,0.05813953488372093,43.0,0,0,"(68.0, 116.0]",-1,читайте тему про брак xperia zl на сайте pda ru теперь уже лучше его не покупать
POSITIVE,"Пользуюсь 3 месяца. Отличный телефон. не глючит, работает оч быстро, удобный и комфортный в использовании. Перед ним был XIAOMI MI5 который прослужил всего 2 месяца и сгорела мат.плата. Но у XIAOMI преимущество в цветопередаче и дизайн получше будет.",250,38,6,0,0,18,0.072,41.666666666666664,0,0,"(212.0, 260.0]",1,пользуюсь месяца отличный телефон не глючит работает оч быстро удобный и комфортный в использовании перед ним был xiaomi mi который прослужил всего месяца и сгорела мат плата но у xiaomi преимущество в цветопередаче и дизайн получше будет
POSITIVE,"В заключении,смартфон,при всех его недостатках,всё таки оставляет только положительные эмоции по мере использования,так как,главное,что дизайн и его функциональность на уровне,который сравним с ""предфлагманских"" классом,я бы так сказал. У монополистов смарты такого же или примерно такого же содержания стоят в разы дороже...А тут... Получаешь за 9к смарт,которого хватает за глаза,в общем-то. Ношу в чехле,бывает скользит. Покупал тёмно-серый на 16гб с 2гб озу.",462,61,6,0,0,6,0.012987012987012988,77.0,0,0,"(452.0, 500.0]",1,в заключении смартфон при всех его недостатках всё таки оставляет только положительные эмоции по мере использования так как главное что дизайн и его функциональность на уровне который сравним с предфлагманских классом я бы так сказал у монополистов смарты такого же или примерно такого же содержания стоят в разы дороже а тут получаешь за к смарт которого хватает за глаза в общем то ношу в чехле бывает скользит покупал тёмно серый на гб с гб озу
NEUTRAL,"Пользуюсь уже год, телефон устраивает. Я видел пишут нет секундомера, нет таймера это все можно закачать. Конешно есть много лишних фунций. Но я телефоном доволен и не закакие деньги бы не променял).",199,32,4,0,0,4,0.020100502512562814,49.75,0,0,"(164.0, 212.0]",0,пользуюсь уже год телефон устраивает я видел пишут нет секундомера нет таймера это все можно закачать конешно есть много лишних фунций но я телефоном доволен и не закакие деньги бы не променял
NEUTRAL,"почему-то камера стала показывать только салотовое пространство, независимо от исходного цвета, а жаль-внешне очень нравиться.",126,15,1,0,0,0,0.0,126.0,0,0,"(116.0, 164.0]",0,почему то камера стала показывать только салотовое пространство независимо от исходного цвета а жаль внешне очень нравиться
NEGATIVE,"Отвратительный сервис. В семье два таких телефона, и оба через 3 месяца кончились, и по обоим отказано в гарантии по формальному признаку.",138,22,2,0,0,2,0.014492753623188406,69.0,0,0,"(116.0, 164.0]",-1,отвратительный сервис в семье два таких телефона и оба через месяца кончились и по обоим отказано в гарантии по формальному признаку
NEGATIVE,Итого продал я это чудо и вернулся на redmi 4x,46,10,0,0,0,1,0.021739130434782608,46.0,0,0,"(19.52, 68.0]",-1,итого продал я это чудо и вернулся на redmi x
NEGATIVE,"Был до Этого Айфон 4, с качеством сенсора нокии еще Очень далеко до айфона.... И с другими удобствами то же есть замечания. НО за такие деньги... можно взять как рабочий телефон.",178,31,4,0,0,7,0.03932584269662921,44.5,0,0,"(164.0, 212.0]",-1,был до этого айфон с качеством сенсора нокии еще очень далеко до айфона и с другими удобствами то же есть замечания но за такие деньги можно взять как рабочий телефон
NEGATIVE,"Смартфон шлак и не стоит своих денег, ищите что то другое",57,11,0,0,0,1,0.017543859649122806,57.0,0,0,"(19.52, 68.0]",-1,смартфон шлак и не стоит своих денег ищите что то другое
NEGATIVE,"Телефон работал исправно и ничто не предвещало беды.  А потом он вдруг стал вырубаться когда сам захочет. И включаться не торопился.  Отнесли в ремонт. Нужно менять материнскую плату. Стоит это столько же, сколько стоит сам телефон.  Радовал он меня своим прекрасным внешним видом ровно один год. Придётся покупать другой телефон. В общем, прощай, старый друг, я буду скучать.",376,58,9,0,0,9,0.023936170212765957,41.77777777777778,0,0,"(356.0, 404.0]",-1,телефон работал исправно и ничто не предвещало беды а потом он вдруг стал вырубаться когда сам захочет и включаться не торопился отнесли в ремонт нужно менять материнскую плату стоит это столько же сколько стоит сам телефон радовал он меня своим прекрасным внешним видом ровно один год придётся покупать другой телефон в общем прощай старый друг я буду скучать
NEGATIVE,"Брак, хорошо подумайте перед покупкой.",38,5,1,0,0,1,0.02631578947368421,38.0,0,0,"(19.52, 68.0]",-1,брак хорошо подумайте перед покупкой
NEGATIVE,"Крайне не доволен поддержкой СЦ самсунг, делать не хотят, вечно отправляют ждать новую прошивку, как буд-то прошивка починит брак железа, прошивок уже пять штук поменял и толку?  Все так же вылетаю из сети...  в общем жалею что сменил свой ноте 2 на это убожество, надо было брать ноте 3... Сервис озвучил, что мы можем заменить вам модуль связи, но это обойдется в размере 20к рублей. но при этом не гарантируют  что проблема с сетью решится, магия....",453,76,5,0,1,5,0.011037527593818985,90.6,0,0,"(452.0, 500.0]",-1,крайне не доволен поддержкой сц самсунг делать не хотят вечно отправляют ждать новую прошивку как буд то прошивка починит брак железа прошивок уже пять штук поменял и толку все так же вылетаю из сети в общем жалею что сменил свой ноте на это убожество надо было брать ноте сервис озвучил что мы можем заменить вам модуль связи но это обойдется в размере к рублей но при этом не гарантируют что проблема с сетью решится магия
NEUTRAL,"Так иногда позвонить-то нормальный, но если часто пользоваться или поработать на нём, то лучше не брать.",104,16,1,0,0,1,0.009615384615384616,104.0,0,0,"(68.0, 116.0]",0,так иногда позвонить то нормальный но если часто пользоваться или поработать на нём то лучше не брать
POSITIVE,"в целом хороший телефон. копия i9000 , чуть меньше памяти,чуть слабей гпу и рам поменьше. Но мне телефон очень нравится.Если бы еще звук был бы хотябы на уровне айподов.. те кому звук не важен-берите. Стоит не так уж и много. Андроид 2.3.4 делает его еще более шустрым.",269,47,9,0,0,4,0.01486988847583643,29.88888888888889,0,0,"(260.0, 308.0]",1,в целом хороший телефон копия i чуть меньше памяти чуть слабей гпу и рам поменьше но мне телефон очень нравится если бы еще звук был бы хотябы на уровне айподов те кому звук не важен берите стоит не так уж и много андроид делает его еще более шустрым
NEGATIVE,"Наверное, мне не повезло ((( А так, нормальный телефон.",55,9,1,0,0,2,0.03636363636363636,55.0,0,0,"(19.52, 68.0]",-1,наверное мне не повезло а так нормальный телефон
NEUTRAL,"Очень удобно лежит в руке.Особенно понравилась клавиша блокировки .Она именно под тем пальцем под которым нужно. Камера хоть и 2 МП но снимает очень достойно(поверьте я знаю о чем говорю- опыт пользования N95 в котором камера ЛУЧШАЯ во всех смартах ,N8,СГ2).Купил за 3990,но отдал бы и больше,так как телефон оправдывает вложенные в него средства.",347,54,5,0,0,17,0.04899135446685879,69.4,0,0,"(308.0, 356.0]",0,очень удобно лежит в руке особенно понравилась клавиша блокировки она именно под тем пальцем под которым нужно камера хоть и мп но снимает очень достойно поверьте я знаю о чем говорю опыт пользования n в котором камера лучшая во всех смартах n сг купил за но отдал бы и больше так как телефон оправдывает вложенные в него средства
NEUTRAL,"Куплен на замену, пока основной моб. на ремонте. Хорошая звонилка, еще как плеер, камера слабовата, в режиме ожидания при выключенном интернете, прожил сутки! Это хороший показатель, т. к.",188,28,5,1,0,3,0.015957446808510637,37.6,0,0,"(164.0, 212.0]",0,куплен на замену пока основной моб на ремонте хорошая звонилка еще как плеер камера слабовата в режиме ожидания при выключенном интернете прожил сутки это хороший показатель т к
NEGATIVE,"Очень долго хотела Nokia E7,на картинках и в характеристиках мне нравилось в нем все,но когда попользовалась им 1 день поняла,что он не намного лучше Nokia C6 который,кстати,стоит на 10000 рублей меньше,чем Nokia E7.Symbain^3 не вдохновил,не значительно лучше Series 60. От телефона ожидала намного большего,в магазине мне все советовали если уж с qwerty клавиатурой,то HTC Dezier Z,но я все настаивала на Nokia E7. Через 2 дня использования у меня сломался динамик и микрофон.",477,72,4,0,0,18,0.03773584905660377,119.25,0,0,"(452.0, 500.0]",-1,очень долго хотела nokia e на картинках и в характеристиках мне нравилось в нем все но когда попользовалась им день поняла что он не намного лучше nokia c который кстати стоит на рублей меньше чем nokia e symbain не вдохновил не значительно лучше series от телефона ожидала намного большего в магазине мне все советовали если уж с qwerty клавиатурой то htc dezier z но я все настаивала на nokia e через дня использования у меня сломался динамик и микрофон
POSITIVE,"sony ericsson g705 - стильный слайдер среднего класса со встроеным wifi. Имеется всё необходимое а даже более - 2,4"" дисплей , датчик движения , 1гб карта памяти вкомплекте , встроенный gps и тд. Хорошее решение за свои 12тыс рублей . Советую , присматритесь.",259,43,4,0,0,3,0.011583011583011582,64.75,0,0,"(212.0, 260.0]",1,sony ericsson g стильный слайдер среднего класса со встроеным wifi имеется всё необходимое а даже более дисплей датчик движения гб карта памяти вкомплекте встроенный gps и тд хорошее решение за свои тыс рублей советую присматритесь
NEUTRAL,"пользуюсь этим телефоном уже почти 2, в принципи он меня устраивает.но есть несколько недостатков(выше указанные).спустя почти 2 года немного и оооооооооооочень редко подвисает сенсор,иногда делает перезагрузку, сам по себе.в интернете легко сидится,единственное что не возможно на опере и встроенном браузере просмотреть видео и послушать музыку,но эту проблему можно спокойно решить-скачать с маркета Вконтакте.",413,53,4,0,0,1,0.002421307506053269,103.25,0,0,"(404.0, 452.0]",0,пользуюсь этим телефоном уже почти в принципи он меня устраивает но есть несколько недостатков выше указанные спустя почти года немного и оооооооооооочень редко подвисает сенсор иногда делает перезагрузку сам по себе в интернете легко сидится единственное что не возможно на опере и встроенном браузере просмотреть видео и послушать музыку но эту проблему можно спокойно решить скачать с маркета вконтакте
NEGATIVE,"В общем телефон так себе, конечно на пару тройку месяцев нормально сгодится. мой начал всё это вытворять спустя пол года, а выключаться и то раньше!",148,25,2,1,0,1,0.006756756756756757,74.0,0,0,"(116.0, 164.0]",-1,в общем телефон так себе конечно на пару тройку месяцев нормально сгодится мой начал всё это вытворять спустя пол года а выключаться и то раньше
POSITIVE,Подруга его об стенку долбит когда в аську войти не може. ему пофиг только царапины,83,15,1,0,0,1,0.012048192771084338,83.0,0,0,"(68.0, 116.0]",1,подруга его об стенку долбит когда в аську войти не може ему пофиг только царапины
NEUTRAL,"Для своего года выпуска производительности вроде хватало , но в 2к17-18 лучше и целесообразнее купить другую модель и возможно другой фирмы.",140,21,1,0,0,1,0.007142857142857143,140.0,0,0,"(116.0, 164.0]",0,для своего года выпуска производительности вроде хватало но в к лучше и целесообразнее купить другую модель и возможно другой фирмы
NEGATIVE,"а теперь подробнее о моем печальном опыте использования этой модели: 1. все время выключается, было такое, что за один день выключился пять раз. однажды проспала на работу, потому что выключился ночью, при этом стоял на зарядке, в результате не сработал будильник и заряжен был всего на 40 %. Включается только после того, как вытащишь и вставишь батарею. И то... часто после проделывания этой процедуры снова выключался. 2. безобразная телефонная книга.",454,70,8,0,0,2,0.004405286343612335,56.75,0,0,"(452.0, 500.0]",-1,а теперь подробнее о моем печальном опыте использования этой модели все время выключается было такое что за один день выключился пять раз однажды проспала на работу потому что выключился ночью при этом стоял на зарядке в результате не сработал будильник и заряжен был всего на включается только после того как вытащишь и вставишь батарею и то часто после проделывания этой процедуры снова выключался безобразная телефонная книга
NEUTRAL,"Переместить что либо в корзину целый квест, раздражает",54,8,0,0,0,1,0.018518518518518517,54.0,0,0,"(19.52, 68.0]",0,переместить что либо в корзину целый квест раздражает
POSITIVE,"Был, есть и буду поклонником НОКИА до последнего !!!!!!!!!!!!!",62,9,1,13,0,6,0.0967741935483871,62.0,0,0,"(19.52, 68.0]",1,был есть и буду поклонником нокиа до последнего
POSITIVE,"В целом, телефон мне очень понравился)) Но из-за android. process. media я целую неделю промучился с ним. Конечно, я только через неделю понял, что всё это из за браузера Google chrome",184,31,3,0,0,4,0.021739130434782608,61.333333333333336,0,0,"(164.0, 212.0]",1,в целом телефон мне очень понравился но из за android process media я целую неделю промучился с ним конечно я только через неделю понял что всё это из за браузера google chrome
NEUTRAL,"Если вы не носите телефон в заднем кармане джинс, у вас прямые руки и вы не роняете телефоны, вы любите чехлы или бамперы и носите тел в нагрудном кармане!Пользуетесь родной зарядкой оочень акуратно.  Эта модель для вас, оочень классные цвета, звук, тел. шустрый батарейка относительно айфона оочень долго работает!",315,49,4,2,0,3,0.009523809523809525,78.75,0,0,"(308.0, 356.0]",0,если вы не носите телефон в заднем кармане джинс у вас прямые руки и вы не роняете телефоны вы любите чехлы или бамперы и носите тел в нагрудном кармане пользуетесь родной зарядкой оочень акуратно эта модель для вас оочень классные цвета звук тел шустрый батарейка относительно айфона оочень долго работает
POSITIVE,"Надеюсь нагрев исправят обновлением.Спустя год: все поправили через месяц! Вообще не глючит, телефону уже год.",110,15,3,1,0,3,0.02727272727272727,36.666666666666664,0,0,"(68.0, 116.0]",1,надеюсь нагрев исправят обновлением спустя год все поправили через месяц вообще не глючит телефону уже год
POSITIVE,"Ни разу не пожалела, что купила. Это мой первый смартфон, до этого были кнопочные Нокиа. спасибо.",97,16,3,0,0,3,0.030927835051546393,32.333333333333336,0,0,"(68.0, 116.0]",1,ни разу не пожалела что купила это мой первый смартфон до этого были кнопочные нокиа спасибо
POSITIVE,"Андроид у меня не первый,и я стараюсь использовать его возможности по полному,установил виджет заряда батареи,много полезных придожений и т.д.Через wifi скайп работает отлично,И ВИДЕОВЫЗОВОМ ОН ЗВОНИТ,когда оставалось 15% заряда начад смотреть фильм который идет 1.5 часа,досмотрел до конца и еще вк зайти хватило.И еще он по показателям лучше чем галакси.Этот отзыв пишу с этого телефона так что за ошибки строго не судите.",424,62,6,0,0,25,0.0589622641509434,70.66666666666667,0,0,"(404.0, 452.0]",1,андроид у меня не первый и я стараюсь использовать его возможности по полному установил виджет заряда батареи много полезных придожений и т д через wifi скайп работает отлично и видеовызовом он звонит когда оставалось заряда начад смотреть фильм который идет часа досмотрел до конца и еще вк зайти хватило и еще он по показателям лучше чем галакси этот отзыв пишу с этого телефона так что за ошибки строго не судите
NEUTRAL,"Не проработав и пару недель, телефон заглючил. А именно: при зарядке всю ночь и полдня набрал только 20�� больше не заряжается. Обидно, т.к. брала в подарок",156,26,4,0,0,3,0.019230769230769232,39.0,0,0,"(116.0, 164.0]",0,не проработав и пару недель телефон заглючил а именно при зарядке всю ночь и полдня набрал только больше не заряжается обидно т к брала в подарок
NEGATIVE,"Купил девушке на НГ iphone 5. Сам 2 месяца хожу с Xperia SL. Так что мне есть, с чем сравнивать. По мне так айфон сильно проигрывает.   1)Экран однозначно в пользу моего 2) Стоит в 2 раза меньше 3) То, что ИОС работает быстрее Андроида - стереотип. Скорость скроллинга и включения приложений совершенно идентична 3) Камера круче 4) Что значит""качество сборки""? У меня вообще ни разу за 2 месяца мой не зависал! 5) ""Айфон красивее"". Чушь! По мне, так дизайн не самый привлекательный.",482,82,10,2,1,23,0.04771784232365145,48.2,0,0,"(452.0, 500.0]",-1,купил девушке на нг iphone сам месяца хожу с xperia sl так что мне есть с чем сравнивать по мне так айфон сильно проигрывает экран однозначно в пользу моего стоит в раза меньше то что иос работает быстрее андроида стереотип скорость скроллинга и включения приложений совершенно идентична камера круче что значит качество сборки у меня вообще ни разу за месяца мой не зависал айфон красивее чушь по мне так дизайн не самый привлекательный
NEGATIVE,"В общем китайщина она и есть китайщина, то есть кусок каки в очень красивой обертки (запомните это навсегда!).Хотел с начало купить просто PRO версию, но почитал что там проблемы со связью и не стал его брать, хотя он супер выглядит по сравнению с этой страшной лопатой. Но мне нужен был телефон, а не класный экран в игровой консоли.Поэтому Пришлось купить эту лопату в которой якобы связь отличная, как писали все остальные положительные отзывы.А оказалось что еще хуже чем на ПРО версии.",490,81,6,1,0,12,0.024489795918367346,81.66666666666667,0,0,"(452.0, 500.0]",-1,в общем китайщина она и есть китайщина то есть кусок каки в очень красивой обертки запомните это навсегда хотел с начало купить просто pro версию но почитал что там проблемы со связью и не стал его брать хотя он супер выглядит по сравнению с этой страшной лопатой но мне нужен был телефон а не класный экран в игровой консоли поэтому пришлось купить эту лопату в которой якобы связь отличная как писали все остальные положительные отзывы а оказалось что еще хуже чем на про версии
POSITIVE,"Если вам нужен кнопочный смартфон, это - единственный вариант из новых. И, вобщем-то, очень неплохой вариант.",109,16,2,0,0,2,0.01834862385321101,54.5,0,0,"(68.0, 116.0]",1,если вам нужен кнопочный смартфон это единственный вариант из новых и вобщем то очень неплохой вариант
POSITIVE,"Довольна магазином,телефоном и курьером)) 68525 п/п 40 от 12.10.16 курьер Николай.",82,11,3,0,0,2,0.024390243902439025,27.333333333333332,0,0,"(68.0, 116.0]",1,довольна магазином телефоном и курьером п п от курьер николай
POSITIVE,Смартфон достоен своей цены,27,4,0,0,0,1,0.037037037037037035,27.0,0,0,"(19.52, 68.0]",1,смартфон достоен своей цены
NEGATIVE,"За год с лишним пришло только 1 обновление системы, которое лишь видоизменило интерфейс, но не устранило вышеописанные проблемы, но и добавило другие: - В штатном приложении музыки не работает ""скролл"" песен по буквам; - Уведомления стали как-то странно приходить; - Стал переодически терять сеть, но это происходит лишь несколько раз за день и на 5-7 сек, так что не очень критично; - Долго стал подключаться к сети wi-fi (в том числе к моей домашней), в среднем 12-15 сек; - Иногда стал.",489,81,1,0,0,6,0.012269938650306749,489.0,0,0,"(452.0, 500.0]",-1,за год с лишним пришло только обновление системы которое лишь видоизменило интерфейс но не устранило вышеописанные проблемы но и добавило другие в штатном приложении музыки не работает скролл песен по буквам уведомления стали как то странно приходить стал переодически терять сеть но это происходит лишь несколько раз за день и на сек так что не очень критично долго стал подключаться к сети wi fi в том числе к моей домашней в среднем сек иногда стал
NEUTRAL,"До этого год пользовался iphone 6, решил попробовать телефон на android. По этому буду сравнивать именно с ним. Очень классный экран, фото на галактике смотрятся очень четкими. Диафрагма на s6 1.9, снимал в темном помещении айфоном и самсунгом, там, где на айфоне уже темно, то на s6 изображение на приемлемом уровне!  Из недостатков заметил следущее:  ужасно тормозит плей маркет, по сравнению с  айтюнсом, просто беда!",420,65,6,2,0,5,0.011904761904761904,70.0,0,0,"(404.0, 452.0]",0,до этого год пользовался iphone решил попробовать телефон на android по этому буду сравнивать именно с ним очень классный экран фото на галактике смотрятся очень четкими диафрагма на s снимал в темном помещении айфоном и самсунгом там где на айфоне уже темно то на s изображение на приемлемом уровне из недостатков заметил следущее ужасно тормозит плей маркет по сравнению с айтюнсом просто беда
NEUTRAL,"Хороший телефончик, пользуюсь им три года, довольна.",52,7,1,0,0,1,0.019230769230769232,52.0,0,0,"(19.52, 68.0]",0,хороший телефончик пользуюсь им три года довольна
POSITIVE,"Приобрела позавчера,честно-не нарадуюсь,из рук не хотелось выпускать ни в магазине и дома не хочется.Опыт пользования есть с различными моделями,предыдущий HTC one по сравнению с Xperia L необычайный тугодум и тормоз. А еще раньше был Люмиа 710.Неплохой аппарат,но немного скучноват. Сони, конечно радуют в последнее время своими девайсами. Еще пару лет назад я ,лично, на них даже и не смотрела.",396,59,6,0,0,12,0.030303030303030304,66.0,0,0,"(356.0, 404.0]",1,приобрела позавчера честно не нарадуюсь из рук не хотелось выпускать ни в магазине и дома не хочется опыт пользования есть с различными моделями предыдущий htc one по сравнению с xperia l необычайный тугодум и тормоз а еще раньше был люмиа неплохой аппарат но немного скучноват сони конечно радуют в последнее время своими девайсами еще пару лет назад я лично на них даже и не смотрела
POSITIVE,все говорят плохой телефн не слушайте их телефон очень хороший хожу с ним  уже почти два года глюков не замечал стоит двухядерный процессор очень радует все игры идут нормально только старье иногда вылетает andeoid 4.0 лутше не обновлять я обновил и пошли глюки и темболее 2 как-то роднее. Телефон очень крепкий по сравнению с самсунгом гел с3 мини можно сказать титановый с гелекси мини 2 недели непроходил крышку поцарапал под дождь попал экран глючит и разбил.......,469,76,3,0,0,1,0.0021321961620469083,156.33333333333334,0,0,"(452.0, 500.0]",1,все говорят плохой телефн не слушайте их телефон очень хороший хожу с ним уже почти два года глюков не замечал стоит двухядерный процессор очень радует все игры идут нормально только старье иногда вылетает andeoid лутше не обновлять я обновил и пошли глюки и темболее как то роднее телефон очень крепкий по сравнению с самсунгом гел с мини можно сказать титановый с гелекси мини недели непроходил крышку поцарапал под дождь попал экран глючит и разбил
NEUTRAL,"Покупкой пока доволен, работает пол года без нареканий, один раз глючил приём GPC, но перезагрузка помогла и больше этого не повторялось( хотя пользуюсь навигацией постоянно - пробки видеть заранее нужно) ПС вышел J7 2017 около 20 к рублей и  так  1 экран выше разрешением - мне не надо( пикселей незаметно) 2 батарея побольше ( разрешение  экрана сожрет небольшую прибавку) 3 памяти оперативной больше ( мне и 2 х хватает - правда пока) 4 сканер отпечатков появился - вот это нужный бонус 5 Селфи.",498,83,1,0,0,8,0.01606425702811245,498.0,0,0,"(452.0, 500.0]",0,покупкой пока доволен работает пол года без нареканий один раз глючил приём gpc но перезагрузка помогла и больше этого не повторялось хотя пользуюсь навигацией постоянно пробки видеть заранее нужно пс вышел j около к рублей и так экран выше разрешением мне не надо пикселей незаметно батарея побольше разрешение экрана сожрет небольшую прибавку памяти оперативной больше мне и х хватает правда пока сканер отпечатков появился вот это нужный бонус селфи
NEGATIVE,Модель не очень. Версия андроид на котором он работает не особа привычна пользователям самсунг.,95,14,2,0,0,2,0.021052631578947368,47.5,0,0,"(68.0, 116.0]",-1,модель не очень версия андроид на котором он работает не особа привычна пользователям самсунг
POSITIVE,"Отличный бюджетник с приличными характеристиками. Не вижу смысла покупать телефон в 3 раза дороже только ради большого экрана и понтов! Спарк справляется со всеми нуждами: есть хорошая камера, можно посидеть в интернете, поиграть в игры без тормозов итд. Хожу с ним 3 неделю и пока все тип-топ.",294,47,4,1,0,4,0.013605442176870748,73.5,0,0,"(260.0, 308.0]",1,отличный бюджетник с приличными характеристиками не вижу смысла покупать телефон в раза дороже только ради большого экрана и понтов спарк справляется со всеми нуждами есть хорошая камера можно посидеть в интернете поиграть в игры без тормозов итд хожу с ним неделю и пока все тип топ
NEUTRAL,"вообще телефончик нравится, цена вполне оправдана.",50,6,1,0,0,0,0.0,50.0,0,0,"(19.52, 68.0]",0,вообще телефончик нравится цена вполне оправдана
NEGATIVE,"продал, открестился, завтра пойду квартиру святить. к эппл больше не вернусь. хлам.",83,12,3,0,0,0,0.0,27.666666666666668,0,0,"(68.0, 116.0]",-1,продал открестился завтра пойду квартиру святить к эппл больше не вернусь хлам
NEUTRAL,Задумал поменять свой Lumia 520 на другой аппарат. Пришел в магазин и огорчился. 530 - это не 520 и не 525. Она дешевле и хуже. Хуже экран.Видно все эти немногочисленные пиксели. Кнопки только на экране и не как больше. Камера 5мп и БЕЗ авто фокуса. Снимает ужасно. Работает быстро и с двумя симками. Если надумали купить. Пройдите не поленитесь в ближайший магазин и пощупайте!,378,64,12,1,0,15,0.03968253968253968,31.5,0,0,"(356.0, 404.0]",0,задумал поменять свой lumia на другой аппарат пришел в магазин и огорчился это не и не она дешевле и хуже хуже экран видно все эти немногочисленные пиксели кнопки только на экране и не как больше камера мп и без авто фокуса снимает ужасно работает быстро и с двумя симками если надумали купить пройдите не поленитесь в ближайший магазин и пощупайте
NEUTRAL,"Все перечисленные косяки для меня были не существенны, но было 2 раза, когда телефон просто отключался и включать его удавалось только после вытаскивания аккумулятора и соответственно на 3-й раз ему еже ничего не помогло :) С момента покупки прошло 4 недели. Теперь я хожу со своим старым Nokia5800 купленным в сентябре 2009г. Вообще косяков в данной можели встречается много, то камера, то экран отходит сверху, то прошивка кривая..... Вот еслиб качество сборки бы подтянул произодитель....",491,75,4,0,0,6,0.012219959266802444,122.75,0,0,"(452.0, 500.0]",0,все перечисленные косяки для меня были не существенны но было раза когда телефон просто отключался и включать его удавалось только после вытаскивания аккумулятора и соответственно на й раз ему еже ничего не помогло с момента покупки прошло недели теперь я хожу со своим старым nokia купленным в сентябре г вообще косяков в данной можели встречается много то камера то экран отходит сверху то прошивка кривая вот еслиб качество сборки бы подтянул произодитель
NEUTRAL,"Телефон на твёрдую 4. Если вам нужен именно ТЕЛЕФОН, то смело берите. При аккуратном использовании живёт довольно долго. Удобно лежит в руке, но если выскользнет - трещины на экране неизбежны. Под экран часто забивается пыль, поэтому иногда нужно чистить. За все время использования (1,5 года) сеть ни разу не терял. Камера вообще никакая, но это ведь телефон, а не зеркалка. Теперь об Андроиде. У меня стоял 2.2. Приложения устанавливались без проблем что из маркета, что сторонние, НО!",487,77,11,1,0,20,0.04106776180698152,44.27272727272727,0,0,"(452.0, 500.0]",0,телефон на твёрдую если вам нужен именно телефон то смело берите при аккуратном использовании живёт довольно долго удобно лежит в руке но если выскользнет трещины на экране неизбежны под экран часто забивается пыль поэтому иногда нужно чистить за все время использования года сеть ни разу не терял камера вообще никакая но это ведь телефон а не зеркалка теперь об андроиде у меня стоял приложения устанавливались без проблем что из маркета что сторонние но
NEGATIVE,"В общем разочарована. По началу вроде нравилось, но эффекта ВАУ не было даже с самого начала. Вроде и размеры казались приемлемыми. Брала, т.к. думала, что будет достаточно удобно для работы и навигации в интернет. Да, удобнее конечно, чем в более мелких телефонах, но все равно до удобства планшета далеко и нет смысла жертвовать ради этого удобством пользоваться телефоном, скажем, одной рукой или прочими преимуществами более мелких телефонов.",446,67,7,0,0,8,0.017937219730941704,63.714285714285715,0,0,"(404.0, 452.0]",-1,в общем разочарована по началу вроде нравилось но эффекта вау не было даже с самого начала вроде и размеры казались приемлемыми брала т к думала что будет достаточно удобно для работы и навигации в интернет да удобнее конечно чем в более мелких телефонах но все равно до удобства планшета далеко и нет смысла жертвовать ради этого удобством пользоваться телефоном скажем одной рукой или прочими преимуществами более мелких телефонов
NEUTRAL,"Всё, умер мой некогда любимый телефон. Служил верой и правдой где-то 4-4,5 года. Бывали с ним и прежде иногда глюки (потеря связи, самоотключение, неработа блютуса...) Но в последнее время стало просто невозможно: связь теряет, постоянно выключается, максимум пол минуты разговора и кирдык. Так что пора ему на заслуженный отдых! :) Уже, конечно, куплен новый телефон, но ностальгия осталась, все-таки очень любимая была модель 6700.",433,64,6,1,0,6,0.013856812933025405,72.16666666666667,0,0,"(404.0, 452.0]",0,всё умер мой некогда любимый телефон служил верой и правдой где то года бывали с ним и прежде иногда глюки потеря связи самоотключение неработа блютуса но в последнее время стало просто невозможно связь теряет постоянно выключается максимум пол минуты разговора и кирдык так что пора ему на заслуженный отдых уже конечно куплен новый телефон но ностальгия осталась все таки очень любимая была модель
POSITIVE,"Когда он попал ко мне в руки, я был удивлён)Он меньше моего 920, удобно лежал в руке, и корпус из приятного на ощупь материала)батареи хватает на сутки, если  много фотографировать, а так, хватает и на двое суток)Влюбился в эту модель)",235,40,0,0,0,3,0.01276595744680851,235.0,0,0,"(212.0, 260.0]",1,когда он попал ко мне в руки я был удивлён он меньше моего удобно лежал в руке и корпус из приятного на ощупь материала батареи хватает на сутки если много фотографировать а так хватает и на двое суток влюбился в эту модель
NEUTRAL,"как итог. я могу сказать, что телефоном я доволен! да, в плане техническом и стабильности работы ОС - аппарат звезд с неба не хватает.. но в целом с смс и телефонными звонками справляется хорошо, за исключением пары досадных моментов с пропаданием связи, о которых я указал в недостатках. Батарею и камеру я не могу отнести ни к достоинствам, ни к недостаткам. так как они не обладают ярковыраженнымм характерами. батарея как батарея, при умеренном использовании хватает на световой день.",488,78,7,1,0,3,0.006147540983606557,69.71428571428571,0,0,"(452.0, 500.0]",0,как итог я могу сказать что телефоном я доволен да в плане техническом и стабильности работы ос аппарат звезд с неба не хватает но в целом с смс и телефонными звонками справляется хорошо за исключением пары досадных моментов с пропаданием связи о которых я указал в недостатках батарею и камеру я не могу отнести ни к достоинствам ни к недостаткам так как они не обладают ярковыраженнымм характерами батарея как батарея при умеренном использовании хватает на световой день
POSITIVE,"Мощный, классный, большой.",26,3,1,0,0,1,0.038461538461538464,26.0,0,0,"(19.52, 68.0]",1,мощный классный большой
POSITIVE,"Разрешения экрана, это конечно минус, но только когда по интернету лазишь и страничку не хочешь увеличивать. В остальном особо никаких претензий к нему нет, все очень красочно ярко и красиво. Для того, что бы поставить свои мелодии на будильник и смс надо на карте памяти самому создавать какие-то папки и кидать туда нужные треки, на звонок и на контакт выбираешь мелодию из меню музыкального проигрывателя. Очень часто подключается к инету по HSDPA - странички открываются достаточно быстро.",493,77,4,0,0,9,0.018255578093306288,123.25,0,0,"(452.0, 500.0]",1,разрешения экрана это конечно минус но только когда по интернету лазишь и страничку не хочешь увеличивать в остальном особо никаких претензий к нему нет все очень красочно ярко и красиво для того что бы поставить свои мелодии на будильник и смс надо на карте памяти самому создавать какие то папки и кидать туда нужные треки на звонок и на контакт выбираешь мелодию из меню музыкального проигрывателя очень часто подключается к инету по hsdpa странички открываются достаточно быстро
NEUTRAL,телефон клас советую всем,25,4,0,0,0,0,0.0,25.0,0,0,"(19.52, 68.0]",0,телефон клас советую всем
POSITIVE,"раньше брал исключительно только HTC очень качественные аппараты но потом разочаровался переплата за брэнд и слабые начинки среди бюджетных, а LENOVO  стоит своих денег 100% мой вам совет берите не пожалеете все летает все классно",230,35,0,0,0,9,0.0391304347826087,230.0,0,0,"(212.0, 260.0]",1,раньше брал исключительно только htc очень качественные аппараты но потом разочаровался переплата за брэнд и слабые начинки среди бюджетных а lenovo стоит своих денег мой вам совет берите не пожалеете все летает все классно
NEUTRAL,"Прожил у меня 4 с лишним года, покупала как новинку в 2008 году. Жил бы и дальше ,как второй телефон последние 2 года, если бы не решил отправиться в плавание и тем самым пришел в негодность,но лишь динамик.Всё остальное работате до сих пор и не глючит.",253,46,3,0,0,3,0.011857707509881422,84.33333333333333,0,0,"(212.0, 260.0]",0,прожил у меня с лишним года покупала как новинку в году жил бы и дальше как второй телефон последние года если бы не решил отправиться в плавание и тем самым пришел в негодность но лишь динамик всё остальное работате до сих пор и не глючит
NEGATIVE,"После первых месяцев телефон радовал и я его даже родственнику посоветовал купить, сейчас пошли глюки которые не проходят. Обидно, что он перестал выполнять полноценно самое главное преднозначение - оставаться всегда на связе.",226,32,2,0,0,2,0.008849557522123894,113.0,0,0,"(212.0, 260.0]",-1,после первых месяцев телефон радовал и я его даже родственнику посоветовал купить сейчас пошли глюки которые не проходят обидно что он перестал выполнять полноценно самое главное преднозначение оставаться всегда на связе
POSITIVE,"Общее впечатление, положительное. Телефон хорош!",48,5,2,1,0,2,0.041666666666666664,24.0,0,0,"(19.52, 68.0]",1,общее впечатление положительное телефон хорош
NEUTRAL,"были Sony ION, Highscreen Boost II SE, похоже следующий буду рассматривать IPhone как уменьшить частоту процессора самому? куча программ от Асус для сбережения энергии (похоже сами жрут больше)",193,28,1,0,1,13,0.06735751295336788,193.0,0,0,"(164.0, 212.0]",0,были sony ion highscreen boost ii se похоже следующий буду рассматривать iphone как уменьшить частоту процессора самому куча программ от асус для сбережения энергии похоже сами жрут больше
NEUTRAL,"Пользуюсь им больше полугода, читаю книги, музыку слушаю, фильмы смотрю он-лайн, в инете сижу. Но есть множество ""НО""))). Я бы еще поняла, если бы он стоил 6-8 т. р. Лучше за такие деньги взять Яблоко 3. По крайней мере, я планирую менять на Яблоко.",249,44,6,0,0,9,0.03614457831325301,41.5,0,0,"(212.0, 260.0]",0,пользуюсь им больше полугода читаю книги музыку слушаю фильмы смотрю он лайн в инете сижу но есть множество но я бы еще поняла если бы он стоил т р лучше за такие деньги взять яблоко по крайней мере я планирую менять на яблоко
POSITIVE,"У меня этот тел удачно прослужил более полутора лет с незначительными лагами вроде относительно долгого (5-10 сек) открытия приложений и не всегда хорошей связи, бывают обрывы. Проблем с кнопкой вкл/выкл нету, а уж на аккум нарадоваться не могу, 2-3 дня при постоянном wi-fi, долгих разговорах по работе и чтении книг. В плюсы еще добавлю 25 ГБ на Dropbox, который активно использую. До последнего времени устраивал всем, но сейчас хочется диагональ побольше, поэтому меняю на 5,5'.",482,75,4,0,0,7,0.014522821576763486,120.5,0,0,"(452.0, 500.0]",1,у меня этот тел удачно прослужил более полутора лет с незначительными лагами вроде относительно долгого сек открытия приложений и не всегда хорошей связи бывают обрывы проблем с кнопкой вкл выкл нету а уж на аккум нарадоваться не могу дня при постоянном wi fi долгих разговорах по работе и чтении книг в плюсы еще добавлю гб на dropbox который активно использую до последнего времени устраивал всем но сейчас хочется диагональ побольше поэтому меняю на
NEUTRAL,"Хорошая звонилка, но лучше взять moto c plus",44,8,0,0,0,1,0.022727272727272728,44.0,0,0,"(19.52, 68.0]",0,хорошая звонилка но лучше взять moto c plus
NEGATIVE,я думаю что не надо покупать этот телефон..жду дня рождения что бы купить новый.слава богу что осталось ждать 14 дней)))),121,20,2,0,0,0,0.0,60.5,0,0,"(116.0, 164.0]",-1,я думаю что не надо покупать этот телефон жду дня рождения что бы купить новый слава богу что осталось ждать дней
NEGATIVE,"К сожалению выбирал на яндекс маркете, увидел высокую общую оценку, но не прочитал комментарии. К покупке для пожилого человека категорически не рекомендую. Для остальных,кто разберется в меню, соотетственно тоже абсолютно бессмысленная покупка.",245,32,3,0,0,3,0.012244897959183673,81.66666666666667,0,0,"(212.0, 260.0]",-1,к сожалению выбирал на яндекс маркете увидел высокую общую оценку но не прочитал комментарии к покупке для пожилого человека категорически не рекомендую для остальных кто разберется в меню соотетственно тоже абсолютно бессмысленная покупка
NEUTRAL,"Куплен бабушке и служил больше года, пока не стал глючить. На замену приобретен бабушкофон Texet - там и кнопки побольше.",121,20,2,0,0,3,0.024793388429752067,60.5,0,0,"(116.0, 164.0]",0,куплен бабушке и служил больше года пока не стал глючить на замену приобретен бабушкофон texet там и кнопки побольше
POSITIVE,Великолепный телефончик.С хорошей производительностью и отличными мультимедийными возможностями.,96,8,2,0,0,2,0.020833333333333332,48.0,0,0,"(68.0, 116.0]",1,великолепный телефончик с хорошей производительностью и отличными мультимедийными возможностями
POSITIVE,Месяц использования - до сих пор лучшее мое приобретеение. Спасибо LG.,70,11,2,0,0,4,0.05714285714285714,35.0,0,0,"(68.0, 116.0]",1,месяц использования до сих пор лучшее мое приобретеение спасибо lg
NEUTRAL,"Телефон падал ,,миллион,, раз (в том числе и на асфальт), работает. По поводу батареи пишут, что не хватает на день - решается все просто: в режиме разработчика отключаются всякие сглаживания, анимации переходов и т.д., плюс ко всему можно отключить неиспользуемые программы и т.д. (это, как увеличивает время работы, так и разгружает оперативную память). О покупке не жалею !!!",378,58,7,3,0,3,0.007936507936507936,54.0,0,0,"(356.0, 404.0]",0,телефон падал миллион раз в том числе и на асфальт работает по поводу батареи пишут что не хватает на день решается все просто в режиме разработчика отключаются всякие сглаживания анимации переходов и т д плюс ко всему можно отключить неиспользуемые программы и т д это как увеличивает время работы так и разгружает оперативную память о покупке не жалею
NEGATIVE,"Купил жене в ноябре 2015, через 2 дня уехал в гарантию с неработающим экраном. В итоге поменяли на новый, через 13 месяцев всплыл аналогичный дефект. уехал в СЦ на ремонт. Крайне не удачная модель.",197,34,4,0,0,5,0.025380710659898477,49.25,0,0,"(164.0, 212.0]",-1,купил жене в ноябре через дня уехал в гарантию с неработающим экраном в итоге поменяли на новый через месяцев всплыл аналогичный дефект уехал в сц на ремонт крайне не удачная модель
NEGATIVE,"тел сломался ровно через год после покупки, а именно слёг сенсор, тел. живёт своей жизнью, правая часть экрана не откликается на нажатие, динамик хрипит как при ангине. Это был мой первый смарт на андроиде, он же последний . Не советую ASUS приобретать, хлам редкостный",269,44,3,0,0,6,0.022304832713754646,89.66666666666667,0,0,"(260.0, 308.0]",-1,тел сломался ровно через год после покупки а именно слёг сенсор тел живёт своей жизнью правая часть экрана не откликается на нажатие динамик хрипит как при ангине это был мой первый смарт на андроиде он же последний не советую asus приобретать хлам редкостный
NEUTRAL,"Раньше предпочтение отдавала раскладушкам, сейчас и слайдером довольна) Не жалею, что купила именно этот телефон. Цена приличная. функции тоже. от цвета вообще в восторге(фиолетовый. мой любимый)) так что всё в порядке) Советую.)",229,32,5,0,0,4,0.017467248908296942,45.8,0,0,"(212.0, 260.0]",0,раньше предпочтение отдавала раскладушкам сейчас и слайдером довольна не жалею что купила именно этот телефон цена приличная функции тоже от цвета вообще в восторге фиолетовый мой любимый так что всё в порядке советую
POSITIVE,Пока очень радует. Первый Самсунг и никакого дискомфорта. Советую.,66,9,3,0,0,4,0.06060606060606061,22.0,0,0,"(19.52, 68.0]",1,пока очень радует первый самсунг и никакого дискомфорта советую
NEUTRAL,"Я разочарован. Заплатить 37 000 руб. за Айфон СЕ и ловить с протянутой рукой сигнал оператора, слушать дребезжащий звук из высоких частот из единственного динамика, испытывать неудобства при чтении статей на веб страницах, не имея возможности увеличить шрифт и подогнать текст под размер монитора? Это слишком! Четыре года я пользовался Блекберри Z30, купленным за 19 000 руб., и никак не ожидал, что Блекберри по основным функциям сохранить свое превосходство над яблочным продуктом 2016 года.",494,74,6,1,1,10,0.020242914979757085,82.33333333333333,0,0,"(452.0, 500.0]",0,я разочарован заплатить руб за айфон се и ловить с протянутой рукой сигнал оператора слушать дребезжащий звук из высоких частот из единственного динамика испытывать неудобства при чтении статей на веб страницах не имея возможности увеличить шрифт и подогнать текст под размер монитора это слишком четыре года я пользовался блекберри z купленным за руб и никак не ожидал что блекберри по основным функциям сохранить свое превосходство над яблочным продуктом года
POSITIVE,берите и не пожалеете!,22,4,1,1,0,0,0.0,22.0,0,0,"(19.52, 68.0]",1,берите и не пожалеете
NEUTRAL,"долговечность батарейки компенсирует все недостатки (недели на 3-4 хватает). взял просто для звонков по 2 симкам. через полтора года эксплуатации отказали кнопки 3,6,9,# - разобрал, зацвела плата (сказали, что это их болезнь). жалко, он практически новый)), придется покупать что то новое, смотрю опять на филипки, уж больно аккумуляторы добротные",347,49,3,0,0,0,0.0,115.66666666666667,0,0,"(308.0, 356.0]",0,долговечность батарейки компенсирует все недостатки недели на хватает взял просто для звонков по симкам через полтора года эксплуатации отказали кнопки разобрал зацвела плата сказали что это их болезнь жалко он практически новый придется покупать что то новое смотрю опять на филипки уж больно аккумуляторы добротные
POSITIVE,"Пересел с Galaxy S i9000, прогресс налицо :). Конечно, можно найти телефоны с подобными функциями (или примерно) и подешевле, но как-то самсунг мне кажется постабильнее. Функция камеры с выбором лучшего снимка из 8 порадовала. Вместе с телефоном пользую Gear Fit, очень удобно, оценил. Вообщем о покупке ни разу не пожалел. Кстати, заметил, что при просмотре фильмов батарея садится гораздо меньше, чем при работе в интернет.",425,65,6,0,0,10,0.023529411764705882,70.83333333333333,0,0,"(404.0, 452.0]",1,пересел с galaxy s i прогресс налицо конечно можно найти телефоны с подобными функциями или примерно и подешевле но как то самсунг мне кажется постабильнее функция камеры с выбором лучшего снимка из порадовала вместе с телефоном пользую gear fit очень удобно оценил вообщем о покупке ни разу не пожалел кстати заметил что при просмотре фильмов батарея садится гораздо меньше чем при работе в интернет
NEUTRAL,"Долго выбирал телефон, так как мой Moto x (2013) уже начал потихоньку биться в агонии. Причем не было цели именно Motorolla (который теперь Lenovo), так совпало. Выбирал больше по внешнему виду и наличию набора необходимых функций. В бюджете тоже не был стеснен, но и переплачивать не было желания. Например Google Pixel очень понравился, но цена показалась очень завышенной.",375,58,5,0,0,10,0.02666666666666667,75.0,0,0,"(356.0, 404.0]",0,долго выбирал телефон так как мой moto x уже начал потихоньку биться в агонии причем не было цели именно motorolla который теперь lenovo так совпало выбирал больше по внешнему виду и наличию набора необходимых функций в бюджете тоже не был стеснен но и переплачивать не было желания например google pixel очень понравился но цена показалась очень завышенной
POSITIVE,"купил 1.06.2012 и досих пор нариканий нет , всё  отлично.ХОТЬ и говорят что NOKIA  сдала позиции ,этому я не верю. Рекомендую..",127,21,5,0,0,10,0.07874015748031496,25.4,0,0,"(116.0, 164.0]",1,купил и досих пор нариканий нет всё отлично хоть и говорят что nokia сдала позиции этому я не верю рекомендую
POSITIVE,"Телефон отличный, и отличный от других;) Еще не видела таких. Цена абсолютно адекватная. Гарантия год.В общем брать и брать!",124,19,4,1,0,5,0.04032258064516129,31.0,0,0,"(116.0, 164.0]",1,телефон отличный и отличный от других еще не видела таких цена абсолютно адекватная гарантия год в общем брать и брать
POSITIVE,Как кнопочный телефон очень доволен,35,5,0,0,0,1,0.02857142857142857,35.0,0,0,"(19.52, 68.0]",1,как кнопочный телефон очень доволен
NEUTRAL,"Живет уже без месяца 2 года, работает пока стабильно, заменена лишь убитая вышеописанной ситуацией батарея. В качестве простой звонилки с вайфаем и плеером вполне годится.",171,25,2,0,0,2,0.011695906432748537,85.5,0,0,"(164.0, 212.0]",0,живет уже без месяца года работает пока стабильно заменена лишь убитая вышеописанной ситуацией батарея в качестве простой звонилки с вайфаем и плеером вполне годится
NEUTRAL,"Пользовалась около двух лет, потом его случайно утопила. За всю свою недолгую жизнь он падал несколько раз. С 9 этажа, из машины на полном ходу, и с руки выскользнул. Разбился он конечно когда выпал из руки :) Очень нравится что он ловил wi-fi везде, залезть в глушь леса, сети не найдет - за то wi-fi 100% словит. Сеть, проблема с сетью началась изначально. Метро, цокольные этажи, лифт - сети нет. Хоть ты убейся, лазила по форумам, у многих такое, перевешивается.",466,80,7,0,0,8,0.017167381974248927,66.57142857142857,0,0,"(452.0, 500.0]",0,пользовалась около двух лет потом его случайно утопила за всю свою недолгую жизнь он падал несколько раз с этажа из машины на полном ходу и с руки выскользнул разбился он конечно когда выпал из руки очень нравится что он ловил wi fi везде залезть в глушь леса сети не найдет за то wi fi словит сеть проблема с сетью началась изначально метро цокольные этажи лифт сети нет хоть ты убейся лазила по форумам у многих такое перевешивается
NEGATIVE,"Похоже, что с динамиком это не единичный случай, через 2 месяца использования, у меня тоже сломался динамик, ни каких звуков не издает вообще((( Придеться везти его ремонтировать по горантии, обычно после гарантийного ремонта все проблемы, а то и еще больше начинаю повторяться((( Наверное эта модель не лучший выбор для покупки!",329,50,1,1,0,3,0.00911854103343465,329.0,0,0,"(308.0, 356.0]",-1,похоже что с динамиком это не единичный случай через месяца использования у меня тоже сломался динамик ни каких звуков не издает вообще придеться везти его ремонтировать по горантии обычно после гарантийного ремонта все проблемы а то и еще больше начинаю повторяться наверное эта модель не лучший выбор для покупки
NEGATIVE,"Не было возможность подольше насладиться покупкой. Телефон через 4...10 вызовов перестает включать экран после вызова ни на какие кнопки не реагирует. Помогает перезагрузка кнопкой reset под защитной «заглушкой» для СИМ карты и доп. памяти. Вот уже неделю жду из ремонта. В магазине поменять отказались, сказали нужна экспертиза…. Советую всем проверять делая 3…10 вызовов хотя бы 5 – 7 секунд с ответом. Проверяйте, проверяйте....",431,63,9,0,0,10,0.02320185614849188,47.888888888888886,0,0,"(404.0, 452.0]",-1,не было возможность подольше насладиться покупкой телефон через вызовов перестает включать экран после вызова ни на какие кнопки не реагирует помогает перезагрузка кнопкой reset под защитной заглушкой для сим карты и доп памяти вот уже неделю жду из ремонта в магазине поменять отказались сказали нужна экспертиза советую всем проверять делая вызовов хотя бы секунд с ответом проверяйте проверяйте
NEGATIVE,"Все супер в этом смарте, кроме:1. Датчик приближения. При поднесении к уху он не всегда срабатывает, из-за этого экран часто остается включенным при разговоре и возникают ""паразитные"" нажатия на на него (экран) щекой. Отсюда и сбросы звонков и левые нажатия на элементы интерфейса. Заметил, что датчик работает в связке с акселерометром (зачем???). При вертикальном расположении телефона - датчик приближения фактически 100%-но распознает поднесение к уху.",456,65,7,0,3,6,0.013157894736842105,65.14285714285714,0,0,"(452.0, 500.0]",-1,все супер в этом смарте кроме датчик приближения при поднесении к уху он не всегда срабатывает из за этого экран часто остается включенным при разговоре и возникают паразитные нажатия на на него экран щекой отсюда и сбросы звонков и левые нажатия на элементы интерфейса заметил что датчик работает в связке с акселерометром зачем при вертикальном расположении телефона датчик приближения фактически но распознает поднесение к уху
NEGATIVE,Не советую этот телефон. Не оправдывает потраченные деньги.,59,8,2,0,0,2,0.03389830508474576,29.5,0,0,"(19.52, 68.0]",-1,не советую этот телефон не оправдывает потраченные деньги
POSITIVE,"Телефон отличный, очень довольна! Мой папа купил себе такой телефон, мне он тоже понравился, купила такой же)Отслужил мне верой и правдой 4 года! У папы начал отключаться без причины, где-то на 3-ем году. У меня потрескались кнопки джойстика и плохо держится крышка. Неделю назад перестал работать экран. Сам телефон работает: мне звонят, я тоже звоню(наугад, за 4 года привыкла к телефону), слушаю музыку, а экран черный. Если бы не экран еще бы с ним ходила, но увы...",470,77,7,2,0,8,0.01702127659574468,67.14285714285714,0,0,"(452.0, 500.0]",1,телефон отличный очень довольна мой папа купил себе такой телефон мне он тоже понравился купила такой же отслужил мне верой и правдой года у папы начал отключаться без причины где то на ем году у меня потрескались кнопки джойстика и плохо держится крышка неделю назад перестал работать экран сам телефон работает мне звонят я тоже звоню наугад за года привыкла к телефону слушаю музыку а экран черный если бы не экран еще бы с ним ходила но увы
POSITIVE,"В целом смарт очень достойный. Ни разу не пожалел, что купил. Правда сейчас уже наверное стал бы присматриваться к более современным моделям. Но у более современных моделей наряду с плюсами есть и минусы – они часто выпускаются сыроватые, и потом уже допиливаются производителями. Часто еще указывают следующие недостатки смарта : нехватка оперативки, материалы корпуса (облезание клавиш, скрипы), плохие наушники в комплекте. Что касается материалов корпуса – все лечится хорошим чехлом-книжкой.",496,70,6,0,0,6,0.012096774193548387,82.66666666666667,0,0,"(452.0, 500.0]",1,в целом смарт очень достойный ни разу не пожалел что купил правда сейчас уже наверное стал бы присматриваться к более современным моделям но у более современных моделей наряду с плюсами есть и минусы они часто выпускаются сыроватые и потом уже допиливаются производителями часто еще указывают следующие недостатки смарта нехватка оперативки материалы корпуса облезание клавиш скрипы плохие наушники в комплекте что касается материалов корпуса все лечится хорошим чехлом книжкой
NEUTRAL,в целом аппаратом доволен уже несколько лет. покупал с начала продаж,68,11,1,0,0,0,0.0,68.0,0,0,"(19.52, 68.0]",0,в целом аппаратом доволен уже несколько лет покупал с начала продаж
POSITIVE,"Купила три месяца назад, пока довольна, нормально телефон работает, не зависает. Батареи хватает на день активного пользования. Когда выбирала, сразу привлек внешний вид, стильно так выглядит, с симпатичным значком на панельки задней. Экран яркий, ips, углы обзора хорошие, не бликует, глаза не устают, даже когда полдня в соцсетях ""провисишь"". Интернет здесь шустрый, поддержка lte. Родной памяти 8 ГБ, я добавила флешкой на 32 ГБ, тянет нормально. Камеры обе по 8 мп, фотки классные получаются.",496,74,7,0,0,11,0.02217741935483871,70.85714285714286,0,0,"(452.0, 500.0]",1,купила три месяца назад пока довольна нормально телефон работает не зависает батареи хватает на день активного пользования когда выбирала сразу привлек внешний вид стильно так выглядит с симпатичным значком на панельки задней экран яркий ips углы обзора хорошие не бликует глаза не устают даже когда полдня в соцсетях провисишь интернет здесь шустрый поддержка lte родной памяти гб я добавила флешкой на гб тянет нормально камеры обе по мп фотки классные получаются
NEGATIVE,"Этот смартфон использую больше года. Аппаратом был доволен буквально первый месяц. Потом он начал жить своей жизнью.. Радует только то что будьльник всегда срабатывает четко! даже если он начал перезагружатся сам. Не порадовала компания НОКИА этой моделькой, очень много недоработок... хотя телефон покупал не самой первой партии.",330,47,7,1,0,10,0.030303030303030304,47.142857142857146,0,0,"(308.0, 356.0]",-1,этот смартфон использую больше года аппаратом был доволен буквально первый месяц потом он начал жить своей жизнью радует только то что будьльник всегда срабатывает четко даже если он начал перезагружатся сам не порадовала компания нокиа этой моделькой очень много недоработок хотя телефон покупал не самой первой партии
NEGATIVE,"Очень много лет отдавала предпочтение Nokia. Первый раз столкнулась с таким ужасом. В магазине отказались менять т.к. при них телефон ни разу не завис. Зависнуть может на 2-3 часа. Ни какие обновления, ни какие сбросы и перезагрузки не помогают. Придется тратить время и нести его в сервисный центр. Сильно разочарована.",320,50,9,0,0,8,0.025,35.55555555555556,0,0,"(308.0, 356.0]",-1,очень много лет отдавала предпочтение nokia первый раз столкнулась с таким ужасом в магазине отказались менять т к при них телефон ни разу не завис зависнуть может на часа ни какие обновления ни какие сбросы и перезагрузки не помогают придется тратить время и нести его в сервисный центр сильно разочарована
POSITIVE,Телефон отличный. Живучий и удобный. Расставаться не хочется!!!!,64,8,3,4,0,3,0.046875,21.333333333333332,0,0,"(19.52, 68.0]",1,телефон отличный живучий и удобный расставаться не хочется
NEGATIVE,"Несмотря на то, что телефон предназначен для людей пожилого возраста, у него очень тихий звук входящих вызовов. Даже молодой человек вынужден прислушиваться, чтобы услышать звонок, а для пожилого это будет просто лотерея. Мелодий всего шесть и абсолютно не внятные.  Покупкой разочарована.",289,41,4,0,0,4,0.01384083044982699,72.25,0,0,"(260.0, 308.0]",-1,несмотря на то что телефон предназначен для людей пожилого возраста у него очень тихий звук входящих вызовов даже молодой человек вынужден прислушиваться чтобы услышать звонок а для пожилого это будет просто лотерея мелодий всего шесть и абсолютно не внятные покупкой разочарована
POSITIVE,"Кратко - за свои 4 тыр это супертелефон для адекватных пользователей. Если надо подробнее - читайте дальше. Для меня мобильник это в первую очередь более-менее компактные размеры (чтобы не мешал в кармане) и во вторую небольшая цена (не жалко потерять/сломать), и тут он вне конкуренции. Да, плохонькая камера без вспышки, но она позволяет делать фотки ""на память"" или сфоткать нужное объявление или распознать QR-код.",418,64,4,0,0,6,0.014354066985645933,104.5,0,0,"(404.0, 452.0]",1,кратко за свои тыр это супертелефон для адекватных пользователей если надо подробнее читайте дальше для меня мобильник это в первую очередь более менее компактные размеры чтобы не мешал в кармане и во вторую небольшая цена не жалко потерять сломать и тут он вне конкуренции да плохонькая камера без вспышки но она позволяет делать фотки на память или сфоткать нужное объявление или распознать qr код
NEGATIVE,"Очень разочаровал!!!! В магазин не вернула, т.к. купила в интернет-магазине (повторно доставку оплачивать не хочется)",117,15,3,4,0,2,0.017094017094017096,39.0,0,0,"(116.0, 164.0]",-1,очень разочаровал в магазин не вернула т к купила в интернет магазине повторно доставку оплачивать не хочется
NEUTRAL,"Приобрела данный телефон 9 месяцев назад. Сразу очень порадовала камера. Получаются отличные снимки как основной, так и фронтальной камерой. Но!!! Аппарат периодически очень тупит. Я его и чищу, и ускоряю, и стараюсь не держать в фоновых вкладках несколько приложений. Но все равно тормозит.",291,43,7,3,0,7,0.024054982817869417,41.57142857142857,0,0,"(260.0, 308.0]",0,приобрела данный телефон месяцев назад сразу очень порадовала камера получаются отличные снимки как основной так и фронтальной камерой но аппарат периодически очень тупит я его и чищу и ускоряю и стараюсь не держать в фоновых вкладках несколько приложений но все равно тормозит
NEGATIVE,"Брал в качестве ""звонилки"" в дополнение к коммуникатору. Оказалось - дрова. Телефон постоянно зависает, СМС набирать невозможно - из-за узких и жестких клавиш. Заметьте, я не говорю о тусклом экране и тихом звонке - от модели данного уровня это вполне ожидаемо. В общем, брать не советую.",288,46,5,0,0,8,0.027777777777777776,57.6,0,0,"(260.0, 308.0]",-1,брал в качестве звонилки в дополнение к коммуникатору оказалось дрова телефон постоянно зависает смс набирать невозможно из за узких и жестких клавиш заметьте я не говорю о тусклом экране и тихом звонке от модели данного уровня это вполне ожидаемо в общем брать не советую
POSITIVE,"Пользуюсь уже 8 месяцев. Впечатления только положительные. За все это время не разу не завис. Очень удачная вся серия. Перечисленные недостатки лично меня не напрягают. Привык к плиткам рабочего стола так, что стандартное оформление android или IOS уже совсем неинтересно. Но для любителей установки разных тем не понравится - их здесь нет. Только несколько цветов плиток, и общий фон - черный или белый.",404,63,8,0,0,11,0.027227722772277228,50.5,0,0,"(356.0, 404.0]",1,пользуюсь уже месяцев впечатления только положительные за все это время не разу не завис очень удачная вся серия перечисленные недостатки лично меня не напрягают привык к плиткам рабочего стола так что стандартное оформление android или ios уже совсем неинтересно но для любителей установки разных тем не понравится их здесь нет только несколько цветов плиток и общий фон черный или белый
NEGATIVE,"Покупал этот телефон сразу после его официального выхода в России. Конечно, тогда цена на него была завышена, но оч мне его хотелось) Год радовался, потом начался АД. В итоге, после полугода мучений, достал свой старенький нокиа 6300 и стал радоваться жизни) Люди, НЕ покупайте HTC!!!",284,45,3,3,0,13,0.045774647887323945,94.66666666666667,0,0,"(260.0, 308.0]",-1,покупал этот телефон сразу после его официального выхода в россии конечно тогда цена на него была завышена но оч мне его хотелось год радовался потом начался ад в итоге после полугода мучений достал свой старенький нокиа и стал радоваться жизни люди не покупайте htc
POSITIVE,Хороший маркетинг сделать недорогой ноут.,41,5,1,0,0,1,0.024390243902439025,41.0,0,0,"(19.52, 68.0]",1,хороший маркетинг сделать недорогой ноут
NEUTRAL,"Смартфон поражает. Самое противоречивое из когда-либо попадавших мне в руки. Смарт 16 года, продаётся даже в 2019 и его берут. Берут даже при наличии более крепких, надежных, производительных смартов за ту же цену. Клянусь, моя мать бы купила именно его, если б я её не отвела! Потому что самсунг. Потому что мой прошлый самсунг работает года 4 уже. Потому что такой же у тёти A, B, C и у их детей. Людей не пугают его недостатки, они за каким-то лядом готовы с ними мирится, жить, и любить смарт.",497,88,9,1,0,12,0.02414486921529175,55.22222222222222,0,0,"(452.0, 500.0]",0,смартфон поражает самое противоречивое из когда либо попадавших мне в руки смарт года продаётся даже в и его берут берут даже при наличии более крепких надежных производительных смартов за ту же цену клянусь моя мать бы купила именно его если б я её не отвела потому что самсунг потому что мой прошлый самсунг работает года уже потому что такой же у тёти a b c и у их детей людей не пугают его недостатки они за каким то лядом готовы с ними мирится жить и любить смарт
NEGATIVE,"Ничего супер хорошего, в этой модели нет. К790 на много превзошёл данную модель по тех. характеристикам и по качеству сборки,Рекомендовать никому не буду!!!Больше на ремонт потратишь!",183,26,4,4,0,4,0.02185792349726776,45.75,0,0,"(164.0, 212.0]",-1,ничего супер хорошего в этой модели нет к на много превзошёл данную модель по тех характеристикам и по качеству сборки рекомендовать никому не буду больше на ремонт потратишь
NEUTRAL,"Выбрал эту модель вместо T280i. В последней есть Bluetooth, терпимая камера (1,3) но телефон не подключается к ПК и не поддерживает карты памяти. Я доплатил 300 руб. в пользу Sony-Ericsson W200i",194,31,3,0,0,10,0.05154639175257732,64.66666666666667,0,0,"(164.0, 212.0]",0,выбрал эту модель вместо t i в последней есть bluetooth терпимая камера но телефон не подключается к пк и не поддерживает карты памяти я доплатил руб в пользу sony ericsson w i
NEUTRAL,"Цена - 9600 рублей! Удобно лежит в руке. Размер нормальный, но все таки для такого размера качество бы HD - но это другая ценовая категория. Был LG P880 4x HD - там экран был меньше, качество HD, 4 ядра - но не нравилось, что 1 сим-карта, что быстро разряжается, да и в игры тяжелые я не играю, для чего мне 4 ядра? Купила этот. Все удобно, 2 сим-карты удобно переключаются, не греется. Понравилась камера и функция остановки записи во время съемки видео.",455,82,7,1,1,16,0.035164835164835165,65.0,0,0,"(452.0, 500.0]",0,цена рублей удобно лежит в руке размер нормальный но все таки для такого размера качество бы hd но это другая ценовая категория был lg p x hd там экран был меньше качество hd ядра но не нравилось что сим карта что быстро разряжается да и в игры тяжелые я не играю для чего мне ядра купила этот все удобно сим карты удобно переключаются не греется понравилась камера и функция остановки записи во время съемки видео
POSITIVE,"Всё же на мой взгляд, если у вас iphone 7, то обновлять своё устройство до данной модели бессмысленно, так как этот вообще неотличим в плане внешности и трудноотличим в плане производительности от предыдущей модели.  Если вы любите делать много фотографий и используете большое количетсво приложений рекомендую взять версию на 256 Gb, т.к. Ios занимает не мало места.",367,57,4,0,0,4,0.010899182561307902,91.75,0,0,"(356.0, 404.0]",1,всё же на мой взгляд если у вас iphone то обновлять своё устройство до данной модели бессмысленно так как этот вообще неотличим в плане внешности и трудноотличим в плане производительности от предыдущей модели если вы любите делать много фотографий и используете большое количетсво приложений рекомендую взять версию на gb т к ios занимает не мало места
NEUTRAL,"Не покупайте Sony Z3-Z5 очень плохое качество сборки. С точки зрения начинки, они все примерно одинаковые за эти деньги.",120,19,2,0,0,5,0.041666666666666664,60.0,0,0,"(116.0, 164.0]",0,не покупайте sony z z очень плохое качество сборки с точки зрения начинки они все примерно одинаковые за эти деньги
NEGATIVE,"Подарили мне этот телефон на НГ. даже и месяца с ним не отходила. Собираюсь нести в ремонт. У меня телефон начал глючить с первого же дня, как только я его взяла в руки. Tuch к сожалению работал минут 5, потом переставал. Приходилось телефон перезагружать, чтобы снова заработал. А через несколько дней уже и перезагрузка не помогала. Потом блютуз-гарнитура у меня тоже когда хотела тогда и работала. А вот вчера экран вообще перестал гаснуть, горел всё время.",460,76,9,0,0,10,0.021739130434782608,51.111111111111114,0,0,"(452.0, 500.0]",-1,подарили мне этот телефон на нг даже и месяца с ним не отходила собираюсь нести в ремонт у меня телефон начал глючить с первого же дня как только я его взяла в руки tuch к сожалению работал минут потом переставал приходилось телефон перезагружать чтобы снова заработал а через несколько дней уже и перезагрузка не помогала потом блютуз гарнитура у меня тоже когда хотела тогда и работала а вот вчера экран вообще перестал гаснуть горел всё время
POSITIVE,пользуюсь почти 2 месяца,24,4,0,0,0,0,0.0,24.0,0,0,"(19.52, 68.0]",1,пользуюсь почти месяца
NEUTRAL,"Хороший телефон для школьников и студентов. Интернет пашет на ура, Быстро открывает приложения, Да и цена относительно мала. Пользуюсь уже более 3-х месяцев, крышка до сих пор не заскрипела(просто вставил 2 симки и не открывал). Хорошо подойдёт тем у кого это первый андроид и первый гуглофон. А вообще моделька не айс оценка ""3+""",330,53,4,0,0,7,0.021212121212121213,82.5,0,0,"(308.0, 356.0]",0,хороший телефон для школьников и студентов интернет пашет на ура быстро открывает приложения да и цена относительно мала пользуюсь уже более х месяцев крышка до сих пор не заскрипела просто вставил симки и не открывал хорошо подойдёт тем у кого это первый андроид и первый гуглофон а вообще моделька не айс оценка
NEGATIVE,"Пользуюсь уже 2.5 года,поначалу был доволен,сейчас немного пожалел,что купил его по таклй цене(6.990)",101,13,2,0,0,1,0.009900990099009901,50.5,0,0,"(68.0, 116.0]",-1,пользуюсь уже года поначалу был доволен сейчас немного пожалел что купил его по таклй цене
POSITIVE,"Добротный рабочий тел, нужные мне задачи выполняет. Год прослужил и еще прослужит.",82,12,2,0,0,2,0.024390243902439025,41.0,0,0,"(68.0, 116.0]",1,добротный рабочий тел нужные мне задачи выполняет год прослужил и еще прослужит
NEUTRAL,"Ну а теперь лично мой опыт: Аськи идут почти все. Интернет кушает ого-го! Вылеты и глюки начались месяцев через 7 после покупки: сам выключается/перезагружается,с экрана пропадает картинка(лечится изъятием батареи),самопроизвольное закрытие приложений. В итоге:телефон на твердую 3+,поставил бы 4,если бы не огромная цена непонятно за что.",339,45,4,1,0,5,0.014749262536873156,84.75,0,0,"(308.0, 356.0]",0,ну а теперь лично мой опыт аськи идут почти все интернет кушает ого го вылеты и глюки начались месяцев через после покупки сам выключается перезагружается с экрана пропадает картинка лечится изъятием батареи самопроизвольное закрытие приложений в итоге телефон на твердую поставил бы если бы не огромная цена непонятно за что
POSITIVE,"время пользования менее месяца, увы раздавил машиной, хотя звонки проходят. Покупать пойду опять такой же, батарея огонь, при нормальном пользовании 3-4 дня легко, при полной загрузки(программа такси,яндекс навигатор и прочее 70-75% за14-16 часов) кто пользуется знает сколько программы эти жрут.все остальные похвалы на ютубе",326,44,2,0,0,1,0.003067484662576687,163.0,0,0,"(308.0, 356.0]",1,время пользования менее месяца увы раздавил машиной хотя звонки проходят покупать пойду опять такой же батарея огонь при нормальном пользовании дня легко при полной загрузки программа такси яндекс навигатор и прочее за часов кто пользуется знает сколько программы эти жрут все остальные похвалы на ютубе
POSITIVE,"Купила телефон примерно 2 недели назад. Очень довольна, что купила именно этот телефон. Советую всем покупать именно этот телефон.=)))",134,19,3,0,0,3,0.022388059701492536,44.666666666666664,0,0,"(116.0, 164.0]",1,купила телефон примерно недели назад очень довольна что купила именно этот телефон советую всем покупать именно этот телефон
NEGATIVE,"Пользуюсь около полугода, перестал срабатывать правый светодиод, а ранее светодиоды менялись местами, НЕ ПОКУПАЙТЕ ЕГО! Лучше доплатите 2000 тысячи и купите нормальный Nokia.",174,23,2,1,0,17,0.09770114942528736,87.0,0,0,"(164.0, 212.0]",-1,пользуюсь около полугода перестал срабатывать правый светодиод а ранее светодиоды менялись местами не покупайте его лучше доплатите тысячи и купите нормальный nokia
NEUTRAL,"Повторюсь, в одном из отзывов я нелестно отозвался о камере Galaxy a8/a8+ , т.к. Самсунг одумался и уронил цену на а8+ почти в 2 раза, возьмите его, нет пафоса, сдвоенных модулей, но!",183,32,3,1,0,3,0.01639344262295082,61.0,0,0,"(164.0, 212.0]",0,повторюсь в одном из отзывов я нелестно отозвался о камере galaxy a a т к самсунг одумался и уронил цену на а почти в раза возьмите его нет пафоса сдвоенных модулей но
NEGATIVE,"Много лет у меня в семье все телефоны Сони.  Все довольны, никогда не было каких-то вопросов, что ""что-то не нравится"". Но этот телефон подвёл: тачскрин перестал реагировать на касания по краям (ближе к загибу), в результате невозможно печатать на клавиатуре - не нажимаются крайние слева и справа буквы.  Полез читать форумы - оказалось, что  на 4pda у половины (!!) пользователей такая же неисправность. Зашёл на официальный сайт сони мобайл, там форум в 50 страниц крика ""Сони! Что с дисплеем!",496,79,7,4,0,8,0.016129032258064516,70.85714285714286,0,0,"(452.0, 500.0]",-1,много лет у меня в семье все телефоны сони все довольны никогда не было каких то вопросов что что то не нравится но этот телефон подвёл тачскрин перестал реагировать на касания по краям ближе к загибу в результате невозможно печатать на клавиатуре не нажимаются крайние слева и справа буквы полез читать форумы оказалось что на pda у половины пользователей такая же неисправность зашёл на официальный сайт сони мобайл там форум в страниц крика сони что с дисплеем
POSITIVE,"78-й найдись где нибудь на прилавке магазина пусть такая же цена на тебя будет как в 2009 - м все равно тебя возьму ! Выручал меня не раз , за что тебе спасибо !",161,34,2,2,0,1,0.006211180124223602,80.5,0,0,"(116.0, 164.0]",1,й найдись где нибудь на прилавке магазина пусть такая же цена на тебя будет как в м все равно тебя возьму выручал меня не раз за что тебе спасибо
NEUTRAL,"покупал 2 года назад, сначала телефон очень понравился-но в дальнейшем разочаровал постоянными глюками и подвисаниями в самый не подходящий момент, а так же плохими клавишами. Если бы не эти минусы то думаю что не поменял бы его до сих пор, тк в целом аппарат не плохой.",270,46,2,0,0,1,0.003703703703703704,135.0,0,0,"(260.0, 308.0]",0,покупал года назад сначала телефон очень понравился но в дальнейшем разочаровал постоянными глюками и подвисаниями в самый не подходящий момент а так же плохими клавишами если бы не эти минусы то думаю что не поменял бы его до сих пор тк в целом аппарат не плохой
NEUTRAL,"часто возникало желание выбросить, отдать первому прохожему... достал удалил все, отдал ....",92,12,2,0,0,0,0.0,46.0,0,0,"(68.0, 116.0]",0,часто возникало желание выбросить отдать первому прохожему достал удалил все отдал
NEGATIVE,"в принципе для небольшой работы, смс и всего ""пишущего"" вполне годится..) но даже приложения приходится покупать не за дешево..) ""не для взломаных"")",148,22,2,0,0,0,0.0,74.0,0,0,"(116.0, 164.0]",-1,в принципе для небольшой работы смс и всего пишущего вполне годится но даже приложения приходится покупать не за дешево не для взломаных
POSITIVE,"Суперский телефон!Пользуюсь уже больше года и нарадоваться не могу.Очень мощный телефончик. Читает документы формата ворд и эксель.Иногда это очень удобно.Очень много полезных приложений идут сразу в телефоне.Остальные можно скачать с маркета или с любого другого сайта. Поддерживает абсолютно все игры.В телефоне много родной памяти, целых 2 ГБ,если кому то мало можно купить флешку,но мне хватает.",399,55,9,1,0,11,0.02756892230576441,44.333333333333336,0,0,"(356.0, 404.0]",1,суперский телефон пользуюсь уже больше года и нарадоваться не могу очень мощный телефончик читает документы формата ворд и эксель иногда это очень удобно очень много полезных приложений идут сразу в телефоне остальные можно скачать с маркета или с любого другого сайта поддерживает абсолютно все игры в телефоне много родной памяти целых гб если кому то мало можно купить флешку но мне хватает
NEUTRAL,"Выбирал себе телефон по критериям: влагозащита, экран, беспроводная зарядка, оплата с телефона. Других вариантов не оказалось. Айфон в топку - не люблю когда меня ограничивают в том, что мне можно ставить и что и откуда я обязан скачивать. Также нужно 2 симкарты (за границей местный оператор) и флешка. Пусть фанаты яблока радуются и стоят в очередях, а мы будем нормально пользоваться Андроидом без всех этих айфонных заморочек.  Экран. Придраться не к чему, цвета, детализация - все круто.",492,77,7,0,0,8,0.016260162601626018,70.28571428571429,0,0,"(452.0, 500.0]",0,выбирал себе телефон по критериям влагозащита экран беспроводная зарядка оплата с телефона других вариантов не оказалось айфон в топку не люблю когда меня ограничивают в том что мне можно ставить и что и откуда я обязан скачивать также нужно симкарты за границей местный оператор и флешка пусть фанаты яблока радуются и стоят в очередях а мы будем нормально пользоваться андроидом без всех этих айфонных заморочек экран придраться не к чему цвета детализация все круто
NEUTRAL,"В принципе все устраивает! Камера не очень хорошая,но я ей не пользуюсь обычно. нету вай-фай,это тоже не сильный для меня минус. а вот царапины на задней крышке уже нервируют. постоянно таскаю телефон в чехле. даже на стол не кладу без чехла. Ну а в целом телефон отличный для своей цены!!!",290,50,7,4,0,3,0.010344827586206896,41.42857142857143,0,0,"(260.0, 308.0]",0,в принципе все устраивает камера не очень хорошая но я ей не пользуюсь обычно нету вай фай это тоже не сильный для меня минус а вот царапины на задней крышке уже нервируют постоянно таскаю телефон в чехле даже на стол не кладу без чехла ну а в целом телефон отличный для своей цены
POSITIVE,"Купила телефон неделю назад,просто влюбилась в него,думала между ним и galaxy ase 2,но этот всё же лучше! хожу и нарадоваться не могу! Единственное,что на самсунгах немного другое звучание музыки,нежели на нокиах,но это дело привычки. В общем телефон супер!всем советую!",270,39,5,4,0,3,0.011111111111111112,54.0,0,0,"(260.0, 308.0]",1,купила телефон неделю назад просто влюбилась в него думала между ним и galaxy ase но этот всё же лучше хожу и нарадоваться не могу единственное что на самсунгах немного другое звучание музыки нежели на нокиах но это дело привычки в общем телефон супер всем советую
POSITIVE,"очень удобный,кто ждёт функций,планшета,конечно разочаруется,но это телефон!очень удачный.все хотят от телефона что-то невозможного,простите его,но он просто телефон,он вам обеспечит,плеер,радио,но не офис.покупая телефон-вы покупаете телефон.",243,24,4,1,0,0,0.0,60.75,0,0,"(212.0, 260.0]",1,очень удобный кто ждёт функций планшета конечно разочаруется но это телефон очень удачный все хотят от телефона что то невозможного простите его но он просто телефон он вам обеспечит плеер радио но не офис покупая телефон вы покупаете телефон
NEUTRAL,"Очень интересный телефон, молодёжный. Из-за очень громких и шепелявых динамиков, думаю, подойдёт всем у кого нет слуха и голоса. Оправдывает свою цену. Сейчас на рынке за эту сумму ничего подобного просто нет. ЕЩЁ РАЗ ПОВТОРЮСЬ, ЧТО МУЛЬТИМЕДИЙНЫЕ ФУНКЦИИ РАБОТАЮТ ХОРОШО, ДАЖЕ УДОВЛЕТВОРИТЕЛЬНО. Как нельзя лучше подходит для того чтобы посидеть в компании и послушать музыку. Рекомендую.",389,56,7,0,0,80,0.20565552699228792,55.57142857142857,0,0,"(356.0, 404.0]",0,очень интересный телефон молодёжный из за очень громких и шепелявых динамиков думаю подойдёт всем у кого нет слуха и голоса оправдывает свою цену сейчас на рынке за эту сумму ничего подобного просто нет ещё раз повторюсь что мультимедийные функции работают хорошо даже удовлетворительно как нельзя лучше подходит для того чтобы посидеть в компании и послушать музыку рекомендую
POSITIVE,"Я просто рад, что всё таки не смотря на отзывы я приобрёл этот телефон. Всем доволен, пока ни глюков ни проблем с win 8 нет. Посмотрим что будет дальше.",152,29,3,0,0,3,0.019736842105263157,50.666666666666664,0,0,"(116.0, 164.0]",1,я просто рад что всё таки не смотря на отзывы я приобрёл этот телефон всем доволен пока ни глюков ни проблем с win нет посмотрим что будет дальше
NEGATIVE,Не покупайте!!Лучше переплатите и купите нормальный смартфон.,61,7,2,2,0,2,0.03278688524590164,30.5,0,0,"(19.52, 68.0]",-1,не покупайте лучше переплатите и купите нормальный смартфон
NEGATIVE,"Компания явно остановилась в развитии, очень жаль.",50,7,1,0,0,1,0.02,50.0,0,0,"(19.52, 68.0]",-1,компания явно остановилась в развитии очень жаль
NEUTRAL,"Ну а так телефон отличный, я им очень доволен, может это у меня такой заводской косяк.",86,16,1,0,0,1,0.011627906976744186,86.0,0,0,"(68.0, 116.0]",0,ну а так телефон отличный я им очень доволен может это у меня такой заводской косяк
NEGATIVE,"Помер через месяц использования. В гарантии отказано. Через боковые кнопки что-то попало в него, окислилось, сгорел разъем на плате и шлейф дисплея (расположен прямо около кнопки включения). Хотя в воду не попадал и в чехле всегда.. Ко всем минусам выше добавлю еще, что любое, совсем незначительное падение отражалось четкими вмятинами на корпусе. Мягкий пластик.Не гоняйтесь за дешевизной, лучше взять нормальный брендовый телефон, а не этих ""китайцев"".",455,66,7,0,0,7,0.015384615384615385,65.0,0,0,"(452.0, 500.0]",-1,помер через месяц использования в гарантии отказано через боковые кнопки что то попало в него окислилось сгорел разъем на плате и шлейф дисплея расположен прямо около кнопки включения хотя в воду не попадал и в чехле всегда ко всем минусам выше добавлю еще что любое совсем незначительное падение отражалось четкими вмятинами на корпусе мягкий пластик не гоняйтесь за дешевизной лучше взять нормальный брендовый телефон а не этих китайцев
NEGATIVE,"Брал на подмену,пока не определюсь с новым,отнесу обратно в магазин.",68,10,1,0,0,1,0.014705882352941176,68.0,0,0,"(19.52, 68.0]",-1,брал на подмену пока не определюсь с новым отнесу обратно в магазин
POSITIVE,"Вроде бы все описал. В целом телефоном доволен на все 100000. Недостатки незначительные, плюсов гораздо больше и они весомее. Брал за 11990 в середине января. Выбирал рабочую лошадку с 4G, ёмким аккумулятором и средним железом, в приоритете было время работы без подзарядки - за такую цену найти смартфон лучше от А-бренда будет очень трудно.",342,54,5,0,0,7,0.02046783625730994,68.4,0,0,"(308.0, 356.0]",1,вроде бы все описал в целом телефоном доволен на все недостатки незначительные плюсов гораздо больше и они весомее брал за в середине января выбирал рабочую лошадку с g ёмким аккумулятором и средним железом в приоритете было время работы без подзарядки за такую цену найти смартфон лучше от а бренда будет очень трудно
POSITIVE,"Брала маме как звонилку. с этой функцией справляется на ура! приятно держать в руке, в меню все понятно. Камера конечно - давно забытое ""качество"" от нокии, ну и тут всего 2мр. Но т. к. камера не нужна было, то в общем очень даже за свои деньги!",245,46,7,2,0,3,0.012244897959183673,35.0,0,0,"(212.0, 260.0]",1,брала маме как звонилку с этой функцией справляется на ура приятно держать в руке в меню все понятно камера конечно давно забытое качество от нокии ну и тут всего мр но т к камера не нужна было то в общем очень даже за свои деньги
NEUTRAL,"Искал недорогой телефон с диагональю 5"" + большая батарея. Телефон оказался бракованный - сильно грелся динамик, так что расплавил корпус. Батарея (при малой нагрузке) села в течении для, но еще не была ""раскачана"". На форуме вычитал о большом количестве бракованных телефонов именно этой модели. Сдал обратно, решил не менять. Жаль - заявленные характеристики впечатляли, но не оправдались ((.",394,58,6,0,0,6,0.015228426395939087,65.66666666666667,0,0,"(356.0, 404.0]",0,искал недорогой телефон с диагональю большая батарея телефон оказался бракованный сильно грелся динамик так что расплавил корпус батарея при малой нагрузке села в течении для но еще не была раскачана на форуме вычитал о большом количестве бракованных телефонов именно этой модели сдал обратно решил не менять жаль заявленные характеристики впечатляли но не оправдались
NEUTRAL,"До этого телефона был обыкновенный 5830 (android 2.3.5). La Fleur (android 2.3.6) покупал жене, так что есть с чем сравнить.",124,20,6,0,0,3,0.024193548387096774,20.666666666666668,0,0,"(116.0, 164.0]",0,до этого телефона был обыкновенный android la fleur android покупал жене так что есть с чем сравнить
POSITIVE,"В целом телефон отличный, всем советую, не люфтит, стильный, мощный, качественный. Твердая ""5""",94,13,1,0,0,2,0.02127659574468085,94.0,0,0,"(68.0, 116.0]",1,в целом телефон отличный всем советую не люфтит стильный мощный качественный твердая
POSITIVE,До этого владел z5 этот телефон улучшен на порядок...всем.,58,9,2,0,0,1,0.017241379310344827,29.0,0,0,"(19.52, 68.0]",1,до этого владел z этот телефон улучшен на порядок всем
POSITIVE,просто класс и не дорогой,25,5,0,0,0,0,0.0,25.0,0,0,"(19.52, 68.0]",1,просто класс и не дорогой
NEUTRAL,"Да, и не ставьте на него рут. Я в своё время обжегся на этом. Рутировал смарт и удалил некоторый встроенный софт, постоянно лезущий в интернет за обновлениями(ну на кой ляд мне, спрашивается, эти ЯндексДиски, PlayИгры, Гиверы и прочий мусор?). Теперь после этих манипуляций не могу обновить прошивку до последней версии, так как она конфликтует с рутом системы.",361,57,5,0,1,9,0.024930747922437674,72.2,0,0,"(356.0, 404.0]",0,да и не ставьте на него рут я в своё время обжегся на этом рутировал смарт и удалил некоторый встроенный софт постоянно лезущий в интернет за обновлениями ну на кой ляд мне спрашивается эти яндексдиски playигры гиверы и прочий мусор теперь после этих манипуляций не могу обновить прошивку до последней версии так как она конфликтует с рутом системы
POSITIVE,P.S. Миллион раз меня выручал - и все хорошо с ним. Обожаю Люмию.,65,13,4,0,0,5,0.07692307692307693,16.25,0,0,"(19.52, 68.0]",1,p s миллион раз меня выручал и все хорошо с ним обожаю люмию
NEGATIVE,"проблемы нокии понятны,ну зачем продовать телефоны сырые?а при звонке в нокию берут трубку,какие-то профаны.следуюший телефон не нокиа.",135,17,3,0,1,0,0.0,45.0,0,0,"(116.0, 164.0]",-1,проблемы нокии понятны ну зачем продовать телефоны сырые а при звонке в нокию берут трубку какие то профаны следуюший телефон не нокиа
NEGATIVE,"Телефон ""для работы"". Тем, кому необходим телефон с 2-3-емя сим-ками, вполне подойдет. В интернете сидеть сложно, но возможно. Камера не нужна. По-крайней мере такая (1,3 Мп без вспышки). Есть фонарик, но долго не протянет: минут 10-15 хватит, чтобы просадить 2-3 ""палочки"" батарейки. А всего 5. Удобно набирать смс, благодаря полноценной физической QWERTY клавиатуре.",368,53,8,0,0,15,0.04076086956521739,46.0,0,0,"(356.0, 404.0]",-1,телефон для работы тем кому необходим телефон с емя сим ками вполне подойдет в интернете сидеть сложно но возможно камера не нужна по крайней мере такая мп без вспышки есть фонарик но долго не протянет минут хватит чтобы просадить палочки батарейки а всего удобно набирать смс благодаря полноценной физической qwerty клавиатуре
NEUTRAL,"Этот телефон совершенно не подходит для тех, кто любит гибкость аппарата. По сути цена только за качество и дисплей, все остальное в айфоне ерунда.",147,24,2,0,0,2,0.013605442176870748,73.5,0,0,"(116.0, 164.0]",0,этот телефон совершенно не подходит для тех кто любит гибкость аппарата по сути цена только за качество и дисплей все остальное в айфоне ерунда
POSITIVE,"Добрый ден, уважаемые читатели. Сегодня я хочу поговорить с вами о iPhone se, а также поделиться своими впечатлениями от пользования им. До покупки se'шки у меня был 5s. Все вполне устраивало, очень нравился 4 дюймовый экран да и вообще дизайн пятерки. После выхода 6 айфонов как-то отпало желание идти и покупать, так как ну совсем непривычные формы. В общем остался я со своей старенькой пятерочкой, но вдруг, о чудо, на мою радость вышел se. Это просто дар.",460,77,7,0,0,8,0.017391304347826087,65.71428571428571,0,0,"(452.0, 500.0]",1,добрый ден уважаемые читатели сегодня я хочу поговорить с вами о iphone se а также поделиться своими впечатлениями от пользования им до покупки se шки у меня был s все вполне устраивало очень нравился дюймовый экран да и вообще дизайн пятерки после выхода айфонов как то отпало желание идти и покупать так как ну совсем непривычные формы в общем остался я со своей старенькой пятерочкой но вдруг о чудо на мою радость вышел se это просто дар
POSITIVE,"Звонилка и звонилка. Есть какие то дополнительные функции, но я ими не пользуюсь. Мне достаточно связи. За что снижать оценку - не знаю.",136,23,4,0,0,4,0.029411764705882353,34.0,0,0,"(116.0, 164.0]",1,звонилка и звонилка есть какие то дополнительные функции но я ими не пользуюсь мне достаточно связи за что снижать оценку не знаю
NEUTRAL,"Я перешел на ""Теле2"" с прямым номером от ""Скайлинк"". Наконец-то могу отвечать на звонки клиентов с НОРМАЛЬНОГО АППАРАТА!!  Вторая симка  - со старым личным федеральным Билайн. Но неожиданно возникла проблема с мобильным интернетом: оказывается, если одна симка работает на 3G или 4G, то вторая  - только для GSM-связи... странно... а оплачивать мобильный интернет от ""Теле2"" по 4.6 руб/мб тарифного плана ""Городской"" нет никакого желания... да и качество интернета Билайн меня устраивает.",488,71,8,2,0,34,0.06967213114754098,61.0,0,0,"(452.0, 500.0]",0,я перешел на теле с прямым номером от скайлинк наконец то могу отвечать на звонки клиентов с нормального аппарата вторая симка со старым личным федеральным билайн но неожиданно возникла проблема с мобильным интернетом оказывается если одна симка работает на g или g то вторая только для gsm связи странно а оплачивать мобильный интернет от теле по руб мб тарифного плана городской нет никакого желания да и качество интернета билайн меня устраивает
NEGATIVE,"Блин народ скоко себя помню не разу не видел телефона более бесполезней.... Те кто пишет что крутая мобила, вы наверное просто пишите что б вам обидно не было за потраченные деньги... Я работаю в Евросети уже год и честно говорю, посмотрите телефон прежде чем брать.... Не верьте тому что вам сказал продавец...",311,52,4,0,0,5,0.01607717041800643,77.75,0,0,"(308.0, 356.0]",-1,блин народ скоко себя помню не разу не видел телефона более бесполезней те кто пишет что крутая мобила вы наверное просто пишите что б вам обидно не было за потраченные деньги я работаю в евросети уже год и честно говорю посмотрите телефон прежде чем брать не верьте тому что вам сказал продавец
POSITIVE,"Пользуюсь этим телефоном почти полтора года и очень довольна!На экране была заводская пленка, она у меня до сих пор  - ни в одном месте не отлипла, не вспучилась и не поцарапалась до отсутствия видимости.Сразу купила кожаный чехол - нигде никакая краска не слезла, как в отзывах выше.Пару раз роняла довольно жестко - немножко поцарапался на углах, на работу никак не повлияло!Памяти хватает, камеры отличные, система о-о-очень редко подвисает, но все решается.",461,71,5,2,0,5,0.010845986984815618,92.2,0,0,"(452.0, 500.0]",1,пользуюсь этим телефоном почти полтора года и очень довольна на экране была заводская пленка она у меня до сих пор ни в одном месте не отлипла не вспучилась и не поцарапалась до отсутствия видимости сразу купила кожаный чехол нигде никакая краска не слезла как в отзывах выше пару раз роняла довольно жестко немножко поцарапался на углах на работу никак не повлияло памяти хватает камеры отличные система о о очень редко подвисает но все решается
NEUTRAL,"В комплекте идет установочный диск системы навигационной Навител. Возможно как плюс, но я не пользовался, мне не надо. Как пишут при первом запуске может искать спутники до 30-40 минут. Вообще многие траблы с телефоном можно решить на сайте acer-club. ru Там выбрать эту модель из списка. С новыми прошивками, как пишут, и заряда меньше есть и работает быстрее, но 1.5 сменить нельзя все равно.",394,64,7,0,0,7,0.017766497461928935,56.285714285714285,0,0,"(356.0, 404.0]",0,в комплекте идет установочный диск системы навигационной навител возможно как плюс но я не пользовался мне не надо как пишут при первом запуске может искать спутники до минут вообще многие траблы с телефоном можно решить на сайте acer club ru там выбрать эту модель из списка с новыми прошивками как пишут и заряда меньше есть и работает быстрее но сменить нельзя все равно
POSITIVE,"Пользуюсь телефончиком 3 года, очень рада, что купила!!!! Такой прочный и удобный, ни за что не променяю, пока сам не сдохнет.",126,21,2,4,0,2,0.015873015873015872,63.0,0,0,"(116.0, 164.0]",1,пользуюсь телефончиком года очень рада что купила такой прочный и удобный ни за что не променяю пока сам не сдохнет
NEGATIVE,"Реально хотел купить надоел Widows Mobile c его глюками и тормозами,  ждал почти год и обломался,  ему реальная цена 18 -20 тыс. (да и этих денег на него жалко, теперь решил купить Nokia N79  реальный телефон  за реальные деньги, а свой Toshiba G900 сыну отдам пусть прикалывается",280,47,1,0,0,7,0.025,280.0,0,0,"(260.0, 308.0]",-1,реально хотел купить надоел widows mobile c его глюками и тормозами ждал почти год и обломался ему реальная цена тыс да и этих денег на него жалко теперь решил купить nokia n реальный телефон за реальные деньги а свой toshiba g сыну отдам пусть прикалывается
NEGATIVE,Я нашел этот телефон на улице и у меня был кнопочный телефон. Лучше у меня был кнопочный он хоть не лагает.,107,21,2,0,0,2,0.018691588785046728,53.5,0,0,"(68.0, 116.0]",-1,я нашел этот телефон на улице и у меня был кнопочный телефон лучше у меня был кнопочный он хоть не лагает
NEGATIVE,"Ни в коем случае не покупать! Отвратительный телефон с которым из-за финансовых трудностей пришлось пользоваться 2 года.  Не способен ни на что, поиск сети ужасен, часто пропадает связь и сеть, глючит всегда и при любых настройках, чем бы вы не пользовались. При наборе номер глючит, при ответе на звонок тормозит, экран при разговоре не сразу тухнет и не сразу загорается, приложения зависают, сейчас тормоза дошли до того, что не появляется клавиатура в течение 1-2 минут.",474,75,4,1,0,4,0.008438818565400843,118.5,0,0,"(452.0, 500.0]",-1,ни в коем случае не покупать отвратительный телефон с которым из за финансовых трудностей пришлось пользоваться года не способен ни на что поиск сети ужасен часто пропадает связь и сеть глючит всегда и при любых настройках чем бы вы не пользовались при наборе номер глючит при ответе на звонок тормозит экран при разговоре не сразу тухнет и не сразу загорается приложения зависают сейчас тормоза дошли до того что не появляется клавиатура в течение минут
NEUTRAL,В целом неплохой телефон для молодежи. Покупайте не задумываясь!,64,9,2,1,0,2,0.03125,32.0,0,0,"(19.52, 68.0]",0,в целом неплохой телефон для молодежи покупайте не задумываясь
NEUTRAL,"Аппарет не лучше и не хуже моделей на таком же железе предложенных HTC, Sony Ericson. При активном пользовании аппарата хватает на рабочий день около 10 часов - нормальный показатель для андроида. Пробовал использовать в следующем режиме: целый день телефон в ждущем режиме а вечером минут 40 использования инета через wi fi, хватило на 7 дней. Произвольные перезагрузки аппарата были, но решились перепрошивкой на офмциальную прошу 2.3.6.",439,66,6,0,0,9,0.02050113895216401,73.16666666666667,0,0,"(404.0, 452.0]",0,аппарет не лучше и не хуже моделей на таком же железе предложенных htc sony ericson при активном пользовании аппарата хватает на рабочий день около часов нормальный показатель для андроида пробовал использовать в следующем режиме целый день телефон в ждущем режиме а вечером минут использования инета через wi fi хватило на дней произвольные перезагрузки аппарата были но решились перепрошивкой на офмциальную прошу
NEUTRAL,"однако! вопреки всем пыткам, которые ему я устроила - падения из верхнего кармана куртки о кафель и асфальт, стирка при 40 градусах. Отслужив мне 2,5 года он не выдержал разговора, который длился практически 24 часа и сгорел...жаль, но достойный телефончик, особенно для того времени",283,44,3,1,0,1,0.0035335689045936395,94.33333333333333,0,0,"(260.0, 308.0]",0,однако вопреки всем пыткам которые ему я устроила падения из верхнего кармана куртки о кафель и асфальт стирка при градусах отслужив мне года он не выдержал разговора который длился практически часа и сгорел жаль но достойный телефончик особенно для того времени
POSITIVE,"Второй год в полете! Никогда не глючил!!! Обновления по воздуху прилетели без проблем. Последний раз обновлялся до 5.0 скачав с оф. сайта прошивку закинул в корень и обновление автоматом пошло после откл кабеля от компа. Все просто, без танцев с бубном с софтом и дровами для прошивки! Обновления приложений прилетают часто, значит люди создавшие этот девайс не забивают на пользователей. Респект за их труды! Брал как рабочую лошадку для работы и он полностью удовлетворил мои надежды.",486,76,10,6,0,8,0.01646090534979424,48.6,0,0,"(452.0, 500.0]",1,второй год в полете никогда не глючил обновления по воздуху прилетели без проблем последний раз обновлялся до скачав с оф сайта прошивку закинул в корень и обновление автоматом пошло после откл кабеля от компа все просто без танцев с бубном с софтом и дровами для прошивки обновления приложений прилетают часто значит люди создавшие этот девайс не забивают на пользователей респект за их труды брал как рабочую лошадку для работы и он полностью удовлетворил мои надежды
NEUTRAL,достойный телефон своего класса!,32,4,1,1,0,0,0.0,32.0,0,0,"(19.52, 68.0]",0,достойный телефон своего класса
NEGATIVE,"Всё раздражает - начиная от черной заставки при загрузке и нелепого жирного шрифта часов ( а ведь на них придется смотреть каждый раз). Будильник не работает при выключенном смартфоне. Во время разговора по экрану проходит какая-то вибрация. У меня такое чувство, что это не Мейзу. У меня были телефоны от  Мейзу - только позитив. А с этим- такое какое-то отторжение. Какой-то маленький, даже уродливый. Наверное, это какая-то кара сверху,  чтобы освободиться от зависимости от смартфонов.",489,75,8,0,0,10,0.02044989775051125,61.125,0,0,"(452.0, 500.0]",-1,всё раздражает начиная от черной заставки при загрузке и нелепого жирного шрифта часов а ведь на них придется смотреть каждый раз будильник не работает при выключенном смартфоне во время разговора по экрану проходит какая то вибрация у меня такое чувство что это не мейзу у меня были телефоны от мейзу только позитив а с этим такое какое то отторжение какой то маленький даже уродливый наверное это какая то кара сверху чтобы освободиться от зависимости от смартфонов
POSITIVE,"Очень шустрый,слегка не удобное переключение между вкладками,если включены мобильные данные то до фига ест метров.Пару раз с минусами оставалась.А так в общем очень довольна аппаратом.Когда покупала,в магазине говорили что напрасно меняю,типа мой htc one x намного лучше.Но разницы особо не увидела.",299,41,5,0,0,5,0.016722408026755852,59.8,0,0,"(260.0, 308.0]",1,очень шустрый слегка не удобное переключение между вкладками если включены мобильные данные то до фига ест метров пару раз с минусами оставалась а так в общем очень довольна аппаратом когда покупала в магазине говорили что напрасно меняю типа мой htc one x намного лучше но разницы особо не увидела
NEGATIVE,"Новый айфон был для меня разочарованием века. В айфон 7 новое только двойная камера. В остальном это тот же айфон 3, который как почти ничего не умел, так и до сих пор почти ничего не умеет. А все из-за закрытости операционки и отсутствия файлового менеджера, которые тормозят развитие гаджета с хорошим потенциалом.",316,52,4,0,0,4,0.012658227848101266,79.0,0,0,"(308.0, 356.0]",-1,новый айфон был для меня разочарованием века в айфон новое только двойная камера в остальном это тот же айфон который как почти ничего не умел так и до сих пор почти ничего не умеет а все из за закрытости операционки и отсутствия файлового менеджера которые тормозят развитие гаджета с хорошим потенциалом
NEGATIVE,"Жаль потраченного времени, аппарат понравился, но качество сборки просто ужасно, 2 аппарата из 2х, это все таки перебор. Свои деньги Окупает, если бы не брак. Обидно, правда, даже не знаю на что еще посмотреть, ни сони, ни прости господи, самсунги, не зацепили так как этот аппаратик. Жаль....",293,47,4,0,0,5,0.017064846416382253,73.25,0,0,"(260.0, 308.0]",-1,жаль потраченного времени аппарат понравился но качество сборки просто ужасно аппарата из х это все таки перебор свои деньги окупает если бы не брак обидно правда даже не знаю на что еще посмотреть ни сони ни прости господи самсунги не зацепили так как этот аппаратик жаль
NEUTRAL,"Т. к. телефон дорогой и ""желанный"" постоянно привлекает воров. У меня украли 2, больше покупать его не хочу - дорого и отдавать никому больше не хочу. Так и избить могут",169,30,4,0,0,3,0.01775147928994083,42.25,0,0,"(164.0, 212.0]",0,т к телефон дорогой и желанный постоянно привлекает воров у меня украли больше покупать его не хочу дорого и отдавать никому больше не хочу так и избить могут
NEUTRAL,Хороший на мой взгляд телефон хоть и с этими недостатками.Хотя как люди пишут в отзывах я не стал ставить в минусах камеру ведь для такого телефона по моему камера норм.Но я уже  3 года им пользуюсь и решил перейти на андроид,225,41,2,0,0,3,0.013333333333333334,112.5,0,0,"(212.0, 260.0]",0,хороший на мой взгляд телефон хоть и с этими недостатками хотя как люди пишут в отзывах я не стал ставить в минусах камеру ведь для такого телефона по моему камера норм но я уже года им пользуюсь и решил перейти на андроид
NEGATIVE,"Его ждёт судьба Сониэриксона 902, если кто помнит у него вечно отваливались кнопки.",83,13,1,0,0,2,0.024096385542168676,83.0,0,0,"(68.0, 116.0]",-1,его ждёт судьба сониэриксона если кто помнит у него вечно отваливались кнопки
POSITIVE,"Хороший телефон ,ведь это Samsung-фирма ,проверенная временем .",63,8,1,0,0,2,0.031746031746031744,63.0,0,0,"(19.52, 68.0]",1,хороший телефон ведь это samsung фирма проверенная временем
NEUTRAL,"Телефон рекомендую к покупке,хорошая модель, симки использовал обе всегда!",74,9,1,1,0,1,0.013513513513513514,74.0,0,0,"(68.0, 116.0]",0,телефон рекомендую к покупке хорошая модель симки использовал обе всегда
NEUTRAL,"Не все опции софта доступны в России, но и НТС и Майкрософт утверждают, что это временно и уже в ноябре-январе это будет исправлено. Аппаратом я очень доволен. Только те, кто любит сразу заняться всякими перепрошивками, разборками аппарата и прочим рукоделием, только они ворчат. Для таких как я это аппарат, который сразу из коробки начинает выполнять свои функции. А с такой ценой у него рядом ничего нет. Рекомендую.",419,67,6,0,0,11,0.026252983293556086,69.83333333333333,0,0,"(404.0, 452.0]",0,не все опции софта доступны в россии но и нтс и майкрософт утверждают что это временно и уже в ноябре январе это будет исправлено аппаратом я очень доволен только те кто любит сразу заняться всякими перепрошивками разборками аппарата и прочим рукоделием только они ворчат для таких как я это аппарат который сразу из коробки начинает выполнять свои функции а с такой ценой у него рядом ничего нет рекомендую
POSITIVE,"Заказывал с Китая за 170$+30$ доставка, т.к. в России сейчас по вменяемой цене уже не купить. С андроидом дела не имел раньше и думал, что одно ядро это в притык сейчас. Но сильно ошибся. После пары дней возни с телефоном, я во всем разобрался: прошивки, ядра и т.д. Рут есть, лишнее барахло выпилено, частоту процессора аж снизил до 700 мгц, потому что мне и этого хватает (играю в основном в эмуляторы NES). Интерфейс лагать начинает лишь при 300 мгц.",453,79,9,0,0,11,0.024282560706401765,50.333333333333336,0,0,"(452.0, 500.0]",1,заказывал с китая за доставка т к в россии сейчас по вменяемой цене уже не купить с андроидом дела не имел раньше и думал что одно ядро это в притык сейчас но сильно ошибся после пары дней возни с телефоном я во всем разобрался прошивки ядра и т д рут есть лишнее барахло выпилено частоту процессора аж снизил до мгц потому что мне и этого хватает играю в основном в эмуляторы nes интерфейс лагать начинает лишь при мгц
POSITIVE,"Первые впечатления от телефона очень хорошие! А с учетом разных отзывов, и не рассчитывал на такое счастье. Брал запечатанный. Рекомендовал бы знакомым данную модель. PS Перед покупкой сравнивал (на ютубе) с бюджетными телефонами из топ10 за 2016 год.",251,38,5,1,0,7,0.027888446215139442,50.2,0,0,"(212.0, 260.0]",1,первые впечатления от телефона очень хорошие а с учетом разных отзывов и не рассчитывал на такое счастье брал запечатанный рекомендовал бы знакомым данную модель ps перед покупкой сравнивал на ютубе с бюджетными телефонами из топ за год
NEUTRAL,"Этот телефон мы покупали на окончание детского сада ребенку в 2015 году. Уже по опыту пользования ZTE A3 были заметны работы над ошибками: шустрый процессор, наличие датчиков освещённости и приближения, но некоторые огрехи так остались, а именно: оперативная и встроенная память не увеличились, камера стала ещё хуже (вместо 5 Мпикс стало 3.2 Мпикс). Для семилетнего ребенка это были незаметные мелочи, а родителям не жалко было если что-то случится с телефоном, т.к. цена реально смешная.",489,74,6,0,0,9,0.018404907975460124,81.5,0,0,"(452.0, 500.0]",0,этот телефон мы покупали на окончание детского сада ребенку в году уже по опыту пользования zte a были заметны работы над ошибками шустрый процессор наличие датчиков освещённости и приближения но некоторые огрехи так остались а именно оперативная и встроенная память не увеличились камера стала ещё хуже вместо мпикс стало мпикс для семилетнего ребенка это были незаметные мелочи а родителям не жалко было если что то случится с телефоном т к цена реально смешная
NEUTRAL,"После пятилетнего использования Соньки 790, был несколько разочарован, или пока просто не привык))))Две симки работают так как я хотел, телефон полностью оправдывает своё предназначение)))",188,24,0,0,0,3,0.015957446808510637,188.0,0,0,"(164.0, 212.0]",0,после пятилетнего использования соньки был несколько разочарован или пока просто не привык две симки работают так как я хотел телефон полностью оправдывает своё предназначение
NEGATIVE,Чрезмерная хрупкость и большая стоимость ремонта сводят на нет все хорошие впечатления от графики и дизайна. Не советую покупать.,129,19,2,0,0,2,0.015503875968992248,64.5,0,0,"(116.0, 164.0]",-1,чрезмерная хрупкость и большая стоимость ремонта сводят на нет все хорошие впечатления от графики и дизайна не советую покупать
NEGATIVE,"Винда унылое Г, не допиливается производителем, приложения глючные. НИКОГДА больше не куплю вин фон!",100,14,2,1,0,9,0.09,50.0,0,0,"(68.0, 116.0]",-1,винда унылое г не допиливается производителем приложения глючные никогда больше не куплю вин фон
NEUTRAL,"Вполне хороший телефон за свои деньги (брал за 10480) с небольшим количеством серьезных недостатков и большим количеством достоинствLG камень в огород, что не хотят обновлять андроид дальшеПредыдущий аппарат прожил у меня 4 года, этот планирую поменять раньше",259,37,0,0,0,4,0.015444015444015444,259.0,0,0,"(212.0, 260.0]",0,вполне хороший телефон за свои деньги брал за с небольшим количеством серьезных недостатков и большим количеством достоинствlg камень в огород что не хотят обновлять андроид дальшепредыдущий аппарат прожил у меня года этот планирую поменять раньше
NEUTRAL,"Купила полтора месяца назад, сразу же увидела различие между ним и nokia 5230, этот казался гигантом. Закачала сразу же кучу игр. Жаль, что бесплатные всегда не полные. А когда хотела купить платную, деньги сняли, а игры нет. Хотя наверное я как обычно сглупила) Вообщем, наверное прошью. Если не одно НО. Мне кажется с телефоном не повезло. Не так давно заглючил, экран стал чёрный и не работал целый день, страшно было, ничего не помогало. Потом включился.",458,75,9,0,0,12,0.026200873362445413,50.888888888888886,0,0,"(452.0, 500.0]",0,купила полтора месяца назад сразу же увидела различие между ним и nokia этот казался гигантом закачала сразу же кучу игр жаль что бесплатные всегда не полные а когда хотела купить платную деньги сняли а игры нет хотя наверное я как обычно сглупила вообщем наверное прошью если не одно но мне кажется с телефоном не повезло не так давно заглючил экран стал чёрный и не работал целый день страшно было ничего не помогало потом включился
NEUTRAL,"Покупал в декабре 12 года за 14 тысяч и меня этот телефон устраивает. За такие деньги очень хорошии характеристики, но я в игры не играю а только лазию в инете и смотрю фильмы. Не глючит и все плавно работает. Мне нравится компания lg и у меня много телефонов от этой компании. Очень красочный дкран и красивый корпус, телефон выполнен моноблоком. Рекомендую тем кто любит лазить в интернет и смотреть фильмы. Я заметил немало недостатков.",439,74,7,0,0,7,0.015945330296127564,62.714285714285715,0,0,"(404.0, 452.0]",0,покупал в декабре года за тысяч и меня этот телефон устраивает за такие деньги очень хорошии характеристики но я в игры не играю а только лазию в инете и смотрю фильмы не глючит и все плавно работает мне нравится компания lg и у меня много телефонов от этой компании очень красочный дкран и красивый корпус телефон выполнен моноблоком рекомендую тем кто любит лазить в интернет и смотреть фильмы я заметил немало недостатков
POSITIVE,"Покупал так давновато уже, так что успел опробовать походу всё, что внутри есть. Нравится экран, чёткий, контрастный, не устают глаза от него, графика отличная в играх. Корпус крепкий, хоть девайс и не маленький по размерам, но привык к нему быстро. Не нагревается, не тормозит. Динамик хороший, звук плавный, громкий и не хрипит. Разъёмы аккуратно сделаны, как под наушники, так и для зарядки (USB Type-C).",407,64,6,0,0,11,0.02702702702702703,67.83333333333333,0,0,"(404.0, 452.0]",1,покупал так давновато уже так что успел опробовать походу всё что внутри есть нравится экран чёткий контрастный не устают глаза от него графика отличная в играх корпус крепкий хоть девайс и не маленький по размерам но привык к нему быстро не нагревается не тормозит динамик хороший звук плавный громкий и не хрипит разъёмы аккуратно сделаны как под наушники так и для зарядки usb type c
NEGATIVE,"Очень жаль, что аппараты стали такие хлипкие!?! А так как модель новая, то динамиков таких ещё нет, не ремонтируют их. Ждёмс.",125,21,3,2,1,3,0.024,41.666666666666664,0,0,"(116.0, 164.0]",-1,очень жаль что аппараты стали такие хлипкие а так как модель новая то динамиков таких ещё нет не ремонтируют их ждёмс
NEUTRAL,"кончено же в чем то не очень , а в чем то вполне мощный быстрый аппарат! достаточно памяти , что закачать себе много игруль и играть без тормозов! Сравнил 525 и 635 ! 636 лучше своего предшественика : камерой (автофокус), оперативной памятью , быстротой ,большим экраном ! СОВЕТУЮ ! но на 5 он не тянет однозначно ! за 7 касиков достойная труба!!!",347,62,7,9,0,8,0.023054755043227664,49.57142857142857,0,0,"(308.0, 356.0]",0,кончено же в чем то не очень а в чем то вполне мощный быстрый аппарат достаточно памяти что закачать себе много игруль и играть без тормозов сравнил и лучше своего предшественика камерой автофокус оперативной памятью быстротой большим экраном советую но на он не тянет однозначно за касиков достойная труба
NEGATIVE,Телефон не плохой... но именно как телефон если вам нужно от него что то большее- забудьте!  p.s. бывший владелец телефона под управлением windows mobile,153,24,4,1,0,1,0.006535947712418301,38.25,0,0,"(116.0, 164.0]",-1,телефон не плохой но именно как телефон если вам нужно от него что то большее забудьте p s бывший владелец телефона под управлением windows mobile
POSITIVE,немя здесь всё устраевает,25,4,0,0,0,0,0.0,25.0,0,0,"(19.52, 68.0]",1,немя здесь всё устраевает
NEGATIVE,"Сравнивал с сони z750i, писал больше недостатки что бы те кто будут покупать обратили внимание. Сони покупал за 8 к, рад был до безобразия, этот через 2 мес стал ненравиться. Хотя долго выбирал и именно эта модель приглянулась, всех больше, тот же сони очень не впечатлил.",272,46,3,0,0,3,0.011029411764705883,90.66666666666667,0,0,"(260.0, 308.0]",-1,сравнивал с сони z i писал больше недостатки что бы те кто будут покупать обратили внимание сони покупал за к рад был до безобразия этот через мес стал ненравиться хотя долго выбирал и именно эта модель приглянулась всех больше тот же сони очень не впечатлил
POSITIVE,"Очень люблю обладать телефонами Этот 15-ый (ни одного ,не потерял ,не разбил)С годами понял ,чего хочу от телефона, что б 1)звонил,2)не глючил 3)держал заряд минимум 5-7 дней 4) если есть фонарик ,то это плюс Какие интернеты камеры?",232,37,1,0,1,4,0.017241379310344827,232.0,0,0,"(212.0, 260.0]",1,очень люблю обладать телефонами этот ый ни одного не потерял не разбил с годами понял чего хочу от телефона что б звонил не глючил держал заряд минимум дней если есть фонарик то это плюс какие интернеты камеры
NEGATIVE,Не советую покупать так не удобен и ненадежен.,46,8,1,0,0,1,0.021739130434782608,46.0,0,0,"(19.52, 68.0]",-1,не советую покупать так не удобен и ненадежен
NEGATIVE,"Купила неделю назад, показалось, что телефон хороший - ошиблась. Уже хочу продать и взять себе хотя бы тот же ZTE.",114,20,2,0,0,5,0.043859649122807015,57.0,0,0,"(68.0, 116.0]",-1,купила неделю назад показалось что телефон хороший ошиблась уже хочу продать и взять себе хотя бы тот же zte
POSITIVE,Очень хороший телефон никогда не подводит,41,6,0,0,0,1,0.024390243902439025,41.0,0,0,"(19.52, 68.0]",1,очень хороший телефон никогда не подводит
NEUTRAL,"Брал в крупном салоне связи с хорошей скидкой. Хотел аппарат с хорошим экраном не более 5 дюймов и хорошей камерой. Собирался брать гелекси S7 и даже взял... жене т.к. она разбила свой предыдущий смарт. Себе взял это чудо. Аппарат не разочаровал, в живую показался интереснее чем на фото, метал стекло, оригинальный дизайн, нет ощущения что это дешевый кусок г... как от многих китайфонов. До шестого андроида обновляться не стал т.к. прошивка на шестом сыровата.",463,74,12,0,0,7,0.01511879049676026,38.583333333333336,0,0,"(452.0, 500.0]",0,брал в крупном салоне связи с хорошей скидкой хотел аппарат с хорошим экраном не более дюймов и хорошей камерой собирался брать гелекси s и даже взял жене т к она разбила свой предыдущий смарт себе взял это чудо аппарат не разочаровал в живую показался интереснее чем на фото метал стекло оригинальный дизайн нет ощущения что это дешевый кусок г как от многих китайфонов до шестого андроида обновляться не стал т к прошивка на шестом сыровата
NEUTRAL,"в общем телеФОН ХОРОШИЙ, интересный он тем что вот я уже пару месяцев им польуюсь но функции еще знаю не все, так что покупайте но не забывайте что он ПК, а они очень сложные",174,34,0,0,0,12,0.06896551724137931,174.0,0,0,"(164.0, 212.0]",0,в общем телефон хороший интересный он тем что вот я уже пару месяцев им польуюсь но функции еще знаю не все так что покупайте но не забывайте что он пк а они очень сложные
NEGATIVE,"Если бы я знал, насколько слабый прием у этого телефона! Живу в деревне, МТС так и не собирается улучшать связь. С покупкой этого телефона связь совсем пропала. А старый телефон ловит. Так-то телефон ничего, но кому нужна стабильная связь - не советую.",252,42,5,1,0,8,0.031746031746031744,50.4,0,0,"(212.0, 260.0]",-1,если бы я знал насколько слабый прием у этого телефона живу в деревне мтс так и не собирается улучшать связь с покупкой этого телефона связь совсем пропала а старый телефон ловит так то телефон ничего но кому нужна стабильная связь не советую
POSITIVE,"Может комуто не понравится размеры мол кирпичь, но мне это не важно мне важен функцыанал да и потом не такой уж он большой.",123,23,1,0,0,1,0.008130081300813009,123.0,0,0,"(116.0, 164.0]",1,может комуто не понравится размеры мол кирпичь но мне это не важно мне важен функцыанал да и потом не такой уж он большой
NEGATIVE,"Итог, свой самсунг на НТС менять не буду, по крайне мере пока не выйдет новая прошивка которая исправит косяки и  даст жизнь сити гиду. С такой батареей на фиг он нужен, только что бы использовать как телефон для продления зарядки, да нах.. он тогда нужен за 23000 штуки. Вообщем у кого есть лишнее бабло и понты покупайте, кто понимает тот оценит а кто не понимает, таких большинство тем по.. х",395,70,4,0,0,6,0.015189873417721518,98.75,0,0,"(356.0, 404.0]",-1,итог свой самсунг на нтс менять не буду по крайне мере пока не выйдет новая прошивка которая исправит косяки и даст жизнь сити гиду с такой батареей на фиг он нужен только что бы использовать как телефон для продления зарядки да нах он тогда нужен за штуки вообщем у кого есть лишнее бабло и понты покупайте кто понимает тот оценит а кто не понимает таких большинство тем по х
NEGATIVE,"У знакомого такая же модель - тоже экран умер через год. Как-то не айс. Уж лучше китайскую коробочку за 2 тыс на 1 год покупать, ну или дорогой аппарат надолго.",160,30,3,0,0,3,0.01875,53.333333333333336,0,0,"(116.0, 164.0]",-1,у знакомого такая же модель тоже экран умер через год как то не айс уж лучше китайскую коробочку за тыс на год покупать ну или дорогой аппарат надолго
NEUTRAL,"Телефоном очень разочарован, меню самое замороченное и кошмарно-неудобное, единственное достоинство - мощная батарея. В общем, если у вас большая телефонная книга и приходится много звонить - выберете другую модель и носите с собой зарядку.",240,34,2,0,0,2,0.008333333333333333,120.0,0,0,"(212.0, 260.0]",0,телефоном очень разочарован меню самое замороченное и кошмарно неудобное единственное достоинство мощная батарея в общем если у вас большая телефонная книга и приходится много звонить выберете другую модель и носите с собой зарядку
NEUTRAL,"Купила этот телефон 1.5 года назад, восхищению моему не было предела, это был лучший телефон в моей жизни, но нашим отношениям настал конец, спустя год он потихоньку начал выдавать дифирамбы разного характера и тональности.",223,34,2,0,0,1,0.004484304932735426,111.5,0,0,"(212.0, 260.0]",0,купила этот телефон года назад восхищению моему не было предела это был лучший телефон в моей жизни но нашим отношениям настал конец спустя год он потихоньку начал выдавать дифирамбы разного характера и тональности
POSITIVE,"Купил Lenovo Vibe P1 C72 (китай) с 3 GB оперативной памяти, успешно прошил на международную прошивку (с полной русской локализацией) с версией Android 6.0.1.",157,24,3,0,0,8,0.050955414012738856,52.333333333333336,0,0,"(116.0, 164.0]",1,купил lenovo vibe p c китай с gb оперативной памяти успешно прошил на международную прошивку с полной русской локализацией с версией android
NEUTRAL,"неплохой телефон,но через два года сдох сенсор...очень жаль,телефон устраивал полностью.Придется менять,ибо ремонт дороже телефона.",131,14,3,0,0,1,0.007633587786259542,43.666666666666664,0,0,"(116.0, 164.0]",0,неплохой телефон но через два года сдох сенсор очень жаль телефон устраивал полностью придется менять ибо ремонт дороже телефона
NEUTRAL,"Я являлся счастливым обладателем с2, пока у меня его не увели, и с нетерпением ждал выхода  с4. Спустя полторы недели пользования, телефон ВПЕРВЫЕ упал с высоты 50 см на деревянную упругую поверхность и у меня полетел экран. Как назло чехол был незастегнут. В итоге: замена модуля дисплея 10тыр. Человек в сервисе сказал, что это основная болячка этих трубок, ты даже не застрахован при падении с 10 см. И менять надо только полностью модуль, т.е. полсмартфона.",461,75,8,0,0,13,0.028199566160520606,57.625,0,0,"(452.0, 500.0]",0,я являлся счастливым обладателем с пока у меня его не увели и с нетерпением ждал выхода с спустя полторы недели пользования телефон впервые упал с высоты см на деревянную упругую поверхность и у меня полетел экран как назло чехол был незастегнут в итоге замена модуля дисплея тыр человек в сервисе сказал что это основная болячка этих трубок ты даже не застрахован при падении с см и менять надо только полностью модуль т е полсмартфона
NEGATIVE,"Купила себе его, поработала неделю и после этого начал жутко лагать и выдавать странные картинки на экране. То он становится пиксельным и не работает, то он сам по себе кнопки нажимает. Отдала в ремонт по гарантии, сказали, что всё хорошо. Поработала ещё три дня с ним, на следующий день опять тоже самое.  Ужасный смартфон. За такие деньги и получше могли сделать.",365,61,6,0,0,6,0.01643835616438356,60.833333333333336,0,0,"(356.0, 404.0]",-1,купила себе его поработала неделю и после этого начал жутко лагать и выдавать странные картинки на экране то он становится пиксельным и не работает то он сам по себе кнопки нажимает отдала в ремонт по гарантии сказали что всё хорошо поработала ещё три дня с ним на следующий день опять тоже самое ужасный смартфон за такие деньги и получше могли сделать
POSITIVE,"Выручал и выручает всегда и везде. Оперативки конечно не хватает, но для стандартных своих функций и нескольких дополнительных программ хватило.Отсутствие ответа иным способом заметила через долго время использования, когда отказал экран, после месяца регулярного пребывания во рту ребенка.",290,38,3,0,0,3,0.010344827586206896,96.66666666666667,0,0,"(260.0, 308.0]",1,выручал и выручает всегда и везде оперативки конечно не хватает но для стандартных своих функций и нескольких дополнительных программ хватило отсутствие ответа иным способом заметила через долго время использования когда отказал экран после месяца регулярного пребывания во рту ребенка
NEUTRAL,"Пошел вчера покупать данный аппарат в магазин. Не купил. Причины указаны выше. Хотел купить из за камеры, размеров экрана и IPS матрицы экрана. Ужасно маркий телефон.Камера средняя. Не понятно почему камеры Хуавей так хвалят. При увеличении огромная пикселезация и шарпинг. Что на P9, что на P10, что здесь. Очень сильно греется при съёмке.",340,53,10,0,0,16,0.047058823529411764,34.0,0,0,"(308.0, 356.0]",0,пошел вчера покупать данный аппарат в магазин не купил причины указаны выше хотел купить из за камеры размеров экрана и ips матрицы экрана ужасно маркий телефон камера средняя не понятно почему камеры хуавей так хвалят при увеличении огромная пикселезация и шарпинг что на p что на p что здесь очень сильно греется при съёмке
POSITIVE,"Описывать достоинства думаю не стоит,телефон очень красивый, мощный с отличной камерой и с передовым дисплеем.Хочется все время либо держать в руке либо смотреть настолько он красив.Это один из самых красивых телефонов на рынке.Что касается удобство пользования то тут не все так хорошо.Телефон скользит в руке все время есть страх выронить его да и поцарапать не так трудно поэтому сразу покупайте чехол.К тому же вся красота меркнет как только вы взяли его в руки.",466,73,6,0,0,6,0.012875536480686695,77.66666666666667,0,0,"(452.0, 500.0]",1,описывать достоинства думаю не стоит телефон очень красивый мощный с отличной камерой и с передовым дисплеем хочется все время либо держать в руке либо смотреть настолько он красив это один из самых красивых телефонов на рынке что касается удобство пользования то тут не все так хорошо телефон скользит в руке все время есть страх выронить его да и поцарапать не так трудно поэтому сразу покупайте чехол к тому же вся красота меркнет как только вы взяли его в руки
NEUTRAL,"брал телефон как экстренную замену внезапно умершему sony z (маленький сынишка разбил экран). в декабре бюджет был достаточный, но искал модель подешевле в расчете поменять через полгода. После долгого поиска и сравнений решил брать эту модель. Конечно это не топовая модель, это скорее плохенький среднячок! слабый во всем - быстродействие - тормозит при штатном использовании - телефон, смс, почта, хотя откровенных зависаний не было. Плохая камера и ужасный автофокус.",471,69,6,1,0,3,0.006369426751592357,78.5,0,0,"(452.0, 500.0]",0,брал телефон как экстренную замену внезапно умершему sony z маленький сынишка разбил экран в декабре бюджет был достаточный но искал модель подешевле в расчете поменять через полгода после долгого поиска и сравнений решил брать эту модель конечно это не топовая модель это скорее плохенький среднячок слабый во всем быстродействие тормозит при штатном использовании телефон смс почта хотя откровенных зависаний не было плохая камера и ужасный автофокус
POSITIVE,"Телефон доставлял бы удовольствие, но самое главное в телефоне, на мой взгляд - это экран. А как им можно наслаждаться когда царапины так и мозолят глаза...",156,26,2,0,0,2,0.01282051282051282,78.0,0,0,"(116.0, 164.0]",1,телефон доставлял бы удовольствие но самое главное в телефоне на мой взгляд это экран а как им можно наслаждаться когда царапины так и мозолят глаза
NEGATIVE,"Все плохо. Как я радовался, когда его купил. Но сейчас жалею. Куча денег в никуда. Через неделю на экране появилось на экране розовое пятнышко, будто продавил. Хотя обращался как можно нежнее. Бог с ним, привык. Через месяц треснуло заднее стекло. Ну пустяк, заказал китайское с алиэкспресс, встало хорошо. Черт со стеклом. Через пол года использования в один прекрасный момент перестала работать камера. Убил кучу времени на перепрошивки, сбросы и т.д. и т.п. Ничего не помогало.",480,75,16,0,0,13,0.027083333333333334,30.0,0,0,"(452.0, 500.0]",-1,все плохо как я радовался когда его купил но сейчас жалею куча денег в никуда через неделю на экране появилось на экране розовое пятнышко будто продавил хотя обращался как можно нежнее бог с ним привык через месяц треснуло заднее стекло ну пустяк заказал китайское с алиэкспресс встало хорошо черт со стеклом через пол года использования в один прекрасный момент перестала работать камера убил кучу времени на перепрошивки сбросы и т д и т п ничего не помогало
POSITIVE,Теперь можно мыться с телефоном! Даааа! Где оригинальные расцветки? Темно-зеленый был бы не лишним.,99,14,4,2,1,4,0.04040404040404041,24.75,0,0,"(68.0, 116.0]",1,теперь можно мыться с телефоном даааа где оригинальные расцветки темно зеленый был бы не лишним
NEGATIVE,"Когда купили не могли нарадоваться, какой замечательный телефон купили, однако прошло немного времени и он начал сильно тормозить, и после сброса настроек до заводских проходит эта проблема но не на долго. Несмотря на замечательную камеру и дизайн, впечатление о телефоне испорчено.",282,41,2,0,0,2,0.0070921985815602835,141.0,0,0,"(260.0, 308.0]",-1,когда купили не могли нарадоваться какой замечательный телефон купили однако прошло немного времени и он начал сильно тормозить и после сброса настроек до заводских проходит эта проблема но не на долго несмотря на замечательную камеру и дизайн впечатление о телефоне испорчено
NEUTRAL,"Смартфон хорош, если его не сравнивать с другими смартфонами близких по характеристикам. Цена за 99$, сглаживает почти все косяки и недостатки модели. Цена за 119$ и ты уже не так рад этому смартфону. В общем изучайте, думайте, анализируйте и уже потом совершайте покупку.",272,43,4,0,0,4,0.014705882352941176,68.0,0,0,"(260.0, 308.0]",0,смартфон хорош если его не сравнивать с другими смартфонами близких по характеристикам цена за сглаживает почти все косяки и недостатки модели цена за и ты уже не так рад этому смартфону в общем изучайте думайте анализируйте и уже потом совершайте покупку
NEUTRAL,"аппарат ннеплохой, если вы в открытом поле с вышкой оператора рядом",67,11,0,0,0,0,0.0,67.0,0,0,"(19.52, 68.0]",0,аппарат ннеплохой если вы в открытом поле с вышкой оператора рядом
NEUTRAL,"Короче - функционал отличный, а оболочка хлипкая - у ноутбуков Асус кстати такая же болезнь - слабый пластик. Этот аппарат бы да в крепкий корпус..",147,25,2,0,0,3,0.02040816326530612,73.5,0,0,"(116.0, 164.0]",0,короче функционал отличный а оболочка хлипкая у ноутбуков асус кстати такая же болезнь слабый пластик этот аппарат бы да в крепкий корпус
NEGATIVE,"Пишу о модели ASUS ZenFone Max Pro M1, если это одна и та же, полного названия я не нашел на я маркет.  Слушайте ну это какой то кот в мешке от асуса, стоит телефон 14 тысяч, я был готов отдать 15, подозрительно дешего с нашими курсами долларов. Так вот что я обнаружил за 4 дня, фатальное, это тачскрин, он плохо реагирует на мои крупные пальцы, представьте большой экран должен быть удобен людям с большими руками, так нет. На айфоне se нормально на сяоми нормально, здесь пропускает нажатия.",494,87,4,0,0,13,0.02631578947368421,123.5,0,0,"(452.0, 500.0]",-1,пишу о модели asus zenfone max pro m если это одна и та же полного названия я не нашел на я маркет слушайте ну это какой то кот в мешке от асуса стоит телефон тысяч я был готов отдать подозрительно дешего с нашими курсами долларов так вот что я обнаружил за дня фатальное это тачскрин он плохо реагирует на мои крупные пальцы представьте большой экран должен быть удобен людям с большими руками так нет на айфоне se нормально на сяоми нормально здесь пропускает нажатия
POSITIVE,"Удобный, бюджетный смартфон. Взяла, в основном, чтобы писать смски, звонить и изредка использовать вай фай. Зарядка держится весь день, если особо не трогать-то до нескольких дней. Даже в небольшой женской руке лежит удобно. Не сильно мощный, в крутые игры играть будет некомфортно: все будет тормозить и зависать. Хотя интернет летает хорошо. Вообщем, смартфон, для тех, кто не пользуется лишними наворотами и не хочет переплачивать.  Мне нравится.",449,66,8,0,0,8,0.017817371937639197,56.125,0,0,"(404.0, 452.0]",1,удобный бюджетный смартфон взяла в основном чтобы писать смски звонить и изредка использовать вай фай зарядка держится весь день если особо не трогать то до нескольких дней даже в небольшой женской руке лежит удобно не сильно мощный в крутые игры играть будет некомфортно все будет тормозить и зависать хотя интернет летает хорошо вообщем смартфон для тех кто не пользуется лишними наворотами и не хочет переплачивать мне нравится
NEGATIVE,"никогда, ни при каких обстоятельствах такой телефон не посоветую!!!!!!!!!!",74,9,1,10,0,0,0.0,74.0,0,0,"(68.0, 116.0]",-1,никогда ни при каких обстоятельствах такой телефон не посоветую
NEUTRAL,"Если смарт нужен для работы, посмотреть пробки, или отвлечься в поезде посмотреть кино/послушать музыку, а не гонять покемонов, нормальный аппарат.  Единственное замечу, у китайцев и корейцев разьём usb в аппарате сделан в виде продолжения печатной платы. Нокию свою я не разбирал, но чую одним местом сейчас все так делают. Так что лучше не усердствовать и вставленный кабель лишний раз не изгибать. Иначе либо замена платы в сервисе, либо к франкенштейну под микроскопом восстанавливать.",489,73,5,0,0,5,0.010224948875255624,97.8,0,0,"(452.0, 500.0]",0,если смарт нужен для работы посмотреть пробки или отвлечься в поезде посмотреть кино послушать музыку а не гонять покемонов нормальный аппарат единственное замечу у китайцев и корейцев разьём usb в аппарате сделан в виде продолжения печатной платы нокию свою я не разбирал но чую одним местом сейчас все так делают так что лучше не усердствовать и вставленный кабель лишний раз не изгибать иначе либо замена платы в сервисе либо к франкенштейну под микроскопом восстанавливать
NEUTRAL,"Это мой первый телефон, покупал чтобы быть на связи с близкими и исключительно, чтобы послушать музыку. Так что меломанов телефон самое то.",139,22,2,0,0,2,0.014388489208633094,69.5,0,0,"(116.0, 164.0]",0,это мой первый телефон покупал чтобы быть на связи с близкими и исключительно чтобы послушать музыку так что меломанов телефон самое то
NEUTRAL,"С MIUI 11 особенно прожорлив стал, батарея порой в середине дня уже садится Использую только яндекс карты, Телеграм и Strava",124,20,0,0,0,8,0.06451612903225806,124.0,0,0,"(116.0, 164.0]",0,с miui особенно прожорлив стал батарея порой в середине дня уже садится использую только яндекс карты телеграм и strava
NEGATIVE,"Сразу скажу, что к телефону я относился очень осторожно. прежде чем положить, я думал куда положить.Через месяц использования отклеился в углу экран в верхней части (именно экран). Через два месяца все верхняя часть экрана отошла, а задняя панель также начала отклеиваться в районе камеры. Видимо из на рушения ""водонепроницаемости"" перестал работать верхний динамик.",367,53,5,0,0,4,0.010899182561307902,73.4,0,0,"(356.0, 404.0]",-1,сразу скажу что к телефону я относился очень осторожно прежде чем положить я думал куда положить через месяц использования отклеился в углу экран в верхней части именно экран через два месяца все верхняя часть экрана отошла а задняя панель также начала отклеиваться в районе камеры видимо из на рушения водонепроницаемости перестал работать верхний динамик
POSITIVE,"Офигенная мобила!!!! Всем рекомендую. За свои 1.5 года с момента продаж цена на нее более чем реальная. Вот почитал отзывы и решил тоже посмотреть. Посмотрел и ... купил! Хоть и говорили в Связном, что ""Старая модель! Зачема она Вам, лучше посмотрите что-нить другое..."" Ничаво подобного! Отличный аппаратик. Рекомендую.",320,48,12,7,0,13,0.040625,26.666666666666668,0,0,"(308.0, 356.0]",1,офигенная мобила всем рекомендую за свои года с момента продаж цена на нее более чем реальная вот почитал отзывы и решил тоже посмотреть посмотрел и купил хоть и говорили в связном что старая модель зачема она вам лучше посмотрите что нить другое ничаво подобного отличный аппаратик рекомендую
NEGATIVE,"Телефон проработал 11 месяцев. Постепенно пошли косяки....перезагрузки, гаснущий экран, потеря связи, отвалилась кнопка м-тач. Полтора месяца телефон пролежал в СЦ. Вердикт- неремонтопригоден. Рад тому, что деньги вернули.",222,27,6,0,0,7,0.03153153153153153,37.0,0,0,"(212.0, 260.0]",-1,телефон проработал месяцев постепенно пошли косяки перезагрузки гаснущий экран потеря связи отвалилась кнопка м тач полтора месяца телефон пролежал в сц вердикт неремонтопригоден рад тому что деньги вернули
NEUTRAL,"В целом неплохой аппарат, поставил 4, скинув на глюк передачи данных. Звук мне не критичен, музыку через внешние динамики не слушаюКамера тоже не очень важна, только сам факт наличия, чтобы снять что-то интересное, если под рукой нет нормального фотоаппарата. К компьютеру может подключаться как куча устройств: в выключенном состояниии как внешний накопитель, при установленном драйвере - как мультимедийное устройство и с полным доступом ко всем функциям.",457,66,3,0,0,4,0.0087527352297593,152.33333333333334,0,0,"(452.0, 500.0]",0,в целом неплохой аппарат поставил скинув на глюк передачи данных звук мне не критичен музыку через внешние динамики не слушаюкамера тоже не очень важна только сам факт наличия чтобы снять что то интересное если под рукой нет нормального фотоаппарата к компьютеру может подключаться как куча устройств в выключенном состояниии как внешний накопитель при установленном драйвере как мультимедийное устройство и с полным доступом ко всем функциям
NEGATIVE,"телефоном очень не доволен, очень злой стал после его использования. Я считаю что именно такие непродуманные как это, портят репутацию ОС Андроид. Если собираетесь брать, то берите за 4тыс. максимум, и то ради звонилки и не очень удобного серфа в интернете.",257,41,4,0,0,5,0.019455252918287938,64.25,0,0,"(212.0, 260.0]",-1,телефоном очень не доволен очень злой стал после его использования я считаю что именно такие непродуманные как это портят репутацию ос андроид если собираетесь брать то берите за тыс максимум и то ради звонилки и не очень удобного серфа в интернете
NEUTRAL,"Хороший смартфон-внедорожник. Пока что это флагман от Runbo… внутри довольно неплохая начинка, как для защищенных смартов. Сенсор реагирует отлично, стекло… пишут что горилла-2, по ощущениям похоже, специально не царапал. Навигация работает отлично, топографическим критинизмом модель не страдает))) сначала испугался, что внизу порт не защищен, думал что заглушку не положили… меня успокоили, что это так и задумано, он не будет ржаветь и воду внутрь не пустит.",462,65,4,0,0,5,0.010822510822510822,115.5,0,0,"(452.0, 500.0]",0,хороший смартфон внедорожник пока что это флагман от runbo внутри довольно неплохая начинка как для защищенных смартов сенсор реагирует отлично стекло пишут что горилла по ощущениям похоже специально не царапал навигация работает отлично топографическим критинизмом модель не страдает сначала испугался что внизу порт не защищен думал что заглушку не положили меня успокоили что это так и задумано он не будет ржаветь и воду внутрь не пустит
NEUTRAL,"Как-то случилось набирать сообщение мокрыми пальцами, вода попала под кнопки и они перестали работать, кроме самой верхней - нопки выключения... Месяц телефон провалялся в бездействии и я подумал, что его можно выкинуть, но не тут-то было! Решил его оживить: промыл кнопки спиртом, немного залил щели между ними, перепрошил и все теперь снова работает! Только вот на цифру ""2"" приходится нажимать чуть сильнее...",412,62,4,2,0,4,0.009708737864077669,103.0,0,0,"(404.0, 452.0]",0,как то случилось набирать сообщение мокрыми пальцами вода попала под кнопки и они перестали работать кроме самой верхней нопки выключения месяц телефон провалялся в бездействии и я подумал что его можно выкинуть но не тут то было решил его оживить промыл кнопки спиртом немного залил щели между ними перепрошил и все теперь снова работает только вот на цифру приходится нажимать чуть сильнее
NEGATIVE,Samsung и есть samsung,22,4,0,0,0,1,0.045454545454545456,22.0,0,0,"(19.52, 68.0]",-1,samsung и есть samsung
NEGATIVE,"В Samsung на уровне прошивки в данном аппарате, в отличие от предыдущих, заблокировали возможность записи телефонных разговоров -- даже сторонними программами. Ответ службы поддержки в духе ""отвалите"" -- с попыткой сослаться на ""политику Google и законодательство"". Это ужасно! В нашей стране запись разговоров НЕ ЗАПРЕЩЕНА. Не для всех это плохая новость, конечно, но для многих этот функционал весьма важен.",409,59,5,1,0,18,0.044009779951100246,81.8,0,0,"(404.0, 452.0]",-1,в samsung на уровне прошивки в данном аппарате в отличие от предыдущих заблокировали возможность записи телефонных разговоров даже сторонними программами ответ службы поддержки в духе отвалите с попыткой сослаться на политику google и законодательство это ужасно в нашей стране запись разговоров не запрещена не для всех это плохая новость конечно но для многих этот функционал весьма важен
NEGATIVE,"До этого использовал двухсимочный самсунг 3322Брал телефон с четкими критериями - работа с двумя симками, постоянные звонки, СМС, фонарик, камера.В итоге оказалось что работа с двумя симками стала просто большой проблемой.",222,31,2,0,0,6,0.02702702702702703,111.0,0,0,"(212.0, 260.0]",-1,до этого использовал двухсимочный самсунг брал телефон с четкими критериями работа с двумя симками постоянные звонки смс фонарик камера в итоге оказалось что работа с двумя симками стала просто большой проблемой
POSITIVE,"служил верой и правдой 4,5 года, выдержал несколько серьезных падений, но в итоге челюсть лабрадора оказалась сильней :)",120,18,0,0,0,0,0.0,120.0,0,0,"(116.0, 164.0]",1,служил верой и правдой года выдержал несколько серьезных падений но в итоге челюсть лабрадора оказалась сильней
POSITIVE,"Очень удачная модель, характеристики практически идеальны для комфортного пользования (постепенно начинает не хватать размера экрана), с большинством мелких проблемок спокойно можно мириться.",191,22,1,0,0,1,0.005235602094240838,191.0,0,0,"(164.0, 212.0]",1,очень удачная модель характеристики практически идеальны для комфортного пользования постепенно начинает не хватать размера экрана с большинством мелких проблемок спокойно можно мириться
NEUTRAL,"Такая труба подходит для простых людей, кому ненужен ""навороченый"" смартфон. Так то подходит и для неособых игр, для музыки хорош) для соц. сетей пойдет. Телефон не мой, брал для тестирования у сестры.",201,32,4,0,0,3,0.014925373134328358,50.25,0,0,"(164.0, 212.0]",0,такая труба подходит для простых людей кому ненужен навороченый смартфон так то подходит и для неособых игр для музыки хорош для соц сетей пойдет телефон не мой брал для тестирования у сестры
NEGATIVE,"в целом мне телефон понравился если бы не несколько, но! 1. очень слабая батарея, 2. не удачная клавиатура для набора (мелкие кнопки, нет вибро отклика, не предус мотрен интеллектуальный ввод), похая организация телефонной книги.  Но все это мелочи по сравнению с бедой которую сотварил этот телефон, за всего 3 недели экспуатации он уже, непонятным образом, убил 3 microSD карты с нужными мне файлами. Первая карта (32гб сандиск прожила в нем 2 недели, остальные работали по 1му дню.",484,77,6,1,0,4,0.008264462809917356,80.66666666666667,0,0,"(452.0, 500.0]",-1,в целом мне телефон понравился если бы не несколько но очень слабая батарея не удачная клавиатура для набора мелкие кнопки нет вибро отклика не предус мотрен интеллектуальный ввод похая организация телефонной книги но все это мелочи по сравнению с бедой которую сотварил этот телефон за всего недели экспуатации он уже непонятным образом убил microsd карты с нужными мне файлами первая карта гб сандиск прожила в нем недели остальные работали по му дню
POSITIVE,"Уже писал отзыв в мае прошлого года, почти год прошёл. За это время аппарат плавно перешёл из разряда игрушек к функциональному аппарату. Критичного не было ничего за всё время эксплуатации. Отлично перенёс жирные руки, грязь, повышенную влажность (читал книгу в закрытой ванной) Никогда не пользовался чехлом (часто не удобно бывает доставать), то своей притягательности аппарат не потерял. Протёр платочком и всё сияет как в первый день.",439,66,5,0,0,6,0.01366742596810934,87.8,0,0,"(404.0, 452.0]",1,уже писал отзыв в мае прошлого года почти год прошёл за это время аппарат плавно перешёл из разряда игрушек к функциональному аппарату критичного не было ничего за всё время эксплуатации отлично перенёс жирные руки грязь повышенную влажность читал книгу в закрытой ванной никогда не пользовался чехлом часто не удобно бывает доставать то своей притягательности аппарат не потерял протёр платочком и всё сияет как в первый день
POSITIVE,"OnePlus One взял на смену Meizu MX4 PRO 32gb. так что проведу краткое сравнение. основная причина замены - память + примитивная и глючная оболочка FLYME от Meizu, 32гб. на мейзу не хватало вообще.1 фото 15-20мб. видеоролик в 10 мин. 1-2гб. Но по многим аспектам Oneplus проигрывает 1. дисплей: у мейзу рамки дисплея очень тонкие, восприятие совсем иное. мин. и макс.",366,60,11,0,0,17,0.04644808743169399,33.27272727272727,0,0,"(356.0, 404.0]",1,oneplus one взял на смену meizu mx pro gb так что проведу краткое сравнение основная причина замены память примитивная и глючная оболочка flyme от meizu гб на мейзу не хватало вообще фото мб видеоролик в мин гб но по многим аспектам oneplus проигрывает дисплей у мейзу рамки дисплея очень тонкие восприятие совсем иное мин и макс
NEUTRAL,просто телефон..с недостатками..,32,3,2,0,0,0,0.0,16.0,0,0,"(19.52, 68.0]",0,просто телефон с недостатками
NEGATIVE,"К сожалению, этот телефон ни стоит ни копейки потраченных на него денег, что весьма обидно. Хотите хорошую батарейку на несколько месяцев - покупайте самый дешевый филиппс или присмотритесь к другим аппаратам. А то от этого, у вас или вашей любимой будут одни расстройства. Т_Т",277,44,3,0,0,5,0.018050541516245487,92.33333333333333,0,0,"(260.0, 308.0]",-1,к сожалению этот телефон ни стоит ни копейки потраченных на него денег что весьма обидно хотите хорошую батарейку на несколько месяцев покупайте самый дешевый филиппс или присмотритесь к другим аппаратам а то от этого у вас или вашей любимой будут одни расстройства т_т
NEGATIVE,"Жалею о потраченных деньгах, на первый взгляд телефон такой классный, вин 7 в чем-то очень понравилась, но пропущенные звонки и слабый разговорный динамик все портят. До этого были только нокии(3230,7610,н70,н91,н79), теперь же я в полном замешательстве, что мне купить..",271,39,2,0,0,2,0.007380073800738007,135.5,0,0,"(260.0, 308.0]",-1,жалею о потраченных деньгах на первый взгляд телефон такой классный вин в чем то очень понравилась но пропущенные звонки и слабый разговорный динамик все портят до этого были только нокии н н н теперь же я в полном замешательстве что мне купить
NEUTRAL,"Прочитав много отзывов о телефоне,решила написать и своих впечатлениях.Телефон быстрый и хороший. меня подталкивали на покупку ныне популярного samsung`а star`а . Как хорошо что я стояла но своем.Сейчас конечно хочется тел с кверти клавой,но это не сильное желание.Абсолютно довольна покупкой. Отличный смарт за отличную цену.",326,45,7,0,0,6,0.018404907975460124,46.57142857142857,0,0,"(308.0, 356.0]",0,прочитав много отзывов о телефоне решила написать и своих впечатлениях телефон быстрый и хороший меня подталкивали на покупку ныне популярного samsung а star а как хорошо что я стояла но своем сейчас конечно хочется тел с кверти клавой но это не сильное желание абсолютно довольна покупкой отличный смарт за отличную цену
NEUTRAL,"Не считая подвисаний, телефон мне нравится. Думаю, это хороший и недорогой вариант сенсорного телефона.",103,14,2,0,0,2,0.019417475728155338,51.5,0,0,"(68.0, 116.0]",0,не считая подвисаний телефон мне нравится думаю это хороший и недорогой вариант сенсорного телефона
POSITIVE,"До сих пор пользуюсь этим телефоном и расставаться желания нет. Есть у меня, как принято говорить, ""лопата"". Её использую для развлечений. А вот 1100 как средство связи. Все таки телефон - это не игрушка. Мало ли какая ситуация, а у тебя ""села батарея"". Поэтому я и предпочитаю простые и надежные модели. Нечему там ломаться. Столько лет уже у меня, столько телефонов было после него, но сама эта нокия до сих пор со мной.",422,73,9,0,0,9,0.02132701421800948,46.888888888888886,0,0,"(404.0, 452.0]",1,до сих пор пользуюсь этим телефоном и расставаться желания нет есть у меня как принято говорить лопата её использую для развлечений а вот как средство связи все таки телефон это не игрушка мало ли какая ситуация а у тебя села батарея поэтому я и предпочитаю простые и надежные модели нечему там ломаться столько лет уже у меня столько телефонов было после него но сама эта нокия до сих пор со мной
NEUTRAL,"Неплохой аппарат, несмотря на свою медлительность, хорош для работы, бизнеса, просмотра интернет страниц, удобно смотреть видео, фото,хорошая камера, довольно удобный, хотя модель вышла в 2007 году, до сих пор может конкурировать с нынешними телефонами достаточно высокого класса!!! Всем кто пожелает купить этот телефон, не поленитесь, найдите его!",349,47,2,4,0,2,0.0057306590257879654,174.5,0,0,"(308.0, 356.0]",0,неплохой аппарат несмотря на свою медлительность хорош для работы бизнеса просмотра интернет страниц удобно смотреть видео фото хорошая камера довольно удобный хотя модель вышла в году до сих пор может конкурировать с нынешними телефонами достаточно высокого класса всем кто пожелает купить этот телефон не поленитесь найдите его
NEUTRAL,"За 6 тысяч рублей аппарат можно было бы назвать идеальной рабочей лошадкой, если бы не аккумулятор.",99,16,1,0,0,1,0.010101010101010102,99.0,0,0,"(68.0, 116.0]",0,за тысяч рублей аппарат можно было бы назвать идеальной рабочей лошадкой если бы не аккумулятор
NEUTRAL,"Очень хороший телефон, маленький, удобный, 3 сменные крышки, можно менять под любой наряд.... рада что купила...",112,16,2,0,0,1,0.008928571428571428,56.0,0,0,"(68.0, 116.0]",0,очень хороший телефон маленький удобный сменные крышки можно менять под любой наряд рада что купила
POSITIVE,"Купил две недели назад за 800 рублей. В тот же день зарядил аккумулятор и он еще не разрядился! Очень удобный и компактный. Гнездо наушников/зарядки закрыто заглушкой (пыль и грязь не набьются).Умеет звонить и писать SMS и делает это отлично.Сначала хотел купить телефон в районе 10000 р. Потом передумал. На эти деньги можно купить, например:вариант 1.",353,55,8,1,0,11,0.031161473087818695,44.125,0,0,"(308.0, 356.0]",1,купил две недели назад за рублей в тот же день зарядил аккумулятор и он еще не разрядился очень удобный и компактный гнездо наушников зарядки закрыто заглушкой пыль и грязь не набьются умеет звонить и писать sms и делает это отлично сначала хотел купить телефон в районе р потом передумал на эти деньги можно купить например вариант
POSITIVE,"в отзывах уже много написано про этот телефон, в большинстве своём положительного. От себя добавлю то, что не описано ни в одном обзоре: если покупаете ""евросерт"" с док-станцией, то установленный в неё телефон превращается в стильные настольные часы с будильником или фоторамку с музыкальным сопровождением. Благодаря такому ""гениальному"" решению Вы не забудете, придя домой, установить телефон в док-станцию и избавите себя от основной, наверное, проблемы данного телефона - слабенькой батареи.",495,70,3,0,0,3,0.006060606060606061,165.0,0,0,"(452.0, 500.0]",1,в отзывах уже много написано про этот телефон в большинстве своём положительного от себя добавлю то что не описано ни в одном обзоре если покупаете евросерт с док станцией то установленный в неё телефон превращается в стильные настольные часы с будильником или фоторамку с музыкальным сопровождением благодаря такому гениальному решению вы не забудете придя домой установить телефон в док станцию и избавите себя от основной наверное проблемы данного телефона слабенькой батареи
POSITIVE,"Отличный аппарат за свои деньги. Проц хоть и меньше чем у самсунг ноте, однако я тормозов не заметил. Яркий дисплей.",116,20,3,0,0,3,0.02586206896551724,38.666666666666664,0,0,"(68.0, 116.0]",1,отличный аппарат за свои деньги проц хоть и меньше чем у самсунг ноте однако я тормозов не заметил яркий дисплей
NEUTRAL,"как правильно сказали смотря как обращатся так он и будет выглядеть, насчет тормозов с картой памяти гон, у меня стоит на 2гб грузится мнговенно!, но малость уже поднадоел=)",173,28,1,1,0,0,0.0,173.0,0,0,"(164.0, 212.0]",0,как правильно сказали смотря как обращатся так он и будет выглядеть насчет тормозов с картой памяти гон у меня стоит на гб грузится мнговенно но малость уже поднадоел
NEGATIVE,"Телефон радовал, но недолго: (((((куплены 2 аппарата в июне. официальные, европейцы 8 гб, модем 23. первый заглючил еще в августе на стоке 4.2: попытка позвонить-связи нет-отбой-и этот звонок виснет наглухо, телефон ""вне зоны""-лечится только перезагрузкой. сначала изредка, потом ежедневно, а то и не по разу.  перепрошил на сток 4.4 226.",338,50,7,0,0,1,0.0029585798816568047,48.285714285714285,0,0,"(308.0, 356.0]",-1,телефон радовал но недолго куплены аппарата в июне официальные европейцы гб модем первый заглючил еще в августе на стоке попытка позвонить связи нет отбой и этот звонок виснет наглухо телефон вне зоны лечится только перезагрузкой сначала изредка потом ежедневно а то и не по разу перепрошил на сток
POSITIVE,Я довольна покупкой!) ни разу не пожалела)),43,7,1,1,0,1,0.023255813953488372,43.0,0,0,"(19.52, 68.0]",1,я довольна покупкой ни разу не пожалела
NEUTRAL,"Купила аппарат около месяца назад, на замену xperia Neo. Из плюсов:  - шустрый, хорошее железо за такую цену (покупала за 15к, бирюзовый, т.к.",142,23,3,0,0,3,0.02112676056338028,47.333333333333336,0,0,"(116.0, 164.0]",0,купила аппарат около месяца назад на замену xperia neo из плюсов шустрый хорошее железо за такую цену покупала за к бирюзовый т к
NEUTRAL,"С карточкой на 4Гб полет нормальный. Брался из КНР за 2600, дороговато, ему красная цена 1800. Не тормозит, брался как звонилка, с 2мя симками на дроиде. Твердая троечка.",170,28,4,0,0,8,0.047058823529411764,42.5,0,0,"(164.0, 212.0]",0,с карточкой на гб полет нормальный брался из кнр за дороговато ему красная цена не тормозит брался как звонилка с мя симками на дроиде твердая троечка
POSITIVE,"Пользуюсь несколько дней, перешел с Windows phone. Аппарат подбирал долго, все что мне нужно есть. Напишу по пунктам: Размер - рука у меня большая, проблем нет. Корпус не скользкий, но многие отмечают что скользкий. Качество сборки хорошее, претензий нет. Экран - качество приемлимое, углы обзора хорошие, прошлый аппарат был 5', поэтому проблем восприятия нет. НИКОГДА не выставляйте яркость на максимум - очень яркий экран, глаза вытекают.",441,66,7,0,0,15,0.034013605442176874,63.0,0,0,"(404.0, 452.0]",1,пользуюсь несколько дней перешел с windows phone аппарат подбирал долго все что мне нужно есть напишу по пунктам размер рука у меня большая проблем нет корпус не скользкий но многие отмечают что скользкий качество сборки хорошее претензий нет экран качество приемлимое углы обзора хорошие прошлый аппарат был поэтому проблем восприятия нет никогда не выставляйте яркость на максимум очень яркий экран глаза вытекают
POSITIVE,Подарил папа на ДР. Очень рада была. Всегда хотела тач-скрин. Папиным выбором очень довольна. Если держать в чехле - совсем не царапается (у меня ещё ни одной царапинки. Пользуюсь с ноября). Оч люблю свой телефон) Советую всем его. Точно не пожалеете))),253,41,7,0,0,11,0.043478260869565216,36.142857142857146,0,0,"(212.0, 260.0]",1,подарил папа на др очень рада была всегда хотела тач скрин папиным выбором очень довольна если держать в чехле совсем не царапается у меня ещё ни одной царапинки пользуюсь с ноября оч люблю свой телефон советую всем его точно не пожалеете
NEGATIVE,"Телефон с виду очень симпатичный и интересный, но по факту быстро ломающийся, мало эффективный и не самый удобный в использовании",129,20,0,0,0,1,0.007751937984496124,129.0,0,0,"(116.0, 164.0]",-1,телефон с виду очень симпатичный и интересный но по факту быстро ломающийся мало эффективный и не самый удобный в использовании
NEUTRAL,"сначала купила телефон, а потом прочитала комментарии и ужаснулась.... неужели выкинула 7 штук в помойку? оказалось всё не так плохо... в целом я довольна, правда чуть не убилась пока установила и настроила джим, но может это потому что я профан в этом деле. на кнопки теперь нажимаю без ногтя, пока все целы. вообщем всё очень миленько на мой взгляд.",351,59,6,0,1,0,0.0,58.5,0,0,"(308.0, 356.0]",0,сначала купила телефон а потом прочитала комментарии и ужаснулась неужели выкинула штук в помойку оказалось всё не так плохо в целом я довольна правда чуть не убилась пока установила и настроила джим но может это потому что я профан в этом деле на кнопки теперь нажимаю без ногтя пока все целы вообщем всё очень миленько на мой взгляд
NEGATIVE,"Ну как вы уже догадались, мой отзыв крайне негативный по отношению к Айфонам, но я не преследую цель поливать грязью это устройство...все на основе собственного опыта, айфонам не владел лично, директор пару раз в неделю дает ему там закинуть фотки, музыку и т.д....по началу хотел себе айфон, но после моих мучений с ТЮНСОМ, с этой синхронизацией....боже упаси! врагу его можно пожелать...не более.",398,62,7,1,0,8,0.020100502512562814,56.857142857142854,0,0,"(356.0, 404.0]",-1,ну как вы уже догадались мой отзыв крайне негативный по отношению к айфонам но я не преследую цель поливать грязью это устройство все на основе собственного опыта айфонам не владел лично директор пару раз в неделю дает ему там закинуть фотки музыку и т д по началу хотел себе айфон но после моих мучений с тюнсом с этой синхронизацией боже упаси врагу его можно пожелать не более
POSITIVE,Подарила дочке на НГ 2018.,26,5,1,0,0,3,0.11538461538461539,26.0,0,0,"(19.52, 68.0]",1,подарила дочке на нг
POSITIVE,"Вместо простенького сломавшегося Fly купили Micromax A190, который тут же бесславно утонул и умер. Пошел муж и купил вот этот. (К чему это предисловие - чтоб было понятно, с чем я сравниваю.) Так вот, я очень довольна этой машинкой, не тормозит, очень удобная прошивка, настроек множество, даже в руке лежит удобно по сравнению с кирпичом Micromax. Работаю часто на телефоне, и с СМС-ками. Поставили Nova-лаунчер, и все прекрасно. В общем, довольна как слон.",458,73,7,0,0,15,0.03275109170305677,65.42857142857143,0,0,"(452.0, 500.0]",1,вместо простенького сломавшегося fly купили micromax a который тут же бесславно утонул и умер пошел муж и купил вот этот к чему это предисловие чтоб было понятно с чем я сравниваю так вот я очень довольна этой машинкой не тормозит очень удобная прошивка настроек множество даже в руке лежит удобно по сравнению с кирпичом micromax работаю часто на телефоне и с смс ками поставили nova лаунчер и все прекрасно в общем довольна как слон
NEUTRAL,"в 3110 динамик мощнее чем в 3120, но лучше взять другой!!",57,11,1,2,0,0,0.0,57.0,0,0,"(19.52, 68.0]",0,в динамик мощнее чем в но лучше взять другой
POSITIVE,Очень понравилась эта модель особенно после эксплуатации предыдущей модели.,75,9,1,0,0,1,0.013333333333333334,75.0,0,0,"(68.0, 116.0]",1,очень понравилась эта модель особенно после эксплуатации предыдущей модели
NEUTRAL,"Вообще телефон очень хорош, интерфейс удобен, дисплей только радует, wi-fi работает без нареканий, BT также, 3,5 мм джек позволяет использовать любимые наушники, блокировка телефона очень удобна(нажимаешь клавишу блокировки и ждешь пару секунд пока экран погаснет, кладешь в карман и он ни при каких обстоятельствах не разблокируется). Качество сборки выполнено на отлично. Советую брать серый с оранжевыми вставками, так как он матовый.Единственно, GPS разочаровал, но его не так часто используешь.",499,69,4,0,0,9,0.018036072144288578,124.75,0,0,"(452.0, 500.0]",0,вообще телефон очень хорош интерфейс удобен дисплей только радует wi fi работает без нареканий bt также мм джек позволяет использовать любимые наушники блокировка телефона очень удобна нажимаешь клавишу блокировки и ждешь пару секунд пока экран погаснет кладешь в карман и он ни при каких обстоятельствах не разблокируется качество сборки выполнено на отлично советую брать серый с оранжевыми вставками так как он матовый единственно gps разочаровал но его не так часто используешь
NEGATIVE,"Я купилась на дешевизну этого телефона. Да, с начала (первые 2-3 месяца), он меня устраивал, даже очень нравился. Но в последствии эксплуатации, я пожалела, что купила его. Всегда недолюбливала самсунги, но этот так понравился (опять же из за внешнего вида, у меня белый), решила попробовать. Больше с ними никогда не хочу связываться.   Теперь хочу приобрести Nokia C6, такой телефон есть у многих знакомых, очень нравится, все хвалят.",436,67,6,0,0,8,0.01834862385321101,72.66666666666667,0,0,"(404.0, 452.0]",-1,я купилась на дешевизну этого телефона да с начала первые месяца он меня устраивал даже очень нравился но в последствии эксплуатации я пожалела что купила его всегда недолюбливала самсунги но этот так понравился опять же из за внешнего вида у меня белый решила попробовать больше с ними никогда не хочу связываться теперь хочу приобрести nokia c такой телефон есть у многих знакомых очень нравится все хвалят
NEUTRAL,"Неплохой, бюджетный смартфон, который стоит своих денег!Если бы не батарея, был бы идеальным.",93,13,2,1,0,2,0.021505376344086023,46.5,0,0,"(68.0, 116.0]",0,неплохой бюджетный смартфон который стоит своих денег если бы не батарея был бы идеальным
NEUTRAL,"Если смотреть на него как на замену уже имеющегося P1, то не стоит. А если нужен долгоиграющий телефон,то выбор не так велик, если не рассматривать всякие  Oukitel и Ulefone. Из линейки Asus Zenfone с похожими характеристиками дороже из-за камеры.",247,39,3,0,0,8,0.032388663967611336,82.33333333333333,0,0,"(212.0, 260.0]",0,если смотреть на него как на замену уже имеющегося p то не стоит а если нужен долгоиграющий телефон то выбор не так велик если не рассматривать всякие oukitel и ulefone из линейки asus zenfone с похожими характеристиками дороже из за камеры
POSITIVE,"Брал на смену ZTE nubia z9 Max 5,5"", до этого был Samsung note2. В карман помещается отлично, если ты - дядька 120кг весом и джинсы с нормальными карманами. Привык за 2 дня, теперь и 5,5"" лопаты кажутся, как игрушки детские. Берите, не пожалеете.",246,43,4,0,0,9,0.036585365853658534,61.5,0,0,"(212.0, 260.0]",1,брал на смену zte nubia z max до этого был samsung note в карман помещается отлично если ты дядька кг весом и джинсы с нормальными карманами привык за дня теперь и лопаты кажутся как игрушки детские берите не пожалеете
NEUTRAL,для шумного мегаполиса телефон как раз,38,6,0,0,0,0,0.0,38.0,0,0,"(19.52, 68.0]",0,для шумного мегаполиса телефон как раз
NEGATIVE,"Шикарный аппарат, давно ждал официальных продаж именно модификации на 64 гига, купил, доволен как слон(^_^) Это мой второй Мейзу, 2 года до этого ходил с MX5, потом на несколько месяцев поменял его на Sony XA1 Plus, который на 10 тысяч дороже этого - исплевался весь, более убогого аппарата и оболочки невозможно было придумать.... M6s значительно превосходит Сони во всём, разве что сканер отпечатка чуть более задумчив, не так быстро срабатывает.... В остальном же Мейзу на порядок лучше.",490,77,3,0,0,13,0.026530612244897958,163.33333333333334,0,0,"(452.0, 500.0]",-1,шикарный аппарат давно ждал официальных продаж именно модификации на гига купил доволен как слон _ это мой второй мейзу года до этого ходил с mx потом на несколько месяцев поменял его на sony xa plus который на тысяч дороже этого исплевался весь более убогого аппарата и оболочки невозможно было придумать m s значительно превосходит сони во всём разве что сканер отпечатка чуть более задумчив не так быстро срабатывает в остальном же мейзу на порядок лучше
NEGATIVE,"Через 4 месяца работы - пришлось его отдать гарантийный в ремонт, т.к. сначала начал сильно глючить, потом перестал вообще включаться. ремонтировали 20 дней, но и после получения из ремонта пришлось еще 3 раза возвращаться обратно в сервисный центр для переделки. Была троекратная замента экрана. Сейчас прошел месяц после последнего ремонта - периодически глючит, хоть и его перепрошили последней версией ПО.",409,60,6,0,0,5,0.012224938875305624,68.16666666666667,0,0,"(404.0, 452.0]",-1,через месяца работы пришлось его отдать гарантийный в ремонт т к сначала начал сильно глючить потом перестал вообще включаться ремонтировали дней но и после получения из ремонта пришлось еще раза возвращаться обратно в сервисный центр для переделки была троекратная замента экрана сейчас прошел месяц после последнего ремонта периодически глючит хоть и его перепрошили последней версией по
POSITIVE,"Телефоном очень доволен. Выбирал между флагманами и выбрал именно его. Не скажу точно почему, скорее всего он пленил меня именно дизайном и фирменным чехлом. Хотел изначально телефон с защитой, потом задумался надо ли оно мне - ведь сейчас продается множество защитных чехлов с показателями защиты лучше чем у Xperia Z2 и Galaxy. Камера да, всего 4Мп, но зато каких - и в плохих и в хороших условиях освещения снимки получаются очень и очень хорошими.",451,74,5,0,0,9,0.019955654101995565,90.2,0,0,"(404.0, 452.0]",1,телефоном очень доволен выбирал между флагманами и выбрал именно его не скажу точно почему скорее всего он пленил меня именно дизайном и фирменным чехлом хотел изначально телефон с защитой потом задумался надо ли оно мне ведь сейчас продается множество защитных чехлов с показателями защиты лучше чем у xperia z и galaxy камера да всего мп но зато каких и в плохих и в хороших условиях освещения снимки получаются очень и очень хорошими
NEGATIVE,"Аппарат недорогой, но очень хрупкий, недолговечный и неудобный т.к. таскать с собой зарядники и запасные блоки питания приходится постоянно. У меня были Nokia, которые в разы дешевле и неубиваемые, держащие до двух дней заряд, так что взяла ASUS и разочаровалась.",263,40,4,0,0,7,0.026615969581749048,65.75,0,0,"(260.0, 308.0]",-1,аппарат недорогой но очень хрупкий недолговечный и неудобный т к таскать с собой зарядники и запасные блоки питания приходится постоянно у меня были nokia которые в разы дешевле и неубиваемые держащие до двух дней заряд так что взяла asus и разочаровалась
NEGATIVE,"приятная моделька, но в программе глюки очень неприятные",56,8,0,0,0,0,0.0,56.0,0,0,"(19.52, 68.0]",-1,приятная моделька но в программе глюки очень неприятные
NEGATIVE,"левых программ я не закачивала, только с плеймаркет. но его работа бесит до боли. дело в том, что мне все быстро надо делать, а тут пока что-то откроется так 100500 часов пройдет! я думала, что по работе этот телефон как нельзя лучше подойдет, но я ошиблась. буду менять!!! и никому не советую!",294,52,6,5,0,0,0.0,49.0,0,0,"(260.0, 308.0]",-1,левых программ я не закачивала только с плеймаркет но его работа бесит до боли дело в том что мне все быстро надо делать а тут пока что то откроется так часов пройдет я думала что по работе этот телефон как нельзя лучше подойдет но я ошиблась буду менять и никому не советую
POSITIVE,"Готова хвалить телефон круглые сутки.   Недостатки мелкие, поэтому они не портят общего впечатления о телефоне. Маркие сейчас почти все аппараты, тэто расплата за современный дизайн. Готова поменять лишь на Nokia E72.",217,31,4,0,0,6,0.027649769585253458,54.25,0,0,"(212.0, 260.0]",1,готова хвалить телефон круглые сутки недостатки мелкие поэтому они не портят общего впечатления о телефоне маркие сейчас почти все аппараты тэто расплата за современный дизайн готова поменять лишь на nokia e
POSITIVE,"В целом аппаратом доволен снимки с камеры вполне устраивают, удобно читать книжки, но андройд(при андройде 2.",109,16,1,0,0,1,0.009174311926605505,109.0,0,0,"(68.0, 116.0]",1,в целом аппаратом доволен снимки с камеры вполне устраивают удобно читать книжки но андройд при андройде
NEUTRAL,"Долго выбирал замену своему старому htc, пеоечитал горы отзывов, уже готов был брать htc one s, но наткнулся на этот. Покупкой доволен, соотношение цена качество пожалуй наилучшее из того что продаётся. Очень важна была камера, в итоге на айфон 5 она все же лучше. Но не сильно. Не на 10 тыс разницы. 2 сим работают хорошо, интернет удобен, планшет 7"" валяется теперь без дела. Одной рукой пользоваться вполне удобно.",417,69,7,0,0,6,0.014388489208633094,59.57142857142857,0,0,"(404.0, 452.0]",0,долго выбирал замену своему старому htc пеоечитал горы отзывов уже готов был брать htc one s но наткнулся на этот покупкой доволен соотношение цена качество пожалуй наилучшее из того что продаётся очень важна была камера в итоге на айфон она все же лучше но не сильно не на тыс разницы сим работают хорошо интернет удобен планшет валяется теперь без дела одной рукой пользоваться вполне удобно
NEGATIVE,"Телефон продают заражённым! После нескольких месяцев использования начала внезапно появляться блокирующая реклама, самостоятельно устанавливаются приложения, игры и прочая ненужная хрень. С каждым днём ситуация становилась всё хуже и хуже. Дошло до того, что даже в интернет нельзя выйти: как только начинаешь что-то писать сразу же реклама всё блокирует. Не раз попадала на деньги из-за того, что телефон сам что-то подключает. Никакие антивирусные программы не помогают.",472,65,6,1,0,6,0.012711864406779662,78.66666666666667,0,0,"(452.0, 500.0]",-1,телефон продают заражённым после нескольких месяцев использования начала внезапно появляться блокирующая реклама самостоятельно устанавливаются приложения игры и прочая ненужная хрень с каждым днём ситуация становилась всё хуже и хуже дошло до того что даже в интернет нельзя выйти как только начинаешь что то писать сразу же реклама всё блокирует не раз попадала на деньги из за того что телефон сам что то подключает никакие антивирусные программы не помогают
NEUTRAL,номер заказа 47427623,21,3,0,0,0,0,0.0,21.0,0,0,"(19.52, 68.0]",0,номер заказа
NEGATIVE,"Безобразная модель, до этого уже Doogee уже были, но после этого недоразумения эту марку больше брать не буду и ни кому не советую!",131,23,1,1,0,2,0.015267175572519083,131.0,0,0,"(116.0, 164.0]",-1,безобразная модель до этого уже doogee уже были но после этого недоразумения эту марку больше брать не буду и ни кому не советую
NEUTRAL,"плохо что батарея мало держит после просмотра одного кино батареи хватает ещё на 1-2 часа, плохо то что нет горячего извлечения FLASH карты потом приходится перенастраивать мелодию звонка и смс слава богу то что в будильнике не сбрасывается. очень слабенькая вибрация если идёшь по улице и чем нибудь увлечён и ещё в добавок включён режим без звука то всё можете подсчитывать пропущенные звонки. очень хорошо что есть стилус а то без него в асе плохо сидеть особенно если она для сенсерных.",490,81,3,0,0,5,0.01020408163265306,163.33333333333334,0,0,"(452.0, 500.0]",0,плохо что батарея мало держит после просмотра одного кино батареи хватает ещё на часа плохо то что нет горячего извлечения flash карты потом приходится перенастраивать мелодию звонка и смс слава богу то что в будильнике не сбрасывается очень слабенькая вибрация если идёшь по улице и чем нибудь увлечён и ещё в добавок включён режим без звука то всё можете подсчитывать пропущенные звонки очень хорошо что есть стилус а то без него в асе плохо сидеть особенно если она для сенсерных
POSITIVE,"Пользуюсь более полугода, абсолютно довольна. Тонкий, приятный на ощупь (у меня серый). Качественно собран (не люфтит, скрип появляется только при попытке ""перекрутить"" корпус, в первое время защёлки задней панели казались ненадёжными, но пока что они спокойно выдерживают все необходимые открывания и закрывания). Несколько раз случались зависания, но, думаю, это неизбежно при работе 24/7 и одновременном запуске кучи приложений. В остальном же работает шустро. Как к ""звонилке"" тоже нет нареканий.",500,69,6,0,0,6,0.012,83.33333333333333,0,0,"(452.0, 500.0]",1,пользуюсь более полугода абсолютно довольна тонкий приятный на ощупь у меня серый качественно собран не люфтит скрип появляется только при попытке перекрутить корпус в первое время защёлки задней панели казались ненадёжными но пока что они спокойно выдерживают все необходимые открывания и закрывания несколько раз случались зависания но думаю это неизбежно при работе и одновременном запуске кучи приложений в остальном же работает шустро как к звонилке тоже нет нареканий
