id,author,rating,text,neg,neu,pos,compound,sentiment_label,actual_sentiment,is_correct
1,Игорь,4,Обязательства выполняют с опозданием.,0.0,0.517,0.483,0.4215,Positive,Positive,True
2,Павел,1,"Оставить чаевые?! Вы это серьёзно!?

Удаляю это мобильное приложение!!! Прощайте.",0.214,0.786,0.0,-0.4075,Negative,Negative,True
3,Николай,1,Под видом подарков впихивают банковские кредитки. В бупло себе их забейте!!!,0.251,0.631,0.117,-0.6093,Negative,Negative,True
4,Ксения,5,Удобный интерфейс. Доставки товаров вовремя и проблем возврата товара,0.197,0.803,0.0,-0.4019,Negative,Positive,False
5,Игорь,1,Глючит и недает ничего заказать!,0.0,1.0,0.0,0.0,Neutral,Negative,False
6,Vladimir,1,Че за приколы? Связаться с оператором через приложение стало невозможно. Отвечает бот и не дает задать вопрос,0.063,0.872,0.065,0.0106,Neutral,Negative,False
7,Виктор,3,"Нормальное  более менее было приложение, пока не стали везде выскакивать чуть ли не требования о чаевых, будьте добры уберите это безобразие или как то минимизируйте. И ещё приложение стало подвисать частенько.",0.092,0.807,0.101,-0.1779,Negative,Neutral,False
8,Виталий,1,После таких обновлений не работает приложение,0.0,1.0,0.0,0.0,Neutral,Negative,False
9,Стас,1,Больше 20-и дней посылка лежит в пункте отправки без движения. В чате операторы отвечают шаблонами хуже чат-бота. Всем плевать на проблемы пользователя. Никому не советую отправлять посылки через ozon!,0.226,0.713,0.061,-0.7959,Negative,Negative,True
10,Дарья,2,"Очень неудобно, когда заказал несколько товаров, а потом на главной нужно на все товары сумму считать отдельно. Сделайте так, чтобы сумма ВСЕХ заказных товаром отображалась. Неудобно, что нет доставки товара, после прибытия в пункт выдачи. 
Подписка продливается сама, даже маячка никакого нет. Иногда даже если ее нет, лол. 
Розыгрыш - полный лохотрон. Этот заяц уже раздражает.
И про чаевые, ребят, вы совсем там что-ли? Повысьте зарплаты не за счет потребителя! И уберите везде эти надписи!",0.149,0.83,0.02,-0.9274,Negative,Negative,True
11,Виталий,2,"Исправьте уже страницу с заказами 
Непонятно на какую сумму заказы 
Интерфейс не удобный",0.1,0.9,0.0,-0.25,Negative,Negative,True
12,Дарья,1,"Нет никакой связи. Только дебильный чат бот, который не может решить реальную проблему. Эти их ""френли"" фразы ""оцените как мы решили проблему"" и ты пишешь, что никак вы  не решили, по итогу дальше этой оценки ничего не происходит. Просто  дежурная фраза 
Как вы можете работать так, что связаться с оператором невозможно ни в чате ни по горячей линии. Ужасно",0.136,0.782,0.083,-0.629,Negative,Negative,True
13,Анатолий,2,Верните статусы заказов на главной.,0.0,1.0,0.0,0.0,Neutral,Negative,False
14,Геннадий,1,"ОЗОН скатился до уровня рынка в 90-х. Поддержки ноль. Все что получится увидеть, это непрерывные шаблоны от робота. В случае поломки или брака, вы не сможете сделать ничего, даже если продавец отвечает и готов принять возврат.",0.05,0.788,0.162,0.6597,Positive,Negative,False
15,Дарья,5,Отличный,0.0,0.0,1.0,0.6249,Positive,Positive,True
16,Top,1,"Отвратительно. Реклама, реклама, реклама. Раздел с покупками сделали очень маленьким и неудобным, зато назойливая реклама, которую нельзя заблокировать буквально везде.
И уберите уже этот лохотрон с кроликом!!!! УБЕРИТЕ!!! Вам это уже буквально каждый второй пишет!",0.291,0.709,0.0,-0.9473,Negative,Negative,True
17,Александр,1,Приложение может и ни чего но их розыгрыши это лохотрон полный,0.336,0.664,0.0,-0.7227,Negative,Negative,True
18,Павел,5,Нормальная доставка,0.0,1.0,0.0,0.0,Neutral,Positive,False
19,Oleg,3,"Добавьте в сортировку отзывов еще пункт - Новые. Сейчас стоит по-умолчанию -  Новые и полезные, посмотреть новые отзывы нельзя. В итоге, сначала идут прошлогодние с высокой оценкой и где-то в конце новые. Это вводит в заблуждение новых покупателей, т. к. Они видят старые отзывы не имеющие ничего общего с текущей оценкой товара.",0.0,0.954,0.046,0.4404,Positive,Neutral,False
20,Ксения,5,"Всё просто шикарно, где я пыталась найти норм одежду и тд нечего не находилось в других скачала озон у меня нашлось всё что я хотела, только скачала озон у меня уже в корзине 20 товаров которые мне нравятся, люблю озон🩷",0.0,0.749,0.251,0.8934,Positive,Positive,True
21,Valera,1,"При обновлении Ozon  приложение перестало загружаться. Пишет нет соединения, проверьте соединение с сетью и обновите страницу. Хотя все приложения работают отлично, а интернет летает можно фильмы в 4к смотреть без проблем.",0.096,0.752,0.152,0.52,Positive,Negative,False
22,Саша,2,Полный лохотрон с этими морковками!,0.499,0.501,0.0,-0.6114,Negative,Negative,True
23,Максим,1,"А можно не предлагать оставлять чаевые сотруднику? Я уже понял, что это можно, но нахрен постоянно об этом напоминать?",0.16,0.84,0.0,-0.5514,Negative,Negative,True
24,Александр,5,Очень хорошо 👍,0.0,0.238,0.762,0.4927,Positive,Positive,True
25,Александр,1,"После обновления 18.45.0 начались глюки , постоянно пишет проверить соединение , а сейчас вообще неоткрывается , только из рустор. Работаю по вайфаю , на другом телефоне не обновлял , работает четко.",0.0,0.937,0.062,0.296,Positive,Negative,False
26,Дмитрий,1,После последнего обновления не работает,0.0,1.0,0.0,0.0,Neutral,Negative,False
27,Есения,5,"Единственный хороший маркетплейс в России. Лучше, чем его фиолетовый конкурент.",0.0,0.608,0.392,0.7003,Positive,Positive,True
28,Vasya,5,"Отличный маркет плейс. Давно пользуюсь, но отзыв решил оставить сейчас. Часто заказываю товары с озон глобал. Что сайт, что приложение в 100 раз лучше WB. Такое ощущение что вб взлетел только от котоламповых историй ""домохозяйки"" основательницы.
И еще заметил, что практически перестал даже заходит на Алиэкспресс ибо тот в помойку превратился: поиск не работает нормально, а цены выше чем в озон. Надеюсь озон после всей этой рекламы не пойдет по пути авито.",0.063,0.842,0.095,0.664,Positive,Positive,True
29,Герман,4,Дикий размер изображения на планшете. Тяжело просматривать фото.,0.135,0.865,0.0,-0.1027,Negative,Positive,False
30,Сергей,3,Уберите этого бешеного кролика вместе с морквой! От этой афёры только вы наживаетесь!,0.311,0.581,0.108,-0.7081,Negative,Neutral,False
31,Юрий,1,"Меня разочаровало , то что я не могу найти на карте нужный пункт выдачи . Выдает, только почту России, которая у нас уже полгода , как не работает. Хотя этих пунктов в Якшур-Бодье Удмуртской Республики, как огурцов в банке. А пыли, можно было не добавлять, видимо мешает",0.092,0.865,0.043,-0.4215,Negative,Negative,True
32,Сергей,1,"Отвратительное отношение в чате техподдержки, не возможно задать вопрос,постоянно задержки, метки Оригинал, не соответствуют, Китай, Китаем погоняет, озон молчит",0.108,0.732,0.159,0.1531,Positive,Negative,False
33,Sherali,5,Отлично,0.0,0.0,1.0,0.6249,Positive,Positive,True
34,Алексей,3,"Навязчивая просьба оставить чаевые уже надоела! После каждого заказа! На странице оформления заказа! В завершенных заказах! Хватит глаза мозолить этим попрошайничеством! Сами и оставляйте чаевые из своего кошелька, люди и так на зп сидят.",0.208,0.792,0.0,-0.7696,Negative,Neutral,False
35,Артём,2,"Куча рекламы. Стараюсь не пользоваться приложением, кроме как для получения в пвз.",0.0,1.0,0.0,0.0,Neutral,Negative,False
36,Александр,3,"Приложение не плохое, но в последнее время доставка постоянно переносится если пишите завтра, я рассчитываю на завтра а не на послезавтра. Или не пишите завтра",0.068,0.872,0.06,-0.0708,Negative,Neutral,False
37,Надежда,1,"Очень мало рекламы, надо больше. Цвета оформления подобрать ещё более мерзкие. И очень мало различных плашек и рамочек. Да, и неплохо было бы окончательно избавиться от понятного интерфейса",0.079,0.748,0.173,0.5279,Positive,Negative,False
38,Зафарбек,3,"Сталю 3звезды, потому что на качества товаров не стали обращать внимания, лимит на карте мешает пользоваться услугами, даже создаëт трудности.",0.064,0.729,0.207,0.4397,Positive,Neutral,False
39,Сергей,2,"Убрали положительные,отрицательные отзывы,всё посмешали,включая вопросы.
В ответах на вопросы неищвестно к какому из товаров относится вопрос,ссылки на товар в ответе нет.
Много ненужной рекламы вылазиет в приложении.
Надоели мили ненужные абсолютно.
У многих товаров переносятся сроки доставки.",0.164,0.781,0.055,-0.7269,Negative,Negative,True
40,Он,1,"НЕТ ПОДДЕРЖКИ ВООБЩЕ. Операторв в чате НЕТ и их невозможно позвать!
Соответственно проблему не решить НИКАК!",0.301,0.604,0.094,-0.7601,Negative,Negative,True
41,Игорь,1,"Озон превратился в помойку, заказы идут неделями, по несколько раз переносятся сроки, пункты выдачи работают через один, постоянно закрываются, режима работы нет, выдают заказы когда соизволится, тех поддержки нет от слова совсем",0.175,0.717,0.108,-0.34,Negative,Negative,True
42,Ксеня,2,Перестало работать приложение,0.322,0.678,0.0,-0.2263,Negative,Negative,True
43,Анна,4,Отбеливатель Елизар,0.0,1.0,0.0,0.0,Neutral,Positive,False
44,Павел,2,"Одна из самых крутых фичей - подборки превратилась в какую-то кашу. Огромные карточки с картинками и нечитаемое название самой подборки, пользоваться разделом стало проблематично. Жаль что развитие весьма удобного функционала рано или поздно попадает в руки дизайнерам, и весь технологический прогресс перечеркивается в угоду бесполезному, но зато «очень красивому» решению. Было бы неплохо оставить в таком случае выбор, каким представлением пользоваться, списки и карточки.",0.092,0.779,0.129,0.6601,Positive,Negative,False
45,Dimitry,1,"Отвратительные баннеры! Прекращаю пользоваться этим приложением. Чтоб у вам  скорую через 100500 баннеров надо было вызывать! 
Я ж блин не бесплатные видео посмотреть зашёл! Вы там совсем стукнулись в маркетинге своём?!",0.291,0.631,0.077,-0.8466,Negative,Negative,True
46,Наталия,1,"Почему после обновления озон, не могу открыть приложение",0.0,1.0,0.0,0.0,Neutral,Negative,False
47,Юрий,1,"Когда предложили дать чаевые было не объявлено столь же явно и убедительно, что дальнейшие заказы тоже будут снимать чаевые автоматически. Кроме того нет  предупреждения, что они снимутся, если их не отменить в последующих заказах. 
Целенаправленное заведение в заблуждение",0.195,0.753,0.052,-0.7398,Negative,Negative,True
48,Хамаль,2,"Не знаю как в России, но в Беларуси очень часто переносят дату доставки. Заказываю товар, вижу дату доставки , рассчитываю получить товар в эту дату, а тут на тебе облом. Если проблема не будет решена, придется отказаться от озона. Всё остальное устраивает.",0.246,0.719,0.035,-0.9212,Negative,Negative,True
49,Денис,2,"Отвалы сети,не грузит картинки при хорошем инете.чаевые вообще огонь!",0.258,0.597,0.144,-0.3164,Negative,Negative,True
50,Денис,4,"Агрессивное навязывание чаевых, которые работники пвз даже не увидят 😂 Да и за что? Перекладывание товара со склада на выдачу? Не позортесь!",0.066,0.829,0.105,0.2359,Positive,Positive,True
51,Алексей,1,"Постоянно лезет с обновлением,от которого нельзя отказаться.",0.216,0.784,0.0,-0.296,Negative,Negative,True
52,Владимир,4,Очень не нравится назойливое  выклянчивание чаевых. Я рожден и воспитан в СССР. НЕ НАДО НАВЯЗЫВАТЬ ЧУЖЕРОДНЫЙ МЕНТАЛИТЕТ!,0.103,0.687,0.21,0.4216,Positive,Positive,True
53,Абвгдеёж,2,"Как же надоело. Что-нибудь закажешь обязательно придёт что нибудь не то. Или поменяют, подменят или вообще пустая коробка придёт. Особенно это с вещами так. 
Лучше вообще тогда не отправлять чем отправлять такое.  На картинках всё красивое. Хоть бы банки своего добились и закрыть этот бардак. Если я что-нибудь не так на работе сделаю так с меня не слезут. А тут можно в коробку с обувью свои старые положить и спокойно жить дальше. 
Бардак.",0.137,0.707,0.156,0.5136,Positive,Negative,False
54,Алексей,2,"Отсутствие нормальных фильтров в поиске по большинству товаров. 
Нормальное описание тех же товаров в большинстве случаев отсутствует",0.184,0.816,0.0,-0.5423,Negative,Negative,True
55,Владимир,2,Уберите свой лохотрон,0.649,0.351,0.0,-0.5719,Negative,Negative,True
56,Марина,1,"В приложении с каждым разом все глубже и глубже прячут доставленные товары. Теперь чтобы увидеть что вам что то  уже пришло в пвз нужен танец с бубном и куча телодвижений. Теперь доставленное даже наверх всех заказов не поднимается, а нужно какждый раз все заказы пролистать чтобы проверить пришло ли что-то. Сделайте как раньше было, чтобы или на главной сразу были доставленные в пвз или в лк сразу наверху. Вы не улучшаете, а ухудшаете приложение с каждым разом закапывать пришедшее все дальше и д",0.026,0.916,0.058,0.4257,Positive,Negative,False
57,Николай,3,"Очень агрессивно проталкивают чаевые в последних версиях. Если покупаешь копеечные товары, выгадывая в цене, а тут с этих копеек практически требуют ещё и чаевые заплатить. Очень неприятно. Чаевые это личное желание дающего, в не обязанность",0.179,0.663,0.158,-0.0351,Neutral,Neutral,True
58,Николай,1,"Сделал заказ - больше недели везли, потом отменили заказ. Товар стал дороже на четверть. Тех поддержка отвечает - ничего страшного, перезакажите. Не нравиться цена - поищите дешевле.",0.202,0.738,0.06,-0.6497,Negative,Negative,True
59,Наталия,4,"Здравствуйте,  можно ли как-то добавить метку на страницу заказов оплачен товар или нет, что бы не заходить в каждый заказ и не проверять?",0.0,1.0,0.0,0.0,Neutral,Positive,False
60,Алексей,1,"Что случилось с доставкой? Какой уже по счёту заказ приходится отменять из-за уточнения срока доставки, и ладно бы уточняли в течении дня, так это длится неделю. Когда везут из за границы, то можно понять, а когда из соседней области это уже сверх наглость. Так еще и просят чаевые, за такое вы должны платить клиентам, что они у вас покупают.",0.02,0.948,0.032,-0.0129,Neutral,Negative,False
61,Колесникова-Николаева-Ирина,5,Товар магазин азон,0.0,1.0,0.0,0.0,Neutral,Positive,False
62,Sonya,1,"Сделали доставку на ДВ платной (при чем как-то выборочно, т.к. у знакомых доставка осталась бесплатной), так еще и заказы отменяют по собственной прихоти",0.066,0.724,0.211,0.6597,Positive,Negative,False
63,Александр,3,"Че за прикол 2 недели ждёш потом приходят обратно деньги извените итд, вам че тут заем что-ли ещё и чаевые хотите совсем ахерели чеж штрафы не сделаете за такую херню удоты",0.045,0.833,0.122,0.296,Positive,Neutral,False
64,Daniil,4,"Уважаемая команда Ozon,
Прошу Вас:
Возврат фильтра в подборках.
Ранее наличие фильтрации внутри подборок значительно облегчало навигацию и ускоряло поиск необходимых товаров. Сейчас, к сожалению, эта возможность отсутствует, что затрудняет выбор и снижает удобство использования сервиса.
С уважением,
Даниил!",0.113,0.734,0.153,0.5411,Positive,Positive,True
65,Вероника,3,"Будьте добры, добавьте в профиль возможность настроить отказ от показа некоторых категорий товаров. 
Допустим мне в ленте не нужны товары 18+, мусульманские товары тк очень раздражают покрытые",0.079,0.743,0.178,0.4033,Positive,Neutral,False
66,Алексей,1,"Ужасное изменение страницы профиля.
Куча рекламы вместо информации о заказах. Все что касается профиля запрятали еще дальше",0.134,0.866,0.0,-0.4767,Negative,Negative,True
67,Александр,1,"Баллы за отзывы сломаны, если китайские товары заказывать то ломаются баллы если китаез удалит страницу. И так было 5 раза. Поддержка ничего толком не отвечает по делу. Поддержки человека нет, через робота не пробиться. Очень неприятно, робот тупой как рыба. Баги и багами погоняют, избранное грузится только через 3 раза, при заказе товара сбрасывает страницу поиска товара. Нет китайских товаров в списке заказов, падает в самы низ и его не видно. В общем 1 зв, нет обратной связи и поддержки",0.173,0.73,0.097,-0.8221,Negative,Negative,True
68,Александр,2,"За магазин 5, за поиск товаров 3, за поиск товаров по изображению -2, нет, даже -100. Зачем делать поиск по изображению, если он выдаёт абсолютно не то? И сделайте уже поиск в архиве заказов и нормальную сортировку в текущих",0.113,0.887,0.0,-0.6786,Negative,Negative,True
69,Олег,1,"Убрали статус пришедших товаров и штрихкод с первой страницы, ищите его на задворках приложения. Пришли в пункт и стоите копаетесь в телефоне, а за соседней дверью получают товар без лишних телодвижений.",0.0,1.0,0.0,0.0,Neutral,Negative,False
70,Анатолий,5,"Озон стал вылетать каждый раз, когда я пытаюсь делиться ссылкой на товар",0.0,0.845,0.155,0.296,Positive,Positive,True
71,Денис,1,"Дожились, озон клянчит деньги для сотрудников ПВЗ. Совсем всё плохо?",0.192,0.808,0.0,-0.5849,Negative,Negative,True
72,DELETED,5,"Добавьте функцию ""ответил сторонний покупатель"". Очень часто бывает, когда я точно знаю ответ, но не могу ответить, так как не приобретал данный товар. Вопроситель должен быть об этом предупреждён, при этом ответ стороннего покупателя можно выделить допустим на жёлтом фоне.",0.056,0.905,0.039,-0.2023,Negative,Positive,False
73,Сергей,1,"Барахло  как можно отключить эту рекламу , зайца с морковками  это лохотрон . Просто чтобы было  уведомление о товаре ивсе.",0.134,0.866,0.0,-0.5719,Negative,Negative,True
74,Александр,5,Что писать Ок.,0.0,0.577,0.423,0.296,Positive,Positive,True
75,Chorni,1,Доставка слишком долгая,0.0,1.0,0.0,0.0,Neutral,Negative,False
76,Андрей,3,Вы что в Озоне вообще потерялись. То делают рекламу что можно заработать за день 9200р. А тут выпрашивают деньги не хватает что ли???,0.113,0.887,0.0,-0.5504,Negative,Neutral,False
77,Юрий,1,"Невозможно авторизоваться на Poco Pad M1 - сплошные сбои приложения. Даже заявку подать нельзя в приложении, потому скриншот никак не прикрепить, хотя предоставлены вообще все разрешения приложения. Похоже, нормальных разрабов в стране больше нет.",0.091,0.827,0.083,-0.1097,Negative,Negative,True
78,Александр,2,"За урезанные отзывы, где минус?",0.0,1.0,0.0,0.0,Neutral,Negative,False
79,Сергей,1,"Доставки постоянно задерживаются, товар на ПВЗ отгружают в обычных мешках, волоча их по полу, из-за чего приходится часто отменять заказы из-за повреждений.",0.15,0.85,0.0,-0.6249,Negative,Negative,True
80,Роман,1,и что теперь эта фигня с чаевыми будет висеть у меня в профиле постоянно? уберите её нафиг!💩,0.214,0.786,0.0,-0.6239,Negative,Negative,True
81,DELETED,4,Дорого стало на озон,0.0,1.0,0.0,0.0,Neutral,Positive,False
82,Сергей,1,"Как же надоели постоянно обновлять приложение,  молчу о куче спама",0.0,1.0,0.0,0.0,Neutral,Negative,False
83,Константин,4,"100 мб обновление это слишком, через мобильный интернет в пвз, иначе не работает",0.0,1.0,0.0,0.0,Neutral,Positive,False
84,Vit,1,"После обновления появилась везде кнопка с чаевыми. Раздражает, рассчитана на случайное нажатие. Уберите",0.0,1.0,0.0,0.0,Neutral,Negative,False
85,Андрей,5,"Мне нравится, ок",0.0,1.0,0.0,0.0,Neutral,Positive,False
86,Александр,1,"Хуже только - АД! Воровство и потеря посылок, надеюсь загнётся это недоразумение.",0.0,1.0,0.0,0.0,Neutral,Negative,False
87,Константин,3,"21 век а заказы идут по месяцу , если товары из Китая наладьте логистику такими темпами уже отпадает желание заказывать а лучше купить в магазине !!!",0.0,1.0,0.0,0.0,Neutral,Neutral,True
88,Оля,3,Все брони в вишлисте слетают,0.0,1.0,0.0,0.0,Neutral,Neutral,True
89,Артур,2,"Очень часто крутится кружок и приходится ждать пока погрузится! Прогружается плохо, иногда надо нажать обновить и то не всегда помогает! Такое происходит уже давно.",0.0,1.0,0.0,0.0,Neutral,Negative,False
90,Сергей,2,"Здравствуйте. Скажите, Вы стали социальной сетью или всё-таки остались онлайн площадкой для магазинов? Какие ленты обзоров, какие топ авторы? Почему постоянно требуете оценить товары? Не хочу я их оценивать. Ещё этот пьяный (по его лицу) заяц морковки суёт куда не надо. И почему при отключенных уведомлениях на email мне стали приходить письма, мол, не хочу ли я оставить чаевые? Может Вы мне оставите чаевые за перегруженное приложение, где чтобы купить приходится пробираться через дебри ненужного",0.0,1.0,0.0,0.0,Neutral,Negative,False
91,Екатерина,3,"Все прекрасно, даже думала что озон со временем заменит обычные магазины. Но грузчики это настоящие варвары, которые не ценят чужую вещь , работают по принципу не моя- не жалко.  Иногда товар совсем не дешёвый, но приходит он в ужасном состоянии, как будто им играли в футбол. Я как клиент могу отказаться, но это же минус для продавца. Заказывали автоматичесий опрыскиватель для сада , в пункте выдачи коробка желает лучшего, с виду целый . По факту пользования, оказалась разбит внутри и течет .",0.0,1.0,0.0,0.0,Neutral,Neutral,True
92,Анна,3,"Для чего убрали сортировку по типу товара в избранном, было удобно, теперь хуже, чем в вб, там хоть поиск по избранному есть.",0.0,1.0,0.0,0.0,Neutral,Neutral,True
93,Ирина,1,"1. Верните на главный экран функцию, чтобы было видно какие товары пришли. А то приходится каждый раз заходить в заказы, чтобы посмотреть какие товары пришли.
2. Верните сравнение одинаковых товаров у разных продавцов по цене и доставке. Было очень удобно.",0.0,1.0,0.0,0.0,Neutral,Negative,False
94,Нолик,3,"Отслеживание доставки не информативно,поддержка бот с готовыми ответами,быстро забивается кэш и после этого перестают прогружаться изображения,в остальном устраивает.",0.144,0.775,0.081,-0.2401,Negative,Neutral,False
95,Дмитрий,1,"Контора п1дорас0в. Тупейший бот, ьупейшие операторы. Проверяйте на наличие iq при приёме на работу",0.375,0.625,0.0,-0.765,Negative,Negative,True
96,Андрей,1,"А с какого вы навязываете чаевые? Это парикмахер, курьер, официант. Человек на выдаче сидит на окладе, или он прям сверх мастеровой? Нище-броды. И главное такое наглое навязывание.",0.0,1.0,0.0,0.0,Neutral,Negative,False
97,Вадим,1,"Затерроризировали рекламой моего ребенка. Смотрит мультики на рутюбе , а ему каждую минуту ""купи на озон, купи на озон, купи на озон"".  компания низкой социальной ответственности",0.0,1.0,0.0,0.0,Neutral,Negative,False
98,Дмитрий,3,В приложении на товаре не отображается время доставки очень не удобно. Делал пару заказов а из оказалось ждать больше месяца.,0.0,1.0,0.0,0.0,Neutral,Neutral,True
99,Геннадий,3,"Странное приложение, то связи с продавцами нет, то продавец отвечает на вопрос о товаре но как перейти на этот самый товар вообще не понятно. Есть бонусы от продавцов но как ими воспользоваться так-же непонятно. Есть страница товара но чтоб прочитать описание или свойства нужно ооооооочень много пролистать всякой ненужной информации и как найти точно такой-же товар дешевле или быстрее доставкой от других продавцов так-же непонятно - ооочень сильно Всё разбросано или вовсе отсутствует. И много др",0.0,1.0,0.0,0.0,Neutral,Neutral,True
100,Денис,2,"Тормозит просто ужас, проблемы с интернетом. Какие проблемы могут быть, дома с проводным интернетом! Решайте баги!!!",0.0,1.0,0.0,0.0,Neutral,Negative,False
101,Алексей,1,"Сырое, Кривое!🤮😔🤦‍♂️ Чат поддержки ужасен! Один бот ылудящий, потом через полчаса плевок от человека и снова бот. К людям а пвз, как в рабами относчтся, никакого нового года,гос праздников, за копейки.",0.0,1.0,0.0,0.0,Neutral,Negative,False
102,Владимир,5,Норм,0.0,1.0,0.0,0.0,Neutral,Positive,False
103,Сергей,1,"Компания скатилась просто ниже плинтуса!!
Цены задрали очень сильно практически в два раза по сравнению с вб🤦‍♂️💯👎
Уберите этот долбанный пункт оставить чаевые!!!! 👎👎👎👎Я не собираюсь и не хочу оставлять никакие чаевые, и этот пункт не убрать. 💯👎👎👎👎🤮🤮🤮🤮",0.0,1.0,0.0,0.0,Neutral,Negative,False
104,Елена,1,Перестаньте навязывать бесячьи чаевые для своих сотрудников! 😡 лучше платите им нормальную зарплату! Их не обязаны поощрять пользователи ваших услуг! Вот потому пока ваши конкуренты лучше вас,0.28,0.584,0.136,-0.6343,Negative,Negative,True
105,Mohamad,1,худшее обслуживание клиентов когда-либо,0.577,0.423,0.0,-0.6249,Negative,Negative,True
106,Владимир,2,"Уберите все что связано с чаевыми. Все можно настроить,  а убрать пуш о чаевых,  кнопку из заказа и все что связано с чаевыми нельзя, зачем вы их везде пихаете?",0.0,1.0,0.0,0.0,Neutral,Negative,False
107,Roma,1,Заказы постоянно задерживают,0.388,0.612,0.0,-0.2263,Negative,Negative,True
108,Konstantin,1,"Озон задолбал уже с китайскими продавцами-мошенниками, которые рекламируют один товар, а присылают совершенно другой, да ещё откровенный брак, подделки и прочий мусор.
Несмотря на то, что люди массово жалуются на таких продавцов, Озон их не только не блокирует, но выставляет их в первые ряды продаж, что свидетельствует о соучастии Озона в таких преступлениях.
Пока не будет  возможности блокировки нежелательных продавцов, буду направлять обращения в государственные и правоохранительные органы.",0.097,0.846,0.057,-0.3265,Negative,Negative,True
109,Диана,1,Почему не обновляется ваша хрень,0.0,0.647,0.353,0.2924,Positive,Negative,False
110,Инга,1,Не устанавливается,0.0,1.0,0.0,0.0,Neutral,Negative,False
111,Антон,3,"Очень плохо, а то и вообще не работает найти похожий товар. При поиске показывает всякую ерунду. За то потом попозже случайно в ленте кучно все показывает. Странно! 🤷‍♂️",0.197,0.752,0.052,-0.6793,Negative,Neutral,False
112,Дмитрий,5,"Хорошие цены, быстрая доставка, и огромный выбор с  поиском по фильтрам.",0.0,0.606,0.394,0.6369,Positive,Positive,True
113,Андрей,1,"замучали долбить сообщениями - оставьте чаевые. оповещения по емайлу отключены, нет блин, получи-получи почту - оставьте чаевые.",0.378,0.622,0.0,-0.6486,Negative,Negative,True
114,Ольга,4,"Не знаю, что в приложении, по мнению разработчиков  работает ""волшебно"". Лично я уже психую от того, как работает возврат к просмотру списков. 
Первый раз решила глянуть, что мне на основной странице рекомендуют. Одну позицию приметила, другую решила посмотреть. Возвращаюсь из карточки товара, а список внезапно обновился!
Сегодня решила посмотреть избранное. 174 позиции - смотреть нечего, но каждый раз, как захожу в карточку товара, кидает в начало списка! 🤬
Проще не пользоваться",0.0,1.0,0.0,0.0,Neutral,Positive,False
115,Степан,4,"Добавьте больше вариантов сроков доставки, не только 3 и 7 дней, а что то еще хотя бы 2 недели, там месяц или лучше слайдер которым можно будет выбрать количество дней доставки",0.0,0.85,0.15,0.6486,Positive,Positive,True
116,Елена,1,После обновления ozon не  открывается совсем,0.0,1.0,0.0,0.0,Neutral,Negative,False
117,Alex,1,"Доставку так и не испоавили. Переносят доставку каждый день уже неделю. Службы поддержки не существует!!! Отвечает только робот одно и тоже. Вы никогда ничего не узнаете о своем заказе!!! Это худшее приложение, да и сам маркет плэйс. За это время стоимость товара (ноутбук) выросла на 30%. У жены такие же проблемы с заказами были. На форумах тысячи людей с такими проблемами. В итоге я потерял и время и деньги. Лучше немного переплатить но слать Озон подальше.",0.108,0.838,0.054,-0.6506,Negative,Negative,True
118,Сергей,1,"инфы нужной ноль. бот отстой.
операторы теребуны, как и разрабы руко.луды, нанюхались эльфийской пыли, теперь не достучаться.
теребуны, не теребите постоянно. поотвалится все. и свое и не свое.
иногда хоть появляйтесь в чате.",0.09,0.863,0.047,-0.3182,Negative,Negative,True
119,Николай,1,"Самый ужасный маркетплес. Заказ потерян мой, расчитывать на них нельзя, все сроки пропущены.",0.381,0.619,0.0,-0.8225,Negative,Negative,True
120,Расим,1,Морковки лохотрон,0.787,0.213,0.0,-0.5719,Negative,Negative,True
121,Строй,1,"Ужасное приложение, не доставляют вовремя, заказ который они не могут доставить вовремя до последнего игнорируется, пока не напишешь жалобу в Роспотребнадзор, больше не использую ozon",0.213,0.787,0.0,-0.765,Negative,Negative,True
122,Игорь,1,Вместо оценить товар появилась надпись оставить чаевые. Расчёт на невнимательность.,0.085,0.915,0.0,-0.0516,Negative,Negative,True
123,Айгиз,2,"Почему не приходит уведомление об ответе на вопрос от продавцов ?? Ни почта ,ни пуш не приходит,в настройках все включено",0.0,1.0,0.0,0.0,Neutral,Negative,False
124,Александр,1,"За что чаевые? Это их работа , они за неё зарплату получают. И почему после отключения чаевых они всё равно висят",0.141,0.859,0.0,-0.5362,Negative,Negative,True
125,Валентина,1,"Хватит дергать меню личного кабинета, не успеваешь привыкнуть, как вы переносите вкладку!",0.111,0.889,0.0,-0.3595,Negative,Negative,True
126,Слава,1,Постоянно начали попрошайничать чаевые в пуш-уведомлениях,0.0,1.0,0.0,0.0,Neutral,Negative,False
127,Андрей,2,"Просмотрщик видеороликов при переходе в полноэкранный режим зависает, показывает чёрный экран безо всяких элементов управления. Если сделать Возврат, то попадаешь в основное окно товара, т.е. вылетаешь не только из просмотрщика видео, но и из просмотра фото презентации, и для продолжения просмотра видео надо его снова искать и запускать. Мелочь, но неприятно.",0.099,0.901,0.0,-0.7227,Negative,Negative,True
128,Валерий,1,Все! Бестолковщина.,0.0,1.0,0.0,0.0,Neutral,Negative,False
129,Наталья,1,"Вы что там курите? Убрали бы лучше свою волшебную пыль и магию, было бы лучше",0.0,0.847,0.153,0.4404,Positive,Negative,False
130,Марина,3,"Я не могу поделиться корзиной, исправьте, пожалуйста, этот баг🙏🙏🙏",0.185,0.589,0.226,0.1058,Positive,Neutral,False
131,Михаил,1,"При общении с продавцом невозможно удалить или отредактировать сообщение. Случайно отправил фото и все, не отредактировать - это бред.",0.181,0.819,0.0,-0.6249,Negative,Negative,True
132,Алёна,1,"Что за плпрошайничество? Вы перестали платить зарплату сотрудникам?что за функция ""на чай"", а ну-ка прекратите это безобразие.",0.296,0.704,0.0,-0.8121,Negative,Negative,True
133,Vlad,1,"Вы спрашиваете что разочаровало! Да вы че там все с дуба рухнули ! 
У вас доставка по месяцу по полтора идёт!
Я вчера на Вайлдберриз заказал , сегодня пришло уже ! А у вас что последнее время происходит?
Так что в ваших интересах увеличить скорость и качество доставки ! А то вы так всю клиентуру растеряете!",0.11,0.823,0.067,-0.5815,Negative,Negative,True
134,Мария,5,"Всё отлично. Но, можно вынести на нижнюю панель вкладку ""заказы"". Не удобно, по сто ссылкам нужно нажать, чтоб найти",0.0,0.949,0.051,0.1027,Positive,Positive,True
135,Владимир,5,Спасибо🙏💕,0.0,0.286,0.714,0.3612,Positive,Positive,True
136,Имя,1,Что за назойливо доставучее требование оставить чаевые?! Сделайте это отключаемым или уберите вообще! РКН и РПН пора вами заняться,0.199,0.699,0.102,-0.2679,Negative,Negative,True
137,Андрей,1,"Сделайте в разделе чаевые ""без чаевых "" после покупки товара висит на экране и не убрать пока не оставишь или не пройдёт время. Раздражает попрошайничество. Кто захочет о ставит.",0.106,0.894,0.0,-0.4404,Negative,Negative,True
138,Владимир,1,"Испортился совсем, сделайте возможность убирать рекламные уведомления, и кредит в личном кабинете, это не озон банк, раньше его не было, зачем добавили. Что касается заказов, стало намного хуже, то переносят доставку раза четыре, а потом и вовсе отменяют, а товар вырастает в цене и как это понимать. Если сделали чаевые, то и делайте штрафы за доставку и на  продавца.",0.087,0.912,0.0,-0.7184,Negative,Negative,True
139,Антон,1,"Заходишь в раздел мужской одежды, выставляешь рейтинг и в ленту тебе в добавок прилетает женская одежда это как вообще?! Не понятно за что некоторые продавцы получают пометку оригинальный товар когда продают откровенную паль.",0.051,0.888,0.061,0.1048,Positive,Negative,False
140,Ксения,4,"Зачем постоянно что-то ухудшать? Вы вообще отзывы не читаете и не прислушиваетесь к мнению людей? А для кого тогда делается приложение?! Ведь было всё хорошо, зачем надо постоянно что-то менять, к чему привыкли. Было удобное меню, где сразу можно нажать на заказы, теперь вынесли зачем-то это всё справа вверх и теперь неудобно тянуться в верхний угол большого экрана телефона. Чаевые тоже бред, пока это всё пролистаешь, много лишнего стало, неудобно",0.117,0.841,0.042,-0.8834,Negative,Positive,False
141,Андрей,5,ок,0.0,1.0,0.0,0.0,Neutral,Positive,False
142,Наталья,1,Не могу открыть по ле обновления!!!!!!!!!,0.0,1.0,0.0,0.0,Neutral,Negative,False
143,DELETED,1,"перестало загружаться,удалила,переустановил а проблема не прошла.",0.338,0.662,0.0,-0.5574,Negative,Negative,True
144,Константин,1,Самое плохое приложение. Поменял номер телефона и Хана ни покупок ни денег. Никому не советую.,0.34,0.607,0.053,-0.797,Negative,Negative,True
145,Диего,1,"Чаевые, чаевые, чаевые! Уже как попрошайки.",0.0,1.0,0.0,0.0,Neutral,Negative,False
146,Алексей,1,А не пошли бы вы куда подальше  со своими чаевыми,0.365,0.635,0.0,-0.6808,Negative,Negative,True
147,Игорь,3,"Из плюсов заставка и возврат проходят быстро
Из минусов куча спама из раздела ""сообщения"" и просьба оставить работникам чаевые. То есть маркетплейс конкурирует с магазинами за счёт низких цен для покупателя, но при этом выставляет этого же покупателя извергом, намекая, что нормальная жизнь нанятых операторов зависит исключительно от покупателя. Я правильно понимаю, что озон намекает мне выбирать нормальные магазины, где цены формируются не за счёт экономии на рабочих?",0.09,0.875,0.035,-0.2969,Negative,Neutral,False
148,Иван,1,"Что за Глюк у приложения  свободного 40 Гб, пишет нехватает  места",0.0,0.852,0.148,0.5106,Positive,Negative,False
149,Дмитрий,1,"Уберите кнопку чаевые!  
Мешает, слишком навязчиво, зачем еще и автоматом списание ?
Кто захочет и так даст.",0.136,0.864,0.0,-0.4574,Negative,Negative,True
150,Владислав,5,не обновляется завис на 60% что делать,0.0,0.821,0.179,0.1877,Positive,Positive,True
151,Лина,2,"Раньше было офигенное приложение, я просто обожала его, а сейчас все ужасно, прям плохо, больше всего не нравится изменения в ""отложенных"" раньше все отложенные сортировались и можно было выбрать категорию товаров, а сейчас удалили эту функцию. у меня 4500+ отложенных, мне трудно искать то что мне нужно, у меня там и книги и одежда и диски отложены, ВЕРНИТЕ ЭТУ ФУНКЦИЮ ПОЖАЛУЙСТА 🙏🙏!!! 
И ещё бесит плашка на пол экрана ""оцените товар"", но это мелочь.",0.141,0.756,0.102,-0.7598,Negative,Negative,True
152,Рост,4,"Сделайте, чтобы можно было сортировать заказы, хотя бы по дате заказа и по дате получения, а не этот сыр-бор",0.0,1.0,0.0,0.0,Neutral,Positive,False
153,Алексей,5,"Озон мивый, там все мивые, и вапка зайчика с малковкай мивая🐻🐻🐻",0.0,0.654,0.346,0.8126,Positive,Positive,True
154,Кристина,5,Очень хорошее приложение  заказы идут быстро претензий нет,0.374,0.382,0.244,-0.1796,Negative,Positive,False
155,Виктория,1,"Отвратительное приложение. Оставляю его в фоновом режиме - приложения не обновляются. Заходишь повторно, они начинают сначала.",0.204,0.796,0.0,-0.5574,Negative,Negative,True
156,Дмитрий,1,Постоянное обновление из-за которого нельзя вовремя получить заказ,0.0,1.0,0.0,0.0,Neutral,Negative,False
157,Андрей,1,"Вы либо проверяйте товар у продавцов чтоб они совпадали с описанием и электроника была рабочая,либо во всех пунктах выдачи разрешите проверять заказы и возвращать если имеется брак заводской и возврат из-за поломок вовремя доставки.
И на главной странице сделайте чтоб товар показывал не из зарубежа,а местное.Фильтры у вас от слова совсем не работают в плане электроники.Много нюансов, которые могли бы самостоятельно решить,а не так чтоб потом покупатель решал через суды.",0.018,0.929,0.054,0.3506,Positive,Negative,False
158,Влад,1,Много рекламы,0.0,1.0,0.0,0.0,Neutral,Negative,False
159,Алексей,1,"Вы спрашиваете, что меня разочаровало? За последние 3 недели заказов на озон. Именно с пост оплаты. Никогда не было. Того, чтобы озон выполнил свои обещания по доставке всегда какие-то проблемы. Перенос, перенос и перенос. И это начинает напрягать. Отзовись, озон, почему это так?",0.142,0.77,0.088,-0.5204,Negative,Negative,True
160,Евгений,1,"Ужасное приложение и сервис. Потому что поддержка очень плохая, в том плане , что добиться связи с оператором на грани нереальности, так как отвечает только бот и он не даёт связаться со специалистами. Изначально хотел оставить отзыв на недобросоветного продавца, написал, что не рекомендую продавца, так как присылает совершенно другие товары, продавец обманщик. Сервис озона отклоняет объясняя , тем что отзыв содержит маты или оскорбления. Но я не вижу никаких оскорблений с моей стороны.",0.179,0.801,0.02,-0.8881,Negative,Negative,True
161,Наталья,1,"Не могу зайти в приложение и требует обновить, я хочу работать и видеть все заказы и в орй версии которая у меня установлена. В следующий раз откажусь от всех покупок и перейду в другой интернет магазин.",0.057,0.851,0.093,0.1027,Positive,Negative,False
162,Александр,1,"Озон был эталоном, сейчас скатился на дно, заказы задерживаются (Краснодар), часто стал приходить товар в мятой упаковке, в приложении баги переодически, ошибки поиска, просто перестают загружаться фотографии товаров (все белые), только перезапуск помогает, поддержки нет, она для галочки, с трудом подключаешься, пишут херню и убегают, баллы за отзывы лотерея, развод, на одни начислили баллы, на другие нет, а на днях удалили вообще все мои отзывы за несколько лет, причину не говорят, я в шоке 👏",0.174,0.752,0.074,-0.8271,Negative,Negative,True
163,Сергей,2,Невозможно удалить товары из истории покупок! На WB с этим проблем нет!!!,0.275,0.725,0.0,-0.7243,Negative,Negative,True
164,Дмитрий,1,"Заказы можно забрать либо все, либо не выдают. Пришлось отказаться от половины позиций. Нравится возить товар между складами? И что это за вымогательство чаевых? За какие заслуги то? С чего вдруг вы решили переложить зарплату  работников с себя на клиентов. Ничего не попутали?",0.038,0.853,0.109,0.6199,Positive,Negative,False
165,Тим,1,Задолбали скоты своими принудительными обновлениями,0.512,0.488,0.0,-0.743,Negative,Negative,True
166,Сергей,1,"Не надо магии. Сделайте чтобы оно работало 
 И не надо ваших навязчивых обновлений .",0.155,0.845,0.0,-0.296,Negative,Negative,True
167,Анастасия,5,Хорошо,0.0,0.0,1.0,0.2023,Positive,Positive,True
168,Сергей,5,"Доволен, спасибо.",0.0,0.159,0.841,0.6486,Positive,Positive,True
169,Сергей,1,"Придумали чаевые ясно по желанию, но для чего??? В магазине тоже значит надо чаевые давать? Навязчиво",0.068,0.812,0.12,0.2982,Positive,Negative,False
170,Людмила,1,"Было хорошее приложение, пока не появился очередной лохотрон. Почему нельзя, скажем так, откреститься,- от этого Морковска???? Как же надоело, что в России ВСЕХ людей держат за идиотов!!!!!! Ведь понятно же что ни кто никогда ни чего не выиграет за какие-то виртуальные морковки. Зачем эта чушь??????",0.14,0.638,0.222,0.7293,Positive,Negative,False
171,Сейдали,5,Быстрая доставка,0.0,1.0,0.0,0.0,Neutral,Positive,False
172,Рамиль,4,Здравствуйте как сделать так чтобы эти морковки и оставить отзыв о товарах не выходили вообще? Надоело! Оставлять отзыв я не хочу по каждой мелочи а морковки мне выйграть ничего не дают только время трачу.,0.127,0.713,0.16,0.4003,Positive,Positive,True
173,Александр,2,Взяли и испортили приложение!зачем было менять меню местами😡только хуже сделали.+ Ещё эти чаевые сотрудникам достали уже!!!!!,0.157,0.843,0.0,-0.6449,Negative,Negative,True
174,Николай,4,Бывает сбои по доставке,0.5,0.5,0.0,-0.4588,Negative,Positive,False
175,Анна,2,"Совсем обнаглели 😡, вечно доставку переносят , даже которая оплачена с быстрой доставкой. И функцию для отмены заказа убрали специально. Одни неудобства , и вечно твердят как дятлы одно и тоже ""Извините за неудобства , перейдите по ссылке оформите с быстрой доставкой .""🚚",0.044,0.912,0.044,0.0,Neutral,Negative,False
176,Людмила,3,"Вообще не открывается приложение, после обновления",0.0,1.0,0.0,0.0,Neutral,Neutral,True
177,Валентин,1,Поддержка вообще не какая.,0.247,0.449,0.303,0.128,Positive,Negative,False
178,Ирина,1,В последнее время каждый второй заказ переносится доставка,0.213,0.787,0.0,-0.2263,Negative,Negative,True
179,Maria,3,"Зачем сделали еще одно приложение Селект? То же самое покупатель делает сам с помощью фильтров. Пока видится, что это сделано для того, чтобы повысить цены на эти ""избранные"" товары. Которые на самом деле самые обычные, нормальные, а не какой-то премиум люкс.",0.0,0.953,0.047,0.3182,Positive,Neutral,False
180,Ярослав,5,хорошее всë,0.0,0.408,0.592,0.4404,Positive,Positive,True
181,Максим Андреевич,1,"Поддержки, по факту, не существует. Живых людей там нет, есть тупая прога, которая не может решить ни один вопрос. Уже достаточно тотально засилие этих ботов!!! Айтишником надо кастрировать, чтобы не размножались!!!",0.211,0.699,0.09,-0.7236,Negative,Negative,True
182,Илья,1,Это перегруженное до жути рекламой приложение. Уведомления о бесполезных предложениях суплются 24/7. Токсичность рекламных компаний просто зашкаливает. Каждый раз заходя в приложение нужно отмахивался от уведомлений как от мух. Последней каплей стало то что убрали полезный блок с информацией о казахах избранном и тд. Где то его спрятали а на его место воткнули еще 1 ленту с рекомендациями. То есть теперь у нас есть основная лента с рекомендациями и лента с рекомендациями в сервисном блоке.,0.153,0.794,0.053,-0.8481,Negative,Negative,True
183,Виктор,1,"Ворьё, задолбали уже чаевыми, которые оказывается до сотрудников Пвз даже не доходят. 
Под ""благой"" целью тупо выманиваете ещё больше денег себе в карман.",0.135,0.865,0.0,-0.4721,Negative,Negative,True
184,Валерий,5,Понравилось,0.0,0.263,0.737,0.4215,Positive,Positive,True
185,Вероника,4,"в подборки фото не добавляется, описание не поменять. ""что-то пошло не так"" исправьте, пожалуйста.",0.152,0.735,0.113,-0.2023,Negative,Positive,False
186,Олег,4,Мелко в тлф!!!,0.0,1.0,0.0,0.0,Neutral,Positive,False
187,Алексей,4,"Сделайте историю цены чтоб можно было смотреть движение. Чтоб не было такого что в период акции и какой нить чёрной пятницы цена наоборот выше, чем обычно",0.0,1.0,0.0,0.0,Neutral,Positive,False
188,Миша,1,повысьте людям зарплату а не чаевые клянчить,0.0,1.0,0.0,0.0,Neutral,Negative,False
189,Aleksei,1,"В последней версии меню заказов и возвратов перенесли в 3 полоски. Это увеличило юзер путь на одно неудобное  нажатие. Либо сделайте зону нажатия на иконку три полоски реально больше, либо верните заказы и возвраты в профиль. На данный момент приложение ухудшили.",0.092,0.87,0.037,-0.4767,Negative,Negative,True
190,Алексей,1,Неудобно во всем!кроме списания денежных средств!,0.299,0.701,0.0,-0.4559,Negative,Negative,True
191,Валерий,5,Приложение просто супер 👍👍👍,0.0,0.562,0.438,0.5994,Positive,Positive,True
192,Николай,1,"Бездарные маркетологи делают из приложения помойку. 
Куча спама в сообщениях от которого нельзя отписаться. 
До чего же бездарная поддержка стала. 4 месяца не могут решить ни одну из 3 проблем, тупо не отвечают. 1 год не могут баг устранить. На сайте кроме бестолкового бота на живого оператора не выйти. Взяли в работу проблему и не решили за несколько месяцев, связаться не с кем",0.281,0.692,0.027,-0.9678,Negative,Negative,True
193,Alisa,5,"На мой взгляд, лучший маркет среди имеющихся. Адекватные цены, клиентский сервис на уровне, любые проблемы с товаром - магазин всегда возвращал деньги, даже если продавец не выходит на связь. Заказываю почти всё на Озоне. Спасибо вам за качество!",0.054,0.766,0.179,0.7345,Positive,Positive,True
194,Ма,1,"Что случилось с алгоритмами поиска? Раньше за 1 сек выдавал что надо, сейчас стало как в Яндексе, ищешь ""полдня""! Верните всё на состояние пары недель назад. Мне не надо похожие, если указываю КОНКРЕТНО.",0.0,0.933,0.067,0.4199,Positive,Negative,False
195,Никита,1,"Зачем добавили вывод средств через госуслуги?
В чем проблема сделать так же,как и на вб возрат средств,а именно на карту/вб банк(в случае озона озон банк)
Я уже 4 дня пытаюсь вывести деньги,сначала запретили 72 часа пытаться войти в госуслуги,то сейчас просят паспорт",0.058,0.926,0.016,-0.4215,Negative,Negative,True
196,Марина,5,Отличное,0.0,0.0,1.0,0.5719,Positive,Positive,True
197,Антрацит,1,"Не указывает  точное нахождение посылки.Возврат денег не понятный, мне написали что возврат денег произведен но денег нет не на одной из карт. Отказывают в товаре после двух недель ожидания,  хотя было написано что доставляется уже неделю, из-за этого не могу использовать свои уплаченные деньги за товар.",0.105,0.895,0.0,-0.7345,Negative,Negative,True
198,Дима,1,За навязывание чаевых,0.412,0.588,0.0,-0.1027,Negative,Negative,True
199,Вачакан,5,Большое Спасибо!,0.0,0.518,0.482,0.4199,Positive,Positive,True
200,Артём,1,После каждого обновления требует заново авторизоваться. А после последнего не проходит авторизация через вк. Не могу попасть в свой аккаунт.,0.0,1.0,0.0,0.0,Neutral,Negative,False
201,Олег,1,Не заказывайте на озоне и не оплачивайте товар за ранние снимают деньги а товара нет. Деньги исчезают до получения товара ставлю кол и не будьте лошарами,0.179,0.79,0.031,-0.7355,Negative,Negative,True
202,Вадим,1,"1.12.2025г. Я заказывал елку, была написана дата доставки 2 декабря, но ее перенесли! Я вчера ругался с сотрудником поддержки насчет сроков доставки и меня уверяли, что до 5 числа, будет сообщена дата доставки моего заказа, сегодня статус доставки был 4 декабря. А сейчас опять доставка на уточнение, и дата уже 7 декабря. Эта Елка в детский сад для проведения праздника!!! Вы издеваетесь??? 😡 Отменять заказ и заказывать заново уже нет времени!!! ЧТО ДЕЛАТЬ?",0.104,0.761,0.136,0.6517,Positive,Negative,False
203,Александр,2,"Было бы лучше, если бы был отдельный раздел вопросы продавцу, сейчас они в разделе сообщения (это какой-то мусор, который нельзя удалить)",0.0,0.912,0.088,0.4404,Positive,Negative,False
204,Сергей,1,"Господи, да когда же вы сделаете поиск по заказам? Уже сил никаких нет, листать кучу  старых заказов, поиске нужного. Раздражает неимоверно. КОГДА? КОГДА? КОГДА?",0.09,0.784,0.125,0.2885,Positive,Negative,False
205,Андрей,1,С каждым обновлением приложение все хуже и хуже. Теперь додумались испоганить меню и убрали его в бургер что бы совсем не удобно пользоваться им стало 🤮,0.287,0.713,0.0,-0.8718,Negative,Negative,True
206,Елена,4,М почту   GOOge   саркац,0.0,1.0,0.0,0.0,Neutral,Positive,False
207,Владислав,5,"Топ маркетплейс за все мои года ,минус обновления добавления чаевых,вроде озон хорошо платит по сотрудникам или нет если добавили",0.0,0.758,0.242,0.6597,Positive,Positive,True
208,Евгений,4,Приложение хорошее. Удобное было до последнего обновления. Из ленты моих заказов убрали уведомления о прибывшем на пунк моих заказанных товаров. Приходится искать в покупках. Это очень неудобно.,0.065,0.866,0.07,0.0534,Positive,Positive,True
209,Александр,5,Озон зон зон😁,0.0,1.0,0.0,0.0,Neutral,Positive,False
210,Руслан,1,Начали постоянно попрошайничать оставить чаевые😡😠. Очень сильно раздражает. Испортили приложение.,0.276,0.724,0.0,-0.4927,Negative,Negative,True
211,Владимир,3,"Поршивенькое приложение, как и сам магазин.
Особого внимания это последнее дополнение в приложении чаевые, руководство с жира заелись и зарплату повышать за свой счёт ни как не хотят, вот решили эту проблему сбагрить на потребителей, шикарно, а ведь когда-то лопнут с жира ведь.",0.061,0.811,0.127,0.4832,Positive,Neutral,False
212,Максим,1,Поломали. Не прогружается,0.412,0.588,0.0,-0.4215,Negative,Negative,True
213,Валерий,4,"Придумали какие-то чаевые! Что совсем туго ОЗОН стало. Мне перечислите чаевые, как пенсионеру.",0.0,1.0,0.0,0.0,Neutral,Positive,False
214,Елена,1,Что произошло с приложением порядка 80% фото не открывается! Как можно купить то что ты даже не знаешь как выглядит🤔,0.0,0.903,0.097,0.4199,Positive,Negative,False
215,Андрей,2,Нет возможности обговорить возникшую проблему с адресом. По возврату решает не Озон а продавец.,0.141,0.859,0.0,-0.3506,Negative,Negative,True
216,Дмитрий,1,"Отзыв создан после крайнего обновления на 4.12.25. Ваши изменения и перемещения всех строк снизу вверх, прячете собираете в кучу весьма не удобны для использования на современных смартфонах, вврех правого угла особенно, пальцы не у всех как у вас длинные и приходится, держать телефон не одной рукой а двумя для того что бы зайти во вкладку с полосками, в которую вы спрятали и заказы и возвраты и другое. Абсолютный негатив к вам. Вы бы лучше фильтра отредактировали что бы они работали без сбоев.",0.104,0.791,0.104,-0.0021,Neutral,Negative,False
217,Дмитрий,5,Хорошее и удобное приложение.,0.0,0.508,0.492,0.4404,Positive,Positive,True
218,Крассиус,3,"Обязательно необходим чёрный список продавцов. Пусть он никому не будет виден, но покупатель должен иметь возможность заблокировать некачественные товары и недобросовестных продавцов.",0.138,0.862,0.0,-0.5927,Negative,Neutral,False
219,Николай,3,Не прогружается фотографии,0.0,1.0,0.0,0.0,Neutral,Neutral,True
220,Виктория,4,"Было бы хорошо сделать отдельную вкладку с вопросами и ответами. Потому что у одного товара может быть 500+ ответов на вопросы. И искать среди них ответ на свой очень затруднительно. Тем более, сортировка ответов на вопросы видимо отсутствует, либо ломанная. Нет четкой хронологии хотя бы по дате. У меня включены уведомления на ответы, но они либо не приходят, либо чтобы найти ответ на вопрос, заданный давно, нужно очень потрудиться. Это не удобно. Надеюсь, пожелания учитываются 🙏🏻",0.1,0.846,0.054,-0.5655,Negative,Positive,False
221,Родо,2,"Приложение загружается только при большом трафике. При включении приложения трафик падает к нулям. Проще покупать на валберис, там таких проблем нет. Похоже у кого-то кривые руки.",0.111,0.769,0.12,0.1027,Positive,Negative,False
222,Антон,1,С чаевыми конечно ерунду придумали,0.252,0.748,0.0,-0.4019,Negative,Negative,True
223,Константин,2,"Накаляет ""оставьте отзыв"" ну оставьте, нуууу, а не хочу мля!!! Чаевые, за что мля???? Она зп получает то что там находится, пустите меня я сам заберу товар, чаевые за что , за то что вынесли товар????",0.055,0.788,0.156,0.6943,Positive,Negative,False
224,Александр,1,"Похоже вы как и вайлдбериз ни за что не отвечаете? Гнилая контора, в четвертый раз доставку переносите. Да за это время уже пешком можно было дойти. И кстати с русторе обньвить невозможно. После обновление приложение не зыпускается.",0.12,0.752,0.129,0.1376,Positive,Negative,False
225,Никита,1,"Приложением пользуюсь , и обновление не удачное.",0.254,0.746,0.0,-0.4717,Negative,Negative,True
226,Алина,5,Нормально,0.0,0.0,1.0,0.2023,Positive,Positive,True
227,Дмитрий,2,Уберите свои чаевые к херам из приложения и уведомлений,0.0,1.0,0.0,0.0,Neutral,Negative,False
228,Pavel,3,"Озон то зайцем своим доставал, а теперь еще и чаевыми сотрудникам. Сделайте чтобы вашу хрень можно было отключить.",0.109,0.795,0.096,-0.0772,Negative,Neutral,False
229,Марина,3,"Какой бестолковый поиск у приложения, совершенно не соответствует запросу. Чтобы что-то конкретное найти это целый квест! Выпадает куча всего лишнего, среди которого нужно вручную что-то искать. Проще найти в других маркетплейсах. 
Характеристики товара должны быть расположены под товаром, а не через кучу ненужной информации, которою приходится все времч листать вниз.",0.052,0.908,0.04,-0.2244,Negative,Neutral,False
230,Айнур,1,"Навязывающая кнопка с чаевыми, прямо тычут тебе на весь экран.",0.0,1.0,0.0,0.0,Neutral,Negative,False
231,Виталий,1,"Доставки задерживаются, цены бешеные, и постояное клянчанье чаевых!",0.366,0.634,0.0,-0.636,Negative,Negative,True
232,Avtostop,2,доставки долгие,0.0,1.0,0.0,0.0,Neutral,Negative,False
233,Игорь,1,"Какие чаявые? Начили заниматься попрошайничеством, зарплату людям нормальную платить не хотят, решили за счёт клиентов ещё на холяву нажиться. Позор!!!",0.184,0.772,0.044,-0.6341,Negative,Negative,True
234,Александр,1,"Я не буду оставлять чаевые, и не хочу видеть эту вкладку. Пока не уберете эту вкладку будет стоять 1 🌟",0.067,0.871,0.062,-0.0191,Neutral,Negative,False
235,Алексей,5,Всо,0.0,1.0,0.0,0.0,Neutral,Positive,False
236,Егор,1,После обновления - полное гавно,0.342,0.658,0.0,-0.3818,Negative,Negative,True
237,Александр,1,"Какой бездарь решил, что на личной странице мне нужна ещё одна лента рекомендуемых товаров? Что это за гений, кто решил что разместить кнопку для доступа к меню, которым человек постоянно пользуется, в зону недоступную при использовании телефона одной рукой? Что за год бездарных изменений интерфейса, то почта России, потом cdek, теперь ещё и вы решили исполнить эту чушь. Вы одного дизайнера бездаря наняли или что?",0.057,0.872,0.071,0.2767,Positive,Negative,False
238,Абдумалик,5,Классно спасибо,0.0,0.0,1.0,0.6369,Positive,Positive,True
239,Виталий,1,"Полный лохотрон с розыгрышами призов, игра «Морковск», у меня выпали билеты на разные призы с одними и теми же цифрами, разница лишь в одной цифре что в начале. Одежду если брать, то велик шанс нарваться на грязную вещь или вообще брак, потом в офлайн-магазине такой же товар стоит либо дешевле, либо столько же, но там я потрогать и померить могу.",0.104,0.802,0.094,-0.1779,Negative,Negative,True
240,Стас,4,"В интерфейсе как будто много лишнего, слишком много в глаза бросается. В крайнем справа разделе, где профиль. Избранное, корзина и самый мало имеющий импакт для юзеров приложения - отзывы на товары (пихните этот раздел в другое место, не вижу смысла ставить вровень с изб и корзиной). Так вот, они очень высоко висят, ниже поставьте. Дотягивать палец нужно (со смартфона конечно же). И самое главное - дайте лично юзеру фильтровать избранное, а то все в одной куче и приходится искать. А так все гуд",0.019,0.869,0.113,0.8805,Positive,Positive,True
241,Денис,4,"Не хватает кнопки ""добавить в черный список продавца""",0.239,0.761,0.0,-0.296,Negative,Positive,False
242,Vladimir,3,С каждым обновлением все больше лагов. Сейчас вот например не грузятся превьюшки товаров,0.16,0.84,0.0,-0.469,Negative,Neutral,False
243,Юрий,5,Все супер. Мне нравится озон,0.0,1.0,0.0,0.0,Neutral,Positive,False
244,Александр,1,Как же уже достали ваши морковки. Только из-за них единица.,0.0,1.0,0.0,0.0,Neutral,Negative,False
245,Наталья,1,"После обновления исчезли штрихкоды получения заказов. Заказы в пункте, в отслеживании написано, что в пункте, статус поменялся назад на доставку. Поддержка плохая , плохо настроенная нейросеть, дает шаблонные ответы не по существу",0.0,1.0,0.0,0.0,Neutral,Negative,False
246,Николай,1,"Не берите лимит рассрочки 
Дают всем подрят а чуть что блокируют лимит рассрочки
Погашу лимит и удалю вообще это приложение столько товаров покупал теперь будем с дугими более выгодными маркетплейсами сотрудничать",0.099,0.828,0.073,-0.0276,Neutral,Negative,False
247,Владимир,1,"Отвратительный маркетплейс. Доставки вечно переносят, половину товаров подделки, а продают как оригинал",0.0,1.0,0.0,0.0,Neutral,Negative,False
248,Дмитрий,1,"Поиска нет совсем! Можно скопировать название товара, вставить его в поле поиска и не найти его в результатах! Обучение поиска фиктивное - за несколько месяцев поиска одного и того же с объяснением ""обучалке"" ничего не изменилось, в результатах и сайт, и приложение продолжают впаривать ненужную чушь, совсем не связанную с поисковым запросом. При включении упорядочивания по цене ропадают некоторые результаты поиска. В покупках - не все покупки, часть - только в заказах.",0.079,0.921,0.0,-0.7639,Negative,Negative,True
249,Артем,1,развод по  розыгрышам.!!!! имейте в виду.!!!!,0.0,1.0,0.0,0.0,Neutral,Negative,False
250,Денис,4,"Верните пункты меню (заказы, возвраты и тд) на основной экран.",0.0,1.0,0.0,0.0,Neutral,Positive,False
251,Сергей,1,"В эпоху больших экранов смартфонов вы на полном серьёзе переносите меню в самый верх интерфейса?
Чтобы было специально максимально не удобно?
Это фиаско",0.0,1.0,0.0,0.0,Neutral,Negative,False
252,Татьяна,3,"До последнего обновления всё было ОК. Теперь не виден штрихкод для получения, который меняется ежедневно. Чтобы его найти, нужно потрудиться, так ведь и пропустить можно. Куда делся штрихкод с главно страницы???",0.119,0.837,0.044,-0.3124,Negative,Neutral,False
253,Александр,1,"Совсем охренели, выпрашивают чаевые как попрошайки на вокзале!
Не стыдно вам?
Позорище!!!",0.114,0.51,0.376,0.7317,Positive,Negative,False
254,Виталий,1,"Чаевые, вы серьёзно? Попрошайки",0.245,0.755,0.0,-0.0772,Negative,Negative,True
255,Антон,2,"Ни капли не антиреклама, личное мнение.
Может мне так везёт, может и правда ОЗОн это днище маркетплейсов. Заказал сыну игрушку, откладывали сперва доставку, потом и вовсе отмена была, игрушку ждал на первый юбилей 10 лет. Ладно, заказывал установочную коробку, т.к. в наличие в магазинах её нет, так вот опять сперва отложили доставку, потом продлили на 2 дня. Сколько не заказывал на ВБ такой ерунды никогда не было.",0.12,0.808,0.072,-0.523,Negative,Negative,True
256,Михейкин,1,Постоянно товар приезжает не вовремя или ужасного качества(подделка),0.341,0.659,0.0,-0.7351,Negative,Negative,True
257,Просто,5,"Почти все заказы пришли быстро и оперативно, даже немного удивлен, так как ожидал по срокам 6-7 декабря,а основная масса товаров пришла сегодня.(!) Благодарю!",0.0,0.779,0.221,0.75,Positive,Positive,True
258,Павел,1,"Что то в последнее время работает через раз и даже хуже. И какие ещё, нахрен, чаевые?! Вам бабла мало?!",0.282,0.718,0.0,-0.8639,Negative,Negative,True
259,Марьяна,4,"Уважаемые разработчики,  сделайте возможность сортировать идущий товары по дате доставки, не пихайте в избранное неизбранное, пожалуйста.",0.0,0.675,0.325,0.7717,Positive,Positive,True
260,Владимир,5,"Доставка, и общительный персонал",0.0,0.484,0.516,0.4939,Positive,Positive,True
261,Алексей,1,Чаевые!? Хватит так агрессивно клянчить деньги!,0.536,0.464,0.0,-0.698,Negative,Negative,True
262,Александр,1,"Когда после каждой покупки вижу кнопку ""чаевые"" чувствую себя жлобом и  ощущаю психологический дискомфорт, как будто в ресторане. Хорошо, что кроме этого  ""ресторана"" есть и другие",0.084,0.753,0.163,0.3818,Positive,Negative,False
263,Сергей,1,"Ау гараж Озон, какие чаевые мы должны оставлять? За то что в пункте выдали товар? Хотите чаевые так доставляете до квартиры. Озон стал ниже плинтуса.",0.032,0.924,0.044,0.1179,Positive,Negative,False
264,Евгений,1,"Еще с товарами из России всё более менее  нормально, а вот из Китая полный треш! В описании одно, приходит совершенно другое. Порой покупатели вообще  не понимают , что продают, перевод корявый. Настали дикие времена, паль стала легальной! Любой купивший сертификат на садоводе может ставить  гордую  пометку ""Оригинал"" Разобрали зарядное  Xiaomi с пометкой "" оригинал "" а там пластилин для веса. Понятно, что вы не отвечаете на плохие отзывы, Вы вообще собираетесь наводить порядок в этом бардаке???",0.074,0.791,0.135,0.7733,Positive,Negative,False
265,Андрей,4,"Хорошее приложение, но в последнее время занялись попрошайничеством. Поэтому на звезду меньше",0.0,0.849,0.151,0.2382,Positive,Positive,True
266,Александр,3,"Зачем  добавляете ПЫЛЬ в приложение ? Чтобы хуже работало ? 
Зачем крутите- вернтите, груузите всяким мусором его еженедельно ?  Не слишком ли часто ?",0.107,0.893,0.0,-0.6199,Negative,Neutral,False
267,Александр,2,"Приложение вроде ничего. Но сам озон видимо испытывает проблемы. Заказ весит уже неделю и вообще не понятно собираются его отправлять. До этого было два заказа и не один не приехал вовремя. Поддержка отвратительная, бот отвечает однообразными ответами. Буду наверно удалять.",0.15,0.782,0.068,-0.7891,Negative,Negative,True
268,Лариса,5,Здравствуйте пожалуйста добавьте в корзину поиск покупок,0.0,0.753,0.247,0.3182,Positive,Positive,True
269,Борис,1,Перестаньте менять значок приложения!!! Вечно теряется!!!,0.531,0.469,0.0,-0.6876,Negative,Negative,True
270,Игорь,1,"Задрали с чаевыми, может ещё кофейные придумаете.",0.122,0.878,0.0,-0.2023,Negative,Negative,True
271,Максим,1,"Отвратительная поддержка, чат ботне помогает, на горячей линии с человеком не связаться, в сообществе в вк тоже тишина!!!",0.123,0.65,0.227,0.4359,Positive,Negative,False
272,Руслан,1,Вечно переносят сроки,0.0,1.0,0.0,0.0,Neutral,Negative,False
273,Валерий,1,"OZON последня помойка, доставка посылок на -10 уровне, стояла на один день и начали переносить на последующий день, ежедневно, поддержка отвратная и тупая, отвечает как бот, дать какую либо информацию по посылке не может, горячей линии нет, отследить посылки нельзя.",0.179,0.741,0.08,-0.7506,Negative,Negative,True
274,Серёга,1,"Петушиное приложение. Случайно закинул лишнего на озон карту, теперь не могу вывести себе на карту обратно СВОИ ЛИЧНЫЕ ДЕНЬГИ. пишут не возможно.",0.148,0.852,0.0,-0.4588,Negative,Negative,True
275,Ира,5,Крутые покупать там,0.0,0.566,0.434,0.3182,Positive,Positive,True
276,Фидель,5,Не обнавляется,0.0,1.0,0.0,0.0,Neutral,Positive,False
277,Олег,1,"Теперь в ""Избранном"", мне найти ничего невозможно, месяцами формировал избранное, читал отзывы, отслеживал недобросовестных продавцов, искал надёжных, и что теперь вы понаделали 🤷, с ума сошли?! Таким поиском по Избранному пользоваться не могу!! Я в вас Озон разочарован, вы не надёжная и неудобная торговая площадка!! Надеюсь, что с таким подходом, вы или поумнеете или разоритесь!!",0.072,0.758,0.17,0.7908,Positive,Negative,False
278,Мария,3,"Сделайте уже нормальную сортировку заказанных товаров. Как на другой известной платформе. Чтобы то, что получено, было отдельным списком. Что в пути - отдельно с отображением статуса доставки.",0.0,0.918,0.082,0.3612,Positive,Neutral,False
279,Ольга,3,"Вроде все хорошо, НО !!! Что бы найти заказ, который заказан или уже получил, нужно листать. Нет поисковой строки. Это очень не удобно. Приложением пользуюсь давно, в последниие 2 года активно, и очень сложно найти товар, который куплен несколько месяцев назад.",0.155,0.783,0.062,-0.8203,Negative,Neutral,False
280,Олеся,2,"Достали уже, с обновленими!!! Последнее время очень плохо загружается приложение. С другими маркетплейсами все в порядке",0.0,0.864,0.136,0.3971,Positive,Negative,False
281,Danton,1,"После последнего обновления, перестал работать поиск",0.241,0.759,0.0,-0.2263,Negative,Negative,True
282,Виктория,1,После обновления 03.12.25 строка поисковая перестала работать!,0.196,0.804,0.0,-0.2942,Negative,Negative,True
283,Никита,1,"Сколько можно обновлять озон? Обновления приходят каждые 2-3 дня.
Ошибки при поиске.
Ошибки при обновлении витрины товаров.
Белые квадраты вместо фото товаров.",0.173,0.827,0.0,-0.5859,Negative,Negative,True
284,Кирилл,5,"Приложение супер. Можно купить всё, от шнурков до автомобиля. А ещё, целая куча вкусняшек. Товар приходит быстро. Мне нравится.",0.0,0.752,0.248,0.765,Positive,Positive,True
285,Геннадий,1,"Украли 200 рублей на чаевые. Которые я никогда не оставляла. Оказывается клиент при заказе должен поставить галочку ""без чаевых"", а по умолчанию списывают по 100 рублей за один заказ, который  стоил 70 рублей. Заказ на 160, а чаевых на 200. Что ж ваши программисты не додумались по умолчанию поставить галочку ""без чаевых"",  а не подобно мошенникам списывать средства? Не думала, что озон сможет переплюнуть wb в плане незаконных списаний. Ну и поддержка просто худшая, отвечают раз в час.",0.095,0.82,0.085,-0.4767,Negative,Negative,True
286,Рузиля,5,Здорово что теперь можно отправить посылку. Хорошая опция вашего приложения. Удобно и быстро 👍,0.0,0.667,0.333,0.7906,Positive,Positive,True
287,Денис,2,"Настойчиво клянчат чаевые, один раз заплатить - потом нельзя отказаться их давать.",0.231,0.769,0.0,-0.3818,Negative,Negative,True
288,Сергей,5,Ничего не падает в рулетке Морковска. Развод для гоев. Не то что в Яндекс Маркете,0.14,0.86,0.0,-0.2755,Negative,Positive,False
289,Татьяна,4,"Будет круто сделать несколько корзин или возможность фильтрации (папки/теги) товаров в корзине.

Кейс: мне нужна и одежда на мероприятие к одной дате, и украшения к новому году, и инструменты для пересадки растений без привязки к дате.

Скорее всего я куплю больше товаров, положив их в отдельные корзины и нажав ""заказать"" на каждой из них тогда, когда мне удобно. 

Сейчас мне бывает проще выкинуть горшки из корзины, чтобы проверить заказ одежды для мероприятия и не отвлекаться.",0.0,0.898,0.102,0.8144,Positive,Positive,True
290,And,1,"Навязывают написать отзыв, отказаться нельзя, из-за этого люди ставят 5 звёзд даже не проверив товар. Огромное количество контрафактного товара. Чаевые это вообще позор !",0.167,0.765,0.068,-0.5255,Negative,Negative,True
291,Сам,1,Узпогойтесь вы уже с обновлениями. Ну вы чего. Телефон то не резиновый.,0.0,0.735,0.265,0.6597,Positive,Negative,False
292,Виталий,1,"По любому 1.Почему? Да потому что должен заказ срочный, ожидаю, он приехал, а озон присылает оповещение что доставлено когда закрылись. И какой ещё отзыв они хотят? В некоторых местах, не буду писать, работают 2 сотрудника, 1 раскладывает, другой выдаёт. В этом озоне наобарод, работает 1 выдающий, коробки с прибытием стоят не распакованы. Тупо не успевает. Этом озон не рекомендую. На Адмирала Нахимова 15",0.026,0.839,0.135,0.7802,Positive,Negative,False
293,Алексей,2,"После обновления что за ерунда с ,,"" оставьте чаевые"" при заказе товара и его оплате, даже после того как забрал товар с Пункта выдачи , весит ""оставьте чаевые"" я отзыв хочу написать о товаре, что за поборы  функции отключить не нашёл",0.063,0.91,0.026,-0.4263,Negative,Negative,True
294,Александр,1,Приложение стало постоянно тормозить после обновлений,0.0,1.0,0.0,0.0,Neutral,Negative,False
295,Анж,2,"Часто товары задерживаются, приходят не те товары, которые заказывали, много ненужной рекламы, которую невозможно отключить",0.2,0.8,0.0,-0.6124,Negative,Negative,True
296,Дмитрий,1,Уберите чаевые .,0.0,1.0,0.0,0.0,Neutral,Negative,False
297,Паха,1,"Пока не уберёте, навязывание чаевых, будет минимальная оценка!",0.145,0.855,0.0,-0.1759,Negative,Negative,True
298,Константин,1,"Что не лотерея. То лохотрон. 3 года уже выполняю задания и ловлю морковки. Так кроме мизерных скидок, выигрыша 0. Даже по мелочи.",0.0,0.812,0.188,0.7578,Positive,Negative,False
299,Сергей,4,"Наркоманы, пишите нормальные патчноуты, а не бред!",0.0,0.702,0.298,0.3716,Positive,Positive,True
300,Танюшка,2,"1. ОТТАЛКИВАЕТ И УЖАСНО РАЗДРАЖАЕТ  ПРЕДЛОЖЕНИЕМ ЗАПЛАТИТЬ ЧАЕВЫЕ! УБЕРИТЕ ЭТОТ УЖАС!!!!!!
2. ЦЕНА НА ТОВАР В КОРЗИНЕ ТОЛЬКО МЕНЯЕТ ЦВЕТ, ТИПА СКИДКА,НО ЦЕНА ПО ФАКТУ ОСТАЕТСЯ ПРЕЖНЯЯ-ОБМАН!
3. ПРЕДЛАГАЕТ ОЦЕНИТЬ ОТЗЫВЫ ,НО МОЖНО ПОСТАВИТЬ ЛАЙК ТОЛЬКО  ХОРОШИЙ,ВАРИАНТА ДИЗЛАЙКА ИЛИ НЕЧТО СРЕДНЕГО НЕТ",0.259,0.608,0.133,-0.8945,Negative,Negative,True
301,Димон,1,"Что за прикол с чаевыми? За то что человек сделал 2 шага на склад? А зарплата на что? В чем выражается улучшение сервиса, за 5 рублей увеличить скорость на 20%. При чем еще и в требовательной форме! А еще задолбали ваши акции которые никогда не работают но шлют по 1000 уведомлений.",0.066,0.844,0.09,0.3187,Positive,Negative,False
302,Вера,1,"Все время просит перезагрузить приложение, не работает приложение.",0.0,1.0,0.0,0.0,Neutral,Negative,False
303,Александр,2,"Вы там не офигели с чаевыеми? Какого вы их прямо пихаете? Зачаёвились все. Что-то мне на работе никто чаевые не оставляет. Убирайте это навязывание! Кто, хочет, пусть оставляет. Беспредел.",0.183,0.766,0.052,-0.6269,Negative,Negative,True
304,Андрей,1,"А что за хрень вы придумали с чаевыми, вы не хотите платить своим работникам? -очередной лохотрон!
Вы своим покупателям должны платить чаевые, за то что пользуются вашими услугами. Эти рекламы тупые-дешёвые, достали уже! -тоже😡!
Как отключить вашего страшного-мутанта-кролика, мешает ужасно в уведомлениях!",0.285,0.696,0.019,-0.9582,Negative,Negative,True
305,Дима,5,Приложение просто супер спасибо большое разработчикам.,0.0,0.507,0.493,0.7783,Positive,Positive,True
306,Кенжебай,5,Работает отлично.,0.0,0.196,0.804,0.6249,Positive,Positive,True
307,Вячеслав,1,Вам чаевые,0.0,1.0,0.0,0.0,Neutral,Negative,False
308,Мария,5,Озон самый лучший магазин и самый клёвый,0.0,0.625,0.375,0.6369,Positive,Positive,True
309,Эд,1,"Новый прикол у них начался, теперь с этими чаевыми замучают, походу придётся удалять, иначе клянчить, так и не перестанут.озон ты же богатый так плати своим сотрудникам чаевые",0.15,0.65,0.2,0.2315,Positive,Negative,False
310,Глебов,2,Когда уберут этот красный фон при входе в приложении?,0.0,1.0,0.0,0.0,Neutral,Negative,False
311,Вячеслав,5,Спасибо что сделали выбор по фото. Удобнее стало искать если не можешь сформулировать правильно.,0.0,0.889,0.111,0.3612,Positive,Positive,True
312,Наталья,2,"Чаевые сотрудникам ПВЗ, за что? Это, что за попрошайничество!!!??? И сделайте фильтр по региону отправки, чтобы можно было выбрать только доставку из России.",0.0,1.0,0.0,0.0,Neutral,Negative,False
313,Алексей,5,Супер 👍👍👍,0.0,0.204,0.796,0.5994,Positive,Positive,True
314,Мария,1,"Какие чаевые , вы уже сделали 1196 обновлений, а  неудосужились даже  сделать  в меню настроек функцию увеличения шрифта, с биноклем ваше  приложение должно идти в комплекте. Пока не будет  в приложении увеличения шрифта будет оценка 1, и уберите  свои чаевые непозортись",0.059,0.896,0.044,-0.1945,Negative,Negative,True
315,Виктор,1,Оставьте чаевые,0.545,0.455,0.0,-0.0516,Negative,Negative,True
316,Игорь,1,"Достали своими чаевыми, за что их давать? За то что тебе выдали товар? Заказал 10 товаров и пришло 10 уведомлений ""дай чаевые"" совсем ёбнулись",0.129,0.871,0.0,-0.5931,Negative,Negative,True
317,Rozum,1,"Уберите кнопку "" Чаевые"" куда-нибудь подальше и всплывающее окно с чаевыми.   Это самое тупое новшество, которое создаёт неудобства в приложении и желание от него отказаться.",0.223,0.588,0.189,-0.3182,Negative,Negative,True
318,Sksk,4,Хорошо,0.0,0.0,1.0,0.2023,Positive,Positive,True
319,Павел,1,"Тех поддержка не работает!
Штрихкод не получается найти. 
 В тех поддержку не возможно достучаться, бот тупо по кругу гоняет. 
 Отключите бота или доработать!",0.088,0.704,0.208,0.4738,Positive,Negative,False
320,Амбакум,3,"Очень много всяких писем шлете, достает",0.0,1.0,0.0,0.0,Neutral,Neutral,True
321,Влад,1,Вот ваши чаевые.,0.0,1.0,0.0,0.0,Neutral,Negative,False
322,Тимофей,1,"Заказал два товара бренда на сумму 500 рублей с целью получить морковки в акции Морковск. Часть заказа пришла, забрал из постамата. Доставку второй части заказа отменили. Морковки за заказ не начислили. Соответственно, расцениваю действия маркетплейса как мошеннические и ставлю 1 звезду за приложение.",0.11,0.861,0.029,-0.6608,Negative,Negative,True
323,Иван,1,"Первая покупка на Озон! Сразу оплатил товар. После длительного ожидания обещанного срока, начались ежедневные сообщения о переносе даты доставки. На оператора выйти не получилось. Везде только бот отвечает своими неподходящими для ответов фразами. Ни какой конкретики приедет ли что то вооще когда то. Отказался. Бот предложил не напрягаться и сказал, чтобы я не забирал товар по приезду и он аннулируется)))) бред какой! В итоге отказался, но деньги теперь нужно выводить самостоятельно на карту🤯",0.085,0.887,0.028,-0.5873,Negative,Negative,True
324,Диана,1,Автоматические чаевые ? До свидания.,0.0,1.0,0.0,0.0,Neutral,Negative,False
325,Митяй,5,Оперативность,0.0,0.0,1.0,0.3612,Positive,Positive,True
326,Леонид,1,Невозможно написать в поддержку. Только тупой бот гоняет по меню и не соединяет с настоящей поддержкой.,0.127,0.672,0.201,0.25,Positive,Negative,False
327,Рекс,5,Хорошая платформа для покупок любых товаров,0.0,0.633,0.367,0.4404,Positive,Positive,True
328,Yslada,1,"Самое стрёмное, хуже некуда, приложение!!! Эксперименты ваши так надоели, никакой заботы и уважения  к людям.",0.412,0.385,0.202,-0.7607,Negative,Negative,True
329,Алекс,1,Безумно назойлевое требование чаевых перечёркивает все плюсы этого приложения. Похоже пора отказаться от озона и направить свой взор на другие маркетплейсы (,0.127,0.723,0.151,0.2023,Positive,Negative,False
330,Сергей,2,"Воруют ,подменивают заказы,чаевые навязчивые придумали,озон мухлюет с чёрной пятницей ,нет кэшбеков от банков.",0.346,0.654,0.0,-0.8402,Negative,Negative,True
331,Марат,1,"Крайне не нравится новая система чаевых. Внимание если вы оставите чаевые, то подключите ""подписку"" на них. И у вас будут за все заказы автоматически брать чаевые!",0.139,0.861,0.0,-0.4368,Negative,Negative,True
332,Серъёзные,1,"Наверное главный минус маркета - никакого кэшбека банков, никаких спасибо в оплату, и при покупках вам этот самый кэшбек не начисляется.
Второй минус - каждый второй торгаш рисует ""скидку"" на товар, выставляя его за полную цену или подороже, и дорисовывая тыщи сверху, дескать ""беги хватай скорее, там на носки марлевые за 50000, 99% скидка!""
И третий - нулевой контроль качества товаров. Причём торгаши шлаком удаляют страницы чтобы отзывы не писали,удаляют сами отзывы,либо за деньги покупают отзыв",0.114,0.843,0.043,-0.7719,Negative,Negative,True
333,Татьяна,1,"За что оставлять чаевые? То деньги , если  остались там до 10р на озон карте ,куда-то  исчезают , то как не приедешь получать товар, закрыты на 15минут, а по факту на все пол часа и больше. Ладно когда лето , а зимой , стой и мёрзни получается. Я когда прихожу в магазин мне же не говорят, подождите-ка я сейчас сбегаю посвоим делам.Пусть в таком случае работают по двое.Поправите ситуацию, исправлю отзыв! Нет, удалю приложение и не буду больше пользоваться вашей услугой, перейду на другие платформ",0.074,0.891,0.035,-0.561,Negative,Negative,True
334,Весёлый,1,"Попрошайническое приложение. Огромные кнопки на часть экрана с попрошайничеством чаевых. Не хватает заработка платформы, и не могут платить з/п сотрудникам что начинают в открытую просить чаевые. на пол экрана, без возможности отключения.",0.075,0.873,0.051,-0.016,Neutral,Negative,False
335,Оукб,1,"Просто дичайщая дичь этот озон ,комментарии и отзывы добавляет на выбор ,полная чушь если есть возможность покупайте в другом месте!!Поддержка ни какая вообще,так себе монополия развивается рынок поглащает а делать для улучшения ни чего не хотят",0.066,0.749,0.185,0.7339,Positive,Negative,False
336,Сергей,1,Чаевые с автосписанием,0.0,1.0,0.0,0.0,Neutral,Negative,False
337,Эдуард,4,"Приложение хорошее, но. Оставить чаевые за что? Ладно, пример приведу. Вот заправщик. Он заправляет. Бегает на улице, обслуживает людей, тут я согласен. Но не тем людям, которые сидят в офисе.",0.024,0.865,0.111,0.4678,Positive,Positive,True
338,Антон,2,Хватит после каждой покупки байтить меня на чаевые. Это вообще гадская практика по перекладыванию своих финансовых обязанностей по оплате работы сотрудника пвз на кошелек покупателя.,0.167,0.833,0.0,-0.6808,Negative,Negative,True
339,Анатолий,2,Уберите пункт о чаевых. Это бред. 👎,0.31,0.69,0.0,-0.4019,Negative,Negative,True
340,Илья,2,От этих ваших чаевыех хлебало не трещит? Особенно от такого наглого их навязывания?,0.0,1.0,0.0,0.0,Neutral,Negative,False
341,Рафиль,1,"эти не нужные игры добавлять не обязательно бесит этот ""морковск"" просто лохотрон,  лучше работайте над улучшением приложения и сделайте свои розыгрыши(разодиловки людей) чтобы можно было отключить чтобы их не видно было",0.142,0.741,0.117,-0.296,Negative,Negative,True
342,Алексей,5,"Всё отлично, спасибо",0.0,0.411,0.589,0.5106,Positive,Positive,True
343,Иван,3,"Надоели уведомления о чаевых, устал от этого бесконечного спама.",0.58,0.42,0.0,-0.8074,Negative,Neutral,False
344,Ринат,3,"Идёшь в магазин покупаешь, и за это оставляешь в кассе чаевые, не бред по вашему.",0.0,1.0,0.0,0.0,Neutral,Neutral,True
345,Ирина,3,"Добавили чаевые для сотрудников ПВЗ - окей, ноль вопросов. А вот к увеломлениям об этих чаевых вопросы есть! Зачем мне после каждого заказа уведомление о чаевых? Если мне надо будет, я оставлю, я и так поняла, что есть эта функция! Добавьте возможность отключить уведомления о чаевых, они действуют на нервы.",0.051,0.861,0.088,0.4738,Positive,Neutral,False
346,Вячеслав,3,"После обновления, стал поиск хуже , при наборе пила торцовочная или пила с протяжкой ни чего не находит , хотя при наборе просто пила все пилы в том числе и торцовочные .",0.097,0.903,0.0,-0.4767,Negative,Neutral,False
347,Алексей,4,"Нельзя сменить систему оплаты при получении товара .Второй раз не смог привязатб банковскую карту,а  которой давно не существует, я не могу ее удалить , и  мне на выбор дано только выбор другой банковской карты, но я не могу выбрать оплату списания например  с банка озон. Это происходит при получении товара без оплаты.В итоге ушел без товара.  товар отменю.  Почему? В чем разница? Почему я не могу изменить на банк озон? Терминал озона  для оплаты физ картой поставить на точке слабо?",0.085,0.901,0.014,-0.8001,Negative,Positive,False
348,Andrey,1,НЕТ ЧАЕВЫМ!,0.714,0.286,0.0,-0.3595,Negative,Negative,True
349,Алексей,1,"Пишу отрицательный отзыв т. к. Есть отрицательный опыт со службой доставки нет обратной связи с курьером, служба поддержки не даёт обратной связи, я ни когда не буду больше пользоваться услугами доставки",0.238,0.695,0.067,-0.7845,Negative,Negative,True
350,Александр,1,"Пока не сделаете начисление мне чаевых за заказ и за посещение ваших пвз, будет такая оценка приложения! 

П. С. Минимум 7%",0.0,1.0,0.0,0.0,Neutral,Negative,False
351,Николай,1,После того как вели автоматические чаевые удаляю это приложение на совсем. Не согласен с политикой приложения озон карты озон банка тоже уничтожаю.,0.203,0.797,0.0,-0.7072,Negative,Negative,True
352,Владимир,2,"Добрый день. 
Раньше приложение работало нормально. На главном экоане сразу было видно заказы,  готовые к выдачи и рядом сразу кнопка отображения штрихкода для получения.
В последнее время на главном экране отображаются только некоторые заказы, которые в пути.  А доступные для выдачи с трудом можно найти на вкладке актуальных заказов если долго листать вниз. В начале идут свежие, потом идут те, что были оставлены у двери. И если повезёт- в конце можно найти заказ, ожидающий выдачи.",0.0,0.882,0.118,0.8834,Positive,Negative,False
353,Александр,1,Уберите совсем или сделайте возможность отключения на совсем ЧАЕВЫХ! А сейчас эта навязчивость ПРОСТО БЕСИТ!,0.272,0.728,0.0,-0.774,Negative,Negative,True
354,Александр,1,"Очень много никчёмных, бесполезных морковок, полученных за покупки скопилось. Хочу ими и милями чаевые давать, которые вы теперь постоянно клянчите. Как это сделать? 
Можно чаевые так-же учителям в школе, кондукторам в транспорте, продавцам в магазинах, поварам, врачам, тренерам, шахтëрам, мне, уборщицам, лифтëрам и т. д. давать. Чем они хуже ваших сотрудников? 
И уберите эти лохотроновские, безвыигрышные розыгрыши с бабочками, снежинками, морковками и прочими.",0.165,0.819,0.017,-0.9111,Negative,Negative,True
355,Артур,5,👍👍👍👍👍👍👍👍👍👍👍👍👍👍👍👍👍👍👍👍👍👍👍👍👍👍👍👍👍👍👍👍👍👍👍👍👍👍👍👍👍👍👍👍👍👍👍👍👍👍👍👍👍👍👍👍👍👍👍👍👍👍👍👍👍👍👍👍👍👍👍👍👍👍👍👍👍👍👍👍👍👍👍👍👍👍👍👍👍👍👍👍👍👍👍👍👍👍👍👍👍👍👍👍👍👍👍👍👍👍👍👍👍👍👍👍👍👍👍👍👍👍👍👍👍👍👍👍👍👍👍👍👍👍👍👍👍👍👍👍👍👍👍👍👍👍👍👍👍👍👍👍👍👍👍👍👍👍👍👍👍👍👍👍👍👍👍😭👍,0.0,1.0,0.0,0.0,Neutral,Positive,False
356,Александр,1,"задолбали с навязыванием чаевых , мне за мою работу , никто чаевые не платит и я не хочу , почему я каждый раз должен что-то подтверждать /отказываться !? озон ушел в режим попрошайки , сначала селлероа ободрать до нитки решили , теперь ещё и у покупателей выпрашивают , раз уж ввели это , сделайте возможность отключить чаевые раз и навсегда !!!
Приложение постоянно глючит , исчезает инфографика, фото товара в карточке , просто белые окошки .
Только что , отвалился поиск ,не ищет ничего вообще",0.164,0.836,0.0,-0.9098,Negative,Negative,True
357,Уля,5,Мне всё нравится!,0.0,0.264,0.736,0.4199,Positive,Positive,True
358,Дмитрий,1,За то что клянчите чаевые одну вам звезду.,0.0,1.0,0.0,0.0,Neutral,Negative,False
359,Григорий,1,Чаевые сотруднику пвз? Вы серьезно?,0.192,0.808,0.0,-0.168,Negative,Negative,True
360,Можно,1,"Почему нет доставки техники в Магадан? Как пример, стяжки доставить могут, а наушники нет, почему?",0.089,0.911,0.0,-0.2406,Negative,Negative,True
361,Димарик,1,"Оценка только  из-за  того что убрали вариант не оценивать товар,теперь в 80% случаев ставлю строго одну звезду продавцу по вашей милости дебильные разработчики",0.094,0.835,0.071,-0.2263,Negative,Negative,True
362,Дмитрий,1,"Последнее время выбераю заказ исходя из даты доставки но дата доставки просто каждый день переносится
Вот так подставили меня с подарком на др 
Интерфейс связи с продавцом максимально не понятен 
Короче молодцы, озон, раньше много брал но теперь вообще не охото даже открывать приложение",0.07,0.818,0.112,0.4541,Positive,Negative,False
363,Дмитрий,5,Меня все устрайвает.,0.0,1.0,0.0,0.0,Neutral,Positive,False
364,Алексей,3,Доставка стала намного хуже чем было изначально,0.279,0.721,0.0,-0.4767,Negative,Neutral,False
365,Галина,1,"Не возможно изменить адрес пункта выдачи товара, отписывается бот, с реальным спец не возможно пообщаться, пишут где нужно изменить, по факту этого даже нет, сделайте норм чтоб можно было зайти и изменить адрес пункта выдачи",0.0,1.0,0.0,0.0,Neutral,Negative,False
366,Анна,5,"Перестали публиковаться отзывы. Ставлю 5 звезд, пишу положительный отзыв, добавляю фото. Пишет, что отзыв не опубликован, т.к нарушает правила. Никакие правила не нарушены. Почитала отзывы на форумах, у многих такая проблема, поддержка Озон не решает этот вопрос. Скажите, что делать?",0.229,0.677,0.095,-0.7856,Negative,Positive,False
367,Равиль,5,Мне нравится💓,0.0,0.286,0.714,0.3612,Positive,Positive,True
368,Алексей,1,"Сделайте пожалуйста сортировку ввопросов о товаре по дате. Среди сотни, мой найти нереально. В веб версии такое есть",0.0,0.909,0.091,0.3182,Positive,Negative,False
369,Александр,5,"Все норм, грех жаловаться",0.0,1.0,0.0,0.0,Neutral,Positive,False
370,Евгений,1,"Приложение работает очень плохо, чтобы загрузить страницу нужно набраться терпения так как постоянно всплывае ""что-то с интернетом"". С другими приложеними таких проьлем нет.

Ну и агрессивное навязывание чаевых - выглядит странно",0.196,0.755,0.05,-0.6369,Negative,Negative,True
371,Meow,1,"90% заказов в Москве озон отменяет. Это уже в край достало. Само приложение кривое, с ui/ux очень большие проблемы. Какая-то помойка, в которую запихали просто всё подряд",0.194,0.806,0.0,-0.7564,Negative,Negative,True
372,Михаил,5,Отлично.,0.0,0.0,1.0,0.6249,Positive,Positive,True
373,Владимир,3,"Все больше товаров с доставкой из-за рубежа (КНР). Но доставка оттуда просто ужасная! Сроки указывают сразу же с разбросом в 15-20 дней! Если уж взялись за такое, то наладьте доставку, нормальную, с реальными сроками.",0.106,0.894,0.0,-0.6941,Negative,Neutral,False
374,Алена,3,"Куча рекламы! Лезет и лезет! Мало того, очень сложный поиск, вместо того, что необходимо, насуют то, чего и не запрашивал. Чтобы посмотреть отзывы, в обязаловку смотришь рекламу всего, чего не надо. Нет поиска похожего товара. Заказ только по предоплате, даже одежда. Ожидание долгое. Поэтому на Озоне заказываю крайне редко потому, что нет столько времени на поиск необходимого, сквозь бесконечные просмотры ненужного.",0.0,1.0,0.0,0.0,Neutral,Neutral,True
375,Виталий,1,Хватит на каждом шагу просить чаевые. Не позорьтесь.,0.182,0.662,0.156,-0.0803,Negative,Negative,True
376,Наталья,3,"Интерфейс неудобный, описание товара часто очень минимальное, многие продавцы вообще не отвечают на вопросы(неотвеченных море висит), поэтому если на других платформах на 200 р дороже, то лучше там купить- где всё чётко описано, карточки хорошо оформлены и продавцы всегда готовы проконсультировать",0.034,0.819,0.147,0.7783,Positive,Neutral,False
377,Татьяна,5,Почему нет фото товара? Только наименование и стоимость,0.196,0.804,0.0,-0.296,Negative,Positive,False
378,Алексей,1,Чаевые? А можно их вашими морковками?,0.0,1.0,0.0,0.0,Neutral,Negative,False
379,Андрей,1,"Даёшь чаевые фантиками от ирисок!
Часто белые карточки товара, хотя интернет отличный!",0.0,0.778,0.222,0.6467,Positive,Negative,False
380,Виталий,1,Чаевые? Вы серьезно ?,0.356,0.644,0.0,-0.168,Negative,Negative,True
381,Александр,5,В рекламе Марина Кравец!!!,0.0,1.0,0.0,0.0,Neutral,Positive,False
382,Varvara,1,"Включите стоимость доставки в цену товара, как было раньше. Я хочу сразу видеть, сколько заплачу за конкретный товар, а не провести много времени за выбором и сравнением, и только при оплате понять, что за доставку возьмут больше, чем за сами товары. Из-за этого перестала покупать на WB, Озон на очереди.",0.0,1.0,0.0,0.0,Neutral,Negative,False
383,Андрей,1,"Отвратительно,  не платить нормальную зарплату сотрудникам а вводить какие-то чаевые. Что за бред?
 Я что должен оценивать чаевыми?",0.0,1.0,0.0,0.0,Neutral,Negative,False
384,Djvansher,5,Все отлично,0.0,1.0,0.0,0.0,Neutral,Positive,False
385,Евгений,1,Чаевые? Вы серьёзно? Бесит тупое навязывание. С хрена ли вы зп работникам перекладываете на покупателя?,0.414,0.586,0.0,-0.9252,Negative,Negative,True
386,Юрий,5,Отличное приложение 👍,0.0,1.0,0.0,0.0,Neutral,Positive,False
387,Евгений,1,"Воруют деньги.  Подключили услугу премиум, где и как это сделали непонятно, списали деньги в размере 199р., но что самое интересное- услугу не оказали. Мало того, что я не знал о подключённой услуге, так ещё в этой услуге было оповещение об оперециях в смс.  Но смс о списании не пришло.",0.0,1.0,0.0,0.0,Neutral,Negative,False
388,Галина,5,Спасибо,0.0,1.0,0.0,0.0,Neutral,Positive,False
389,Рита,1,"Ужасно. Нет постоплаты,товары не открываются,цены высокие. Озон больше не нравится.",0.0,1.0,0.0,0.0,Neutral,Negative,False
390,Подлецу-Все,1,"Предлагают оставлять сотрудникам чаевые, а зарплату им поднимать не пробовали?",0.073,0.927,0.0,-0.0258,Neutral,Negative,False
391,Александр,5,Всë хорошо,0.0,1.0,0.0,0.0,Neutral,Positive,False
392,Камила,1,"ozon решил заработать на невнимательности клиентов?

совсем недавно озон добавил функцию ""чаевые сотруднику пункта выдачи"". это отличная возможность выразить благодарность за хорошую работу сотрудника, но почему по умолчанию в этом разделе стоит 200 руб (максимальные чаевые)??? 

два раза при оформлении заказа я не заметила, что в этом разделе у меня изменился мой выбор с ""без чаевых"" на ""200 руб"" и так у меня списалось 400 руб, будьте внимательнее!",0.0,1.0,0.0,0.0,Neutral,Negative,False
393,Кирилл,5,Очень круто,0.0,1.0,0.0,0.0,Neutral,Positive,False
394,Михаил,1,"Про морковск,Озон за лохов нас держит ? из 16000 морковок и купленных на эти морковки билеты не выиграть не чего , извините это попахивает лохотроном . боле чем 8 розыгрышей по 70 билетов в каждом и не выиграть, это реально говно а не морковск",0.294,0.685,0.021,-0.9479,Negative,Negative,True
395,Коля,2,"Отзывы перемешены если товар не один, ответы продавцов на заданные вопросы найти тот ещё квест.",0.0,1.0,0.0,0.0,Neutral,Negative,False
396,Вадим,1,Ваше приложение тормозит исправьте пожалуйста,0.0,1.0,0.0,0.0,Neutral,Negative,False
397,Дмитрий,1,Зачем было вводить чаевые и перекладывать  оплату заработной платы на покупателей?!,0.0,1.0,0.0,0.0,Neutral,Negative,False
398,Галина,1,Нет никакой возможности связаться с оператором для помощи в решении вопроса. Ответы бота не помогают.,0.0,1.0,0.0,0.0,Neutral,Negative,False
399,Смсна,1,Не рекомендую этот приложение когда заказиваеш все норм но отмена будет не не какой денг и ещё дат надо все данные так что не советую,0.0,1.0,0.0,0.0,Neutral,Negative,False
400,Евгений,3,Добавьте возможность оставлять чаевые морковками!,0.0,1.0,0.0,0.0,Neutral,Neutral,True
401,Максим,1,"Очень много сообщений, оповещений и бесполезных розыгрышей.",0.0,1.0,0.0,0.0,Neutral,Negative,False
402,Миша,1,Поддержка не работает,0.0,1.0,0.0,0.0,Neutral,Negative,False
403,Фатения,2,Глючит по черному,0.0,1.0,0.0,0.0,Neutral,Negative,False
404,Александр,3,"Чуть прокрулишь главную страницу и все, начинаются пустые карточки. Хоть перезагрузка, выход полностью из приложения, хоть что ты делаешь, ничего не помогает.",0.0,1.0,0.0,0.0,Neutral,Neutral,True
405,Ольга,3,"Интерфейс у заказов  неудобный,полученные товары висят несколько дней зачем-то и ещё эти чаевые,это уже наглость какая-то",0.088,0.912,0.0,-0.34,Negative,Neutral,False
406,Shubilen,1,"Верните деньги, а еще доставка долгая очень, такое чувство что я с алика заказы делаю",0.0,1.0,0.0,0.0,Neutral,Negative,False
407,Станислав,1,Задолбали с чаевыми,0.0,1.0,0.0,0.0,Neutral,Negative,False
408,Владимир,5,Азон банк отличное прилажение,0.0,1.0,0.0,0.0,Neutral,Positive,False
409,Валентин,1,"ПРИДУМАЛИ КАКИЕ-ТО ЧАЕВЫЕ,уберите ,они мешают при покупках!!!!!!!!",0.0,1.0,0.0,0.0,Neutral,Negative,False
410,Иван,5,Отлично,0.0,0.0,1.0,0.6249,Positive,Positive,True
411,Максим,1,"вопрос №01: что означает статус международной доставки ""заказ упакован в мешок""?
вопрос №02: почему при попытке отследить международное отправление, сервис ozon track теперь требует номер отправления указывать вручную?
почему убрали функцию автоматического отображения номера посылки при нажатии кнопки ""отследить заказ""?",0.082,0.875,0.043,-0.5171,Negative,Negative,True
412,Александр,1,"Для продовцов торгующих в России зачем сделали что они через сдек отправляют товары, хочу заказать с примеркой дорогие туринговые мото ботинки а хуц там плавал!👎🏽 Они отправляют но потом возвращать замучаешься!",0.129,0.844,0.027,-0.7457,Negative,Negative,True
413,Оксана,4,"Часто не возможно посмотреть фото товара, вместо картинок белые каточки",0.0,1.0,0.0,0.0,Neutral,Positive,False
414,Наталья,1,"Раньше пользовалась ,было все нормально! Теперь баллы не начисляют, одни чаевые им оставляй! Приходишь на пункт выдачи, с такими моськами, как будто, я к ним домой пришла(а зачастую вообще закрыто! Чаевые за , что?) Пришла пора прощаться с этим дном!",0.102,0.862,0.035,-0.5296,Negative,Negative,True
415,Ванёк,5,"Я тут всё бабло слил, просто чудеса, купил подставки для подставок побольше",0.0,1.0,0.0,0.0,Neutral,Positive,False
416,Сергей,5,"Хорошее приложение. Быстрая доставка. Благодаря баллам, бонусам продавцов, звёздам можно купить товар в трое дешевле чем в магазине. Заказ сделать быстро и легко, всё просто и понятно. Немного хромает поиск. А все недовольные походу засланы конкурентом😁",0.0,1.0,0.0,0.0,Neutral,Positive,False
417,Дмитрий,1,Баллы начисляют по полгода или не начисляют вовсе. На ВБ это гораздо лучше работает,0.0,0.714,0.286,0.6808,Positive,Negative,False
418,Виталина,5,Всё прекрасно 👌,0.0,1.0,0.0,0.0,Neutral,Positive,False
419,Илья,1,В опу идите с чаевыми!,0.0,1.0,0.0,0.0,Neutral,Negative,False
420,Павел,1,"Дно днищное! Тяжёлый интерфейс с навязчивыми ""предложениями"", отменить которые практически невозможно. Чтобы сделать заказ, нужно потратить кучу времени и сил, попутно наломав дров. Дичь!",0.0,1.0,0.0,0.0,Neutral,Negative,False
421,Виктор,5,Отличное👍,0.0,1.0,0.0,0.0,Neutral,Positive,False
422,Serg,1,Чаевые 😏,0.0,1.0,0.0,0.0,Neutral,Negative,False
423,Наталья,1,После обновления не запускается,0.0,1.0,0.0,0.0,Neutral,Negative,False
424,Вадим,1,"Чаевые? Вы серьезно? Вы что, ресторан? И так интерфейс стал унылым Г, так еще и всякие морковки и чаевые. Дно пробито.",0.234,0.766,0.0,-0.7677,Negative,Negative,True
425,Нету,1,"крыса она и в африке всёравно КРЫСА-ПОРАЗИТЫ готовы всё отобрат сломать а русторе-изворотливо через обман пролазает и скачивается дальше начинает манипулировать,для тех кто неустойчив-,,хорошо""подходит!!!",0.147,0.795,0.058,-0.5826,Negative,Negative,True
426,Денис,3,Добавьте возможность оставлять чаевые морковками.,0.0,1.0,0.0,0.0,Neutral,Neutral,True
427,Роман,1,"Отвратительно стало работать. Тупит, никуда не входит. И это от wifi.",0.0,1.0,0.0,0.0,Neutral,Negative,False
428,Эдуард,1,"Сделайте подробнее отслеживания посылок, хотя бы в каком городе, в пути? Где в пути ? Запуск в фоне запрещён а оно запускается. батарею жрёт! Вы чё  понаделали, в папках фильтр, где по цене, новое старое. В корзине самопроизвольно ставятся галочки, вы чё там уху ели !!! Бывает карточки товара пустые и фото в отзывах, в отзывах нужен фильтр старое, новое, а не полезное-новое, а то даты не порядку .ИСПОГАН-ИЛИ ПОИСК. ВБ, авито по моб. интернету работает, а эта хрень негрузит. ХРЕН ! А НЕЧАЕВЫЕ!!!",0.0,1.0,0.0,0.0,Neutral,Negative,False
429,Евгений,1,Это вам за чаевые,0.0,1.0,0.0,0.0,Neutral,Negative,False
430,Сергей,1,"Плохие отзывы не публикуют, 90 процентов доставок с большой задержкой, товары из Китая в принципе не возможно вернуть, заказали в подарок на ДР смартфон заранее ( за 1.5 месяца) три раза переносили уже и др прошло, а озон не даёт отказаться от заказа. Короче не приложение а фигня.",0.0,1.0,0.0,0.0,Neutral,Negative,False
431,Роман,1,"Доставка через озон ужасная , отправили посылку в которой лежали вещи на 10000 , посылку повредили , выставили компенсацию в 3000 .Месяц шла с Москвы в Ростов так и не дошла . Где вещи не понятно и вряд ли вернуться. Пользоваться этим сервисом крайне не рекомендую!!!",0.189,0.73,0.082,-0.7325,Negative,Negative,True
432,Юлия,1,"Уберите чаевые, раздражает попрошайничество.",0.403,0.597,0.0,-0.4019,Negative,Negative,True
433,Антон,1,"Как отключить уведомления о чаевых? Надоело это попрошайничество!  Зачем им их вообще платить?! Может всем тогда за работу доплачивать чаевые? 
Бесит!",0.0,1.0,0.0,0.0,Neutral,Negative,False
434,Jon,1,"Слишком навязчивая функция чаевых, а так же розыгрышей с морковками. Разрешите настраивать приложение под себя, и цены вам не будет.",0.071,0.737,0.192,0.4215,Positive,Negative,False
435,Владимир,1,"Уважаемый ""Озон""! Если я захочу оставить пункту выдачи чаевые, то я это сделаю и без настойчивых неоднократных напоминаний.",0.059,0.736,0.206,0.4574,Positive,Negative,False
436,Георгий,1,"Отвратительный маркетплейс. Не заказывайте здесь ничего. Срок доставки перегнули 5 раз и каждый раз на неделю(товар был 187р). Отвратительное отношение к покупателям. ДАЖЕ ВБ не так часто заказы переносит. Не советую, замучаетесь ждать",0.0,1.0,0.0,0.0,Neutral,Negative,False
437,Баир,1,Максимально неудобно пользоваться. Описание Товара находится в непонятном месте а вместо него куча бесполезной рекомендации и рекламы. На сайте тоже самое. Какой и это придумал остаётся загадкой.,0.136,0.864,0.0,-0.6697,Negative,Negative,True
438,Семен,1,Удалите на овощ чаевые из приложения. Достали. Во все щели засунули. Зарплату сотрудникам платите лучше,0.14,0.741,0.119,0.128,Positive,Negative,False
439,Анастасия,1,"Не могу отправить посылку в другой город после обновления приложения. До этого всё отлично оформлял и отправляла. Сейчас на последней странице по оформлению заказа пишет ошибка 203. Интернет у меня работает стабильно, почистила кеш, переустановила приложение. Всё тоже самое. Человек ждёт, мне не отправить посылку, а отправлять через вашу площадку очень удобно было. Почините пожалуйста.",0.025,0.882,0.093,0.5994,Positive,Negative,False
440,Михаил,1,"Изо всех сил превращают маркетплейс в помойку. Столько минусов что уже и не выразить культурно в 500 символов. Заметил что чем больше рекламируют товар, тем хуже качество, все деньги уходят на рекламу, а на производство остаются копейки. Так и с этим озоном, реклама из всех мест вещания с избытком, а потратиться на программистов, на организацию, на контроль не остаётся, или пофиг или и то и другое. Печально.",0.0,1.0,0.0,0.0,Neutral,Negative,False
441,Ренат,4,"Уберите пожалуйста чайвые для Норильска,мало того что доставка и так платная так ещё постоянно задерживают заказы,за что платить то, тем более чайвые",0.0,1.0,0.0,0.0,Neutral,Positive,False
442,Евгений,4,"Добавьте пожалуйста возможность оставлять чаевые курьерам и на пунктах выдачи морковками. Вы же благодарите своих клиентов морковками, вот я хочу тоже благодарить людей морковками, мне кажется это прекрасное предложение.",0.028,0.612,0.36,0.9198,Positive,Positive,True
443,Сергей,4,"Фото не успел загрузить, а отзыв отправился, это не первый раз. Связаться с продавцом не возможно при заказе товара, толь если доставка из Китая",0.0,1.0,0.0,0.0,Neutral,Positive,False
444,Анастасия,4,"Озон, верните дизлайки на отзывы! 😸
Чтобы работала функция релевантности сортировки. А то большинство пишут “я только получила товар, ещё не использовала, ничего не могу сказать“, тьфу",0.171,0.829,0.0,-0.6996,Negative,Positive,False
445,Rimuru,5,Все устраивает,0.0,1.0,0.0,0.0,Neutral,Positive,False
446,Даниил,1,"решил купить матери сертификат в подарок - произошла какая-то ""ошибка"" со стороны сервиса, деньги отправили на какой-то внутренний баланс, но с него не купить сертификат или другой цифровой товар
поставил средства на вывод - узнал, что ждать их несколько дней, в итоге остался без денег и без подарка, в поддержке шлют издевательские картинки ""спасибо за обращение"", денег больше от меня не увидите, хотя конечно пол страны маргиналов у вас и так вечно у вас закупаются и думаю вам пофиг, минетируйте",0.056,0.846,0.098,0.5877,Positive,Negative,False
447,Андрей,4,"Всё отлично, только отключите пожалуйста чаевые. Когда я выбрал без них зачем пришёл оставлении отзыва опять ети чаевые",0.0,1.0,0.0,0.0,Neutral,Positive,False
448,Наталья,5,"Всё понравилось,особенно хорошие скидки.",0.0,0.401,0.599,0.7165,Positive,Positive,True
449,Наталья,1,"Что происходит?Я не могу заказать на выбранный адрес ни один товар из корзины,даже те которые заказывала ранее и они приходили.Пункт выдачи работает,а заказать на него нельзя!Что это такое?",0.0,1.0,0.0,0.0,Neutral,Negative,False
450,Степан,5,"Функция чаевых хорошая, но сделайте оплату чаевых сразу при оформлении, а не при получении, на карте по умолчанию не всегда деньги лежат.",0.058,0.871,0.071,0.09,Positive,Positive,True
451,Иван,5,Ушел с ВБ как только разобрался с озон,0.0,1.0,0.0,0.0,Neutral,Positive,False
452,Вячеслав,1,"Всегда заказывал товары на озон, пользовался картой повседневно, но и до вас добрались приставы, теперь придется уходить, и таких как я тысячи",0.0,1.0,0.0,0.0,Neutral,Negative,False
453,Денис,1,"Где кнопка не оценивать этот товар? Для оценки некоторых товаров нужно время и много времени. Это сообщение постоянно вылазит и только раздражает. Вам нравится раздражать своих покупателей? Где кнопка дизлайк на отзыв? Есть имбецилы которые пишут что получили, но ещё не пользовались. Зачем этот отзыв? От него никакой пользы. Впрочем как и от разработчиков приложения.",0.115,0.827,0.059,-0.5514,Negative,Negative,True
454,Марина,2,"Зачем надо было брать для рекламы ""вечно пьяную Асти"". Отврат.",0.0,1.0,0.0,0.0,Neutral,Negative,False
455,Сергей,1,Поиск в приложении настолько Фуёвый что его виде Куя надо засунуть в жопу программистам может быть тогда они что-то смогут исправить!,0.0,1.0,0.0,0.0,Neutral,Negative,False
456,Ильяс,2,"Зачем сделали функцию не интересует категория или не в моем вкусе,если после игнора категории, они выходят в два раза чаще.",0.155,0.845,0.0,-0.607,Negative,Negative,True
457,Андрей,1,"Что вообще происходит с озоном? Загадили всё телевидение и интернет агрессивной рекламой вместо того, чтобы обратить внимание на свою ценовую политику. Почему у вас цены вдвое выше чем в другом известном МП даже с учётом наличия карты? Чаевые какие-то придумали. Что с вами?",0.137,0.863,0.0,-0.8042,Negative,Negative,True
458,Виталий,3,Нет возможности отправлять жалобы на товары с не обоснованно завышенными ценами и на продавцов. Такой товар отталкивает от покупки.,0.0,1.0,0.0,0.0,Neutral,Neutral,True
459,Иван,2,Сделайте возможность убрать всплывающие окна про отзыв полученного товара,0.0,1.0,0.0,0.0,Neutral,Negative,False
460,Алексей,3,Какие чаевые? За что? Вы чего там объелись?,0.0,1.0,0.0,0.0,Neutral,Neutral,True
461,Иннокентий,1,дайте чаевые,0.0,1.0,0.0,0.0,Neutral,Negative,False
462,Александр,5,Мне понравилось,0.0,1.0,0.0,0.0,Neutral,Positive,False
463,Тамара,3,Верните пришедшие заказы со штрихкодом на главную страницу приложения! Сейчас они очень запрятаны если бы не пуш который подключен я бы пропустила сроки в получения в ПВЗ. Звезды сняла пока не исправите,0.0,1.0,0.0,0.0,Neutral,Neutral,True
464,Бахтиер,1,"Вы очём думали, когда просите чаевые, за что ? За то что я у вас покупаю ваш товар , и жлу несколько дней, вы зачем испортили приложение, такое ощущение что вы стоите с протянутой рукой, это ваши сотрудники, и платите им зарплату, я у вас товар покупателю за деньги, а не фантики, и озон был интересен тем что тама можно что-то найти по дешевле, а тогда смысл мне у вас покупать примерно 300руб если копейкиа рубль бережот , не чего личного но бизнесе каждый рубль дорог , вы позорище!",0.0,1.0,0.0,0.0,Neutral,Negative,False
465,Маыыррвоыо,1,А как в качегарке угольной за минималку подключить чаевые кто знает ?,0.0,1.0,0.0,0.0,Neutral,Negative,False
466,Артём,1,Х8е7а,0.0,1.0,0.0,0.0,Neutral,Negative,False
467,Алексей,1,"Осторожно, мошенники! Оплаченные товары со скидками через 2 недели просто отменяют. В ответ присылают смайлики ""Простите нас"" Скрин сюда не грузится",0.0,1.0,0.0,0.0,Neutral,Negative,False
468,Юрий,5,Всё норм!,0.0,1.0,0.0,0.0,Neutral,Positive,False
469,Александр,1,Уберите чаевые.,0.0,1.0,0.0,0.0,Neutral,Negative,False
470,Алекс,1,"Вы серьёзно? В приложении ""оставьте чаевые сотруднику""? И меньше 30р нельзя?))) вы столько офисов в каждом доме открываете, думаю и на чаевые найдёте. А с накруткой положительных отзывов от ботов в приложении когда будете бороться?",0.0,1.0,0.0,0.0,Neutral,Negative,False
471,Ефим,3,"Тех поддержка деграирует, если есть вопросы на которые бот не может дать ответ, то соболезную ибо с тех поддержкой хер пойми как связаться. Раньше такого не было",0.0,1.0,0.0,0.0,Neutral,Neutral,True
472,Шер,1,Уберите эти ЧАЕВЫЕ!!! ЗАДРАЛИ УЖЕ!!!,0.0,1.0,0.0,0.0,Neutral,Negative,False
473,Сергей,2,"Постоянно задержка доставки заказов, повлиять не как не сможете 🤷",0.0,1.0,0.0,0.0,Neutral,Negative,False
474,Се,4,"Было все хорошо. Теперь навязчивое предложение оставить чаевые. Хочется спросить, это ресторан или гостиница пять звезд или все же магазин по типу почты!",0.0,1.0,0.0,0.0,Neutral,Positive,False
475,Евгений,1,В последнее время работает отвратительно! отбираешь заказ с доставкой завтра и начинается это доставили это нет. Ребята если берёте на себя обязательство доставить в срок так исполняйте их. Люди ждут целый день и получают часть заказа а остальное потом. почему нет связи со службой доставки в приложении? Не можете доставить значить компенсируете часть суммы заказа это хотя бы будет справедливо!!!,0.0,1.0,0.0,0.0,Neutral,Negative,False
476,Надежда,1,Отвратительное приложение стало для инвалидов во-первых они стали обманывать людей во вторых берут за доставку а доставка оказывается не понятно когда придёт если ещё придёт . Столько нервов по поводу доставки особенно таким инвалидам как я .,0.0,1.0,0.0,0.0,Neutral,Negative,False
477,Drammeh,1,"Я ненавижу ваш сервис, всегда какие-то проблемы.с указанием местоположения или возврата средств",0.0,1.0,0.0,0.0,Neutral,Negative,False
478,Vadim,1,"Что за сообщения стали приходить о чаевых? Может повысить зп персоналу нужно, а не навязывать басурманские традиции. А так приложение отличное, намного удбней чем у конкурентов с длинным названием.",0.0,1.0,0.0,0.0,Neutral,Negative,False
479,Ill,1,Нет чаевых морковками.,0.0,1.0,0.0,0.0,Neutral,Negative,False
480,Александр,5,"Хорошо, что есть фильтрация по стране производства. Морковск и чаевые - это лишнее.",0.0,1.0,0.0,0.0,Neutral,Positive,False
481,In,1,"Это что за навзывание чаевых для ваших сотрудников??? Невозможно комфортно пользоваться приложением, выскакивает баннер с чаевыми. Больше на вымогательство похоже. Ужас!",0.0,1.0,0.0,0.0,Neutral,Negative,False
482,Дмитрий,1,"Пол-года назад доставка на большую часть товара была до 14 дней. Сейчас все товары идут не менее 14 дней, а 99% доставок задерживаются на месяц. Тоже самое что и Алик, только там было хотя бы дешевле.",0.0,1.0,0.0,0.0,Neutral,Negative,False
483,Нина,2,"Почему нет возможности увидеть трек-номер, если заказ отправлен почтой? Сейчас озон очень многие заказы «не смог доставить», хотелось бы отслеживать реальную ситуацию, едет товар или нет",0.0,1.0,0.0,0.0,Neutral,Negative,False
484,Андрей,1,"Не работает приложение, сразу сбрасывает!",0.0,1.0,0.0,0.0,Neutral,Negative,False
485,Фото,1,"Верните возрат денег на карту, почему опять деньги уходять на баланс озон!? Верните всë как было раньше",0.0,1.0,0.0,0.0,Neutral,Negative,False
486,Дмитрий,1,"Заказал знакомой в другой город на подарок Яндекс станцию, курьер забрал себе станцию, узнал об этом после недели, что до получателя она не дошла. В поддержке сказали в течении недели надо было писать, сейчас ничего не будем делать. Отвратительное отношение к клиентам, не заказывайте кому-то, они считают, что если получатель не в курсе, можно себе оставлять.",0.0,1.0,0.0,0.0,Neutral,Negative,False
487,Вячеслав,1,На чай,0.0,1.0,0.0,0.0,Neutral,Negative,False
488,Ild,1,Стали клянчить чаевые после получения заказа. А за что чаевые то?,0.0,1.0,0.0,0.0,Neutral,Negative,False
489,Константин,5,"Сделайте в оповещениях информацию о вопросах про товары. Нигде не видно что вопрос прошел модерацию и опубликован. Так же не удобно искать ответил ли продавец на вопрос. Сделайте отдельную кнопку в уведомлениях про задание вопросы и ответы на них. 
Например сейчас я жду ответа про товар стоимостью 30тр , ответ мне крайне важен! 
И ещё, сделайте сортировку по дате вопросов в карточке товара. 
Спасибо за понимание!",0.0,1.0,0.0,0.0,Neutral,Positive,False
490,Юрий,1,Уберите выпрашивание чаевых.,0.0,1.0,0.0,0.0,Neutral,Negative,False
491,Таня,1,Не открывается приложение,0.0,1.0,0.0,0.0,Neutral,Negative,False
492,Павел,1,Никогда там ничего не закажу ! Только вальдберис,0.0,1.0,0.0,0.0,Neutral,Negative,False
493,Константин,5,Отличное приложение. Пользуюсь не один год и полностью доволен. Спасибо!,0.0,1.0,0.0,0.0,Neutral,Positive,False
494,Мансур,5,Привет,0.0,1.0,0.0,0.0,Neutral,Positive,False
495,Алексей,3,Заманали вымогать чаевые!!!,0.0,1.0,0.0,0.0,Neutral,Neutral,True
496,Наталья,2,"Озон, вы там ничего не перепутали? Что значит ""Оставьте чаевые сотруднику""?? Платите зарплату сотруднику. Или включите ""чаевые"" в цену товара, а я уж посмотрю, хочу ли я брать товар за указанную цену. И не надо тащить сюда эту дичь, эту псевдокультуру ""чаевых"", это отвратительно.",0.0,1.0,0.0,0.0,Neutral,Negative,False
497,Тимофей,1,Постоянно задерживающиеся заказы и не по расписанию работающие пвз!,0.0,1.0,0.0,0.0,Neutral,Negative,False
498,Злодей,2,Перестали отображаться прибывшие товары(,0.0,1.0,0.0,0.0,Neutral,Negative,False
499,Сергей,5,Всё отлично,0.0,1.0,0.0,0.0,Neutral,Positive,False
500,Mikhail,1,"Пока не будет возможности оставлять на чай морковки, оценка не изменится.",0.0,1.0,0.0,0.0,Neutral,Negative,False
501,DELETED,3,А можно это дерьмо с чаевыми отключить?,0.0,1.0,0.0,0.0,Neutral,Neutral,True
502,Владимир,3,"Смотрю по ценам особенно цивровую технику что намного дешевле в ДНС, так же и шмотки дешевле иногда в магазине купить",0.0,1.0,0.0,0.0,Neutral,Neutral,True
503,Константин,1,"Заказал товар 23.11. Обычная доставка на 02.12. Сроки не устраивали. Заплатил за доставку 399 рублей. Сроки стали 30.11. 27.11. Пришло уведомления о сдвиги доставки на 02.12. Написал в тех поддержку чтоб сдвинули сроки на 01.12. Или вернули деньги за доставку. Пришёл ответ - Доставка включает в себя множество этапов. Заказ отправили. Деньги не вернем. Т. Е. Я заплатил за услугу, которая не выполнена. Это называется мошенничестве. Будьте все аккуратны",0.0,1.0,0.0,0.0,Neutral,Negative,False
504,Виталий,5,Отличные приложение,0.0,1.0,0.0,0.0,Neutral,Positive,False
505,Руслан,5,"Уважаемый озон, вы надоело просить оставить чаевые. Если так хотите, чтобы я оставлял чаевые, то дайте возможность оставлять морковками!",0.164,0.619,0.217,0.4003,Positive,Positive,True
506,Баграт,5,Всё хорошо понравилось,0.0,1.0,0.0,0.0,Neutral,Positive,False
507,Zhan,1,"Заказал товар 18.11 срок доставки указан был Завтра, сегодня 27.11 товара еще нет в ПВЗ,это ужас сильно подводите клиентов",0.13,0.87,0.0,-0.5859,Negative,Negative,True
508,Александров,1,"Сервис, отвратительный. Если Вы что то заказали то это не значит что Вы получите товар, тут как повезёт, захотят доставят не захотят не доставят. Скажут извините подождите ещё неделю две или три. И ничего от них не добиться ни каких гарантий и ответственности. Лучше даже не смотрите в их сторону",0.0,1.0,0.0,0.0,Neutral,Negative,False
509,Максим,3,"Хватит подкручивать , приложение тяжёлое стало , загружается долго после обновления . Чаевые эти появились , могу морковками отблагодарить бесполезными и милями . Очень много мусора . Рассрочку заплатить досрочно , вообще ""квест"" полный .",0.0,1.0,0.0,0.0,Neutral,Neutral,True
510,Михаил,1,"Услуга Чаевые очень нужна. Это хорошо. Но вы сделали её по мошеннической схеме. И включили чаевые автоматически. Это преступление. Человек должен сам решать, кому оставлять чаевые  а кому нет. Не на всех пунктах хочется оставлять чаевые",0.0,1.0,0.0,0.0,Neutral,Negative,False
511,Арсланова,5,Все понравилось!,0.0,0.244,0.756,0.4753,Positive,Positive,True
512,Ковалев,5,Отлично,0.0,1.0,0.0,0.0,Neutral,Positive,False
513,Александр,3,"Норм, но вызывает удивление, почему из ответов на вопросы по товарами нет ссылки на страницу товара, где вопрос задавался. Смотрю много одинаковых товаров, задаю вопросы - как понять на какой товар ответ (помимо длинного названия без ссылки)? Искать заново где интересовался уже не буду.",0.0,1.0,0.0,0.0,Neutral,Neutral,True
514,Маргарита,4,Верните поиск есть дешевле или дойдет быстрее. Так удобно было,0.0,1.0,0.0,0.0,Neutral,Positive,False
515,Владимир,4,"Приложение норм. Но я не пойму, почему на человечке аккаунта (в правом нижнем углу) постоянно горит единичка. Что от меня хотят? Ужасно раздражает",0.307,0.654,0.04,-0.8957,Negative,Positive,False
516,Steel,3,"Пустые морковки из морковска в баллы конвертировать сделайте  , а то толку от них всёравно 0 .",0.25,0.75,0.0,-0.4588,Negative,Neutral,False
517,Светлана,4,"Не против оставить хорошему человеку чаевые, но что за насилие этими оповещениями, даже письма приходят на эл почту после получения заказа ""оставьте чаевые сотруднику"". У меня все оповещения отключены от эл почты, даже чеки. Где убрать навсегда этот спам??
Как убрать морковск??? Надоели невовремя всплывающие оповещения о морковках.
Почему нельзя оставить отзыв на товар, от которого пришлось отказаться (по причине брака, недокомплекта)?",0.29,0.689,0.021,-0.9789,Negative,Positive,False
518,Антон,3,Если хотите оставить мне чаевые за мой отзыв — свяжитесь со мной.,0.071,0.647,0.282,0.5574,Positive,Neutral,False
519,Анетта,1,"Само приложение разочаровало. Упало в моих глазах ниже плинтуса. Впервые сталкиваюсь с тем, что нет никакого чата с поддержкой. Даже бота. Есть алгоритм, в котором, если не нашёл ответа на свой вопрос, то нигде его не получишь. Это дно!",0.093,0.863,0.044,-0.4574,Negative,Negative,True
520,Владимир,5,Хорошая 👍 торговая Площадка,0.0,0.408,0.592,0.4404,Positive,Positive,True
521,Габриил,4,Заказы принимают заказы отдают нормально.Кто эти счастливчики морковок они существуют 🦦,0.0,0.692,0.308,0.5994,Positive,Positive,True
522,Валерий,4,"У меня проблема с приложением. Когда начинаю просматривать товары, для покупки, через некоторое время пропадают картинки товара. То есть текст есть, а товара не видно, пустой лист вместо картинки. Как исправить. Дело не в телефоне. Все остальные приложения работают нормально, всё
 показывают.",0.061,0.864,0.075,0.1994,Positive,Positive,True
523,Елена,5,Любимый магазин! 👍,0.0,0.233,0.767,0.5093,Positive,Positive,True
524,Primal,5,Всё супер рекомендую всем 😁👍,0.0,0.484,0.516,0.7506,Positive,Positive,True
525,Ирина,1,"С каждым днем всё хуже и хуже, приложение перегружено мусором, навязыванием услуг Озон банка и пр. Но теперь Озон пробил дно. Сегодня при оформлении мне предложили оставить ЧАЕВЫЕ! Озон не может себе позволить платить зарплату своим сотрудникам? Может на рекламе из каждого утюга стоит сэкономить, а не радостно сообщать о том, что даже если товар мне не подойдет, и я от него откажусь, то сотрудник всё равно получит чаевые. Это реально прорыв!!! Вы ещё вход в приложение сделайте платным.",0.084,0.8,0.116,0.6256,Positive,Negative,False
526,Елена,1,"Бесполезный бот, поддержки ноль от слова совсем, пллная игнорация пользователей. Полчаса пыталась достучаться до оператора, но увы - после обновления данная фукция полностью не работает и невозможна. Закрываю счет, удаляю приложение.",0.139,0.795,0.066,-0.4939,Negative,Negative,True
527,Александра,1,"Отвратительная работа с юридическими лицами! Часть заказа, а то и весь, каждый раз отменяется, деньги непонятно куда возвращаются, приходится истребовать их. Столько раз туда-сюда деньги гоняем. Уже три раза практически сорвали выполнение грантовых проектов. Если у вас есть альтернатива, пусть и дороже, не связывайтесь!",0.097,0.846,0.057,-0.5786,Negative,Negative,True
528,Денис,3,"Уберите, почти наглое , вымогательство чаевых! Вы что произвели этот товар или придумали его?",0.0,1.0,0.0,0.0,Neutral,Neutral,True
529,Дмитрий,4,Как оставить чаевые сотруднику пвз марковками?,0.0,1.0,0.0,0.0,Neutral,Positive,False
530,Елена,5,"Не работает поиск по названию. Товар найти невозможно. 26.11.25
Проблему решили быстро.",0.139,0.773,0.088,-0.25,Negative,Positive,False
531,Анна,1,"Приложение вообще не хочет работать. Не загружается ни с мобильным интернетом, ни с Wi-Fi",0.075,0.925,0.0,-0.0572,Negative,Negative,True
532,Сергей,1,"После последнего обновления, перестало работать банковское приложение внутри приложения ОЗОН. Телефон уже не новый, но предыдущая версия нормально работала, а  в этой на банковской вкладке почти белый экран, без картинок, только цифры суммы на счете отображаются.",0.108,0.851,0.041,-0.3919,Negative,Negative,True
533,Плохая,2,"Почему не могу оставить отзыв на товар от которого отказалась? Зачем сделали чаевые? Может и в магазинах продавцам будем на чай оставлять? Продавцы в карточках товара дают не правдивую или не полную информацию о таваре. Если отзыв негативный, его могут и не опубликовать.",0.163,0.792,0.045,-0.6747,Negative,Negative,True
534,Оксана,1,"Что с приложением?? 
После вашего последнего обновления отсутствует возможность поиска товара по названию!(((
Может быть уже нужно нормальных разработчиков принять?!",0.113,0.887,0.0,-0.5145,Negative,Negative,True
535,Леша,5,Очень крутое,0.0,0.278,0.722,0.3804,Positive,Positive,True
536,Володя,2,"Очень надоело уведомления с просьбой оставить чаевые , ну ведь есть графа при заказе оставить чаевые. Это уже начинает выглядеть как вымогательство, какой извините дурак придумал эту рассылку прямо хоть не чего не заказывай.",0.189,0.711,0.099,-0.4915,Negative,Negative,True
537,Георгий,1,"Чаевые крайне раздражают, вплоть до смены маркетплейса!
А само приложение отличное!",0.126,0.676,0.198,0.4001,Positive,Negative,False
538,Svetlana,1,"Открыла оформление заказа — оставьте чаевые.
Получила заказ на ПВЗ — оставьте чаевые.
Пришла домой из пункта выдачи, а на почту уже пришло письмо — оставьте чаевые.
Хочу оставить отзыв на товар, а там — оставьте чаевые.
Может, вашего сотрудника ещё и на день рождения пригласить?",0.111,0.835,0.054,-0.0258,Neutral,Negative,False
539,Алексей,2,"Жадность фраера погубит. Приложение по умолчанию за заказ просит чаевые. Сожгите Москву, они там совсем связь с реальностью потеряли. Это ж надо додуматься на заказе сделать кнопку чаевых по-умолчанию единственной. Это подло и низко по отношению к пожилым и людям, у которых сложности общения с гаджетами. У вас покупают зачастую из-за низких цен, хотя порой они таковыми не являются. Попрошайничество- низость.",0.176,0.8,0.024,-0.9061,Negative,Negative,True
540,Асиф,1,"Отвратительная работа поддержки, бота никак не пройти, пообщаться с человеком никак нельзя, постоянно бот блокирует отправку сообщений

Если удалось вызвать оператора - он отвечает на вопрос и сразу закрывает чат, и опять борьба с ботом.

У них кто-то в цепочке подменяет товары на фейковые, и если ты забрал запакованный товар а там подделка- вернуть обратно ты ничего не сможешь, ведь не тот товар тебе отправляли.
Проблема очевидно на стороне озона, но разбираться в этом они не хотят",0.154,0.815,0.031,-0.8537,Negative,Negative,True
541,Евгений,3,"Очень навязчивое выклянчивание чаевых для сотрудников. И в уведомлениях, и на почту! Можно отказаться от получения таких уведомлений? Что это вообще за нововведение?",0.0,0.894,0.106,0.4514,Positive,Neutral,False
542,Олег,4,"Прям подбешивает хрень про чаевые каких-то, а самое интересное за что? Быть может озон начнёт после покупки товара возвращать обратно половину стоимости товара за то что именно на нём заказали? 🤭",0.079,0.826,0.095,0.4025,Positive,Positive,True
543,Alex,5,"Пока всё отлично, спасибо, без нареканий.",0.335,0.195,0.47,0.4741,Positive,Positive,True
544,Алексей,1,Как вы задрали своими чаевыми.,0.0,1.0,0.0,0.0,Neutral,Negative,False
545,Грек,5,ОК,0.0,0.0,1.0,0.296,Positive,Positive,True
546,Лев,5,"Озыв напишу, как получу швабра.",0.0,1.0,0.0,0.0,Neutral,Positive,False
547,Александр,3,"Что за идиотизм, задаёшь вопрос,  приходит ответ по товару а по какому конкретно непонятно, я спрашивал несколько продавцов и естественно не знаю кто ответил и так же люди пишут ответы но никогда не узнаешь по какому товару, почему к ответу и вопросу нет ссылки на этот товар , что за бред, в Яндексе есть а на озоне нету такого , вы научитесь когда нибудь!?",0.15,0.85,0.0,-0.9046,Negative,Neutral,False
548,Гостеева,3,"Невнимательны сборщики.Товар приходит не тот что заказывала.
Например:
Недавно заказала спортивный костюм,пришла одна куртка и та не  того фасона что был на фото.",0.0,1.0,0.0,0.0,Neutral,Neutral,True
549,Евгений,1,"Пошли по пути Сбера, кэшбек только за категории, реальный кэшбек не превышает 10 процентов за все выбранные категории в сумме без покупки привилегий, как площадка хорошая с приемлемые ценами, но борьба с недобросовестными продовцами не ведётся , печально если в скором будущем останется как лидер только вб",0.193,0.776,0.032,-0.8748,Negative,Negative,True
550,DELETED,4,Бы сделать удаление подписчиков.,0.0,0.615,0.385,0.3612,Positive,Positive,True
551,Михаил,4,Добавьте пункт - оплатить чаевые морковками,0.0,1.0,0.0,0.0,Neutral,Positive,False
552,Иван,1,"Достали со своими придумками,  теперь постоянно хотят чтоб я оставил чаевые сотрудникам ПВЗ. 
Вы там что курите?",0.047,0.902,0.051,0.0258,Neutral,Negative,False
553,Ольга,3,"Не обновляется, доходит до половины и скдывается.",0.125,0.875,0.0,-0.0382,Neutral,Neutral,True
554,Алексей,5,огонь,1.0,0.0,0.0,-0.34,Negative,Positive,False
555,Владимир,1,"Одни обновы, уже напрягает.",0.351,0.649,0.0,-0.4019,Negative,Negative,True
556,Анастасия,3,"Много вопросов, мало ответов

Ну почему до сих пор нет поиска в  избранном? Нет, не по категории, а нормальный человеческий ПОИСК 
даже в фиолетовом мп удобнее реализовано",0.106,0.831,0.063,-0.0772,Negative,Neutral,False
557,Сергей,1,Ужасное приложение. Курьерску доставку убрали. Придумали еще и чаевые. Получается что премиум вообще ничего не дает.,0.119,0.881,0.0,-0.4767,Negative,Negative,True
558,Klara,5,Широкий выбор,0.0,1.0,0.0,0.0,Neutral,Positive,False
559,Натка,5,Благодарю за всё 🙏,0.0,1.0,0.0,0.0,Neutral,Positive,False
560,Евгений,5,Хороший магазин с нужной функцией доставки личных вещей.,0.0,1.0,0.0,0.0,Neutral,Positive,False
561,Артур,3,Навидите порядок заходишь в приложение ужас одна реклама не понятно где что,0.0,1.0,0.0,0.0,Neutral,Neutral,True
562,Вадим,5,Намного удобнее чем вб,0.0,1.0,0.0,0.0,Neutral,Positive,False
563,Олег,1,На чай.,0.0,1.0,0.0,0.0,Neutral,Negative,False
564,Алинка,2,40 минут пытаюсь перевести деньги с озон карты на карту Сбера. Поддержка ничем помочь не может деньги надо вернуть срочно. Что делать не знаю,0.0,1.0,0.0,0.0,Neutral,Negative,False
565,Фед,1,на чай разрабам,0.0,1.0,0.0,0.0,Neutral,Negative,False
566,Степан,5,Атлична,0.0,1.0,0.0,0.0,Neutral,Positive,False
567,Кадохов,1,"Верните поддержку старых версий Андроида. У меня Андроид 7.1, работают приложения платежных систем, работают приложения банков (в том числе и Озон банка) и куча всего. И только приложение Озона требует версию не ниже 8. Причём до обновления всё работало прекрасно. Телефон менять пока не собираюсь. Зачем менять то, что до этого прекрасно работало? Чтобы впаривать морковки, мили и чаевые требовать? Да и поиск с фильтрами у вас хромает. Лучше приложение отшлифуйте.",0.0,1.0,0.0,0.0,Neutral,Negative,False
568,Алексей,3,"Уберите кнопку ""оставить чаевые"" или добавьте ещё одну ""не оставлять"". Что за бред? Чаевые это моё личное желание. А если мне например нахамили в пункте выдачи, тоже чаевые оставлять?",0.0,1.0,0.0,0.0,Neutral,Neutral,True
569,Юра,5,"Ваша эльфийская пыль это обычная реклама которая уже достала, кто вам сказал что реклама двигатель торговли?",0.0,1.0,0.0,0.0,Neutral,Positive,False
570,Антон,1,Это вам на чай.,0.0,1.0,0.0,0.0,Neutral,Negative,False
571,Вася,5,Ну очень удобно одеваюсь тут.,0.0,0.366,0.634,0.6361,Positive,Positive,True
572,Алексей,1,Достали со своими чаевыми.,0.0,1.0,0.0,0.0,Neutral,Negative,False
573,Джон,5,🔥 🔥 🔥 🔥 🔥,0.0,0.0,0.0,0.0,Neutral,Positive,False
574,Руслан,1,"А когда вы мне начнёте платить чаевые за заказ? Насчёт лохотрона морковск согласен, Озон считает что вокруг одни ослы с этим морковском!",0.131,0.787,0.082,-0.3595,Negative,Negative,True
575,Александр,2,"Первый банк такого типа! Сняли с меня деньги 790 рублей, а безопасность и не сработала!!! Запросил что б вернули деньги, подожду сутки!
Дурная слава вперед банка летит!",0.0,1.0,0.0,0.0,Neutral,Negative,False
576,Антон,1,"Задолбали с чаевыми. В приложении всплывахи каждый день, на почту, на каждый купленный товар показывается баннер. Задолбали, когда нажретесь?",0.16,0.84,0.0,-0.6908,Negative,Negative,True
577,Дмитрий,3,"Из минусов - Невозможно оставить отзыв на товар, если отказался, Продаются подделки под видом оригинальных товаров.",0.127,0.787,0.086,-0.0258,Neutral,Neutral,True
578,Александр,4,"Приложение хорошее. Но!
Когда уже удалите этот лохотрон ""Морковск""!!!
Сил нет терпеть!
Сделайте хотя бы возможность отключить!
И уберите пожалуйста это недоразумение с чаевыми работникам ПВ: им должны платить хозяева Озона, а не мы!!!",0.215,0.641,0.144,-0.7601,Negative,Positive,False
579,Татьяна,2,"Почему завершенные заказы болтаются в актуальных? Это очень мешает. 
Оставить отзыв на товар, теперь на доставку отзыв, еще и чаевые
Уберите вы эти чаевые. Чем меньше заморочек, тем лучше.",0.13,0.795,0.074,-0.2895,Negative,Negative,True
580,Motorcycel,5,Спасибо,0.0,0.286,0.714,0.3612,Positive,Positive,True
581,Natalia,1,Где фильтр?  Что там за идейный сотрудник? Верните как было!!,0.0,1.0,0.0,0.0,Neutral,Negative,False
582,Максим,1,Одна звезда за то что ввели дебильные чаевые!,0.425,0.575,0.0,-0.5707,Negative,Negative,True
583,Avtovinil,1,Сколько можно попрошайничать? Что за чаевые?,0.0,1.0,0.0,0.0,Neutral,Negative,False
584,Михаил,5,О.К.,0.0,0.0,1.0,0.296,Positive,Positive,True
585,Егор,1,"Если вы будете мне предлогать оставить чаевые или например отзыв, - то я обязательно оставлю не хороший отзыв! Не навязывайте!!! Давайте вы не будете говорить что мне делать, - а я не буду говорить куда вам идти.... Когда вы приходите в магазин вам же не предлагают оставить отзыв за каждую покупку, тем более позицию!!! Услыштееееее!..., - вы уже достали!!! Куда вообще нахрен катится этот мир?!!! Не услышите.., покину вашу площадку.........и на счёт бонусов!, - мне нужен только тот товар, который",0.154,0.778,0.068,-0.7833,Negative,Negative,True
586,Кристина,2,Где теперь фильтры для поиска??? Что за ужас?,0.355,0.645,0.0,-0.7143,Negative,Negative,True
587,Борис,3,"Само приложение нормальное только в чате невозможно пообщаться с оператором отвечает робот бот нет только человека оператора который мог бы решить проблему быстрее, а вот доставка хромает курьеры не могут найти дом Самаре где проживает заказчик и не привозит товар и сам отменяет заказ с оператором связи нет кому пожаловаться непонятно, на другом конце провода робот, нейросеть,машина,? кто будет исправлять ошибки",0.186,0.801,0.013,-0.9538,Negative,Neutral,False
588,Владимир,2,"По-моему всех уже раздражают эти чаевые. Да и цены стали выше,чем в магазинах на некоторые товары.",0.126,0.874,0.0,-0.3818,Negative,Negative,True
589,Елена,1,"Почему у меня нет функции ,, Оплата после получения ,,?
Раньше без проблем обувь, одежду заказывала и оплачивала после получения. Сейчас у меня все́ нужно сперва оплатить .",0.044,0.884,0.071,0.2163,Positive,Negative,False
590,Сергей,3,"Непонятно, почему написано размер обновления 80 мб, а загружается 162 мб.Причём во время загрузки а не установки.",0.065,0.935,0.0,-0.1511,Negative,Neutral,False
591,Игорь,3,"Приложение норм. Но вот про ,,на чай,, сделате отдельнем   пунктом,который бы не мешал!",0.0,1.0,0.0,0.0,Neutral,Neutral,True
592,Сергей,1,"Знаете, я все понимаю, но ваша доставка стала давать сбои очень часто в последнее время. Логистика у вас не о чем.",0.192,0.808,0.0,-0.6956,Negative,Negative,True
593,Константин,2,Доставка отвратительна!!,0.666,0.334,0.0,-0.6103,Negative,Negative,True
594,Миша,4,"Ново введение в виде морковска, полный отстой, сколько нужно денег потратить, чтобы накопить эти грёбаные морковки, а потом потратить их на грёбаные билеты и остаться сидеть с голой жопой, так как вы нихрена не выйграли, какого хрена?! Что за лохотрон 3000?!!!",0.219,0.724,0.057,-0.8937,Negative,Positive,False
595,Фарход,5,Всё хорошо👌,0.0,0.526,0.474,0.2023,Positive,Positive,True
596,Юрий,5,Всё супер,0.0,0.328,0.672,0.6249,Positive,Positive,True
597,Михаил,5,"Постоянно приходят сообщения о том,что мне не нужно и не будет нужно. В целом же приложение удобно.",0.0,1.0,0.0,0.0,Neutral,Positive,False
598,Евгений,4,😀😀😀,0.0,1.0,0.0,0.0,Neutral,Positive,False
599,Kuban,3,"Вы думаете исправлять работу программы??? Зависает на всем что есть в доме. Три телефона, компьютер и два ноутбука. Везде невозможно пользоваться приложением. Посмотрите отзывы людей. Повальное завтсалово а озону наплевать",0.13,0.87,0.0,-0.6876,Negative,Neutral,False
600,Сергей,1,На чай! Уберите эту фигню !,0.481,0.519,0.0,-0.5732,Negative,Negative,True
601,Елена,2,". доставка стала платной! это при том,что в наш регион в стоимость товара уже заложено всё, что только возможно",0.0,1.0,0.0,0.0,Neutral,Negative,False
602,Степан,1,"Уберите постоянное упоминание про чаевые:захочу - оставлю, нет - не оставлю. Зачем оно висит постоянно после закрытия заказа уже неделю.",0.09,0.861,0.049,-0.0258,Neutral,Negative,False
603,Артём,1,"Мне не нравится реклама на телевизоре, баба бесит",0.407,0.593,0.0,-0.5873,Negative,Negative,True
604,Ксения,1,"Ввели бредовую функцию - чаевые.  Ладно, ок, захотел, заплатил. Не захотел, не заплатил. Но при указании, что заказ без чаевых один черт приходят оповещения - а не хотите оставить чаевые? При оценке - оставьте чаевые. Господи, я просто не хочу их видеть. Если указала, что без чаевых, значит без.
Это тоже самое, что официанту не дали чаевых, а он за вами бежит до двери и говорит - а может дадите чаевых? А может все таки дадите чаевых? Бредовая затея.",0.156,0.738,0.107,-0.3555,Negative,Negative,True
605,Пётр,1,"После того как стали брать за доставку деньги, многие товары стало просто невыгодно брать т.к в магазинах цена дешевле.  Особено невыгодно стало брать масла , смазки , ОЖ  т.к это у нас в магазинах точно дешевле. Теряете клиентов товарищи. И что за бредятина про чаевые? Вы решили поднять людям з.п в пунктах выдачи за нашь счет? Вы серьезно? Чаевые за выдачу товара? Вот вы клоуны .  Поднимите людям зарплату.  Скачаю вилберис теперь т.к  озон перестал быть выгоднее .",0.103,0.838,0.059,-0.5093,Negative,Negative,True
606,Наталья,1,"Морковки- это натуральный лохотрон. В лукошке 36 позиций, 7 из которых представляют какую-то реальную ценность (не ""скидку"" 15% на товар с  ценой+20%, а баллы или хорошие скидки на реальные товары). Вероятность вытянуть одну из этих7 позиций с 23 попытки составляет 99%, но этого не случилось ни у кого из моих знакомых) ну вы сами всё понимаете, все видели список ""победителей"". Приложение неудобное(найдите например ссылку на товар, по которому задавали вопрос),поддержка - отдельное ""удовольствие""",0.053,0.816,0.131,0.7935,Positive,Negative,False
607,Елена,3,"Было хорошее приложение, но новая навязчивая функция ""Оставить чаевые"", по-моему, просто отвратительна!",0.28,0.632,0.088,-0.6419,Negative,Neutral,False
608,Валентин,1,"Смотришь ценник - 8300, кидаешь в корзину аккаунта - 9990. Это мошенничество, трата времени и сил. 

Пополнить и оплатить - кидаешь деньги на озон банк, оплачиваешь, через сутки узнаешь что деньги на месте, товар подорожал в полтора раза. 

Продавец может отменить покупку, потому что озон решил без него его товар со скидкой продавать.

Сплошной обман, вытягивание  денег и времени.",0.158,0.795,0.047,-0.8357,Negative,Negative,True
609,Артём,3,"Очень навязчивые предложения оставить чаевые, при оформлении заказа, при получении заказа, а также уведомления оставить чаевые. Раньше такого не было.  Очень раздражает, это только у меня или у всех в приложении постоянная просьба оставлять чаевые? Уберите пожалуйста!!!
P.s. Если бы не было навязчивых чаевых, поставил бы  пять звёзд!!!",0.157,0.773,0.069,-0.5516,Negative,Neutral,False
610,Dmitry,1,"Задолбали эти развгрыши дураков (щавуалированная реклама)
Сделайте уже переключалку - не участвовать в розыгрышах и т.п.",0.289,0.711,0.0,-0.7579,Negative,Negative,True
611,Екатерина,4,"Добавьте, пожалуйста, фильтр ""нет в наличии"", чтобы убирать такие товары из результатов поиска",0.0,0.85,0.15,0.3182,Positive,Positive,True
612,Jhon,5,"Приложение хорошее, все работает по интуитивно понятно.
Единственный вопрос по функции подписки на отзывы каждого из покупателей: можно ли добавить в приложение функционал как по корректировке списка подписчиков на отзывы покупателя, так и на полный запрет кому-либо из покупателей подписываться на постоянное отслеживание конкретного публикатора отзывов?
Это позволит обеспечить приватность покупателей, публикующих отзывы на свои покупки, при отслеживания дргими покупателями произведённых покупок.",0.0,0.932,0.068,0.6705,Positive,Positive,True
613,Михаил,1,Навязчивое напоминание про чаевые в пвз. Это уже черезмерная наглость. Если я захочу оставить чаевые - поищу кнопку. Не нужно эту кнопку делать важнее информации о заказе. И морковки свои засуньте себе в зад. Сделали из приложения-магазина какое-то говно,0.188,0.757,0.055,-0.8074,Negative,Negative,True
614,Виталий,1,Отключите эти чаевые! Почему я в настройках не могу убрать эту функцию. И почему при оценке товара вылазиют автоматически чаевые?!,0.0,1.0,0.0,0.0,Neutral,Negative,False
615,Юрий,1,"Чаевые?!? Вы серьезно??? До этого приложение медленно шло на дно (один лохотрон-Морковск чего стоит), но этот прикол с чаевыми за заказы, это уже просто дно! Не нормальные категории и расширенные фильтры, не удобный подбор аналогов, не адекватный выбор цвета, комплектации в одной карточке, нет! Давайте добавим мозговыносящее уведомление о чаевых из всех мест. Одна 🌟,это вам на чай.",0.148,0.761,0.091,-0.5323,Negative,Negative,True
616,Максим,2,"Фишка с чаевыми крутая! Но хотелось бы, чтобы данный функционал расширили дальше! Оставить чаевые сборщику, за то что хорошо собрал мой заказ, водителю за то, что хорошо привез его в ПВЗ, ну и в конце концов, чтобы сотрудник ПВЗ мог оставить чаевые МНЕ, за то, что ему понравилось как я себя вёл, когда пришел забирать заказ.",0.051,0.752,0.198,0.915,Positive,Negative,False
617,Къэбэрдей,5,«Озон» — красавцы! Всегда хорошие цены и быстрая доставка. Не позволяйте сами знаете кому вам ставить палки в колёса,0.0,0.708,0.292,0.7644,Positive,Positive,True
618,Александр,1,"Чаевые за то,что я сам пришел в пункт выдачи за оплаченым товаром?Вы серьезно?",0.084,0.916,0.0,-0.168,Negative,Negative,True
619,Олег,3,"Приложение удобное и  выгодное, но ЧАЕВЫЕ пробивают дно.",0.0,0.837,0.163,0.2382,Positive,Neutral,False
620,Лариса,5,Отлично,0.0,1.0,0.0,0.0,Neutral,Positive,False
621,Анна,4,"Начались проблемы с приложением  товар приходит ,но на главной странице не высвечивается, и в первых рядах не стоит, так я потеряла много времени, чтобы понять,  что к чему, пришло уведомление, а потом все пропало. А оказалось ,что он стоит в конце списка покупок, как и был до этого в очереди,  покупок много просто.
Вообщем прошу исправить глюк программы",0.101,0.899,0.0,-0.8013,Negative,Positive,False
622,Олег,1,Я заказал ручку для бензопилы у меня уже больше полмесяца стоит что дата на уточнении я не могу отменить заказ не вернуть деньги о так-же нет не какого способа связаться с озон,0.113,0.887,0.0,-0.4939,Negative,Negative,True
623,Михаил,1,"Где возврат денег на карту по которой оплачивал !? Почему нет почты , нет телефона горячей  Линий !? Завтра не будет денег за возврат пишу заявление в прокуратуру !",0.0,1.0,0.0,0.0,Neutral,Negative,False
624,Ибрагим,5,👌✌,0.0,1.0,0.0,0.0,Neutral,Positive,False
625,Николай,2,Переложить ЗП оператора пвз на клиентов??? Не спамьте рекламой кредитки. К черту морковск. Почему нет нормальной выборки похожих товаров? С ПК искать сильно удобней.,0.0,1.0,0.0,0.0,Neutral,Negative,False
626,Антон,1,Это вам на чай,0.0,1.0,0.0,0.0,Neutral,Negative,False
627,Андрей,1,"Уберите постоянное напоминание о кредитной карте - я всё равно её не возьму, сделайте отключаемыми чаевые - я всё равно не буду их давать.",0.0,1.0,0.0,0.0,Neutral,Negative,False
628,Ivan,1,Уберите свои сверхнастойчивые требования о чаевых,0.0,1.0,0.0,0.0,Neutral,Negative,False
629,Александр,1,"До недавних пор все было прекрасно. Само приложение работало отлично, видно было что улучшали, добавляли, удобство.
Но тут они добавили функцию ""оставить чаевые"" для пунктов выдачи. И это уведомление нельзя выключить, оно появляется теперь везде. (для умников - у меня стоит по умолчанию НЕ оставлять чаевые)
Пуш уведомления, которые нельзя отключить в настройках. Хватит озон, убери это. Я не буду оставлять чаевые. никогда. уберите.",0.0,0.822,0.178,0.8703,Positive,Negative,False
630,Rinat,1,"за чаевые, за розыгрыши, за навязчивую рекламу, за уродскую карточку товара, на которой трудно найти данные среди рекламы и рекомендаций",0.0,1.0,0.0,0.0,Neutral,Negative,False
631,Анна,4,"Раньше было сравнение цен и можно было найти такой же товаров за более низкую цену, а сейчас такого нет, очень жаль",0.271,0.729,0.0,-0.8201,Negative,Positive,False
632,Андрей,1,"После обновления Чёрная пятница приложение постоянно зависает! Постоянно пишек ""Проблема с интернетом"", даже там ,где интернет стабильный.",0.059,0.837,0.104,0.2714,Positive,Negative,False
633,Юрий,1,Постоянно лезут надоедливые уведомления о чаевых для ПВЗ.,0.0,1.0,0.0,0.0,Neutral,Negative,False
634,Олег,1,Вы к чёрной пятнице еще бы больше цены подняли,0.0,1.0,0.0,0.0,Neutral,Negative,False
635,Дмитрий,1,Снимают деньги не за что,0.0,1.0,0.0,0.0,Neutral,Negative,False
636,Юрий,1,Одна звезда за навязчивую рассылку с предложением о чаевых.,0.0,1.0,0.0,0.0,Neutral,Negative,False
637,Владислав,2,"раньше озон был лучшим Маркет плейсом, а сейчас на озоне даже чаевые просят, и очень часто напоминают об этом, они везде вылезают",0.0,0.915,0.085,0.3818,Positive,Negative,False
638,Alex,1,"0.5 это чаевые, ещё 0.5 это марковск. В общем получается ваша заслуженная оценка.",0.0,1.0,0.0,0.0,Neutral,Negative,False
639,Бред,1,"Началось с попрошайничества на домики для собак, теперь скатились до попрошайничества чаевых для сотрудников. Озон, вам со дна постучали?",0.0,1.0,0.0,0.0,Neutral,Negative,False
640,Alex,1,"Уберите к черту спам о чаевых, надоело",0.0,1.0,0.0,0.0,Neutral,Negative,False
641,Сергей,1,"Озон, ловите мои чаевые в одну звезду. Всё хотите на клиента возложить и зарплату в виде чаевых ваших сотрудников тоже!?",0.0,0.942,0.058,0.1511,Positive,Negative,False
642,Олег,1,"Отвалите со своими чаевыми. Одни уведомления только про чаевые, зато уже месяц не приходят уведомления о пришедшем товаре. Попрошайки. Платите нормально и не попрашайничайте",0.0,1.0,0.0,0.0,Neutral,Negative,False
643,Петр,1,"Ублюдочный маркетплейс с постоянным переносом сроков доставки и просьбой оставить чаевые работникам после отмены товара, больших циников я ещё не видел",0.0,1.0,0.0,0.0,Neutral,Negative,False
644,Наталья,2,"Ну чаевые это сильно конечно😅 а самое забавно как они заманивают  в кабинет блогера  якобы платят до 50% от заказа, но стоит перейти в подробнее и увидим максимум 5%, ну фактически не обманули 😆😆😆😆😊😊 а кто нибудь выиграл в марковск  ? 😆 и видео в отзывы не погружается...",0.0,1.0,0.0,0.0,Neutral,Negative,False
645,Jean,1,"Уберите ""ЧАЕВЫЕ""",0.0,1.0,0.0,0.0,Neutral,Negative,False
646,Alexander,4,Как убрать с приложения морковск,0.0,1.0,0.0,0.0,Neutral,Positive,False
647,Александр,1,"Отвратительное приложение. С каждым обновлением все хуже и хуже. Раньше был полный бардак в корзине и полученных заказах. Невозможно было что то найти. Теперь все сломали и в текущих заказах!!! Заходим на главную страницу. Нет товаров для получения. Заходим в заказы.   Обе нет товаров для получения. Но если полистать. И присмотреться , среди полученных есть заказы готовые к выдачи. В середине всего списка, ближе к концу. Никакой сотировки.  Верните готовые заказы на главный экран!!!!!! Или в зак",0.0,1.0,0.0,0.0,Neutral,Negative,False
648,Елена,3,Кто придумал чаевые на озон? У нас теперь работники не работают за зарплату? У меня тоже работа и никто чаевые не приносит. Что это за мания такая.,0.092,0.908,0.0,-0.4098,Negative,Neutral,False
649,Виктор,1,Постоянно задерживают доставку,0.388,0.612,0.0,-0.2263,Negative,Negative,True
650,Евгений,5,"Т. К. Сейчас и так часто происходит - доставка перенесена. Предлагаю (прошу) добавить РЕЙТИНГ ПРОДАВЦА. Оценка должна быть средней (от 5 получателей) У премиум аккаунта х2 голоса. Не добросовестные продавцы должны быть видны. Оценка 1-10 звëзд по нескольким критериям. Где и качество товара, и сроки доставки, и сервис, и общение с покупателем. (Если покупатель вручную на проставит, то поумолчанию 5 звëзд.) Тогда сервис выростет в качестве.",0.0,1.0,0.0,0.0,Neutral,Positive,False
651,Ирина,1,"Отвратительная работа приложения от  Wi-Fi. Соединение постоянно отваливается (за 20 минут 8 раз). 
Работа интернет стабильна, скорость отличная, памяти у телефона хватает, приложение обновлено, кэш очищен.
Все остальные приложения и устройства от этого Wi-Fi работают отлично. Проблема именно в приложении озон.",0.0,1.0,0.0,0.0,Neutral,Negative,False
652,Саша,1,"Зачем придумали морковск? Это полный лохотрон, вы просто обманываете людей.",0.0,1.0,0.0,0.0,Neutral,Negative,False
653,Алексей,2,"Почему перестали отображаться фотографии и видео карточек товара. И перегружал и очищал кэш и данные. Реклама крутится, а фото товаров не отображаются.  Ни в телефоне, не на компьютере. Я нахожусь в зоне ограничений интернета. Но здесь должен работать белый список, а фактически я описал. ВБ после очистки данных и перевода заработал, а тут нет. ?",0.0,1.0,0.0,0.0,Neutral,Negative,False
654,Любовь,1,"3 третий день висит на уточнении даты , когда должен был товар придти сегодня  , операторы не отвечают , бот этот достал вопрос где товар?",0.0,1.0,0.0,0.0,Neutral,Negative,False
655,Честер,5,Обожаюю,0.0,1.0,0.0,0.0,Neutral,Positive,False
656,Слава,1,"Два раза переносили доставку, а сейчас просто висит на уточнении уже 4-й день.",0.0,1.0,0.0,0.0,Neutral,Negative,False
657,Дарья,1,"Доставки переносятся, отменяются. Это издевательство над людьми. Сами заказывайте на своём озоне.",0.337,0.663,0.0,-0.6249,Negative,Negative,True
658,Игорь,4,"А вы можете на карточке товара сразу указывать, что он из за рубежа и требуются паспортные данные? Берите пример с Яндекс маркета - посмотрите как у них. Надоело отменять покупки!",0.093,0.907,0.0,-0.4926,Negative,Positive,False
659,Рамиль,1,"Пожалуйста уберите чаевые, такое ощущение как будто подачки просите для ""бедных работников Озона"" . Лучше закройте лишние пункты выдачи. Ещё ни один магазин не дошёл до этого.",0.06,0.732,0.209,0.6705,Positive,Negative,False
660,Shaggy,1,"За последнее время вы не доставили вовремя ни один товар. Причём  виновата почти всегда доставка. Фреш дорогой. Продавцов обдираете. Скидки только через озонбанк. Морковками своими задрали. Эти скидки в 1700%... Так вы ещё теперь и людей на ""чаевые"" подписываете, чтобы не платить им зарплаты. У вас та же Сова Эффективный Менеджер появилась что и в Рутубе? Увольте его, пока вас все продавцы и покупатели не послали в пеший эвфемизм.",0.055,0.865,0.08,0.2868,Positive,Negative,False
661,Аолд,1,"Морковки. Чаевые. Зачем этот мусор!? Теперь и на почту, и push про чаевые приходят. Отдайте мои морковки на чаевые!",0.0,1.0,0.0,0.0,Neutral,Negative,False
662,Борис,1,Уберите чаевые,0.0,1.0,0.0,0.0,Neutral,Negative,False
663,Серега,1,Сами платите чаевые своим работникам!,0.22,0.78,0.0,-0.1759,Negative,Negative,True
664,Эльдар,1,Не нужно клянчить чаевые для работников пвз. Лучше платите им достойную зарплату,0.185,0.667,0.149,0.0772,Positive,Negative,False
665,Миу,3,"Реально, что с вами не так? Вроде товара полно, сроки доставки хорошие, пункты выдачи везде.
Но приложение крайне не удобное, ведь было оно замечательным до конца 2023.
Кого вы приняли в 2024г? Кто всё переделал в худшую сторону?
Я заметил, что на ВБ я заказываю почти что каждый день, а у вас раз в квартал.
Не удивлюсь если и ваши сотрудники тратят больше на ВБ чем тут.",0.114,0.764,0.121,0.1559,Positive,Neutral,False
666,Юлия,1,На чай,0.0,1.0,0.0,0.0,Neutral,Negative,False
667,Николай,1,"Достали выклянчивать чаевые. Морковск действует на нервы. Одна звезда вам на чай, не благодарите.",0.299,0.701,0.0,-0.6608,Negative,Negative,True
668,Роман,1,Уберите чаевые. Или сделайте возможность их убрать чтоб не отображалось,0.0,1.0,0.0,0.0,Neutral,Negative,False
669,Мария,2,"Вывод средств с баланса - это ад полнейший. Указано, что вывод занимает 2 дня, в реальности пошла третья неделя, деньги просто висят на балансе в статусе ""в обработке"". Обращения в службу поддержки ничего не дают, одни и те же штампованные фразы, как у роботов. 

Отдельный разговор - это доставка. Один сумасшедший интервал с 12 до 23. Человек должен сидеть целый день и ждать. Курьеры очень небрежно относятся к вещам, которые доставляют, почти всегда всё рваное, грязное. Не своё - не жалко.",0.148,0.788,0.064,-0.8553,Negative,Negative,True
670,Арсен,5,Я фанат озона. Раздражают только розыгрыши типа морковска.,0.174,0.516,0.31,0.2732,Positive,Positive,True
671,Настя,5,"Прекрасно, работает 👍 но чуть-чуть 🤏 лагает",0.332,0.408,0.26,-0.1779,Negative,Positive,False
672,Андрей,3,"Приложение рабочее, но иногда сложно найти что-то нужное. Работа со службой техподдержки это вообще отдельная песня, пока до оператора доберешься общаясь с ботом хочется уже наслать многочисленные лучи поноса на всю службу озона. И что за хрень пошла последнее время с доставкой, задержки по несколько дней, а один заказ вообще не пойми куда доставили, так и не нашёлся. Но сообщение упорно приходило чтобы пришел его забрать а то его вернут продавцу по окончанию срока ожидания.",0.087,0.868,0.045,-0.7684,Negative,Neutral,False
673,Нараян,1,Навязывают всякую хрень,0.545,0.455,0.0,-0.5859,Negative,Negative,True
674,Анатолий,2,"Придумали какие-то чаевые, я что в ресторан сходил чтобы оставлять.",0.074,0.926,0.0,-0.0516,Negative,Negative,True
675,Николай,1,"Приложение хорошее, но поддержка днище! Невозможно добраться до человека. Почему нельзя оставить отзыв по отмененному заказу??? Люди должны знать, что продавец сильно нарушает и без того завышенные сроки!",0.221,0.613,0.166,-0.7644,Negative,Negative,True
676,Арсен,1,Выпрашивать чаевые - это дно днищенское.,0.0,1.0,0.0,0.0,Neutral,Negative,False
677,Сергей,1,Дебилизм прогрессирует - марковки за место баллов ещё и чаевые подавай.,0.0,0.789,0.211,0.34,Positive,Negative,False
678,Олег,3,"Уберите ""чаевые""! Зачем вы это сделали? Мне на работе чаевые не дают, но я не делаю из-за этого савою работу хуже. Получил заказ и приложение уведомляет ""оставь чаевые"", оценил заказ опять пишет ""оставь чаевые"".",0.1,0.9,0.0,-0.6643,Negative,Neutral,False
679,Игорь,3,В последнее время начали просить какие-то чаевые!,0.0,1.0,0.0,0.0,Neutral,Neutral,True
680,Андрей,1,"Если будете навязывать оплату чаевых, от вас все уйдут на другие площадки. Задумайтесь...",0.195,0.805,0.0,-0.34,Negative,Negative,True
681,Ольга,4,"Хорошее приложение. Но один момент: было бы классно если бы сделали поиск в уже отмеченных товарах. Да там есть сортировка от новых к старым и т.д. но не хватает именно поиска, допустим ввёл слово: ""кружка"" и оно показывает все кружки которые вы отметили как нравится. Такой поиск есть на WB и это помогает искать нужные товары. Многие лайкают очень много и потом тяжело искать среди этого. В общем подумайте над этим.",0.046,0.759,0.195,0.9366,Positive,Positive,True
682,Володя,1,Чаевые - это сверх наглость.,0.531,0.469,0.0,-0.5267,Negative,Negative,True
683,Людмила,4,"Все Супер, кроме рекламы.
Просто достали..
И, чаевых..",0.0,0.709,0.291,0.6249,Positive,Positive,True
684,Дон-Хуан,1,"До недавнего было отличное приложение, пока не появились чаевые! Следующий шаг - оценка нас?!!! Будем пользоваться другой платформой значит",0.0,0.799,0.201,0.7405,Positive,Negative,False
685,Виктор,1,"Это что за дичь такая ""чаевые сотруднику""?!?!! Разве платить и поощрять сотрудников это не задача работодателя??? Может мы теперь чаевые и кассирам в магазине платить будем, когда хлеб покупаем? Из-за такого навязчивого попрошайничества и в приложение заходить не хочется.",0.137,0.773,0.09,0.4666,Positive,Negative,False
686,Ольга,5,Мне нравится ozon,0.0,0.286,0.714,0.3612,Positive,Positive,True
687,Александр,1,"Озон  стал просить чаевые., мало того,что в приложении, ещё и на почту отправляет письма, дайте чаевые.",0.0,1.0,0.0,0.0,Neutral,Negative,False
688,Велимир,1,"Опцию ""оставить чаевые сотруднику"" считаю некорректной, т.к. благоприятные условия труда, это задача непосредственно компании озон.
Дата доставки, как я считаю, должна отображаться более явно, а не с задержкой, ввиду чего, можно случайно заказать товар с неопределенной длительностью доставки.",0.077,0.788,0.135,0.5354,Positive,Negative,False
689,Василиса,1,"Мошенники, отменили заказ и не возвращают деньги.",0.0,1.0,0.0,0.0,Neutral,Negative,False
690,Александр,1,"Достали просить ""на чаевые""
Слишком навязчиво.",0.326,0.674,0.0,-0.4404,Negative,Negative,True
691,Дмитрий,1,"Навязчиво ""вымогают"" денежки на чаевые",0.0,1.0,0.0,0.0,Neutral,Negative,False
692,Наталья,5,"Настоящий кладезь покупок онлайн! Огромный ассортимент, удобные фильтры, быстрая доставка и доступные цены радуют глаз. Пользоваться приятно, товары качественные, скидки приятные бонусом. Было бы идеально, если бы добавили в избранные поисковик, чтобы искать товары было быстрее и проще!",0.0,0.616,0.384,0.9787,Positive,Positive,True
693,Алексей,3,А уберите пожалуйста уведомления про вашу дебильную возможность оставить чаевые.,0.28,0.457,0.263,-0.0772,Negative,Neutral,False
694,Дмитрий,1,"Задумка с чаевыми - безобразие, интерфейс перегружен донельзя.
Сделайте возможность отключить этот функционал насовсем",0.151,0.849,0.0,-0.4939,Negative,Negative,True
695,Сергей,1,"Уберите вкладку чаевые,",0.0,1.0,0.0,0.0,Neutral,Negative,False
696,Renat,2,"После получения заказа  выклянчают чаевые. Передаю озону на чай 2 звёзды. Оплаченный товар могут отменить и предложить заказать его заново, но уже дороже. Поддержка не поддерживает совсем. Поддержке очень жаль...",0.104,0.818,0.078,-0.036,Neutral,Negative,False
697,Алексей,1,"Законченый маркет, чат с поддержкой туфта полная, там бот и не как не связаться с поддержкой, товары задерживаются постоянно, по номеру поддержки таже история, брт.",0.174,0.618,0.208,0.128,Positive,Negative,False
698,Матвей,1,Чаевые!? Вы там в порядке? Явно нет. Обновления отстой 👎 тупые морковки достали 😡  чат бот тупее тупого. Что с вами не так?,0.288,0.503,0.209,-0.5647,Negative,Negative,True
699,Дмитрий,1,"За введение чаевых, за доставление чувства дискомфорта. Премировать сотрудников должны владельцы пунктов выдачи, пусть делятся своей прибылью.",0.095,0.61,0.295,0.7096,Positive,Negative,False
700,Игорь,2,"Что еще за чаевые в приложении? В пунктах выдачи люди что за бесплатно работают?
Отключил ВСЕ уведемления и все равно посреди ночи приходят сообщения, что не хватает денег для оплаты заказа. С ОПЛАТОЙ ПОСЛЕ ПОЛУЧЕНИЯ!",0.027,0.896,0.077,0.5502,Positive,Negative,False
701,Максим,1,"На троечку. Нет сортировки по дате доставки, если товар нужен как можно быстрее. При сортировке по цене пихает в список какой-то рекламный левак. Ах да! Какие-то еще в трещину чаевыыые выдумали. Мало того, еще и под руку лезет постоянно со своими предложениями оставить чаевые. Пока не будет в настройках кнопки ""отвалить пластом со своими чаевыми"" - больше тройки не вижу смысла ставить",0.036,0.91,0.054,0.3489,Positive,Negative,False
702,Евгений,1,Фильтр по категориям доработка нужна и поиск товаров тоже не то ищет,0.0,0.833,0.167,0.4588,Positive,Negative,False
703,Елена,1,"Одна звезда на ""чай""! За наглое вымогательство! За навязчивую рекламу, от которой уже тошнит! За отсутствие нормальной службы поддержки(тупой бот, с заготовленными скриптами не в счёт),за полное отсутствие обратной связи, за отсутствие нормальной упаковки(хоть нижнее белье, хоть витамины или любые предметы личного пользования, 90% заказов,приходят БЕЗ упаковки,без защиты),вместо упаковки,заказы приходят в мятом,грязном рванье!За испорченный или частично украденный товар.За это оставлять на чай??",0.24,0.71,0.05,-0.9467,Negative,Negative,True
704,Артем,1,"Навязчивые чаевые в корзине и после получения только мешается, у вб такой ерунды нет ⛔",0.137,0.863,0.0,-0.4019,Negative,Negative,True
705,Артём,1,"Вот вам на чай одну звезду, уберите навязчивые чаявые, дайте возможность отключить морковск, меня это все раздражает...",0.125,0.768,0.107,-0.1154,Negative,Negative,True
706,Александр,1,"Поставили кнопку чаевых, и люди нажимают случайно, это вымогательство.",0.179,0.821,0.0,-0.34,Negative,Negative,True
707,Арсен,1,За невозможность отключить морковск. А пока не появится возможности отключения будет так,0.116,0.776,0.108,-0.0516,Negative,Negative,True
708,Галина,5,Очень удобно.,0.0,1.0,0.0,0.0,Neutral,Positive,False
709,Евгений,1,Добавьте кнопку Удаление подписчики,0.0,1.0,0.0,0.0,Neutral,Negative,False
710,Алексей,2,Две звезды на чай,0.0,1.0,0.0,0.0,Neutral,Negative,False
711,Михаил,2,"Походу скоро будем не чаявые платить , а за доставку и содержание точки выдачи.",0.0,1.0,0.0,0.0,Neutral,Negative,False
712,Вован,1,Слишком навязчиво попрошайничаете.,0.318,0.682,0.0,-0.1027,Negative,Negative,True
713,Сергей,1,"Озон, у вас там всё хорошо?
Какие ещё чаевые работникам ПВЗ?

Вы тем самым расписываетесь в том, что не доплачиваете сотрудникам.
Так ещё и довольно навязчиво пихаете эту функцию покупателям.

И да, ваши липовые распродажи тоже больше раздражают, нежели завлекают.",0.136,0.699,0.165,0.1615,Positive,Negative,False
714,Юрий,1,"""На чай"". Платите своим работникам достойную зарплату.",0.189,0.811,0.0,-0.1027,Negative,Negative,True
715,Андрей,1,Забирай морковки вместо чаевых!!! Авось квартиру выиграет.,0.0,0.658,0.342,0.6884,Positive,Negative,False
716,Виталий,1,"Почему не работает, перейти к сравнению, на телефоне. Невозможно сравнить товар",0.0,1.0,0.0,0.0,Neutral,Negative,False
717,Сергей,1,"Отвратительно работает поиск потому, что бот ищет по каждому слову. Если в поиске написано ""механические часы"", то будут предлагаться к просмотру все ""часы"". 
Характеристики выбранного товара находятся далеко от самого товара после целого ряда ""вам может правиться"", а должно быть сразу под картинкой и названием. Мало того, приложение стало активно предлагать заплатить ""чаевые"". Может работодателю назначить достойную зарплату работникам ПВЗ? Если надо будет я сам отблагодарю без приложения!",0.044,0.865,0.09,0.636,Positive,Negative,False
718,Garry,1,"Это магазин или ресторан? Чаевые, может еще копытные?",0.0,1.0,0.0,0.0,Neutral,Negative,False
719,Анастасия,4,"Чаевые сотруднику в пвз ну это явно лишнее. Курьеру да, это норм.",0.0,0.722,0.278,0.6597,Positive,Positive,True
720,Александр,3,"Не плохо, но есть где дешевле",0.0,0.757,0.243,0.2323,Positive,Neutral,False
721,Юрий,3,"Раньше было все хорошо.Теперь за товар 100р просят чаевые.Беру 30-50 заказов в месяц,это около 1,500 руб за чаевые.В год17000 тысяч.Хорош борзеть.Мне к пенсии чаевые не дают",0.0,0.892,0.108,0.5719,Positive,Neutral,False
722,Юрий,1,"За последний месяц 50% отменяют доставку заказов, но тянут до конца, а потом скромно перезакажите и снова доставить не могут. Потом также ценично извините. Превратились в убогий маркетплейс",0.042,0.813,0.144,0.5647,Positive,Negative,False
723,Вадим,1,"Озон стал попрошайничать, стал просить чаевые, хотя товары в озоне на много дороже, терпеть не могу попрошаек, деньги мне достаются очень тяжело, и я вам не собираюсь их проста так давать, так что удаляю это озон и прощаюсь.",0.034,0.916,0.05,0.204,Positive,Negative,False
724,Катерина,2,"Почему пакеты стали обязательными??? Я понимаю когда заказываешт продукты и много мелких вещей, но когда заказываешь коробку кошачьего корма и тебе 2 пакета навязывают - бред. Товар итак упакован, пакет там вообще не нужен, тем более не кратно коробкам 😡",0.168,0.813,0.02,-0.8604,Negative,Negative,True
725,Ильдар,2,"Ужасно работает поддержка, вопросы не решаются, даже ответы оператора имеют стандартные отписки без уточняющих вопросов. То, что профиль скрытый, не чего не значит, все равно появляются подписчики, как я понимаю это премиум аккаунты с огромным количеством подписок. Все как-то у них ""мутно"". Почему кто-то может видеть что я покупаю на основании отзывов? Нет ни какой конфиденциальности, смысл писать отзывы на заказы? У ""ягодного"" конкурента все понятнее",0.084,0.842,0.074,-0.2211,Negative,Negative,True
726,Василий,1,Попрошайничество со стороны ozon,0.0,1.0,0.0,0.0,Neutral,Negative,False
727,Татьяна,1,"Я хотела купить билет на самолет, деньги улетели, а билета нет. Обман!!!",0.367,0.633,0.0,-0.8189,Negative,Negative,True
728,Алексей,1,"Сервис сильно ухудшился. Сроки доставки продлевают без всяких причин на неделю, потом еще на неделю. И это не только у меня, а у моих друзей и жены.",0.047,0.83,0.123,0.5499,Positive,Negative,False
729,Екатерина,2,"Я не желаю платить чаевые за самовывоз товара, который упакован ""на отвали"" или доставлен с опозданием. Я пришла в ПВЗ за тем что приобрела и ещё и платить должна за то что мне это отдадут?
А что с фильтрами и поиском товара? Ищешь майку полухлопок или синтетику, а кроме маек выдаёт футболки и болгарки... 
""Спасибо"", но такими темпами в доверии к площадке приходится сомневаться всё больше.
Да, несомненно некоторые продавцы на этой площадке заслуживают внимания, но они пишут что отзыва достаточно",0.039,0.86,0.1,0.7726,Positive,Negative,False
730,Владимир,1,"В последнем обновлении Озон начал весьма навязчиво клянчить милостыню. Ребят, у вас всё настолько плохо? Или уже не хватает на зарплаты для сотрудников, так что вы пытаетесь переложить это на покупателей?
Если всё плохо, думаю, ВБ вас с удовольствием купит.
А если всё нормально, то оплачивайте работу своих сотрудников сами.",0.125,0.762,0.112,-0.4517,Negative,Negative,True
731,Александр,1,Чаевые??? Вы там больные все?,0.46,0.54,0.0,-0.644,Negative,Negative,True
732,Азимжон,5,Харашо,0.0,1.0,0.0,0.0,Neutral,Positive,False
733,Ирина,1,к чему эта хрень с чаевыми? мне за что их оставлять? за то что мне коробку со склада принесли? чё за бред. Тем более так навязчиво,0.26,0.74,0.0,-0.7219,Negative,Negative,True
734,Павел,1,"Вы совсем обнаглели? Решили на покупателя переложить оплату труда сотрудников пвз, предлагая платить чаевые.",0.069,0.931,0.0,-0.1027,Negative,Negative,True
735,Дарья,1,Не работает черз вайфай!!! Только через оператора!,0.0,1.0,0.0,0.0,Neutral,Negative,False
736,Дмитрий,1,"Чаевые ОЧЕНЬ навязчивые.
После первой выплаты запомним карту, и:
«Будем списывать деньги каждый раз, когда вы приходите в пункт выдачи за товарами»

Нет слов!",0.079,0.921,0.0,-0.3595,Negative,Negative,True
737,Владимир,1,"Желания покупать с таким отношением к отправке и доставке больше нет! Отправляют неделями!!! доставляют месяцами. Ничего не хотят улучшить с этой ситуацией от которой напрямую зависит отношение к площадке!!! Так вот, мое терпение лопнуло , желания растворились. Если вас такая ситуация устраивает, то ломанный грош-ваша цена!!!! Посылки которые идут с опозданием получать уже не буду. Новых покупок тоже не будет!Мои покупки здесь, были ошибкой.",0.115,0.806,0.078,-0.5053,Negative,Negative,True
738,Сергей,1,"Приложение личное для меня не удобное (есть с чем сравнивать). Но банк это вообще отдельная тема. Закинул некую сумму на покупку. Пришёл товар недокомплектом, отказался естественно. Деньги остались, думаю пусть будут. В какой то момент решил перевести часть на ВБ на покупку товара там. Так в озоне найдется обязательно причина что бы вы не смогли этого сделать. Куда угодно только не в ВБ. Причем причина не существующая. Просто нагло не дают перевод.",0.029,0.933,0.037,0.1901,Positive,Negative,False
739,Сергей,1,Начали доставку на второй месяц задерживать в последнее время тогда было вовремя и раньше срока не нравится.,0.0,0.889,0.111,0.3612,Positive,Negative,False
740,Сергей,2,"Какие ""11/11"" и ""Чëрная пятница""?! Перед каждой акцией цены поднимаете. Обратил внимание, что покупки нужно делать до ноября, потом взлëт цен наблюдается",0.0,1.0,0.0,0.0,Neutral,Negative,False
741,Владимир,1,"Морковск фигня полная, чаевые- извращение причём действительно ооочень кричяще навязчивые  , цены вкупе со скидками  сплошной обман,  много рекламы   - раздражает, когда листаеш ленту рекомендаций и увидел что- то интересное и решил сохранить в избранное , то вернуться обратно не возможно потому,  что перекидывает приложение в начало избранного  и так каждый раззз.((( Как это раздражает. Поддержка ниже плинтуса. Милли никому не нужные. Липовые чёрные пятницы  👎.  Пенсионерам точно не  нравится.",0.16,0.647,0.193,0.4019,Positive,Negative,False
742,Ольга,1,Озон где поддержка пора удалять приложение,0.0,0.787,0.213,0.4019,Positive,Negative,False
743,Дмитрий,3,"В последнее время  9 из 10 товаров доставляются с опозданием. Товары зависают не на границе, а на доставках и сортировках внутри РФ. Переносы то неделя то две. Иногда вообще теряют товар через 2 недели ожидания и просто отменяют.",0.159,0.841,0.0,-0.7615,Negative,Neutral,False
744,Юрий,1,Умерающяя площадка никто не за что не отвечает техподдержка не работает заказ по 3 4 раза переносят даже Алиэкспресс в разы лучше,0.078,0.641,0.281,0.6908,Positive,Negative,False
745,Ирина,1,"С появлением новой функции оставить чаевые сотруднику ПВЗ внимательно проверяйте, озон любезно сам за вас выбирает суммы и ставит галочки. Можете не заметить и с вас спишут ещё денежку.",0.0,0.882,0.118,0.5719,Positive,Negative,False
746,Андрей,2,"Добавили чаевые для работников ПВЗ. Платите работникам нормально вместо этого! А то всех штрафами обложили, а платить теперь должен клиент? А почему сотрудникам склада нельзя чаевые дать тогда?",0.113,0.887,0.0,-0.351,Negative,Negative,True
747,Рустем,1,"Какие ещё чаевые вы начали клчячить во всех заказах ????
Хотите отблагодарить продавца или ещё кого то кто с помощью озона получает прибыль - платите ему сами !!!!!
Раздражает ваши выдумки так, что хочется  аккуант и приложение удалить и забыть про озон .благо озон  не один !!!",0.131,0.656,0.212,0.6783,Positive,Negative,False
748,Лёха,1,Когда этот бред с морковском закончится? Лохотрон закалебал!,0.249,0.751,0.0,-0.4574,Negative,Negative,True
749,Игорь,4,"чтобы войти в банк, нажимаешь на сумму на счету -долго, долго думает без результата. нажимаешь назад сразу предлагает приложить палец и открывается. странно как-то. последнее время так постоянно",0.037,0.913,0.051,0.1779,Positive,Positive,True
750,Сергей,3,"Озон, я получил заказ, заплатил  продавцу, ну  и вы с этого получаете, и работник пункта зп получает,  я не хочу  оценивать заказ и оставлять чаевые. Что началось то?  Не хочу видеть большие кнопки ""оставить чаевые"" у каждого купленного товара. Что за навязывание это сделать? 😵‍💫
 Компания  вышла в прибыль и платит теперь дивиденды.  На чаевых поднялись?",0.032,0.859,0.109,0.6946,Positive,Neutral,False
751,Александр,3,"Где кнопка ,Чаевые никогда не оставляю.Платите нормальный процент своим  сотрудникам,не унижайтесь.",0.134,0.729,0.137,-0.2396,Negative,Neutral,False
752,Птица,1,"Свинское отношения курьеров и тупой бот приложение достойно ни одной звёзды , курьер даже не приходил и не звонил поленился принести заказ время с 11:00 до 23:00 в чём причина лень и свинство",0.22,0.729,0.05,-0.8689,Negative,Negative,True
753,Василе,1,"Пользуясь приложением давно.Но в последнее время продавцы отменяют заказы дней через 10-12, и почему-то я не могу написать даже отзыв на эти заказы или на продавца.",0.0,1.0,0.0,0.0,Neutral,Negative,False
754,Алексей,1,"Что за чаевые требует ваше приложение? Это вымогательство, уголовное наказуемое деяние",0.329,0.671,0.0,-0.6597,Negative,Negative,True
755,Светлана,1,звонят мошнйники,0.0,1.0,0.0,0.0,Neutral,Negative,False
756,Андрей,3,"Не давно обновлял приложение 
А оно то открывается, а то не 
ЖЕЛАЕТ  . И КАК ЗАХОДИТЬ В ОЗОН ?????",0.0,0.838,0.162,0.5095,Positive,Neutral,False
757,Сергей,1,"Если не перестанете клянчить чаевые, напишу на вас заявление о вымогательстве. Продавец и так получает свои деньги и вы тоже. Или просто удалю вас на всегда и перейду в другой магазин.",0.061,0.939,0.0,-0.296,Negative,Negative,True
758,Maks,1,"После обновления пропали изображения товаров, ранее никогда не было такого. Это не из-за плохого инета, с ним все отлично.",0.072,0.753,0.175,0.4118,Positive,Negative,False
759,Марианна,5,Очень хороший способ покупайте всё что хотите всё очень классное там есть всё то что вам очень надо,0.0,0.679,0.321,0.7258,Positive,Positive,True
760,Ольга,1,"Оценка 1, можно было бы поставить 0 я бы поставила, пока не сделаете нормальный колл центр и реальных менеджеров вместо необучаемых ботов. Поддержка отвечает в лучшем случае сутки, потом диалог закрывается в одностороннем порядке и следующее подключение к чату поддержи опять запускает бот, который требует ВСЕ ТЕ ЖЕ ВОПРОСЫ И НИЧЕГО НЕ МОЖЕТ СДЕЛАТЬ И ПЕРЕНАПРАВЛЯЕТ К МЕНЕДЖЕРУ, обалдеть, вот это да, ничего себе. Менеджеры кормят завтраками и отправляют картинки с плачущей совой ✊🤝🤌👍. С-сервис",0.032,0.732,0.235,0.9607,Positive,Negative,False
761,Маришка,1,"Постоянно задерживают доставку. Подмосковье ближнее. И постоянно на день или два. Зачем писать при заказе дату доставки ""завтра"", если наступает завтра и доставка переносится!",0.125,0.875,0.0,-0.4574,Negative,Negative,True
762,Влад,1,"Что за попрошайки, какие чаевые? Мало того что приложение стало хуже, ещё и Озон наглеет всё больше.",0.108,0.892,0.0,-0.2617,Negative,Negative,True
763,Сергей,1,"Чаевые напрямую в карман не сотруднику в пункте выдачи,а манагерам,что б они своих простиботов выгуливали на новогодние каникулы. Платите нормальную зарплату своим сотрудникам,а не пытайтесь компенсировать за счёт чаевых. Чаевые оправданы только куръерам. Мало всяких уведомлений,так ещё напоминаете чаевые оставить. Не позорьтесь. Сдается мне,что чаевые не доходят до работника пвз,а напрямую в карман ""эффективных сов"". Тромбуйте их своими морковками.",0.059,0.848,0.093,0.7485,Positive,Negative,False
764,Андрей,5,Всё хорошо кроме частых задержек товаров !!!!!,0.0,0.632,0.368,0.6209,Positive,Positive,True
765,Dumitru,4,"Зарплаты маленькие. А просите чаевые в приложении. Зарплаты маленькие что-ли, не думаю.",0.0,1.0,0.0,0.0,Neutral,Positive,False
766,Владимир,1,"Озон сам отменил мой заказ. Вернул денег. Товар стал дороже на 8тр. НО я не могу оставить отзыв что это продавец меня кинул, не написать озону - для него все прекрасно. Деньги морозили 2 недели.
Не связывайтесь с озоном и китайцами.",0.111,0.794,0.094,-0.2228,Negative,Negative,True
767,Андрей,1,"Одну звезду ""на чай"".",0.0,1.0,0.0,0.0,Neutral,Negative,False
768,Егор,1,нет,1.0,0.0,0.0,-0.296,Negative,Negative,True
769,Александр,3,"Приложение (последние версии) стало существенно хуже. Если раньше на первой странице я видел все готовые к выдаче товары, то теперь я должен их искать. Причём, нахожу их далеко не сразу и далеко не все, которые реально готовы. Ну а на первой странице, естественно для торгашей, совершенно  не нужная реклама.",0.051,0.831,0.118,0.4588,Positive,Neutral,False
770,Nupam,3,"Самая неприятная особеность приложения (остальное - мелочи): ищешь ты какой-то товар у разных продавцов, описания чаще не информативны, задаешь каждому продавцу вопросы по товару. Через некоторое время (от суток до нескольких дней) начинают приходить ответы на вопросы. И часто невозможно понять, с какого места, с какого товара ответ - нет ссылок, ведущих к товару (если есть, то редко).  Ведь, если прошерстил кучу однотипных товаров у разных продавцов, то найти порой очень трудоемко",0.082,0.918,0.0,-0.8119,Negative,Neutral,False
771,Александр,1,"Маркетплейс, к сожалению, выродился в какой-то джум на минималках. Товары из сарая дядюшки Ляо отвратного качества, неработающее отслеживание, кривой бот вместо техподдержки, морковочный лохотрон, вымогательство чаевых, что ещё добавить в эту коллекцию отстойного говнища? Ах, да, занудная реклама с азиатской тёткой из каждого утюга.",0.293,0.633,0.074,-0.9423,Negative,Negative,True
772,Евгений,1,"Отслеживания толком нет, как это есть у конкурентов. Заказ висел пол недели со статусом ""дата доставки на уточнении"" не дождался - отменил. Вообще когда заказ задерживается не понятно, стоит его вообще ждать или подождать нет.  У техподдержки одни шаблонные ответы, никакой конкретики.",0.205,0.723,0.072,-0.7694,Negative,Negative,True
773,Viacheslav,2,Что за чаевые??? Как отключить?,0.0,1.0,0.0,0.0,Neutral,Negative,False
774,Nandemonai,1,"Убрали фильтры в избранных, теперь каждый раз приходится тупо листать вниз, глазами ища нужный товар, когда захочу что-то купить из избранногостало, дико неудобно. У меня там 4,5к товаров, как вы мне предлагаете это всё по вишлистам и подборкам распределить?!",0.094,0.781,0.125,0.2003,Positive,Negative,False
775,Владимир,1,В очко себе эти морковки запихайте,0.412,0.588,0.0,-0.5423,Negative,Negative,True
776,Назад,5,Заслуживает доверия!,0.0,0.0,1.0,0.5983,Positive,Positive,True
777,Евгений,1,"Поиск товаров работает отвратительно, поддержка отсутствует в принципе, чаевые хотите за такое? вы серьезно?",0.301,0.543,0.155,-0.5803,Negative,Negative,True
778,Марина,1,Морковск только портит. Чаевые- озон решили полностью переложить все на покупателя,0.0,1.0,0.0,0.0,Neutral,Negative,False
779,Денис,1,Приложение становится только хуже с каждым обновлением надоел этот Морковск уберите его или сделайте функцию отключения этой акции второе при оценке товара всплывает оставить чаевые ни хочете платить нормально сотрудникам свешали на покупателя (работаю пожарным может тоже брать чаевые 🤔😁) работайте над приложением,0.175,0.806,0.019,-0.8555,Negative,Negative,True
780,Алексей,1,"К сожалению в чате поддержки остался один бот, по крайней мере на моём аккаунте именно так. Больше одной звезды поставить за такое не могу. Чаевые они прикрутили, а операторов удалили. Ну тогда не удивляйтесь что люди все меньше пользуются вашими услугами. Давайте может чаевые морковками давать будем?",0.039,0.82,0.141,0.6597,Positive,Negative,False
781,Иван,1,"вечные проблемы с оплатой или  двойная. разработчик явно причастен в создании проблем,,  так проще  втюхивать свою карту  банка",0.179,0.565,0.256,0.3182,Positive,Negative,False
782,Александр,1,Ничего не открывается,0.0,1.0,0.0,0.0,Neutral,Negative,False
783,Людмила,5,Люблю OZON,0.0,0.192,0.808,0.6369,Positive,Positive,True
784,Мира,1,"В вашем «Морковске» и «Лукошко» вообще реально что-то выиграть? Нет, всё это лохотрон. Очень жаль, удалю это приложение. Ни честные розыгрыши.",0.255,0.526,0.22,-0.0847,Negative,Negative,True
785,Евений,5,Все нравится,0.0,0.286,0.714,0.3612,Positive,Positive,True
786,Денис,5,Всё супер,0.0,0.328,0.672,0.6249,Positive,Positive,True
787,Ирина,2,Не работает поиск по фото нормально.,0.0,1.0,0.0,0.0,Neutral,Negative,False
788,Гиви,1,"Хрень полная, пытался задать вопрос в чате оператору, там отвечает только бот, нахрен такая поддержка нужна.",0.241,0.669,0.09,-0.6705,Negative,Negative,True
789,Георгий,1,"Отличное приложение, 5 звёзд. Всё как в отзывах.",0.0,1.0,0.0,0.0,Neutral,Negative,False
790,Анна,3,"Что, теперь за каждую покупку нужно чаевые оставлять? 🤣",0.0,1.0,0.0,0.0,Neutral,Neutral,True
791,Станислав,5,"Отличное приложение, товары прекрасные, необходимые и по цене адекватной !",0.0,1.0,0.0,0.0,Neutral,Positive,False
792,Марина,5,Или вы хотите сделать или сделать или нет,0.0,1.0,0.0,0.0,Neutral,Positive,False
793,Pavel,1,Вы обалдели от счастья? Попрошайничать чаевые за выдачу? Скиньте мне за хорошую покупку и что пришел за ней,0.053,0.685,0.261,0.755,Positive,Negative,False
794,Сергей,5,"Приложение отличное, но есть пожелания: уважаемые разработчики, сделайте, пожалуйста, автоматическое создание подборок в избранном, чтобы по нажатию одной кнопки все отложенные вещи попадали в автоматически созданные списки в соответствии со своей категорией. И сделайте, пожалуйста, возможность пакетной очистки избранного, чтобы можно было оперативно разгрести накопившиеся завалы, и возможность одним нажатием кнопки удалять из избранного устаревшие позиции, у которых уже нет карточки товара.",0.0,1.0,0.0,0.0,Neutral,Positive,False
795,Ростислав,2,Мы что ресторане? Какие чаевые? Давайте лучше похлопаем как в самолёте. Кто хочет.,0.0,0.831,0.169,0.466,Positive,Negative,False
796,Кирилл,4,"После обновления - при пополнении через сбер выдаёт ""запрос отклонён"". Приходится заходить в сбер руками и подтверждать операцию.",0.0,1.0,0.0,0.0,Neutral,Positive,False
797,Павел,4,"Вы чешо там курите, КАКИЕ ЧАЕВЫЕ?!!",0.0,1.0,0.0,0.0,Neutral,Positive,False
798,Дмитрий,3,"Приложение хорошее , простота использования , всё понятно , но большой и жирный минус за то что очень много кэша собирает , за пол часа просмотра 500 мегабайт кэша собрал приходится после каждого просмотра чистить кэш.",0.0,0.807,0.193,0.7964,Positive,Neutral,False
799,Илья,5,"Магазином OZON пользуюсь с далёкого 2005 года. Когда он ещё маркетплейсом не был. А теперь это не просто магазин, а целый сетевой гипермаркет плюс отличный банк. Почти всё от еды и до бытовой техники покупаю тут. Приложение очень удобное. Наверное лучшее приложение сделанное у нас. Желаю Озону дальнейшего развития.",0.0,0.786,0.214,0.9468,Positive,Positive,True
800,Алексей,3,"Верните отображение цен, как раньше!
Кидаешь товар в корзину— одна цена. Начинаешь делать заказ— цена увеличивается! 
 Вы нормальные?",0.0,0.894,0.106,0.4738,Positive,Neutral,False
801,Вячеслав,2,"Не ведитесь на морковки , тупой разводняк",0.294,0.518,0.189,-0.2996,Negative,Negative,True
802,Кирилл,1,Поддержка не работает,0.0,0.426,0.574,0.4019,Positive,Negative,False
803,Александр,1,"Технически не грамотная площадка!!!
Разработчики от слова Ноль- ни взуб ногой, ни в попу пальцем!!!
Пишешь в поиске в техническом плане товар- а тебе выскакивают разные игрушки побрякушки и прочие Симпсоны!!! Ужасно , просто полное говно!!!",0.29,0.71,0.0,-0.9309,Negative,Negative,True
804,Никита,5,Всё ок,0.0,0.312,0.688,0.296,Positive,Positive,True
805,Максим,5,Отлично приложение! Деньги возвращают за 3 дня!,0.0,0.516,0.484,0.6892,Positive,Positive,True
806,Максим,3,"Мало того что спамом сообщений заваливаете, отзывы просите, так ещё теперь попрошайничать будете за и без того завышенные цены. Спасибо, учту - теперь ни отзывов, ни оценок не буду делать.",0.045,0.872,0.083,0.3612,Positive,Neutral,False
807,Александр,1,"Повыключал все уведомления в настройках. Оставил только о статусах заказов. Но они всё равно нашли способ спамить: прилетела реклама, которую магазины шлют в сообщениях. Настройки отключить это нет.
Неужели вы реально думаете, люди хотят видеть такие пуши и это действительно важно? 🤦",0.107,0.814,0.079,-0.3746,Negative,Negative,True
808,Алексей,4,Что-то перестал обновляться? (,0.388,0.612,0.0,-0.2263,Negative,Positive,False
809,Елена,1,"Худшее приложение в истории человечества. Все в кучу, товары, реклама, не понятно где и что. Отправить посылку это квест, все вытряхнут из коробки, как досмотр на таможне, а потом вы должны ещё раз потратить время, чтобы все сложить, потому что сотрудники запихают и ногой придавят. Это был первый и последний раз контакта с ozone.",0.12,0.848,0.033,-0.6892,Negative,Negative,True
810,Valera,1,Пока не обновишь хрен тебе товар,0.368,0.632,0.0,-0.5423,Negative,Negative,True
811,Твой,3,"Что ещё за чаевые? Люди работают за зарплату, уберите эту кнопку и не надо ее пихать куда попало.",0.0,1.0,0.0,0.0,Neutral,Neutral,True
812,Вячеслав,3,Сделали нелогично большую сумму за доставку до г Магадана. (Пакет спорт пита 1 кг доставка 800₽). С такими суммами проще и дешевле в магазине купить. Верните бесплатную доставку для жителей ДВ.,0.115,0.751,0.135,0.2263,Positive,Neutral,False
813,Ирина,5,Всё 😐,0.0,1.0,0.0,0.0,Neutral,Positive,False
814,Павел,1,"Сделали так чтобы ты не нашёл и не смог погасить рассрочку!!!, сделали всё не удобно это всё ужасно.",0.28,0.72,0.0,-0.7767,Negative,Negative,True
815,Константин,5,Работает,0.0,1.0,0.0,0.0,Neutral,Positive,False
816,Илья,5,"Не удалось совершить покупку товара на крупную сумму из-за ограничения на перевод денег с карты Сбербанка на карту «Озон». При попытке совершить перевод появляется сообщение «Недоступно».

Оказалось, что для осуществления перевода необходимо повысить рейтинг. Возникает вопрос: зачем нужны обновления, такие как 11.11.2025 («Чёрная пятница»), если нельзя перевести деньги на карту «Озон» для последующего заказа товаров? И зачем это нужно рейтинг?",0.0,0.97,0.03,0.3939,Positive,Positive,True
817,Сергей,1,"Скотский сервис .
Сделать возврат не возможно.
Просто не принимает фото .
Другого режими нет .
Не пользуйтесь этим авнозоном.",0.166,0.834,0.0,-0.5242,Negative,Negative,True
818,Ольга,1,На чай🎖,0.0,1.0,0.0,0.0,Neutral,Negative,False
819,Валентина,4,"Добрый день. Не знаю почему, но у меня проблемы с приложением, постоянно виснет интернет. Что нужно сделать, чтобы работал Озон без сбоев ?",0.159,0.681,0.16,0.0052,Neutral,Positive,False
820,Леонид,2,"Это что за чаевые. Они что мне домой приносят товар бесплатно или они чай, кофе предлогают в пункте выдачи.",0.0,0.887,0.113,0.5106,Positive,Negative,False
821,Александр,5,"Скажите, а почему есть только ""заказы/возвраты"" , а почему нету ""нужен ремонт/диагностика"" если это например техника. Сейчас не совсем понятно как это делать, но иногда как оказалось это нужно. Добавьте пожалуйста.",0.043,0.883,0.074,0.3071,Positive,Positive,True
822,Павел,1,"Ужасная платформа.Не хотят вообще соблюдать нормы  о защите прав потребителей. Ссылаются постоянно на свои тупые правила противозаконные.Не хотят уважать своих клиентов.Перехожу на вайлдберис, там поуважительнее относятся.уберите этот морковск не позорьте окончательно свою платформу.И есть же люди которые реально ведутся на этот бред.",0.233,0.641,0.125,-0.8666,Negative,Negative,True
823,Ринат,2,"Появилась какая-то функция ""чаевые"" и она никак не убирается. Такое ощущение будто я всё время должен.",0.0,0.884,0.116,0.3612,Positive,Negative,False
824,Сергей,3,Много товаров дороже чём на Авито почему.может из за региона,0.0,1.0,0.0,0.0,Neutral,Neutral,True
825,Pro,1,"Обнови, напиши отзыв, морковки какие то. А я ещё не успел зайти! Чаевые появились, вы новый год уже празднуете? У вас програмисты не с втб случайно ""профессионалы"" Липовые акции, распродажи в 3 раза дороже. Доставка, хочу везу хочу нет.",0.0,1.0,0.0,0.0,Neutral,Negative,False
826,Александр,2,"В последнее время участились случаи с изменением даты доставки и в большенстве из них после нескольких переносов заказ просто не доставляется. При этом товар можно заказать повторно, но всё повторится. До поддержки по данному вопросу не достучаться, там робот сразу предлагает отметить заказ, только проблема в том, что время на уже потеряно, а сейчас в предверии праздников доставка в срок как никогда актуальна. Хотелось бы чтобы компания занялась вопросом доставки и актуализации наличия товаров.",0.081,0.796,0.122,0.5704,Positive,Negative,False
827,Максим,3,Хватит чаи гонять!,0.555,0.445,0.0,-0.3595,Negative,Neutral,False
828,Константин,1,"Какие чаевые, это их работа!",0.0,1.0,0.0,0.0,Neutral,Negative,False
829,Владимир,2,"Обосрали всё приложение, всё работает через вай-фай кроме озона, дальше главной никуда не зайти, постоянно пишет нет интернета",0.173,0.827,0.0,-0.5859,Negative,Negative,True
830,Сеймур,5,Отлично спасибо большое вам всем,0.0,1.0,0.0,0.0,Neutral,Positive,False
831,Алексей,5,Ок.,0.0,0.0,1.0,0.296,Positive,Positive,True
832,Антон,1,"Очень много спама, ненужных акций. Уведомления пришлось отключить, иначе забрасывают спамом в уведомлениях. Приходится самому, каждый раз, заходить проверять статус доставки. Очень много ненужеого шума о каких-то акциях, фейковых скидках и прочей шелухи. Очень долгая доставка. С алиэкспресс, товар с Китая, заказал позже, а пришел раньше, чем тут. Дождусь товара и удалю эту помойку.",0.0,1.0,0.0,0.0,Neutral,Negative,False
833,Петр,5,Товары соответствуют описанию,0.0,1.0,0.0,0.0,Neutral,Positive,False
834,Андрей,3,"С каждым обновлением приложение становится всё тупее и тупее. Тормозит на раз-два. При этом оперативка у смартфона 12 Гб, а свободной памяти более 60Гб",0.0,1.0,0.0,0.0,Neutral,Neutral,True
835,Олег,1,"Какие же Вы попрошайки.Какие чаевые.Работайте лучше,отзывы и предложения людей читайте.Вам на ,,чай,, она звезда.",0.0,0.742,0.258,0.7096,Positive,Negative,False
836,Артем,1,"А то что у вас комиссия для продавцов 35-40% так вы ещё и с покупателей решили чаевых поиметь, вот держите вам на чай!",0.0,1.0,0.0,0.0,Neutral,Negative,False
837,Йескел,3,"При покупке товара из карзины,неожиданно появляется ещё один предмет из карзины который был подкинут в покупку в надежде обмануть покупателя что б он нажал на кнопку оплатить.И не заметил подброса.",0.083,0.853,0.063,0.0258,Neutral,Neutral,True
838,Андрей,1,"Хватит шантажировать.Оставьте черевые сами.Я безработный,денег нет.",0.412,0.588,0.0,-0.5574,Negative,Negative,True
839,Максим,1,"Ребят ни в коем случае не связывайтесь с этими мошенниками!!!! Связался и пожалел! Заказал часы за не маленькие деньги в период действия акции черная пятница. Обещали привезти товар через два дня и в итоге уже 6 раз переносили доставку!!!!  Я готов подождать, но укажите реальный срок, но нет мы будем звонить и извиняться и 6 раз переносить дату поставки!  Ребят не связывайтесь это компания,  которая не дорожит своими клиентами!!!",0.141,0.769,0.09,-0.6494,Negative,Negative,True
840,Артем,1,"Что за чаевые? Вы что, сдурели? Что за мошенничество? Обязаловка?",0.38,0.62,0.0,-0.8102,Negative,Negative,True
841,Костя,5,Хорошо озн,0.0,0.0,1.0,0.6486,Positive,Positive,True
842,Sero,1,Чаевые за что?,0.0,1.0,0.0,0.0,Neutral,Negative,False
843,Сергей,1,"А почему мой отзыв удалили? За правду? Ваш путь в клоаку. Вы это сами подтвердили. Дублирую отзыв:
Дизлайк поставить за петушиный отзыв нельзя, поиском с фильтрами найти вообще ничего нельзя. Так теперь с меня ещё и чаевые требуют. И преподносят это как прорыв, как достижение. ""Клиенты Ozon теперь могут оставить чаевые сотрудникам"". Все только и мечтали это делать! Вы там на приколе? Озон превращается в клоаку, в днище.",0.074,0.898,0.028,-0.4276,Negative,Negative,True
844,Андрей,1,"1) Верните возможность ставить палец вниз отзывам к товарам. А то что вы сделали — это 3 вида одной и той же  положительной реакции: лайк, сердечко и хлопот ладош, в чём  разница?
А то ограничить накрутку отзывов вы не хотите, а проплаченные отзывы при этом защищаете. 
2) Ваш поиск товара с фильтром работает хуже, чем без него. Находит всё что угодно, но ни то что ты ищешь. 3) Одна реклама, перед тем как пользоваться вашим приложением — приходиться закрыть около 2-3 рекламных баннеров.",0.069,0.822,0.109,0.2023,Positive,Negative,False
845,Светлана,5,"ЛЮБЛЮ ОЗОН!
КАК ХОРОШО ЧТО ОН ЕСТЬ! СПАСИБО.",0.0,0.401,0.599,0.8879,Positive,Positive,True
846,Геннадий,1,Что происходит с доставками 2 недели уже жду и каждый раз переносят ????? Когда решите вопрос ❔,0.0,0.879,0.121,0.4137,Positive,Negative,False
847,Вероника,1,Какие нафиг чаевые??????,0.582,0.418,0.0,-0.7622,Negative,Negative,True
848,Алексей,1,"Вы слишком много съели ухи со своими чаевыми, товарищи.",0.0,1.0,0.0,0.0,Neutral,Negative,False
849,Константин,3,"Достали своими чаевыми, за что платить за перенос доставки? За очередь в пвз?",0.339,0.661,0.0,-0.6322,Negative,Neutral,False
850,Серёга,1,Нет нормальной связи с человеком сслужбой поддержкой ! Боты достали тупые 🤬,0.317,0.538,0.145,-0.4926,Negative,Negative,True
851,Наталия,3,А что теперь сотрудники получают з/п за счёт чаевых? Фиговая идея. Уберите!,0.226,0.774,0.0,-0.5848,Negative,Neutral,False
852,Алекса,4,Класс супер,0.0,0.204,0.796,0.5994,Positive,Positive,True
853,Лариса,1,"Приложение перестало открываться, перезагрузка ничего не дала, изображения нет",0.149,0.704,0.148,-0.0031,Neutral,Negative,False
854,Евгений,1,Не открываются изображения,0.0,1.0,0.0,0.0,Neutral,Negative,False
855,Оксана,1,"Я понимаю, что ОЗОН уже гонится за ВБ, но на ВБ хотя бы можно закрыть товар если не хочешь оставлять чаевые, а тут висит уведомление перед глазами, типа ты обязан! Заплати!!! Неверное движение и деньги списываются мгновенно! Насколько знаю чаевые дело добровольное, а у вас походу обязаловка!
Я так понимаю, что срезаете ЗП сотрудникам, а страдать должны обычные покупатели. Приложение больше не радует...",0.184,0.767,0.049,-0.9156,Negative,Negative,True
856,Игорь,2,"Слишком часто просит обновить. И все бы ничего, но эта плашка вылазит буквально каждый раз при открытии приложения, а следом плашка оставьте отзыв, как будто это какое то обязательное мероприятие,и  тут же какие нибудь морковки сверху. В совокупности это прям напрягает",0.191,0.751,0.059,-0.8776,Negative,Negative,True
857,Дмитрий,1,Плохой банк,0.778,0.222,0.0,-0.5423,Negative,Negative,True
858,Василий,4,Не могу войти в приложение Ozon,0.0,1.0,0.0,0.0,Neutral,Positive,False
859,Екатерина,1,"Супер мошеннические схемы стал проводить озон. Заходишь оставить отзыв, а тебе рандомно выскакивает надпись о чаевых, которую ты просто не успеваешь заметить и бац деньги списываются без кодов, дополнительного подтверждения. Как сказали работники поддержки - мгновенно. С поддержкой связаться невозможно, чаты закрывают сразу же. Помощи никакой, зато деньги спишут.",0.067,0.822,0.111,0.4939,Positive,Negative,False
860,Вв,2,На каком основании постоянно клянчат чаевые? Озон мало платит своим сотрудникам?,0.112,0.888,0.0,-0.1926,Negative,Negative,True
861,Владимир,1,УБЕРИТЕ ЧАЕВЫЕ !!! ВОЗЬМИТЕ МОРКОВКАМИ !!!,0.0,1.0,0.0,0.0,Neutral,Negative,False
862,Ирина,4,"Нет полной характеристики товара
Какой материал, кто производитель т. д и т. п",0.167,0.833,0.0,-0.296,Negative,Positive,False
863,Михаил,1,Не открывается приложение. Бесконечно крутится кружок загрузки,0.0,1.0,0.0,0.0,Neutral,Negative,False
864,Alexander,3,"Кто придумал новое отображение подборок? Сделайте хотя бы возможность выбора, я хочу старый вид. Открыл текстовый список, пробежал. А не ленту огромных картинок с микроскопическим текстом.",0.051,0.915,0.034,-0.1685,Negative,Neutral,False
865,Mikhail,1,"Озон это полное разочарование! Постоянно срывается доставка товаров!!! Не вздумайте пользоваться доставкой посылок! До 30 дней, и это не предел...
Откуда начали, туда и вернулись!
Не рекомендую!",0.162,0.838,0.0,-0.7634,Negative,Negative,True
866,Руслан,1,Чаевые? Американских фильмов насмотрелись? Поздравляю раньше был любимым магазом! Я кому-то должен? Вот и мне не надо. Тут дело судом пахнуло мне навязываете оплату которую обязан платить работодатель.,0.058,0.729,0.213,0.8567,Positive,Negative,False
867,Igrek,1,"Меня поражает то, что вы сообщаете об  обновлениях, но по факту происходит скачивание всего приложения каждый раз. К примеру, обновление Ozon у вас 160мб, а на плеймаркет 15- 20 мб.  Объясните почему?",0.0,0.94,0.06,0.2732,Positive,Negative,False
868,Михеев,4,"Подскажите пожалуйста как отключить такую опцию как ОСТАВИТЬ ЧАЕВЫЕ, очень неприятно это видеть. СПАСИБО.",0.194,0.584,0.222,0.1938,Positive,Positive,True
869,Сергей,2,"Озон очнитесь, какие чаевые и при заказе воткнули и после получения. Я понимаю чаевые при доставке ребятам, они хоть без разговоров сами помогают донести и куда надо поставить товар. А здесь на пустом месте чаевые сотруднику который весь день в пункте выдачи сидит.",0.0,0.953,0.047,0.4019,Positive,Negative,False
870,Александр,5,С каких щей чаевые? Кто навязывает услуги? Морковки вообще дно.нашли чем заманить))) смех.,0.061,0.784,0.155,0.4871,Positive,Positive,True
871,Роман,1,"Само приложение ставлю 5 ⭐ но основную 1⭐ за то что людей обманываете с своей распродажей например 11.11 и черная пятница . Цены наоборот завышенные. А по чему такое мнение , а потому что следил за ценами . Обман круглый обман . Чистой воды ...",0.185,0.754,0.061,-0.8047,Negative,Negative,True
872,Александр,5,Супер магазин на диване!,0.0,0.488,0.512,0.636,Positive,Positive,True
873,Чистое,1,Где поддержка с живыми людьми? Разработчики специально сделали так чтобы люди не могли пожаловаться на ваше приложение.,0.0,0.798,0.202,0.5873,Positive,Negative,False
874,Glen,1,После обновления перестал работать🤬🤬🤬🤬,0.275,0.725,0.0,-0.2263,Negative,Negative,True
875,Александр,5,Отличное приложение!!!,0.0,0.167,0.833,0.7163,Positive,Positive,True
876,Иван,1,Озон пробил дно. Повсюду просьба оставить чаевые. Вы там совсем с дуба рухнули???? Какие чаевые. Мы не будем платить ЗП ВАШИМ сотрудникам за вас. Это ваша обязанность!,0.135,0.772,0.093,-0.3917,Negative,Negative,True
877,Максим,1,"Такое же днище как и рустор. Свою цензуру себе оставьте, а людей обманывать не хорошо.",0.19,0.679,0.131,-0.0829,Negative,Negative,True
878,Maxim,1,"Почему при каждом входе долбит обновой с рустора, а в гугл плее нифига нет... И вообще хватит всплывающими однотипными долбить

Не ставлю оценку товару, т.к не готов! Озону поставлю 1, ему не жалко",0.109,0.891,0.0,-0.6963,Negative,Negative,True
879,Ваша,1,"После обновления приложение висит, лукошко не работает",0.0,1.0,0.0,0.0,Neutral,Negative,False
880,Варвара,1,"Постоянно мучаюсь с этим приложением, пять раз надо войти-выйти, чтоб сделать очередной шаг по приложению, например найти один товар, или зайти в Морковск, потом опять по новой. Или зайти через запрещённый ВПН!!! Вот тут, да! Всё сразу работает и в приложении хоть весь день сиди! А почему так? Почему я не могу,в ваше приложение зайти нормально,без этого чёртого ВПН?! Мне он не нужен, кроме Озона.",0.027,0.892,0.081,0.6705,Positive,Negative,False
881,Михаил,1,"И что постоянно про чаевые и так всё подорожало а ещё оставить чаевые сотрудника пункта выдачи, курьеру и ещё и водителя, я и так уже только 10% делаю покупки у вас а остальное на вб, вы так потеряете всех",0.073,0.88,0.047,-0.1027,Negative,Negative,True
882,Александр,1,"Если сделали чаевые сотрудникам, то сделайте компенсацию покупателю за задержку и повреждения упаковки товара!",0.266,0.734,0.0,-0.6996,Negative,Negative,True
883,Артём,2,Отменили заказ а деньги ушли в жопу,0.237,0.763,0.0,-0.4215,Negative,Negative,True
884,Юрий,3,Очень часто долгая доставка. Лучше заказывать на Алиэкспресс...,0.0,0.756,0.244,0.4404,Positive,Neutral,False
885,Александр,5,Всё нравится.,0.0,0.286,0.714,0.3612,Positive,Positive,True
886,Андрей,1,"Поисковая система кривая, искал костюм оверсайз спортивный, оверсайз выделял в кавычки показывает все! Даже в описание у продавца нет этого слова но система ищет просто спортивный костюм и все!",0.0,1.0,0.0,0.0,Neutral,Negative,False
887,Денис,3,Деньги закидывать теперь геморрой сплошной !,0.0,1.0,0.0,0.0,Neutral,Neutral,True
888,Александр,5,"Добрый день. Нововведение чаевых за выдачу интересно. Но вопрос, когда будут чаевы покупателю, за то что он приходит, стоит в очереди, оплачивает сразу?",0.0,0.843,0.157,0.5574,Positive,Positive,True
889,Хозяин,2,"Один товар отменили спустя 2 недели причины не указали,но деньги правда вернули, на второй товар постоянно переносится дата доставки, если второй отменят уберу ещё 1 звезду, что происходит? Я всегда всё что заказываю выкупаю.",0.133,0.867,0.0,-0.6486,Negative,Negative,True
890,Андрей,1,Трижды перенесли дату доставки! Ко Дню рождения опоздали! Связи с продавцом нет!,0.133,0.867,0.0,-0.4724,Negative,Negative,True
891,Неонилла,5,Молодцы!,0.0,0.295,0.705,0.3382,Positive,Positive,True
892,Михаил,1,"Отвратительный чат поддержки. Бот не справляется, если не знает ответа просто выкидывает вас на начало. Живого общения нет совсем, всё на боте.",0.148,0.781,0.07,-0.4588,Negative,Negative,True
893,Михаил,1,"Приложение - помойка, блокируют аккаунт, когда захотят и за что захотят. Попал в блок сразу после того, как завёл ozon карту для оплаты заказа. Без возможности восстановления. Ozon плевать хотел на права потребителей",0.248,0.7,0.052,-0.8698,Negative,Negative,True
894,Арсений,2,Слишком много рекламы и визуального шума и мусора,0.0,1.0,0.0,0.0,Neutral,Negative,False
895,Serega,4,"Не всё приходит то что заказываешь, доставка долгая и товар порой не тот .",0.0,1.0,0.0,0.0,Neutral,Positive,False
896,Nikita,1,"Ну вы молодцы конечно, такова накидали на вентилятор со своими чаевыми)) сделайте ещё плиз что бы сотрудники видели кто сколько дал) И я так понял зп теперь у сотрудников пункта выдачи будет от 20000 и до 500000тр)))) точнее 20
Просто гении",0.0,0.88,0.12,0.6908,Positive,Negative,False
897,Alex,5,"Сделайте плс поиск по купленным товам, а то среди них (уже больше 1000) становится сложно искать.",0.11,0.789,0.101,-0.0516,Negative,Positive,False
898,Сергей,1,"Снизил из за слишком большого количества рекламы. Очень назойливой.
И еще, нельзя оставить уведомления только по доставке. Включаю уведомления - приходит спам (всякие акции и прочие нежелательные сообщения, которые нельзя заблокировать. Не хочешь спам - не получишь и информацию о доставке",0.19,0.729,0.082,-0.7671,Negative,Negative,True
899,Александр,1,Почему не открывается приложение?,0.0,1.0,0.0,0.0,Neutral,Negative,False
900,Александр,3,"Через Wi-Fi ни чего не грузит,якобы нет интернета только если подключится от сим можно что то полистать и заказать",0.084,0.916,0.0,-0.296,Negative,Neutral,False
901,Ильнур,5,"Все устраивает, поддержка решает все вопросы, даже когда отменил заказ с платной доставкой, вернули деньги, только раздражают эти липовые распродажи, которые просто не заканчиваются, когда распродаж нет, товар дешевле, эти лототроны в которых вечно ""в этот раз вы ничего не выиграли, попробуй в следующий раз"" ну хоть баллы какие-то дайте, и то приятно будет, вам то с 25% оплатой баллами это только на руку же! Люди уже на 3 лототрон перестали верить в честность, и возможность что-то получить",0.083,0.711,0.206,0.9259,Positive,Positive,True
902,Дмитрий,1,"Подходит, только если вы деньги не считаете. Распродажи для продавцов делают, если у них и по старой цене разбор, то заказ со скидкой просто отменят. И в приложении просто нет возможности связаться с поддержкой, одни автоответы, хотя называют это чат с поддержкой!",0.074,0.826,0.1,0.3595,Positive,Negative,False
903,Тычина,2,"После последнего обновления приложение стало подвисать. Долго грузится внутри приложения разные магазины, просмотры, выскакивает нет соединения с инетом, хотя тут же на Яндексе всё открывается, Рутуб работает без глюков. Чистка кэша не помогает. Последнее обновление фуфло.",0.144,0.835,0.021,-0.794,Negative,Negative,True
904,Айгуль,5,"Спасибо очень хорошие цены не высокие,",0.0,0.468,0.532,0.6901,Positive,Positive,True
905,Анастасия,1,"Последний год отвратительно работает, нужно по двести лет ждать загрузки чего бы то ни было: отзывов, товара, профиля, корзины. И то не факт, что с первого раза загрузить. Один дискомфорт.",0.165,0.835,0.0,-0.7717,Negative,Negative,True
906,Андрей,4,"Зачем убрали альтернативу по цене и доставке, теперь нельзя узнать где цена дешевле и доставка быстрее.",0.0,1.0,0.0,0.0,Neutral,Positive,False
907,Адхамжон,1,"Цена разная ,тем больше много покупаете тем дороже покажут один и тот же товар",0.0,1.0,0.0,0.0,Neutral,Negative,False
908,Виталий,3,"Уберите из отзывов чаевые, я не в ресторане и не в парикмахерской, и даже не в такси, почему я должен оставлять чаевые, вы сами своим сотрудникам чаевые давайте, или вы им зарплату не платите, мне на работе не дают чаевые, меня это напрягает, сделайте где-то эту опцию.",0.099,0.901,0.0,-0.34,Negative,Neutral,False
909,Дмитрий,1,Такая оценка только за  Морковск!!!  Полный лохотрон!!! Одно и тоже и бесполезное!!!,0.434,0.566,0.0,-0.8257,Negative,Negative,True
910,Денис,3,"Уберите эти чаевые, они очень сильно напрягают и я не понимаю за что еще их платить,я сам прихожу за товаром, а грузчики им приносят, за то что они выдали заказ??? они и так зарплату получают",0.115,0.885,0.0,-0.6037,Negative,Neutral,False
911,Сергей,2,"Воспользовался доставкой посылок. Посылка пришла в ужасном состоянии. Коробка была вскрыта, просто разодрана. Это худшая доставка посылок. Почта России теперь хорошая .",0.241,0.63,0.129,-0.6486,Negative,Negative,True
912,Александр,1,В сезон распродаж все дороже!!! Не ведитесь!,0.0,0.749,0.251,0.5191,Positive,Negative,False
913,Cosmic,1,"То что сделали чаевые сотруднику за работу это ладно и понятно. Вот я на пример не могу оставить чаевые так как у меня расчитанны деньги. Если я не дам чаевые то заказ который я забрал и там указано оставить чаевые, то так и будет висеть в ленте заказанных товаров пока не оплатишь. Раньше когда было оценить заказ, оценил и всё пропало с ленты, а сейчас даже кнопки нету что бы закрыть. Жалко сюда нельзя скриншот прислать.",0.1,0.884,0.016,-0.6757,Negative,Negative,True
914,Светлана,1,"Отправила посылку 12.11.2025 из Екатеринбурга (ул. Краснолесья 54/2) в город Оренбург (Родимцева 6к.1). При сотруднике все показала и положила в пакетах вещи в коробку.16.11 посылка поступила в Оренбург. Брат забрал посылку,принес домой. Даже в мыслях не было, что ее могут вскрыть и забрать вещи! Вытащили из пакета детские вещи (костюмчик на девочку 1-2года,книжки и желешки),а положили для веса канцелярский нож,удобрения и хрень какую-то.Первый и последний раз отправляла посылку ozon!",0.03,0.97,0.0,-0.4912,Negative,Negative,True
915,Den,1,Какой нехороший человек придумал поместить рекомундуемые товары в карточке товара перед описанием и характеристиками самого товара? Что за бред?,0.203,0.742,0.056,-0.6966,Negative,Negative,True
916,Андрей,5,"Пользуюсь уже много лет вашим сервисом. Все устраивает. Другой площадкой не пользуюсь если вы понимаете про что я))) 
Приложение, ценны, отслеживание посылок, время доставок, техподдержка все супер! 
Удачи и дальше вам в развитии!",0.0,0.654,0.346,0.9515,Positive,Positive,True
917,Polina,5,Спасибо. Все отлично.,0.0,0.411,0.589,0.5106,Positive,Positive,True
918,Диля,5,"Всё замечательно: возможность сидя дома, посмотреть любые магазины всего мира почти!!!
благоДарю Озон - ты супер!!!",0.0,0.587,0.413,0.9333,Positive,Positive,True
919,Наталья,3,"Стали врать с доставкой. Заказываешь товар на завтра-послезавтра, а его привозят через 3-4 дня. В последнее время такое стало практически с каждым заказом.",0.105,0.895,0.0,-0.5267,Negative,Neutral,False
920,Арсений,4,"До 5 не хватило то, что убрали надпись ""доставка из-за рубежа"", прошу вернуть ее, это принципиально важно",0.094,0.73,0.176,0.2263,Positive,Positive,True
921,Илья,5,Мега платформа,0.0,1.0,0.0,0.0,Neutral,Positive,False
922,Sàshā,5,Лучший,0.0,0.0,1.0,0.6369,Positive,Positive,True
923,Евгений,4,"Постоянные переносы даты доставок, это очень неудобно когда товар нужен и ждёшь его в оговоренные сроки, а товар переносят на другую дату👎👎",0.063,0.884,0.053,-0.0763,Negative,Positive,False
924,Станислав,5,Всё доступно и быстро.,0.0,1.0,0.0,0.0,Neutral,Positive,False
925,Роман,1,"Доставка постоянно переносится, нормальной поддержки клиентов нет.",0.292,0.511,0.197,-0.0772,Negative,Negative,True
926,Андрей,1,"Акция Морковск - пустая трата времени и полная фикция, не ведитесь! Потратил баллы (морковки) в розыгрышах и лукошке, в списаниях зафиксировались траты только за  розыгрыши на сумму 1320 баллов. Потраченные в Лукошке  морковки в списаниях вообще не учитываются. Далее, захожу в суперприз, а там ноль потраченных морковок и ноль начисленных билетов! Это как?! Куда деваются потраченные баллы этой акции? Пишу все это здесь, потому что в чате приложения Озона писать некому, там одни боты, вот так.",0.068,0.811,0.121,0.7927,Positive,Negative,False
927,Алексей,1,"Задолбал ваш долбаный писарь, нахера так криво написать поиск. Ищу уже более часа ящик инструментальный для грузовика, выдаёт всякую хрень, но не то что ищу. Хочу ручку ещё на старый ящик найти, хрен там. Надо его накол посадить и пусть ищет, а кол, чтобы каждую минуту вылезал на сантиметр",0.127,0.855,0.018,-0.8394,Negative,Negative,True
928,Алексей,1,"Невозможно написать жалобу, её в чате не найти",0.155,0.845,0.0,-0.296,Negative,Negative,True
929,Мак,1,"Что за дурацкая новинка с чаевыми? Почему покупатель должен оставлять чаевые, уберите этот функционал под товаром кнопка, постоянно активно это бесит",0.261,0.651,0.088,-0.6486,Negative,Negative,True
930,Светлана,2,Убрали поиск по фото. Очень не удобное приложение.,0.31,0.69,0.0,-0.4005,Negative,Negative,True
931,Игорь,2,"Не возможно выбрать качественный товар, т.к. негативные оценки удаляются, а оценки типа ""Коробку не открывал, пять звёзд"" оставляются. В результате у любого хлама на Озоне пять звезд. В связи с чем Озон вынуждал меня тратить деньги на некачественный и  бесполезный хлам.",0.169,0.776,0.055,-0.7783,Negative,Negative,True
932,Дана,1,"Убрали поиск по фото. Цены от балды скачут. Изначально что то типо 30к стоит, потом ""скидка"" продают за 14к. Потом супер скидки распродажи, изначальная 60к стоит, и типо ""скидка"" за 32к товар. Реально дорого стало. Поддержка 0. Никаких бонусов. Морковки лохотрон. Доставка не в срок и не на неделю, а больше. Много подделок, деньги не возвращают. Много темных не добросовестных продавцов.",0.087,0.797,0.115,0.1253,Positive,Negative,False
933,Сергей,3,"Лохотрон с морковском, да и цены уже не те в магазине бывает дешевле  и с гарантией проще будет в магазине.",0.165,0.7,0.134,-0.2732,Negative,Neutral,False
934,Игорь,4,Разработчики! Сделайте пожалуйста поиск по картинке или по фото! У конкурентов давно есть такая фишка!,0.0,0.815,0.185,0.4898,Positive,Positive,True
935,Марина,3,"Накидывать товары в избранное бессмысленно, так как там нет никакой возможности фильтрации и поиска, а так же удаление товаров происходит ""по одному"", что очень долго и неудобно.",0.149,0.765,0.086,-0.2648,Negative,Neutral,False
936,Наталья,1,"Постоянно висит,ничего не работает!",0.0,1.0,0.0,0.0,Neutral,Negative,False
937,Ал,1,"Есть кто выиграет???? Квартиры, миллионы???",0.0,1.0,0.0,0.0,Neutral,Negative,False
938,Black,1,"Запросить скидку, если скидка больше 5%, то заявка на скидку уходит все равно только на 5%, и уже через изменение скидки отправкой второго запроса продавцу, можно запросить скидку больше 5%. Жутко раздражает и сам баг и что не исправляете этот баг.",0.11,0.89,0.0,-0.743,Negative,Negative,True
939,Анна,1,"А что, вопросов кроме покупки товаров при пользовании вашим приложением не должно быть? Например, я хочу узнать, где можно отключить эти бесконечно всплывающие подсказки. Бот не знает. Мануала нет. Интуитивно понятный интерфейс?! 
Да и вообще, после появления этого американского навязывания чаевых, пожалуй, откажусь от этого маркетплейса, как в своë время забанила эту страну по этой же причине.
 Кстати, сотрудник пункта выдачи сказала, что никаких чаевых они не получают. И куда идут деньги?",0.089,0.897,0.014,-0.7865,Negative,Negative,True
940,Гаврил,5,"Отличный магазин, но много «всего». Без привычки сложно ориентироваться",0.0,0.657,0.343,0.6387,Positive,Positive,True
941,Николай,1,"Заказ могут больше недели переносить, а потом просто отменить и на это в приложении даже нельзя пожаловаться никуда и написать отзыв!",0.215,0.785,0.0,-0.68,Negative,Negative,True
942,Екатерина,2,В приложении в разделе избранное был поиск в избранном. Теперь там поиск в озон. Верните поиск в избранном!,0.0,0.674,0.326,0.8268,Positive,Negative,False
943,Захар,5,Очень круто,0.0,0.278,0.722,0.3804,Positive,Positive,True
944,Счастливая,1,"1❗ даже кол -  не заслужили!! Чат не отвечает одни боты тур о р ылые! Меня нет в городе, заказ забрать не могу.  Переносили доставку , а я уехала. Чат никогда не работает,обратиться не к кому! Другие платформы намного лучше! Удаляю!",0.11,0.835,0.055,-0.4344,Negative,Negative,True
945,Анатолий,3,"Как можно было опуститься до попрошайничества чаевых? В мире уже пошла на спад эта истерия из-за негативного влияния на потребителя, а вы вляпались в этот позор.",0.257,0.743,0.0,-0.8934,Negative,Neutral,False
946,Сергей,3,"Очень часто не прорисовываются фото карточек. Просто белый фон, что делать, в чем причина?",0.0,1.0,0.0,0.0,Neutral,Neutral,True
947,Умм,1,В последнее время задерживают заказы (по причине перевозчика),0.192,0.808,0.0,-0.2263,Negative,Negative,True
948,Татьяна,3,"Подскажите где находится кнопка поделиться? Мне она вылезает после того, как я скриншот сделала. А зачем она мне в этот момент? Уже скрин же есть.
Да и ещё пожелания выделите матерьяо смола или эпоксидка и все её производные в отдельный тип материала, а то она везде, я из камня поделку ищу, она вылезает, из металла, дерева, в общем как убрать этот материал без фильтра не понятно",0.028,0.905,0.067,0.4724,Positive,Neutral,False
949,Владимир,3,"В последнее время озон часто стал переносить доставки, если вы не можете доставить в срок какой указан, тогда не пишите что доставите в этот день",0.0,1.0,0.0,0.0,Neutral,Neutral,True
950,Сергей,4,"Доставка очень часто переносится на поздний срок.
Ставьте реальные сроки доставки, покупатель часто выбирает товар как раз из-за сроков доставки.",0.086,0.914,0.0,-0.2682,Negative,Positive,False
951,Евгений,1,"Не работает поддержка от слова - совсем! Озону просто плевать на покупателей. Её там просто НЕТ! Есть только бот Виталик который ни когда не решит вашу проблему, а будет гонять по кругу!",0.085,0.795,0.119,0.306,Positive,Negative,False
952,Светлана,4,"Сделайте сортировку в заказах: по дате доставки, по дате заказа. Полученные/отмененные заказы в конец списка или в архив.",0.0,1.0,0.0,0.0,Neutral,Positive,False
953,Алексей,1,"В озоне не рассрочка, как у всех, а конкретный грабёж. За год, так называемой ими рассрочки, вы переплатите половину стоимости товара.",0.0,0.941,0.059,0.1901,Positive,Negative,False
954,Сергей,3,сделайте что то  вроде безопасного поиска чтобы не вылезал контент 18 +,0.0,0.649,0.351,0.6597,Positive,Neutral,False
955,Светлана,3,"карточку заказов, чтобы там не отображалась мешанина из неполученных и полученных заказов, а были отдельно то, что еще в пути, ожидает получения и то что уже было получено и ждет оценки",0.0,1.0,0.0,0.0,Neutral,Neutral,True
956,Алексей,3,"Само приложение отличное, а вот трекинг отправлений отсто полный. Где посылка (НП), во сколько прибыла, куда отправилась (НП) и во сколько - не понятно. Посмотрите как организован трэкиннг у алиэкспрэс. Твёрдые 5 звёзд. И всё понятно -  где , в каком городе во сколько прибыла и во сколько уехала.",0.135,0.797,0.068,-0.6544,Negative,Neutral,False
957,Артем,1,"Самый бесполезный чат поддержки, сделайте вывод на оператора, в вк отцечают яерез 3 суток, сервис ужасный!",0.323,0.565,0.112,-0.6815,Negative,Negative,True
958,Алиша'кусь,2,"Страница ""Главное"", на которой рекомендация товаров сломалась. Каждый раз когда ты обновляешь страницу, то все карточки товаров пропадают и более не появляются, даже после перезапуска приложения. Они появляются вновь только через несколько десятков минут, что крайне неудобно при поиске товаров.",0.198,0.802,0.0,-0.8357,Negative,Negative,True
959,Слава,4,Все отлично кроме бонусов мили они и нафиг не кому не нужны лучше сделайте просто бонусы что бы потом можно было обменять на скидки так прям у нас все литают,0.052,0.615,0.333,0.9169,Positive,Positive,True
960,Михаил,1,"Верните вау цены на место ! Открываешь"" еще ""в акции а тебе кучу товаров но не те которые по акции ! И интернет вечно откалывается",0.0,0.907,0.093,0.4559,Positive,Negative,False
961,Павел,5,Найс!,0.0,0.0,1.0,0.4753,Positive,Positive,True
962,Екатерина,1,"Скачала обновление, теперь озон вообще не открывается (((",0.0,1.0,0.0,0.0,Neutral,Negative,False
963,Александр,2,"Что за чаевые в обязательном/принудительном порядке? Цена товара, в карточке товара, увеличивается при оформлении покупки автоматически, хотя выбрано ""без чаевых""!!! Что за фигня?! Это добровольное желание. Снижение объëма продаж не последует?",0.131,0.812,0.056,-0.6816,Negative,Negative,True
964,DELETED,2,"Верните в избранном сортировку по категориям, цене и пр.",0.0,0.714,0.286,0.4215,Positive,Negative,False
965,Денис,1,"Приложение постоянно теряет связь с реальностью. На устройстве интернет есть, все приложения работают, кроме этого.",0.126,0.874,0.0,-0.3182,Negative,Negative,True
966,Владимир,2,"Что то случилось с приложением, постоянно виснет, постоянно пишет нет интернета, хотя другие приложения работают без проблем. Из за этого перестал заказывать. Доставка... Тут уже все про нее написали, отвратительная!",0.238,0.704,0.059,-0.7058,Negative,Negative,True
967,Юрий,1,"Было раньше приложение а сейчас дебильное приложение Я не видел. Мне продавец отвечает на вопрос, но найти и посмотреть товар на который он ответил  не могу. Почему не сделать как других приложениях, нажал на ответ увидел товар на который получил ответ? В купленных товарах нахрена писать цену которая сейчас? Товар уже куплен, там должна стоять цена за которую он куплен, а чтобы посмотреть сколько этот товар стоит сейчас я должен перейти на эту страницу и посмотреть. А у вас всё через зад.",0.17,0.83,0.0,-0.9691,Negative,Negative,True
968,Денис,2,Сломалось сравнение,0.508,0.492,0.0,-0.4767,Negative,Negative,True
969,Роман,2,"Последнее время озон опарафинился с доставками, одни переносы по срокам хрен чего дождёшься все по две недели едет.",0.0,1.0,0.0,0.0,Neutral,Negative,False
970,Юрий,2,"Розыгрыши тупо лохотрон. 
Лукошко так вообще, разводило сплошное. Одни и те же призы выпадают, вот просто единтично",0.267,0.575,0.158,-0.5859,Negative,Negative,True
971,Николай,1,"ozon воры и мошенники, вначале товар пропал по прибытии в страну назначения, 11 дней не мог попасть на таможню, теперь с 5 ноября отправился в город получателя, а 5 был срок дотавки, сегодня 16, опять, уточняют сроки доставки, которые известны только богу, отменить нельзя, деньги тю тю, с продавцом не связаться, ни кто ни за что не отвечает, твари верните деньги или доставте товар, заказ от 15 октября, пошёл второй месяц, но всё в тумане, я хренею от такого обслуживания, ozon мошенники",0.111,0.861,0.028,-0.8201,Negative,Negative,True
972,Астра,1,"Ужасное приложение. Все в кучу слепили - мелко,  пока найдешь описание - потеряешь, что хотел купить. ВБ -  в млн.раз удобнее !",0.196,0.804,0.0,-0.7263,Negative,Negative,True
973,Алёна,5,Просто топ! Очень удобно заказывать с инета и потом забирать товар но не удобно только одно что когда ложишь деньги на озон карту через определённую карту то списывают комиссию 60 руб. а так супер лучше вб! ❤️,0.0,0.776,0.224,0.9304,Positive,Positive,True
974,,1,"Хоть и на Ozon больше трваров чем на WB но доставка на Ozon желает лучшего.Уже четвертый товар доставляют с огромной задержкой.Самое маленькое задерживали на 2 недели.А то и на месяц задерживают.Я лучше заплачу дороже но закажу на том же WB и буду уверен что товар приедет во время,а если и опоздает то на день.Но не как на озоне,на 2 недели или на вообще на месяц",0.098,0.83,0.072,-0.0683,Negative,Negative,True
975,Руслан,1,Ох уж этот озон. Отменили заказ который заказал в начале ноября и предлагают купить его же с супер скидкой в честь 11.11 Плюс 20 процентов. Да именно плюс 20 процентов. Вся правда о распродажах озон,0.0,0.754,0.246,0.9022,Positive,Negative,False
976,Сергей,1,"Не понимаю систему оценки сервиса. Приложение предлагает оценить купленный товар, но из 9 пунктов оценки всего один связан с товаром, а остальные 8 это оценка самого сервиса. Предлагаю разработчикам организовать разделение по оценкам сервиса и товаров. Пока будете думать, моя одна звездочка повисит у вас в рейтинге.",0.0,1.0,0.0,0.0,Neutral,Negative,False
977,Тимур,1,"Надеюсь я дождусь тот день, когда Озон будут нагибать за распространение подделок и фейковых отзывов. Будут штрафовать и весь их бизнес уйдёт в минус.

В чем проблема сделать вход через госуслуги? Вы же сможете легко сделать фильтр только по реальным отзывам, а не вот этих 100500 левых аккаунтов.",0.176,0.744,0.08,-0.743,Negative,Negative,True
978,Славик,1,"Извините, заказ задерживается - основной девиз ОЗОН.",0.348,0.652,0.0,-0.296,Negative,Negative,True
979,Рустам,1,"UPD: OZON блокирует все комментарии и отзывы о признаках подмены содержимого(например, кофе в зернах)
разрабы испортили фильтр отзывов и на просьбу вместо ""новые и полезные"" вернуть обратно ""новые"" уже несколько месяцев не реагируют. Невозможно просмотреть 
только новые(свежие) отзывы, т.к. сортировка ""новые и полезные"" работает криво: отзывы все перемешаны(к примеру, сначала сентябрь, потом май, потом ноябрь, потом февраль и т.д.). Косячники.",0.065,0.935,0.0,-0.6124,Negative,Negative,True
980,Александр,1,В морковс  кто не будь выигрывал?,0.428,0.572,0.0,-0.4585,Negative,Negative,True
981,Олег,4,Голосовой набор текста нужен будет ок,0.0,0.694,0.306,0.296,Positive,Positive,True
982,Сергей,1,Полное разочарование.,0.767,0.233,0.0,-0.5106,Negative,Negative,True
983,Алексей,2,Постоянно тупит. Очень долго грузится,0.355,0.645,0.0,-0.5106,Negative,Negative,True
984,Муборак,2,Здравствуйте я так долго мучаюсь что не могу заполнить анкету я не гражданин России,0.154,0.846,0.0,-0.4767,Negative,Negative,True
985,Дмитрий,1,"Отвратительный маркет плейс. Намного хуже маркета и ВБ. Доставка то отменяется то переносится, срок хранения заказов всего два дня включая (!!!) нерабочие дни помещения в котором стоит постамат. Мой заказ увезли обратно так как я его не забрал , а забрать я его не мог так как два дня были нерабочие. Бред. Последний раз тур что либо заказал",0.125,0.875,0.0,-0.8472,Negative,Negative,True
986,Prost,1,"После заказа, невозможно посмотреть выбранные в карточке товара параметры. Иногда информация отображается, но не полностью, в карточке товара параметров больше",0.0,1.0,0.0,0.0,Neutral,Negative,False
987,Юлия,3,"Есть очень большой минус у приложения: нет поиска по завершённым заказам. Приходится  листать и искать вручную. ОЧЕНЬ НЕУДОБНО . Есть поиск по купленным товарам , но там показывает актуальную цену, а не ту, по которой покупали.",0.129,0.871,0.0,-0.6392,Negative,Neutral,False
988,Элайя,2,"Эта проблема докучает мне давно. Стоит долгое время просматривать ассортимент каких-то товаров (минут 20-30) начинают повторяться одни и те же товары, а потом и вовсе исчезают их фото и перед тобой просто белый экран. 
Сейчас постоянно переносят заказы, страшно представить, что будет перед новым годом! 
В наш ПВЗ заказы привозят в 17-18 часов, разбирают их часами и получаешь ты его уже чуть ли не перед закрытием. Просто отвратительно!",0.152,0.848,0.0,-0.9284,Negative,Negative,True
989,Надежда,4,После последнего обновления стало плохо отслеживать заказ,0.2,0.8,0.0,-0.3612,Negative,Positive,False
990,Айгулька,5,"Сделайте пожалуйста, чтоб в корзине показывалось дата доставки",0.0,0.635,0.365,0.5574,Positive,Positive,True
991,Мария,5,Хорошее приложение. Спасибо за вашу работу и скидки. ❣️,0.0,0.602,0.398,0.6486,Positive,Positive,True
992,Юлия,5,"Сделайте, пожалуйста, поиск в завершённых заказах иногда очень нужно заказать тот же товар, у того же продавца, но искать приходится очень долго.",0.0,0.942,0.058,0.1655,Positive,Positive,True
993,Ххххххх,1,"Сервис просто огонь, пользовался рассрочкой, видите ли во благо мне запустили новую, естественно надо заполнить анкету, всё предоставил с госуслуг, сделал фото и опа, опять введите адрес регистрации и по кругу без объяснения причин и так пол дня, наверное проще сразу купить, развивайтесь дальше",0.036,0.855,0.109,0.5994,Positive,Negative,False
994,Владислав,1,"Хороший магазин, но можно столкнуться с поощрением халатности продавцов.",0.0,0.614,0.386,0.6858,Positive,Negative,False
995,Людмила,1,Невозможно зарегистрируйся приложение на xiaomi,0.0,1.0,0.0,0.0,Neutral,Negative,False
996,Анастасия,5,"Крайне удобно. Недорого и пункт выдачи близко к дому. Но есть некоторые недостатки. Касаемо только продавцов, а не самого «Озона». Иногда качество товара оставляет желать лучшего. 
Говоря про приложение, то оно удобное и понятное. Спасибо 🙏",0.065,0.826,0.108,0.3291,Positive,Positive,True
997,Курман,3,Вы достали уже нельзя один нормально сделать обновление а не каждый день,0.128,0.872,0.0,-0.296,Negative,Neutral,False
998,Арслан,1,Нет толковой поддержки/  нет возможности убрать товар с рекомендации я мужчина зачем мне женское белье и детские игрушки,0.162,0.738,0.1,-0.1779,Negative,Negative,True
999,Евгений,1,"После последнего обновления, плохо грузит, постоянно пишет проблема с интернетом, хотя интернет отличный 500мб/сек",0.102,0.679,0.219,0.4767,Positive,Negative,False
1000,Дима,5,"Мне кажется что это лучший маркет для выгодных покупок, очень красивый и понятный интерфейс и ничего лишнего, много скидок и акций. Устанавливайте и пользуйтесь с удовольствием, я всем рекомендую!",0.0,0.584,0.416,0.9668,Positive,Positive,True
