"NEUTRAL","Эта книга очень хорошая, с множеством красивых фотомикрографов и хороших диаграмм. Она начинается с длинного раздела о оптике и микроскопах и дает много советов по освещению и окрашиванию. Я не думаю, что эта книга подходит для детей, если они не очень мотивированы."
"NEUTRAL","Я очень удивлен критиками, которые утверждают, что это лучшая работа Корнелла Вульриха. Мне очень нравится стиль написания Вульрима и я прочитал несколько рассказов Уулриха и некоторые его романы также. Я очень готов терпеть несколько невероятных ситуаций и невероятные совпадения для расстройства, персонажей и атмосферы. Но этот роман по сути является триллером с сюжетом настолько нереалистичным, что он напрягает доверие."
"NEGATIVE","Я был очень разочарован этим компакт-диском. Его голос так трудно понять, он произносит по-русски очень сложно."
"POSITIVE","Я получил эту книгу по рекомендации натуралиста, она представляет собой смесь информации и истории о голосе койота. Она была очень интересной до сих пор."
"POSITIVE","Я не знаю, что еще можно сказать об этой книге. Уже есть более 500 отзывов!! я просто хочу сказать, что это шедевр. Я нахожу язык в этой книжке вдохновляющим. Если вы никогда раньше ничего не читали по Кормаку Маккарти, то это не самое легкое место для начала, но это действительно потрясающий труд."
"NEUTRAL","Это вторая книга Джейн Остин, которую я прочитал (другая - Гордость и предубеждение), и я думаю, что могу увидеть ее огромную привлекательность к современной аудитории. Это довольно хорошо написанные счастливые истории - очень похоже на сегодняшние бестселлеры в розовых пыльных куртках. Убедительство очень похож на гордость and Prejudice - настроение одно и то же, чрезмерные одномерные персонажи одинаковы и сообщение совершенно схоже."
"NEUTRAL","Call of the Mall (англ. Call of The Mall) - это превосходно написанное произведение, которое изучает географию использования торговых центров в магазинах и историю пригородных и городских торговых центрах. Во-первых, меня запечатлел стиль письма, который был прост для следования, но полный хорошей информации. Пако исследовает все от безопасности торгового центра до пищевых судов, чтобы скидку ювелирные магазины рядом с Tiffany's. Он анализирует привычки покупателей мужчин, женщин и подросток."
"NEGATIVE","Купец осторожнее - еще один подделка. час назад я думал, что покупаю этот словарь. то, что я получил вместо этого на своем AmazonKindle был Новый Оксфордский американский словарь. это не первый раз, когда меня обманывают так, но уверяю вас, что это будет последний!"
"POSITIVE","Истории о реальной жизни, которые заставляют вас смеяться и улыбаться на лице о том, как хорошая может быть жизнь, если вы смотрите на вещи правильно. Много быстрых маленьких историй, которые являются снимками доброты."
"NEGATIVE","Я не имел удачи лично услышать Дембски, но видел видео, в котором он обсуждает свою ""теорию"" с гуманистом - Эугеном Шоттом и богословом (преподобный я сожалею о том, что забыл ваше имя)."
"NEGATIVE","Я стараюсь (парафразируя другого рецензента) ""наблюдать"" за книгами, которые выделяют консервативных христиан и пытаются осквернить их на общественной площади. Интересно для меня то, что поклонники этой книги берут аргументы Филлипса гораздо дальше, чем это делает Филиппс."
"NEUTRAL","Конечно, для короткой книги в 100+/- страниц ""О мышах и людях"" удары над ее весом. Сны и устремления трудящихся людей, когда хорошо рассказывается может быть, но полный трогательности и эмоционально напряженности. Это определенно так здесь. Язык кажется аутентичным. Остановка красиво установлена и диалог рисует столько же картины, сколько описания, которые Штайнбек настолько умелый и тонкий представить."
"NEGATIVE","Я недавно купил эту книгу, и был несколько разочарован. Я начинающий читатель как другой рецензент. Я обнаружил, что инструкции не были ясными и трудно следовать. Я недавно закончил обширный курс по бусинкам и проводам (то есть 4 недельный курс). Я также согласился с одним из рецензиров в отношении материалов. Книга использует WigJig на некоторых проектах. Было бы здорово увидеть больше дизайнов, использующих только методы провода. Эта книга не для новичков."
"POSITIVE","Я всегда был очень заинтересован в морской истории, но эта книга действительно сделала ее намного более захватывающей. После того как я начал, я не мог её оставить. Думаю, что закончил за рекордный срок (как мне все равно интересно) Поймите эту книгу!"
"NEGATIVE","""Владыка мух"" Книга в начале была интересной, но когда я пришел к части, когда они идут за Ральфом и Свиньей и пытаются их схватить, это то, что я не понял. Как 13 или 14 летние дети могли убивать друг друга, и мне все равно. Книга вовсе неплохая, она позволяет читать даже если вы не заинтересованы. Мне нравится способ перевода золота из идеи в другую. Для меня я даю ей 2 звезды"
"NEGATIVE","Эта книга была полным провалом. Автор обещает эффективность, но не обращается к использованию горячих ключей для сокращения таких простых задач, как создание новых задач , подача электронной почты и создание задач из электронной письма . Его использование Категорий для файла электронной почта оставило бы один с огромным Списком главных категорий, которые будут сложны в использовании. Авторы время от времени упоминают GTD Дэвида Аллена, но методы Аленного намного элегантнее."
"NEUTRAL","Эта книга описывает некоторые из тех вещей, которые я вижу каждый день в больнице Джонса Хопкинса. Мне понравилась эта книга, но мне было очень трудно написать её на маленьком тираже. Кстати, сериал HBO Mini был отличным дополнением."
"NEUTRAL","Книга очень яркая и вдохновляющая. Я действительно почувствовал, как это было прогуляться по залам студий EMI (Abby Road). Хотя книга содержит много описаний его весьма инновационных методов записи (достаточно для того, чтобы удовлетворить меня как звукозаписывающего инженера), они никогда не берут на себя историю, а фактически представлены таким образом, который будет одинаково интересным для музыкантов и не музыканты."
"POSITIVE","Рэмпель написал увлекательный обзор жизни и истории в русской меннонитской колонии Хортица (Чортиза). Первый раздел описывает, что известно о истории многих его предков в первом веке или около того. Хотя это интересно и дает детали, которые я не видел нигде еще, прежде чем прочитать эту часть, полезно знать оборот российской меннонской истории."
"NEUTRAL","ОК....по какой-то странной причине я очень люблю литературу для молодых взрослых. Это просто еще одна из коллекций, которую мне было очень интересно читать. Артемида Фоул - чрезвычайно интересная история, которая могла бы легко стать следующей серией Гарри Поттера, если бы автор немного больше внимательно отнеслась к истории и вложила несколько деталей в сюжетную линию. Теперь не воспринимайте это как стук на книгу потому что честно говоря, мне действительно понравилась эта история. Прочитайте ее за 3 дня. Было здорово."
"NEGATIVE","Я всегда любил книги Катрин Колтер, но эта была просто скучной без волнения предыдущих книг ничего там нет ни тонкой сюжеты, никаких подправ."
"NEUTRAL","Скуновер сделал потрясающую работу по формированию художественной литературы с историей, не переступая границ. Я настоятельно рекомендую ее любителям Франции 15-го века. Хорошее чтение на протяжении всего пути!"
"NEUTRAL","Моника Диккенс описывает жизнь генерального повара в Англии 1930-х годов. Высокие классники, которых она встречает, прекрасно описаны. Она встретила ленивого холостяка, загадочного владельца огромного сельского поместья и доброй семьи, ее последних сотрудников. Эта книга не длинна и привлекательна для читателей. Единственное, что мне не понравилось, это то, что единственная личная отражение книги осталась до конца."
"POSITIVE","Я заказала книги для моего мужа, чтобы закончить серию и он очень доволен всеми книгами. Спасибо вам большое."
"NEUTRAL","Гордость и предрассудки Джейн ОстинГордость, предрассудок Джейн Астин был впервые опубликован в 1813 году Т. Эгертоном, Уайтхоллом, и является классической историей любви, ненависти и груди. Его реалистичный жанр фантастики делает эту 360-страничную историю способной относиться к сегодняшним дням. Вы можете представить некоторые из эмоций во всем мире и хотя нет иллюстраций, вы можете использовать свой собственный ум для представления истории."
"POSITIVE","Я был серьезно лишен в подростковом возрасте. Я даже не слышал о классическом романе Бетти Смита ""Древо растет в Бруклине"", а уж тем более не читал его. И я был страстным читателем, который жил относительно близко к Бруклину. Какой бы ни была причина этого значительного упущения в моем раннем литературном развитии, я исправила ситуацию недавно (да, мне потребовалось некоторое время)."
"NEUTRAL","Эта книга была последней в серии книг Нэнси Дрю. Она застряла у меня в голове, не потому что это была последняя книга, которую я прочитал, но потому что мне очень понравился этот сюжет. Нэнзи искала черные ключи для разблокирования сказочного сокровища. Я не собираюсь отдавать многого, потому что я не хочу отдать книгу. Счастливое чтение! :D"
"NEGATIVE","Эта книга настолько устарела, что жалка. Сохраните свои деньги и покупайте что-то другое. Согласно этой книге выбор - естественный или полностью отравиться наркотиками. Дайте мне перерыв. Я готовлюсь к своему второму рождению через пару месяцев. Первый раз у меня была эпидуральная операция, но ни в коем случае не был отравленным наркотиком. Я была бдительна и осознана все время. Также муж в станице для родов больше никак не радикальный."
"POSITIVE","Эта книга была очень захватывающей, хотя я уже видела фильм, который на самом деле очень похож на книгу, которая мне понравилась так же, как и первая. Но что мне больше нравится в книгах - это то, что вы понимаете больше деталей, чем кино."
"NEUTRAL","Я люблю читать и изучать о всех видах йоги. Эта книга легко следовать и понимать. Она также информативна. Спасибо."
"POSITIVE","Я не могу вспомнить другую книгу, которая оказала такое глубокое влияние на мою жизнь, религиозные убеждения и понимание загробной жизни."
"POSITIVE","Если вы мать, то можете понять эту книгу. Я читала и говорила: ""Я думала, что я единственная, кто так себя чувствует"". Автор умеет поместить вас в комнату с персонажами. Наслаждайтесь!"
"POSITIVE","Это действительно отличная книга. Даже друзья, которые не являются ""кошачьими людьми"", не могут оставить эту книгу. Что может быть смешнее, чем существо, которое по-прежнему ведет себя как лучше и более сложное, чем любое другое существо на земле, запечатленное выглядящим глупой? Я настоятельно рекомендую эту книгу всем. Делайте то же самое, что я сделал, покупайте несколько экземпляров для подарок каждому знакомую. Купите себе два экземпляра, держите один в руке только в случае, если кто-то решит уйти с вашим копием."
"NEUTRAL","Это была большая загадка. Кинси просят найти пожилую мать нейротического клиента. Кінзи также узнает, что ее охотят на меня как психоаналитическую убийцу. Она встречает нового парня Дица, частного детектива, который был попрошен играть телохранителя. Они прекрасно работают вместе: она делает то, что хочет и он выходит из строя. Он не лучший телохраненный в мире потому что я мог понять, как он продолжал следовать за Кинзи. Есть немного слишком много заполнения, но мне понравился способ разворачивания истории матери."
"NEGATIVE","Рэнд... создал одну из самых ужасающих упрощенных и неадекватных философий. И это (изумление, сюрприз) очень популярно....Этот роман слишком длинный в крайнем смысле, полный одномерной информации, и ужасно написан. Чисто плохо с капиталом Б. BAD. Объективизм (я даже почитаю видение Рэнда своим собственным названием) - самая чистая форма склонности к существованию, великий грех экзистенциализма, создавая себя уникальным и жизненно важным для мира."
"NEUTRAL","Почему бы не выбрать бетуильно иллюстрированную (и бесплатную) версию этого праздничного классика? Это удивительно, как преданные фильмы и пьесы оригинальной истории Диккенса, неверны и все."
"NEGATIVE","Я должен был попросить о возврате денег на эту книгу, потому что она была неправильно сформирована и шрифт слишком маленький и не позволил мне увеличить ее. Жаль, потому как многие мои друзья ACIM рекомендовали его... но придется подождать до тех пор пока автор сделает коррекции и изменения в формате. я очень благодарен Amazon за возврат средств."
"POSITIVE","Грант Грэнн был одним из лучших джазовых гитаристов 1960-х годов, универсальным игроком, обученным в бебопе. Он стал очень востребован для хард-бопа, соул-джаза и фанк; он записал десятки свиданий на лейбле Blue Note в 60-е годы как лидера, так и плодотворного сидемена. После того, как к концу десятилетия в значительной степени перешел на р&amp;б/фанк, его зрение стало заметно. Героиня ослабила его здоровье, и Грин скончался от сердечного приступа в 1978 году, когда ему было 43."
"NEGATIVE","Я чувствую себя ужасно, как будто я сплю каждый раз. Думаю, это было моей историей. Маби, когда я старше, но не сейчас. Мне всего 14 лет и будучи девушкой, мне не нравится эта тема."
"POSITIVE","Ники рассказывает нам, как он был потерян и как пытался преодолеть свой страх и одиночество с помощью насилия и т.д. Но его страхи только ухудшились и он даже не мог спать.Приезд к Христу не закончил все борьбы. но Бог взял страх и самотность и дал Никою мир для сна и новую неизвестную силу.... а затем пришел Святой Дух. Эта книга является близким руководство по поводу обращения утраченной души в худшем случае последователя Христа, полностью свободен от доктрин, просто личный опыт."
"NEUTRAL","Части этой книги становятся немного скучными, особенно конец. Она должна была закончиться на несколько страниц раньше, но она продолжает с скучным, несекунным разговором. Остальная часть книги просто нормальна, ничего особого."
"POSITIVE","Я любитель фильмов ""Гарри Поттера"", но я впервые читаю книги и должен сказать, что люблю их! Это не разочаровало меня и помогло мне лучше понять фильм:)"
"NEGATIVE","Эта книга слишком далеко уходит от реалистичной детской фантастики. Хотя она хорошо написана, но очень подавляет. Она дает читателю интересный внутренний взгляд на жизнь в пылевой чашечке, а рассказчик - очень интересный и приятный персонаж, однако ее жизнь переходит от печальной к трагической до ОЧЕНЬ печальной до СТРЕБНО депрессивной до НАСТОЛЯВНЫХ ПРАЗИМНОСТОВАННОГО ДОРЖДУЩЕСКИХ - и только совсем близко к концу есть несколько положительный конец."
"NEGATIVE","Сценаж был прекрасно описан, и ""домой"" средства казались хорошо исследованы, я дам Фрейзер это, и поэтому дал ему две звезды вместо одной. Может быть, он должен написать тексты по ботанике или изучение народной медицины. Все, кроме романов. Я не могу представить себе, почему это ничего выиграло. По условиям сюжета, я чувствовал, что я прогуливаюсь каждую милю с солдатом и хотел бы, чтобы он просто упал в канаву уже. Это тянулось дальше, миль за милем болезненной."
"NEGATIVE","Хотя я, кажется, в меньшинстве здесь, я не был большим поклонником высокопоставленного дистопического культового классика ""Брайв Новый Мир"". Я просто не понял... ну, я ""уловил"" его, но не понимаю о чем все этот ажиотаж. В Брайв НОВОМ Мире люди нового ""цивилизованного"" мира считают себя счастливыми потому что они хотят ничего."
"NEGATIVE","Некоторые авторы пытаются расширить свои истории за пределы своей основной компетенции и получают успех. Майкл Крайтон, например, Большой тройник ограбления / ест мертвых были некоторые из его не-техно-триллеров. Кто-то приходит с плохим продуктом во время делая это, например: Форсайт пишет Призрак Манхэттена!Лондонские мосты можно классифицировать вторую . Джеймс Паттерсон использовал быстрыми темпами психо триллер: Поцелуй девочек, Джек и Джилл, и т.д."
"POSITIVE","Я видел Ребекку пару месяцев назад в нашем местном телешоу AM Buffalo, где она рекламировала свою книгу вкусным курицей и забавными шутками с хозяином. Я поднял ее книгу и сразу же полюбил! Хорошо, не к ней, но определенно к её письму. В ней так много отличных, но простых рецептов, но еще лучше это веселый легкий чтение со множеством анекдотов и наблюдений о жизни, замаскированный как то, что она называет Crock Talks. Это напоминает мне некоторые старые книги моей мамы Эрмы Бомбек."
"NEUTRAL","Я заказал эту книгу, задаваясь вопросом, может ли действительно быть книга, которая бы исполнила обещание о равной ценности как для начинающих и средних студентов. Но работая над ней, оказалось именно так: каждый басист, будь то только начинающий или более продвинутый, будет получать удовольствие от прохождения упражнений. И переходя через нее можно получить или оживить полезные знания. Маленький драгоценный камень, высоко рекомендуемый."
"NEUTRAL","После обещания первых нескольких глав я обнаружил, что Хоратия - раздражающий идиот и не мог понять, почему лорд Реул был влюблен в нее."
"NEGATIVE","В отличие от 5-звездочных рецензентов, я честно прочитал и изучил эту книгу. Результаты исследования?Все ""Ветераны SWIFT BOAT FOR TRUTH"" жертвовали деньгами кампании Буша до того как Кэрри когда-либо вошел в картинку!!!Больше похоже на ""РЕПУБЛИКАНЫ Свифт БОТФИ для правды""! Я дал ему два потому что уважаю то, что они, как солдаты, отправились во Вьетнам, убили людей без причины, а против кого-то... эх... говорящего... ты не должен... убивать людей......."
"NEGATIVE","Я закончил книгу. (...) Эта книга была трудно прошла, прежде всего потому что по крайней мере 100 страниц посвящены жалобе на то, что не так с SEALS. Какая плохая техника у них есть, политические решения в военных ассигнованиях, отсутствие опыта боевых действий командующих, синдром ""покачки билетов"" вооруженных сил. Ни одна из этих жалоб не является новой и ни одна из них не исключает SEALs. Если вы были в армии вообще Вы видели все это раньше."
"POSITIVE","В настоящее время подростки предпочитают смотреть телевизор или играть в видеоигры, а не читать.Но книга Дж.Д.Салингера приведет их внутрь своего мира и поможет им понять, что они не одиноки.Они наверняка будут наслаждаться чтением."
"NEUTRAL","Это отличный словарь, если вы хотите найти английское слово и найти правильный способ использования слова суахили, как говорилось в предыдущем обзоре. Но это не так, как у всех других словари языка, которые я имел, где половина английского - суаҳили, а другая половина суаһили-английский....это только англоезический на суахили , что может быть очень разочаровывающим, когда вы сталкиваетесь со словом суахийльским, которого вы не знаете."
"POSITIVE","Это отличная книга. Она читается лучше, чем роман, но это нефантастика; я не мог ее оставить. ""Умные"" вытаскивают все мошенничества в книге - похищение, азартные игры, ограбление, торговля безвозмездной сигаретой - и платит за то, что они сделали это. Они либо платят штрафы или отбывают короткие сроки презрения за свои преступления, если их поймут. В заключении им обращаются как с богами, а затем начинают получать новые ""показы"", даже на бане. Невероятно, но рассказывалось первым рукой."
"NEUTRAL","Хоттон пытался произвести всеобъемлющее исследование на тему дохристианской религии в Британских островах, и хотя он значительно пропустил эту отметку, книга является по-своему важным вкладом в область. Предвзятость автора как к школам мысли, так и к академическим дисциплинам глубоко ранит это дело, но сокровища остаются внутри нее тем не менее."
"NEUTRAL","В Австралии люди в рационе питания имеют тенденцию содержать более высокий уровень жира и мясных продуктов. Это привело к тому, что люди становятся перевесывающими и страдают от сердечных и артериальных заболеваний. В результате люди пытаются уменьшить уровни жиров в пище, которую они едят, и включить больше овощей в свой рацион. Азиатская кухня хороша для этой цели, поскольку использует меньшее количество высоко ароматизированных мясовых блюд вместо больших плит мяса, таких как стейки."
"NEGATIVE","Эта книга была либо пятизвездочной книгой, или одной звезды в зависимости от вашей точки зрения. Я имею в виду, она была смешно плохая в некоторых местах и вся история была абсолютно нелепой... гигантские летающие манта-промянты? ""Наука"" граничила с нелепостью в лучшем случае. Раньше был Amazon обзор размещенный ""C. Gull"", который больше не публикуется, что на самом деле заставило меня купить эту книгу в первую очередь."
"NEGATIVE","Я ненавидел эту книгу. Мне казалось, что реальная история никогда не полностью соответствовала ее признанно интересной предпосылке. Характер Патти Берген казался слабым и слабо развитым, и я никогда не понимал необъяснимой ненависти всего мира, кроме Антона и Рут, к этой девушке. Вся сюжет ""история любви"" была смешно нереалистичной, в основном из-за разницы возраста. Самое разочаровывающее в этой книге то, что она могла быть намного лучше."
"NEGATIVE","Сегодня, в 1999 году, трудно поверить, что когда-либо было никаких причин беспокоиться о том, что Клинтон будет обращать внимание на слова ""целевой торговый интервенция"" или ""протекционизм"", которые шептали ему в ухо ""поп-интернационалисты"". Тем не менее, Кругман прав, отметив, что риторика Клинтона во время его администрации стремилась снизить сложность международной торговой динамики до слабо определенного понятия национальной конкурентоспособности."
"POSITIVE","Я купил несколько книг, и заказ не дошел до меня после моего недавнего переезда. я позвонил Amazon и заказа был заменен без сборов для меня и мне в течение всего нескольких дней. я определенно закажу снова. спасибо"
"POSITIVE","Я очень выборчивый читатель.Что действительно делает эти романы (в этой книге есть два, плюс некоторые рассказы) отличными - главный герой Джем - она настоящий антигерой, сложная, несовершенная, могущественная, всегда пытается сделать достойное дело, но часто приносит разрушение всему, что касается ее. Мир, созданный в этих историях живой, сложный и разнообразный. Город Тай-Тастигон в первой книге почти характер сам по себе."
"NEUTRAL","Я начал вести дневник о своем питании, когда в 2003 году я начал программу ""Весные наблюдатели"" (Weight Watchers points program). Осенью WW перешел на другой стиль журнала, который никогда не работал для меня. Этот дневный день - хорошая замена для меня . Я использую раздел &quot;щепцы&quot; для записи воды, фруктов и овощей. Я записываю грамма белка в левом крае с простой цифрой, а затем суммирую их в конце дня. Я помещаю замечания упражнений в разделе комментариев."
"NEGATIVE","Джонатан Э. Бонд и Жак Кок могут писать. Жаль, что они не сделали этого здесь. Хорошие вещи: роман был прост в чтении, сюжет развивался гладко и у них есть талант к описанию и ожиданию. Критика:К сожалению, сюжеты никуда не пошли, персонажи были бессимпатичны и постоянно меняющиеся перспективы ничего для меня не делали. Кто был героем / героиней? Какая была их миссия? В смешанном меше многогранного повествования было так мало ясного."
"NEUTRAL","После прочтения серии Муирвуд, я продолжил с Ландмур, как некоторые сказали, у нас есть Эльфы и карлики или то, что кажется им называют чем-то другим со отдельной историей, так бывает. Мне кажется, что мистер Уилер дает нам немного Религии, SciFi и Фантазии и мне нравится! История была интересна, хотя главный герой был немного ""слаб"" по моему мнению, но я думаю, это история ""появления возраста"". История и сюжет были интересными, а сам написание, отличное! г-н Уилл Стерлингс, который выступает в качестве героя для фильма, рассказывает о том, как он стал частью истории."
"POSITIVE","Шотландский Адам Смит, безусловно, самый важный экономист всех времен и основатель современной экономической мысли. Его основной работой является ""Богатство народов"", где он вводит широкую публику своего времени - книга была опубликована в 1776 году - новые концепции и идеи как ""конкурсное преимущество"", ""разделение труда"", ""сила невидимой руки"" и многие другие все еще мощные сегодня, даже объясняя произошедшие изменения."
"NEUTRAL","Я не поклонник научной фантастики. Я также не фанат вещей, которые очень популярны у многих и много людей. Но я постоянно слышал упоминание о ""Властеле колец"" Дж.Р.Р Tolkien и читал только одну книгу художественной литературы с января 2011 года, поэтому решил прочитать этот роман. История довольно хороша. Невпечатляющему и неквалифицированному человеку поручено сложное задание в новой и оригинальной обстановке. Сюжет Средней Земли интересен и уникален."
"POSITIVE","Терри Гудкинд так хорошо пишет, что вы чувствуете себя за персонажей. Мои любимые герои (за исключением главных, т.е. Ричард, Кахлан, Зед) - Грач (книга 2) и Мордитхит. Мордитши заставляют меня смеяться над их издевательствами о Ричарде и открытием жизни. Это также заставило меня плакать, когда Рейна кормила черепашек до того, как она сделала свой последний вздох. Очень трогательно. Хорошо написан для выражения всех различных типов эмоций. Люблю серию"
"NEGATIVE","Я был вынужден прочитать Тесс для летнего чтения. Возможно, я никогда не был так рад закончить книгу, не из радости от хорошего опыта чтений, но потому что роман был такой пытками проникнуть через все его мелодрамы, сенсационные элементы, неприятные персонажи и пустые дыры в сюжете, особенно к концу. Тесс - слабый человек, который действует нелогично, колеблется и обеспечивает полный отвращение читателя до конца."
"NEGATIVE","...или, может быть, слишком много. Начиная с первой книги ""В смерти""... некоторое время назад мы знаем Еву как полицейского из бакалавра, это ее работа, больше чем её работа, ее волосы - беспорядок... теперь что мы знаем... повторяя точку зрения в-о-р-и-н-г. друзья Эвы прекрасно знают и слышат о истории... Ладно, ее отношения у/у... солидны. так что.. если не требуется какая-нибудь фраза / страница... перейдем дальше."
"NEGATIVE","Название Тома Кланси разбросано по обложке шестой книги серии Net Force. Если его единственная мотивация состоит в том, чтобы позволить издателю использовать свое имя для получения денег, я надеюсь, что он получает очень мало. Эта книга, одним словом, ужасна. Спекулятивные, научные и техно-триллерские фантастики являются одними из моих любимых книг; эта книга не убеждает ни на одной стороне."
"NEUTRAL","Эта книга представляет собой то, что я думаю является идеальным примером ""мягкой научно-фантастической фантастики""...что означает, что книга фокусируется больше на социальных вопросах человека, чем на фактических элементах технической научной фантастики, которые составляют мир, в котором происходит история."
"POSITIVE","Когда мы с мужем впервые получили эту книгу, мы подумали, что она немного пугает. Я проверила 4 книги Джека и Бушнянки из библиотеки. Это единственная книга, которую хотела моя дочь. Ей понравилась история, но главным образом фотографии. Она любила искать Джека на детальных фотографиях. Когда нам пришлось вернуть ее в библиотеку, мы решили купить её! В зависимости от ребенка пересказанная Альберт Лоренцская книга отличная."
"NEUTRAL","Эта книга - это приятное чтение. Как и хорошая загадка, я был озадачен ответами по мере их представления в повествовании и порой задавался вопросом &quot;то что?&quot; Но это только сделало удовлетворение намного более приятным, когда смысл подсказок были раскрыты на конце и медальоны рассказывают свою историю после тысячелетий."
"NEGATIVE","Я прочитал эту книгу по просьбе подруги. Она сказала, что она замечательна и как не могла ее оставить. И я тоже не смогла её оставить, но это потому, что хотела закончить ее так быстро, как только смогу, чтобы завершить пытки. Я нашла вымышленную часть повсюду, но в ней 672 страниц единственная историческая часть, которую я смог найти, были имена людей и мест."
"NEGATIVE","Это не книга Мобиуса, это кусок дерьма. Писатели заслуживают смерти. Достаточно сказано."
"NEGATIVE","После ""Нет детей здесь"" я был неотложен на то, чтобы подготовить все и всё, что Котловиц писал. Эта книга была большим разочарованием. Ясно, автору не хватало страсти к этой истории, которую он имел в своей предыдущей книге. Я не уверен, что эта тема держится как точный микрокосмос для расовых отношений в Средней Америке, так как она пытается сделать это трудно понять, почему этот текст будет важным текстом для тех, кто не жил в юго-западном Мичиган. Тем не менее, он хорошо написан."
"POSITIVE","В соответствии с другими книгами в серии книг ""Девушки-друзья"" (""Girlfriends"") Teen Girlfriends сосредоточивается на дружбе, как это происходит сегодня у девочек-подростков. Дружба подростка имеет свои взлеты и падения, а эта книга уверяет девушек, что то, через что они проходят вместе со своими друзьями, нормально."
"POSITIVE","Эта книга оставила меня без дыхания. Саймон объединился с ДомДэниелом и похитил Дженну, оставляя Нико, Септимуса и его зеленый камень не выбирать другого пути, кроме как следовать за ним. На протяжении всей книги, Зеленый камни Септимус Хейп имеет много вещей, которые происходят с ним, и в конце концов он вылупляется в дракона. Также есть темный незнакомца преследует Дженны. Она не знает, кто он, но он знает, что она... Это было удивительно, великолепное продолжение для Магика! Читайте это, любите это!"
"POSITIVE","Я очень люблю британского актера Колина Фирта, особенно после того как я посмотрел его фильм ""Гордость и предрассудки"" на BBC (или может быть это было наоборот). В любом случае мне понравился этот фильм. Я смотрел его так много раз, что хотел прочитать книгу. Я купил бумажный экземпляр, но никогда не брал времени для чтения этого фильма, просто продолжал смотреть тот фильм. Kindle имел бесплатную версию, я сказал, что чертовски и загрузил ее. Зная историю уже, я погрузился в книгу."
"NEUTRAL","Книга ""Один волшебник"" - это еще одна книга молодых колдунов, которая поддерживает высокий уровень, установленный первыми несколькими в серии. Хотя она не совсем такая темная, как предыдущая, где (и если вы не читали Дилемму Волшебного человека, а бросаете читать этот обзор, если вы хотите, чтобы конец не испортился) мать Ниты умирает, ""Одинокий волшебень"" сохраняет уровень торжественности, соответствующий тому, что произошло незадолго до этого. Название может относиться к любому из трех основных персонажей."
"NEUTRAL","Не так хорошо, как первая но все равно 4 звезды. Это стало немного скучным и было плохо в конце, но всё же обязательная книга для любителей книг фантастики там."
"POSITIVE","Я купил Ultimate Spider-Man в своей местной библиотеке (которая, как бы то ни было, достаточно любезна для того, чтобы иметь все объемы TPB на данный момент доступны). Хотя я довольно ревностный поклонник Marvel, я не знал, что это за предположение книги. Не нужно говорить, что я был удивлен."
"NEGATIVE","И вот, что мы знаем о Олимпийских играх - это интересный момент. 150 страниц, посвященных анализу олимпийского бюджета не очень интересны и нет ничего особенного в том, чтобы постоянно называть международных руководителей."
"POSITIVE","Я только что купил свой второй экземпляр этого ходячего CD в подарок. я иду 5-6 дней в неделю и никогда не скучаю с этой музыкой. ритм музыки на фоне помогает мне держать устойчивый темп, по холмам или на уровне."
"POSITIVE","Я не был экспертом в области веб-дизайна, поэтому купил эту книгу с надеждой получить советы и трюки о том, как сделать свою графику и текст хорошим на сайте. Я прочитал обложку книги для покрытия и извлекал чрезвычайно ценную информацию из каждой главы. От безопасного цвета браузера до эффектов с графикой эта книга рассказывает все в прямом, юмористическом стиле, который довольно легко читать. С момента покупки этой книги я приобрел все другие книги Линды. Спасибо Линде за ваш замечательный прозрение!"
"POSITIVE","Я еще не закончил, но начало этой книги затрудняет ее сдачу."
"POSITIVE","Я прочитал книгу дважды с тех пор, как впервые ее взял. Этот человек окончил школу жестоких ударов. Вы должны понять, что Ричард Куклинский выжил в детстве в насильственном доме со дня рождения. То, что он пережил и видел во время своего детства - это тяжелая таблетка для проглатывания. Филип Карло сделал нечто необычное, увидев за пределами этого хладнокровного убийцы и отрезая на Ледяного человека до провода. Отличное чтение. Рекомендуется очень сильно."
"NEGATIVE","Я все еще ищу высококачественную иллюстрированную версию ""Великих ожиданий"". Однако я могу гарантировать, что продавец предложил низкую цену и быстро отправил ее."
"POSITIVE","Это, пожалуй, лучшая книга, которую я когда-либо читала. В основном это книга против того, чтобы правительство стало слишком бдительным над своим народом. Речь идет о том, как функционирует общество в государстве без демократии, где есть тоталитарное правительство, которое не признается и где ""Большой брат"" всегда наблюдает за вами, где вы глубоко темные. Большинство личных страхов известны всем и используются против вас. Прежде всего эта книга рассказывает о злах коммунизма, рисуя символизм."
"NEGATIVE","Дебютная сценарию Иана Рэнкин ""Джон Ребус"" имеет несколько сходств со сериалом Чарли Ресник Джона Харви, усталый, несовершенный, разведенный, герой полицейского среднего уровня, неприятный сюжет (серийный убийца маленьких девочек), разворачивается в темном британском городе (Эдинбург). Однако книга Ранкина не соответствует характеристике, правдоподобности или даже сюжету ни одной из книг Гарвина. Поэтому я обращу свое внимание на то, чтобы закончить книги Харви перед тем, как дать Ренкин второй шанс."
"NEGATIVE","Джон Штайнбек, автор этой книги ""О мышах и человеке"", писал о забытых людях, таких как одинокие трудящиеся-мигранты.Ленни и Джордж - два трудящихся-миграторов с разными личностями. Ленни - огромный человек с ироническим умом, он все время случайно впадает в беду, Джордж - маленький человек, но имеет быстрый ум. Эти двое оставили Уэйда в Соледад, где они пытались реализовать свою мечту, которая заключается в том, чтобы получить собственную землю и иметь хорошую жизнь, а не тратить свои деньги на кошек дом."
"NEGATIVE","Я нашел в этом книге один аспект, который мне действительно раздражал и отпустил мой опыт чтения.Я искал его почти так же часто, как блескал глазами. Джеймс, поздравляю вас с отличным словарным запасом *puke*"
"NEUTRAL","Книга охватывает период с 2900 до н.э. по 1990-е годы, уделяя особое внимание 1800-м годам. Стиль написания Джеймса Лавера прекрасен, описывая не только одежду, но и исторический и социальный контекст для каждого стиля одежды. Моды каждого периода иллюстрируются различными историческими доказательствами, включая статуты, известные произведения искусства, модные рисунки, дневники, карикатуры и фотографии."
"POSITIVE","Я люблю научную фантастику старшего возраста (50-х/60-х) - без клеветы, хорошее развитие персонажа, довольно предсказуемое, но с интересными идеями и способами взгляда на человеческую жизнь. Это сказал я, забрав ""Огольное солнце"" в книжном магазине не зная, что это часть серии."
"POSITIVE","Хотя в книге написано несколько ""старомодных"" и порой немного повторяющихся, эта книга дает много подсказок о молитве и христианской жизни вообще. Я считаю ее библейски полезной и правильной. Мы наслаждались использованием этой книги в группе изучения Библии."
"NEGATIVE","Я должен признать, что я еще не закончил книгу. Я на странице 59 и думаю, что больше не хочу читать. Эта книга так скучна и бесинтересна. Автор пишет как я в шестом классе и дает слишком много деталей о глупых, здравом смысле вещей. EX:&quot;С только прискорбием чувства вины Линда подняла приемник и застрянула его в шкафчик. Он произносит тревожные шумы несколько секунд, затем становится безмолвным. Кто-либо звонит получал бы занятый сигнал!&quot;. DUH!"
"NEGATIVE","После прочтения всех рассказов Дирка Питта, этот делает историю предсказуемой. В отличие от таких сказок как циклопы, я смог предвидеть, что произойдет дальше без необходимости взглянуть на последние страницы. Я не уверен, является ли это потому, что я читал все романы Ксслера и могу поймать его ритм. Дирк становится всё более непобедимым, что делает его больше фантастической повестью, чем выдумкой."
"NEUTRAL","Что побудило меня прочитать эту книгу, это то, что я видел фильм с тем же названием, части первой и второй... фильмы были очень забавными и заставили меня почитать книгу для получения подробности о истории. Фильмы держали меня на краю своего места, так же как эта книга."
"NEGATIVE","Теодор Дрейзер считается ведущим американским практикующим натурализм, который состоит в том, чтобы писать о сексе и насилии в низших классах для того, чтобы раскрыть то, что я собираюсь были предполагаться раздирающие истины об мрачных аспектах современной промышленной городской жизни. Для этой цели сестра Керри рассказывает историю красивой маленькой девочки из города, которая использует свои женские уловки, чтобы спать путь от фабрик и салонов Чикаго к Нью-Йоркской сцене."
"POSITIVE","Так что такое особенное в том, чтобы отправиться к центру Земли. Это забавно и возможно!'Путешествие в центр земли', это повествование Аксела, который отправляется на путешествие по центру Земле со своим дядей, известным минералогом. Они начинают свое путешествия с горы в Исландии и заканчиваются.....Хотя эта идея невозможна(?) но автор дал такие доказательства, что читая книгу, вы фактически начинаете думать, что может быть, это возможно."
"POSITIVE","Это первая книга Дональда Гойна, которую я прочитал и прочел за шесть часов! Я имею в виду, что не мог оставить книгу. Я чувствую, что эта книга говорит правду о городском сообществе и люди могут рассказать или увидеть вещи, как объясняется в книге. Эта книга дает вам хорошие визуальные детали и прямо к теме! Если вы ищете хороший чтение это определенно тот самый."
"POSITIVE","Я всегда был поклонником Толкина, поэтому ""Хоббит"" для меня на вкус. Мне понравилась трилогия, так что я люблю эту книгу и то, как она завершает великое эпосое действие. Рекомендую это всем фанатам Толкиna, а также не-фанам, которые любят приключенческие истории!"
"NEUTRAL","Вторая книга также показывает юмор и воображение, но Роулинг заслуживает того, чтобы ее издатель нанял редактора для исправления таких вещей, как пунктуация диалога. Нельзя уснять целый предложение. Можно произносить целый приговор и затем уснуть. Кроме того, что если выпускник уволит человека, ответственного за обдумывание первого названия для американской аудитории? &quot;Философский камень&quot; имеет конкретный смысл, который не присутствует в пересмотренном названии."
"NEGATIVE","Эта книга и шоу КБ (Workshop Katie Brown) просто так странно! Я не понимаю, как она могла не только стать ""дизайнером"", но также попасть в телевидение со своим собственным шоу. Что? Мне нужно признаться, что каждый раз, когда ее шоу выходит на ПБС, я смотрю его лишь для того, чтобы увидеть её странные, непрофессиональные и довольно уродливые идеи о ремесле... такие как завязывание мужских рубашек вокруг ваз и связывание их с лентой!?"
"POSITIVE","Я читала эту книгу много лет назад, и это действительно подарок для всех, кто нуждается в помощи с самооценкой и самообвинением. Доктор очень хорошо знает об этом вопросе. Я прочитал большинство его книг. Но эта книга была наиболее полезной, когда я потерял свою маму в раннем возрасте, и винил себя за нее. Я был на колледже, но ненавидел себя за выживание. Пожалуйста, читайте или рекомендуйте эту книгу всем, кто страдает от депрессии или самоувреждения. Она проницательна и сочувственная к эмоциям людей."
"NEUTRAL","Мои дети (6,8 &amp;10) очень понравились истории и особенно иллюстрациям. Каждый из них понял основное послание ""лучше давать"". Это рисунок - критиковать его за то, что он не роман или потому, что у него нет аспектов романа кажется мне абсурдной."
"POSITIVE","Я читал эту книгу, и я написала в блоге о том, как она прошла. Руссо - самый раздражающий рассказчик, который я прочитала после ""Поиски потерянного времени""."
"POSITIVE","Удивительная учебная книга о первом полете! прекрасные иллюстрации! отличный учебный ресурс."
"NEUTRAL","Фрей утверждает, что движение черного освобождения оказало большое влияние на то, как революция прошла в Юге и что хотя движение не удалось во время Революции, оно успешно продолжалось в послевоенный период как борьба за культурную власть. Юг представлял лучшую возможность для успеха британцев из-за большой лоялистической численности населения."
"NEGATIVE","""Великие ожидания"" - это посредственная книга. Я не была впечатлена. Мне пришлось прочитать эту книгу на уроке английского языка девятого класса. Она была слишком длинной и скучной. Я вижу, что Диккенс пытался пойти с расстройством, но она просто сделала книгу монотонной и утомительной. Невероятные совпадения просто казались нереальными. Окей использовать случайность как инструмент расстройства, но это было просто переубийство. Каждая глава была скучная. Я устал довольно быстро от желания ему быть с Эстеллами для всей книги."
"NEGATIVE","Эта книга абсолютно бесполезна для студентов колледжа. Она НЕ объясняет проблемы подробно и вам придется потратить много часов на понимание того, что они пытаются сделать. Абсолютно ПРАТНАЯ книга. Я не рекомендую это никому"
"POSITIVE","Это один из моих самых любимых впечатляющих канонов Маттиессена, легко занимающий место с Дальней черепахой и Снежным леопардом. Действительно, я думаю, что некоторые отрывки в Дереве, где родился человек могут превзойти потрясающие описания Гималаев в последней книге. Глаз Матьисена на пейзажи не имеет аналогов, а его лирические эвокации зверя и горизонта имеют чужеземное качество."
"POSITIVE","Я прочитал эту книгу почти два года назад и основал класс для взрослых в воскресенской школе на практических уроках, содержащихся в каждой главе. Один из самых популярных занятий в нашей церкви. Читатель понимает, как человек, который так тяжко грешил, время от времени может быть упомянут Богом как ""человек по моему собственному сердцу""."
"NEGATIVE","Как сестра-защитник автора, и после прочтения других отзывов я чувствую, что должен иметь свое мнение о этой книге. С того момента как книга пришла по почте со стороны Стюарта, я начал ее читать. Почти с первой страницы я обнаружил так много несоответствий и полуправд, что мне было трудно дать книге преимущество сомнения. Я чувствую себя лучше других читателей, потому что был там, когда все это происходило."
"POSITIVE","Я просто люблю свою книгу по кулинарной книге Американской ассоциации сердца! Поскольку у меня сейчас коронарное заболевание артерии, мне нужны ""сердечно-здоровые"" квитанции и в этой большой книге очень много вкусных. Это определенно забавная книга для чтения и использования! Люби ее!"
"NEGATIVE","С. 245-46 от ""У Линкольна были рабы?"" и другие часто задаваемые вопросы об Аврааме Линкольне (Vintage Civil War Library)"
"POSITIVE","Это увлекательная, болезненная книга и большая вдохновение для писателей криминальных романов. Браво!"
"POSITIVE","Для тех, кто хочет узнать больше о своей религии очень простой способом, эта книга для вас. Фрэнк Шид в этой книге предоставляет простые и неоспоримые факты о творении и дает полезные аргументы к нашим усилиям частично понять многие тайны католической веры."
"NEGATIVE","Я был ужасно разочарован этой книгой. Я прочитал ее, потому что всю свою жизнь жил в западной ПА. Есть очень мало местных ссылок и они не являются частью истории вообще. Эта книга могла быть развернута где угодно. Она была полна депрессивных, насильственных, злых людей, которые игнорируются и манипулируют ""системой""; персонажи в этой книге очень поверхностны, и их решения предсказуемы."
"NEUTRAL","Возможно, лучше назвать ""Тактика и опыт битвы в полуостровной войне"", поскольку фокус находится на британском полуостровном опыте, предположительно из-за отсутствия источников где-то еще. Автор предоставляет хороший анализ того, почему Веллингтон одержал победу, а также дает хорошее обсуждение тактики легкой пехоты. На протяжении всей книги психологические факторы во время боя всегда подчеркиваются."
"NEGATIVE","Смит был воспринят как некий персонаж, который играл очень небольшую роль в этот период, когда на самом деле он был одной из немногих икон."
"NEGATIVE","Еще одна книга, которая должна заставить тебя плакать но единственные слезы я пролила из скуки персонажи были неловкие сюжет был хитро и выдуманный и написание было просто нормально."
"NEUTRAL","С первой страницы я была вовлечена в эту очень забавную историю молодых девушек, которые становятся взрослыми и в конечном итоге занимают свое место как известная гейша. Стиль письма мистера Голдена проходит через и привлекает внимание. Хотя это произведение выдумки и не на самом деле настоящая мемуара это все еще очень хорошо написанный роман и который я бы рекомендовал всем."
"POSITIVE","Эта книга действительно облегчила документирование для исследовательских работ."
"NEUTRAL","Я впервые читаю эту книгу, когда мне было 23 года. Мне понравилась вся история и я думаю, что она должна быть прочитана всеми молодыми (или старыми) людьми. Однако я дал ей три звезды потому, что у меня не был момент ""ВОУ!"""
"NEUTRAL","В 2003 году, путешествуя по стране на 3 месяца в одиночку, я поехал в округе Мэдисон и нашел свой путь до Розменского моста. Я не читал книгу или фильм, но знал из названия ""Мосты округа Мэдисона"" были чем-то посмотреть. Это был пыльный жаркий день без никого вокруг и я сделал несколько фотографий. Машина привезла трех женщин, которые находились на литературном турне. Они отправились из Японии, Калифорнии и Техаса, чтобы увидеть Мост Розмена."
"POSITIVE","Муж был свидетелем этого много лет назад, и мы купили книги для раздачи внукам."
"NEUTRAL","Школьная психолог Скай Денисон выстроила в очередь банк своего старшего брата Винса ""Пинк-элефант"" для того, чтобы сыграть на танце Валентина средней школы Скумбл Ривер. Во время участия в репетиции группы перед танцем, Скай начинает беспокоиться, потому что члены группы кажутся воюют между собой. Во времена танца Валлентин, пожар разрывается в гимназии, где проводится танец. После пожара под контролем, угаренное тело обнаруживается рядом с сценой."
"POSITIVE","Я хочу, чтобы вы добавили меня к уже переполненному количеству поклонников ""Одинокой голубы"". МакМюртри развивает персонажей лучше почти любого писателя, которого я читал. И его понимание постановки великолепно. Август МакКрей должен быть одним из великих героев в литературе и каким-то непостижимым образом стал для меня героем. Если ты любишь Запад и всегда хотел бы стать ковбоем некоторое время, ""Один Голуб"" будет путешествием всей твоей жизни."
"NEUTRAL","1991 Пингвин Букс переиздание 1 выпуска (1938), 862 страницы (из которых 782 страниц составляют основную часть книги). Я читаю эту книгу из-за Чарли Мунгера (партнер Уоррена Баффетта). Бенджамин Франклин - человек, которого Чарли Мюнгер восхищается и пытался подражать больше всего. Автобиография Франклина была одной из двадцати книг, рекомендованных Мангером в задней части второго издания Альманака бедного Чарли (самая полезная книга, которую я прочитал)."
"POSITIVE","Да! Я верю, что некоторые женщины глупы - но потом ...... я понимаю поиски Сары любви в неправильных местах, но продолжать???????Я понимаю ее глубокие проблемы, вызванные её матерью Поломой и ее отчим Артуром. И ее чайкание. Но теперь ей 34 года и она все еще хочет убежать? Тедж,[Тааг-у] 36 лет и ее любимый? Где же дьявол был когда он был нужен."
"NEGATIVE","Этот выпуск классики Честертона, Вечный человек, был так плохо прочитан, что он имеет неразборчивые отрывки, упущения, ошибки письма - часто несколько на одной странице. Чесстертон никогда не использовал слово ""модем"", но оно появляется снова и снова. пунктуация была уменьшена до такой степени, что периодические предложения кажутся запущенными; komma и периоды всплывают странные места. Это саботаж? Я Не могу дать это как подарок, как я планировал!"
"NEGATIVE","Христианская жесткость и нежность, а также ""буква закона должна быть соблюдена"" в лучшем случае. Отличная высказывание о логических последствиях глубоко недоверия к людям. Более конкретно: ключевое предположение Хобса, что люди в состоянии природы являются бесконтрольными зверями, противоречит не только всевозможным антропологическим доказательствам; это проекция, которую мы западные любили ставить над аборигенными народами для того, чтобы оправдать их колонизацию."
"NEGATIVE","Латц говорит с нежным авторитетом, но ее высказывания легко проникнуть для любой опытной матери. Половина того, что она представляет как удивительный взор на самом деле очевидна каждому человеку с мозгом, а большая часть того, чего она заявляет как факт, фактически нет. Ее голос - это голос кого-то, кто четыре года взрослеет ребенка и думает, что все понял."
"POSITIVE","Это обязательное чтение для всех учителей."
"NEUTRAL","Эта книга, безусловно, не достойна ""Поиски Красного Октября"" (Романы Джека Райана) и ""Кардинала Кремля"", но все же в основном она очень приятная с большим количеством действий и интриг. Но Кланси - это не экономист, а книга действительно тянет его к себе, когда он тратёт страницы на расстояние, чтобы спорить за фиксированный подоходный налог и сниженный налоговый эффект от прироста капитала."
"NEUTRAL","Я уже работал с Linux. В основном, устанавливая RedHat9 на свой Thinkpad в двойном загрузке с Windows98. Эта книга привлекла мое внимание, потому что она казалась очень ориентирована на пользователя Windows, который хочет начать изучать Linux - конкретно Ubuntu.Я использую свой компьютер для серфинга по интернету, написания электронных писем и записи документа Word. Ничего слишком наказующего на компьютере.Эти книги охватывают все темы, которые большинство людей заинтересованы в использовании Linux для."
"NEUTRAL","Это первый роман Майкла Коннелли, который я прочитал, и я приветствую автора за сюжет и способ создания истории. Хотя я понимаю, что это номер 12 в серии он очень хорошо выстоял сам по себе, автор быстро информирует вас об истории Боша и его отношениях."
"POSITIVE","Книга Реймонда Муди - обязательное чтение для всех, кто интересуется научными доказательствами, которые сопровождают этот вид исследований.Писанная с точки зрения некогда скептического человека, он быстро переходит через этапы сомнения к вере, когда подробности пациента после пациента раскрываются как бы схожие не могут быть отрицаны детали того, что происходит после нашего прохождения и это просто то, что мы не умираем!"
"POSITIVE","Я как-то привлекся к рассказам, похожим на Песочницу. И я должен сказать, что это лучший из всех. Это похоже на современную песочнику, только конец более закрыт, чем настоящая Песочка. Думаю, Люси - своего рода желательница в большинстве книг: она хочет быть крутой и хочет стать художницей. Но в конце концов она делает то, что ей действительно нужно сделать для того, чтобы быть такими вещами, потому что по большей части книги она шла не тем путем."
"NEGATIVE","Эта книга странная. Кто думает, что она лучше Гарри Поттера - это дикий человек ."
"NEGATIVE","Я думал, что эта книга будет для меня больше или читать как больше... В конце концов я сканировал некоторые отрывки из-за рассказов о людях, которые проникают в книгу. Я пришел с парой вещей, над которыми нужно подумать, но на общую тему я подумал, что слишком много ""наполнителя"" и недостаточно ""туда"". Хорошие концепции, но не достаточно для книги..... и не так сильно отличаются от того, что предлагали другие в других книгах. Просто другой взгляд."
"POSITIVE","С уважением к Джерри Сайнфелду и Ларри Дэвиду, никто не мог бы сделать лучшую историю из ничего, чем Эрнест Хемингуэй. Ни один роман его показывает больше, чем его первый ""Солнце тоже поднимается"". Мир вращается, а также спальня Джека Барнса, когда он пытается выспаться без конца пьяные вечера."
"NEGATIVE","Неудивительно, что Брэд Готч, профессиональный гомосексуалист, пишет книгу, которая делает Френка О'Хара выглядеть как нечто большее, чем другой профессиональный гей. На самом деле Гуч может быть прав. О'Готч - невероятно незначительная фигура в американской поэзии, и эти книги посвящают слишком много печати третьему классу писателю, который, вероятно, лучше всего будет забыт."
"POSITIVE","Дороти снова сделала это! Хотя мой супруг посмотрел на книгу на ночной стойке и сразу объявил, что будет спать на диване, это было полезно! Это позволило мне оставаться в постели до поздней ночи читать как вы будете смеяться громко, когда Эли таинственно встретит библиотекаря и встретится с ее смертью в городской библиотеке, а затем окажется перед &quot;Карризма&quot; - кусочком хонков из своих любимых романсов, приходящих в город."
"POSITIVE","В НУТШЕЛЛ: ЖИВО - ЧАСТО - МИССИОНЫ И MEN О Х.М.С.ХудЭто звучит как реквием для легендарного корабля, его людей и лебедяной песни эпохи непобедимости, которую они представляли."
"POSITIVE","Это удивительные вещи, которые побудили меня задать вопрос: ""Африканцы могут думать?"" Эта книга раскрывает маскировку основной экономики, которая оставляет ценности человеческого общества в руках экономической страсти.Все африканцы должны знать о этой большой хитрости, которую ведут под маской макроэкономики."
"POSITIVE","Этот заказ был доставлен вовремя и в объявленном состоянии. Я буду покупать у этого продавца в будущем."
"POSITIVE","Отличная книга с профилями людей, которые пережили Вторую мировую войну и вернулись в нашу страну для того чтобы создать продуктивную жизнь. Формат очень читаем и истории приятны несмотря на некоторые серьезные фотографии войны представлены."
"NEUTRAL","Г-жа Хупер сделала это снова. После Каролина - история о женщине (Джоанна), которая умирает в то же время, что и Каролин как в автомобильных происшествиях, но на разных сторонах Соединенных Штатов. Единственное отличие заключается в том, что Джоанна возвращается к жизни и выживает. После автокатастрофы она начинает испытывать сон, который повторяется каждую ночь. Преследуемый изображениями во сне Джоанн начинает исследовать свой сон и следует за указаниями небольшого городка у берегов океана в Орегоне."
"NEGATIVE","""Незнакомый"", написанный абсурдистским философом и (очевидно) писателем Альбертом Камусом, совершенно не похож на любую другую книгу, которую вы когда-либо прочитаете: но не путайте эту оригинальность с каким-то врожденным ценностью. Действительно, если кто-то должен извлечь значение из этого романа, это потому, что он показывает логические и психологические последствия принятия абсурдной идеологии, которая гласит, что Жизнь полностью абсурдна и бессмысленна, и то, что человек делает, совсем не имеет значения."
"NEGATIVE","Я прочитал все 8 частей Меча Истины, и я не готов читать девятую, даже если это противоречит моему принципу завершения того, что я начал. Эта книга начинается там, где осталась последняя, и поэтому Ричард становится мудрым, сильным, носящим бремя правителем, который дает резкий ответ или аналогия - полный философских / социальных вопросов, которые необходимы для всех нас знать."
"NEGATIVE","Я нашел эту книгу довольно утомительным и неэффективным. Несмотря на весь ажиотаж, который был в ней, и прочитав многочисленные отзывы, я не смог увидеть соответствие между дзеном и шоковым лечением, которое было дано главному персонажу. Я просто попал пополам книги и должен перейти к чему-то более интересному. Нуфф сказал."
"NEGATIVE","Я читал ""Путь художника"", ""Звук бумаги"", ""Право писать"", ""Вен золота"" и теперь ""Назобный образ"". Так что я знаком с Джулией Кэмерон. Странно, что я быстро прочитала эту книгу за два дня, не могу ее записать, но последние 100 страниц казались бы спешными и неустойчивыми. Это была смелая мемуара, она очевидно талантливая артистка (но разве мы все это уже знали?"
"NEGATIVE","Я очень внимательно обращался с книгой, но в короткое время связка книги развалилась. Очень разочарован качеством связывания. Я думал, что получаю долговечную книгу для своей коллекции, но не так.. она может пойти на мусор."
"NEGATIVE","Для всех остальных это был бы довольно приличный техно- и экшн триллер. От Кланси я ожидаю большего. _Rainbow Six_ неисправен, но хорошо и приятно на первом чтении, но он почти НЕ имеет никакого значения &quot;перечитан&quot; вообще, и это первый раз для этого автора (по крайней мере в серии Райана и Кларка). Вы знаете, есть две вещи, которые особенно разочаровывают меня в этой книге."
"NEUTRAL","Анита по-прежнему работает аниматором и помощником сверхъестественных полицейских сил. После полной ночи поднятия трупов, ее преследуют члены ""церковного врага вампиров или что-то в этом роде"", чтобы отказаться от места покоя хозяина города (Джан Клод), затем тело оказывается истощено тем, что кажется извращенной пачкой вампров, которая ведет её к цирку проклятых и близко к вампира Жан Клода, сексуальному вампиру, которого она предпочитает избегать."
"NEGATIVE","Ух, я все еще вызываю куски рвоты от чтения этой книги. Это было тошнота. Не потому что это было особенно ужасно или что-то такое - просто так скучно. Легко описать уже, Крейн! Не является преступлением помещать какой-нибудь диалог время от времени. Честно говоря, эта книга состоит из 98% длинных абзацев, 2% коротких диалогов. Предположительно она проклала путь для ""современного американского романа"", но слава богу мы развились со временем! Я дрожу, когда представляю современные романы, похожие на эту книгу."
"NEGATIVE","Я обычно делаю большую часть своего чтения, когда я путешествую. Это заняло меня несколькими поездками (и месяцами), чтобы закончить. Я прочитал некоторые из них, которые только начинаются медленно, но мне не понравилось Холли с первого момента и было жаль, что она будет любовным интересом. Она была полная задница и я не понимаю, как он был даже физически притянут к ней. Она ненавидела его, а затем бросилась на него в виде голых груди?! Хотела бы я читать эти отзывы прежде чем подвергнуться этой боли!!!"
"NEGATIVE","Я рада, что заказала эту книгу всего за 0,27 доллара. Я знаю, что она написана в названии ""Книга вопросов для будущих родителей"", но я не понимала, что это книга с вопросами без ответов. Это по сути книга из 500 вопросов, которые нужно обсудить со своим партнером. Я думала, что он был Q&A. Так что вам понравится эта книга, если вам нужна помощь, чтобы подумать о проблемах воспитания детей и поговорить с вашим партнером перед тем, как попробовать забеременеть."
"NEGATIVE","После прочтения некоторых последних записей мне приятно знать, что мои разочарования в этой книге разделяют и некоторые другие читатели. ""Планины перехода"" не имеют качества предыдущих книг серии, а ""приключения"" главных героев Айлы и Йондалар ярко напоминали мне о реальности морализации, которую так много исследователей совершили над коренными народами."
"POSITIVE","Эта книга выпрыгнула на меня с полки. Я сел, чтобы прочитать первые пару страниц, чтобы увидеть, понравится ли мне это и закончил читать всю книгу в одном сеансе. Мне казалось, что я переехал вместе с Джеффом, главным героем, когда он возобновил свою жизнь после похищения."
"NEGATIVE","Я был настолько разочарован этой книгой, что не буду продолжать серию. Это было одно из самых глупых и скучных взаимодействий между персонажами, которое я начал перепутывать диалог. На мой взгляд, они тянут сериал как можно дольше и дальше. Эта история могла быть прекрасно рассказана в 4 книгах - Макс!"
"NEUTRAL","Не книга о моделировании или строительстве, а отличная история ранних американских парусовых кораблей (в основном в конце 1700 и начале 1800 годов."
"POSITIVE","Если вы когда-либо хотели знать, как построить кварцевую волокновой торсионный баланс или как построил высококвальмовую камеру (и как сделать запечатывания дешево), то это книга для вас! Эта книга не только хорошо написана, но и полна очень полезной и порой (в современном мире) труднодоступной информации. Наслаждайтесь внимательно!"
"NEUTRAL","Если вы поклонник Хайнелина и не читали Странника, это обязательное чтение. Если вы еще не прочитали никакого Хайнейна, но заинтересованы в этом, я бы предложил начать с чего-то немного легкого, например Starship Troopers или даже одного из подростков Хайнеина. Странник уникален, как и Глори Роуд, так как Хайнейн никогда ничего подобного не писал. Это хорошее чтние, получается немного сложно иногда, но очень интересно. Я читал неорезанную версию."
"NEGATIVE","Это короткая история, а не полнометражный роман. Не тратьте свои деньги."
"NEUTRAL","В этом сериале очень много персонажей и в Библии есть вымышленная история."
"NEGATIVE","Я уже отменил книгу, которую заказала потому что вы не отправили мне книги до 2 сентября."
"POSITIVE","Это было здорово. Страшно забавным и очень информативным, а также. Линн Перил, очевидно, у нее есть страсть к этим вещам, и ее исследования довольно обширны. Я думал, что информация была представлена вполне управляемым и умный способ. Я только хотел бы большинство нефантастических книг, которые я читал в колледже был такой хороший, пока еще учит меня вещей. Должно быть обязательно чтение для ВСЕГО!"
"NEUTRAL","В этой книге вы ничего нового не узнаете, но это легко прочитать, когда хотите отключить свой ум."
"NEUTRAL","Это история англичанина по имени Артур Дент, и как его спас от разрушения планеты Земля его друг Форд Перфект, который фактически не из Гиллфордского края, а с небольшой планеты где-то вблизи Бетелгеуза."
"NEGATIVE","""Осторожно, чтобы моя юбка не стала тебе преткновением""... """"Не тянет ли Мег честно?"""" О да она пытается но она не любит Бетти так же, как я...""""Если вы ищете копию Маленьких женщин с множеством красочных иллюстраций не покупайте эту копию нет."
"NEUTRAL","История жизни Пэдди Дойла невероятно трагична. Книга стоит прочитать. Хотя я верю, что история правдива, но сомневаюсь в некоторых фактах. Основное - книга подразумевает, что физические проблемы Дойля являются результатом операций на нем. Однако он пишет на своем сайте, что страдает от обобщенной дистонии. Это заставило меня поставить под сомнение некоторые части книги. Тем не менее, кажется, что он делает много хороших дел для людей с ограниченными возможностями и является источником вдохновения."
"NEGATIVE","Я читал и наслаждался Эмоциональным интеллектом, поэтому я предположил, что эта книга будет ""озерцать"" не только его предыдущий успех, но также даст мне глубокий обзор последних исследований в этой области. Вместо этого я получил повторение первых нескольких предварительных предложений, перефразировано десятки способов, но все говорят одно и то же и ничего нового не добавляют. Я наконец отказалась от отвращения после второй главы, которая дает этой книге честь сопровождать только две другие книги, которые я не закончил - за всю свою жизнь."
"NEGATIVE","Вы должны прочитать книгу ""Сырь"", все молодые бизнес-маги проливают ""Чиски"" незадолго до того, как они будут гоняться за следующим большим делом. Не говоря уже о том, что мое поколение не думало, что ""Какой цвет мой парашют?"" был большой. Но мы читаем книги с определенным старым стилем и зерном соли. Мы были вынуждены глынуть бестселлеры вроде Джонатана Ливингстона Сигуля. Мы не такие люди, чтобы пойти на притчу, подобную WMMC? Тем не менее, ты не хочешь пропустить то, о чем говорят все."
"NEGATIVE","Эта книга была абсолютно отвратительной и отвратительной. Она начинается с рассказа матери, которая говорит о том, как она ненавидит его, а затем переходит к подростковым годам, когда он становится жертвой всякого рода отвращающих вещей. Если у вас есть какая-либо мораль вообще не читайте эту книгу. Я лично поклонник ""Призрака Оперы"", но эта книга не была приятным дополнением к истории. Я понимаю, что причина некоторых вещей в ней потому, что автор хочет дать нам фонарь по поводу того, почему"
"NEGATIVE","Я с болью закончил первые две книги этих преквел, они были одними из худших книг, которые я когда-либо читал. Сохраните свои деньги и найдите что-то ценное для чтения."
"POSITIVE","Кликкинг собаки отличается от любой книги из Бангкока, которую я читал и прочитал. Цветные персонажи, проницательная проза, громкие моменты смеха. Моя единственная критика заключается в том, что главный герой - журналист, а книга читается как журнал - тяжелая на повествование и легкая на диалог."
"NEGATIVE","Я прочитал это на курсе литературы. Если бы меня не требовали, я остановился бы задолго до страницы 300 чего-то. Лично мне показалось, что он слишком длинный для низкокачественной детализации и сюжета Моника Али дает нам."
"NEGATIVE","Неважно, что она делает в политической жизни или какой бы то ни было ее привычке. Евангелие Иисуса достаточно велико для ослов, слонов, орлов, голубей, ястребов, львов и ягнят. Как ковчег Ноя, Бог достаточно велик, чтобы вместить все наши сорта существ."
"NEUTRAL","Я знаю, что это классика, но я чувствовал, что она слишком сложная. Мне действительно казалось, что я изучаю джунгли (как уместно) ищу сюжет. Но история очень хороша, как только вы в нее вошли. Я сделал видео обзор здесь:[...]"
"NEGATIVE","Эта книга для вас. По сути, эта книга написана для молодой невесты, которая впервые покидает дом своих родителей. После церемонии на месте поклонения ее родители организуют прием у них дома. В этом роде свадьбы нет ничего плохого, но если вы намерены отклониться от этого плана, вы получите много больше информации из более современной книги. Оригинальная часть этой книги была написана в 1961 году и с тех пор не изменилась значительно."
"NEGATIVE","Эта книга прыгает из сцены в сцену и думала, что думаю так часто, что я не мог найти никаких чувств к персонажам. Похоже, как будто автор пытается написать глубокую, провоцирующую мысль историю, но вместо этого эта книга подавляет и невероятно скучна. Проходит вечность до того, пока даже начинает иметь смысл и к тому времени я полностью потерял интерес. Это книга о собаках, отношениях между детьми и их дядей или странной истории между мужчиной и женщиной."
"NEGATIVE","Я, вместе с многими несчастными студентами ап-дипломного курса, был вынужден прочитать эту книгу для летнего чтения. Мне казалось, что она бессмысленна, раздражает и является полной тратой времени и денег. Моя бабушка любит читать длинные, красочные книги, похожие на это. Однако она не могла терпеть этого и никто другой я знаю. Если вам нравится узнать о том, как река заставляет человека думать о теннисных мячах, то я должен рекомендовать вам эту книгу. Поэтому пожалуйста, сожгите эту книгу!"
"NEGATIVE","Эта загадка Джесси Стоун - это легкое чтение, которое отлично подходит для пляжа или самолета."
"NEGATIVE","Не могу сказать, что это была вина продавца, но я получил книгу с двумя месяцами задержки и дополнительной платой. Я не совсем доволен этой покупкой. Сэм Лондон"
"NEGATIVE","Не знаю, что это смешно, но я не смеюсь. Все персонажи мне равнодушны, все еще не поняли, в чем дело после 80 страниц, поэтому я очень пытаюсь закончить этот фильм."
"POSITIVE","Одна из лучших исторических произведений современной истории, и я нашла ее в местном магазине за 80 центов."
"NEGATIVE","Хотя я не рекомендую эту книгу как обязательную, она полезна для обзора того, чему вас научил авторитетный инструктор. Это хорошо, чтобы помочь запомнить термины и приблизительное приближение к фактическим ката. Однако на фотографиях показывается плохая позование и мало или никакого представления о том, что происходит в каждом кате. Не беспокойся с этим, если вы не изучаете Джодо. Очень жаль, что это единственная книга доступна на английском языке."
"NEUTRAL","Хорошо, мне очень нравится эта книга, содержание и флипы, но она предназначена для самых молодых читателей, однако так маленькая, что они могут держать ее в руках и забывать о том, чтобы перевернуть страницы!!"
"POSITIVE","Основной сюжет рассказа копирует эволюцию каждого человеческого общества. Падение и падение империй, за которыми следует возникновение других, зависит от тех же явлений, что и описанные здесь. Мы озадачены психоисторией, но сама идея (предсказывание будущего как погоды) является правильной. Этот роман открывает ряд вопросов и проблем, выходящих за рамки других книг жанра."
"NEGATIVE","Я с нетерпением ждал, когда прочитаю эту книгу, потому что мне очень понравилось читать ""Жизнь"" Кита Ричардса! я думал, что эта книга была очень скучной и не ценила стиль письма авторов."
"POSITIVE","Отличная книга. Каждое предложение, абзац наполнен глубиной.... (это слово?). Я уже третий раз читаю эту книгу. Она быстро прочитана, но чтобы полностью понять ее, это книга, которую можно читать снова и снова. Я буду искать другие произведения этого автора. Первоначально слышал об этой книге от Уэйна Дайера; спасибо Уэйну."
"NEUTRAL","Эта коллекция из 23 эссе о БТВС имеет преимущество, что они были написаны после финала серии, позволяя более широкий охват, чем аналогичные, ранние книги. Хотя это (в основном) серьезные, продуманные эссе, они написаны в более читаемом и доступном стиле, чем ""БТВS and Philosophy"" Джеймса Сауда, который требует доктора философии для понимания. В книге вроде ""Seven Seasons of Buffy"", у каждого будет свой любимый."
"NEGATIVE","Эта книга усугубила разочарование, которое я почувствовала при чтении последнего романа Кея Скарпетта. Если бы я хотела читать о любви, сексе, гневе, горе и последующей тревоге, я не купила бы книгу, рекламируемой как загадка. Настоящим заклинанием первых книг в этой серии была Кей Скарпетта как профессионал в увлекательной области судебно-медицинской патологии. Её персонаж был реалистично дополнен ее отношениями с Люси, Марино и Бентоном И есть настоящая тайна, которая должна быть решена."
"POSITIVE","Я Сара Фракэлтон и я младший в школе Сент-Мэри в Рэйли, Северная Каролина. Роман ""О мышах и людях"" был назначен нам около 3 недель назад. Я никогда не подхватил бы эту книгу, если бы миссис Пирсон не потребовала от нас этого сделать. Я думал, что книга трогательна и эмоционально движимая. Когда я закончил ее читать, мне казалось, что потерял друга. Штайнбек создал очень приятные и реалистичные персонажи. Я также думаю, что вырос после чтения ""О Мышах і людях""."
"NEGATIVE","Я только что получил эту книгу и кое-что очень не так. Книга содержит перевод, но...не комментарии Свами Рамы. ""Посмотрите внутрь"" показывает, что книга должна иметь по крайней мере 480 страниц, моя копия - всего 130 страниц. Конечно я верну ее в Amazon и не буду беспокоиться об этом, но с издателем что-то не так, поэтому будьте осторожны, если закажете эту книгу. Свами Рам и его читатели заслужили лучшего, чем это."
"NEGATIVE","Эта книга была очень трудно понятна. Было слишком много слов. Эти слова запутали то, что действительно происходило в книге. Единственная причина, по которой я ее читал, это потому, что мне назначили её для колледжа. Если у вас проблемы с заснувшимися, читайте эту книгу. Я гарантирую, она заставит вас уснуть."
"NEGATIVE","Я просмотрел четыре его книги, прежде всего потому что люди рекомендовали их мне. Вы думаете, я бы узнал. Джон Гришэм должен быть одним из худших популярных авторов сегодня. Почему? С чего мы начинаем? Первыми могут быть его персонажи, которые говорят так, как будто они стали лучшими продавцами адвокатов. Нет попытки создать разных людей с различными способами речи."
"NEUTRAL","Прошло более 50 лет с тех пор, как я прочитал ""Незнакомый"", и после того, как недавно много читал о Каму, я решил перечитать некоторые из его работ, которые теперь считаются классикой. Описания жизни французской колонии в довоенной Алжире представляют интересные картины образа жизни, который уже не существует. Сюжет, если можно назвать так, - это история анома человека или отчуждения от общества, ведущее к его смерти."
"POSITIVE","Я твердо верю, что никто не может соединить сражение, вторжение или заговор, который состоялся в Европейском театре точно так же как Стивен Амброз. У него есть талант понимать солдат, попасть в их головы и позволить им рассказать ему историю. Пэгасовый мост ничем не отличается. Это увлекательный отчет о том, как одна британская часть захватила самую важную цель в ранние часы перед Д-Днем."
"NEUTRAL","Автор приписывает успех своих учеников очень сильно принципам личности, которые он преподает. Это бесценные навыки, но они не создают характер, мужество или стойкость."
"POSITIVE","Я сейчас работаю на своей второй бродяжной машине, и то и другое - Brother Machines. Мне понравилась книга и видео. Отличная основная информация и подсказки того же времени и флешмоб."
"NEUTRAL","Мне понравилась эта книга, хотя я не хочу давать полный 5-звездочный рейтинг, потому что персонажам мне очень не нравилось, хотя они часто были забавными и Лем использовал их совершенно в рассказах. Я удивлен тем, что книга на самом деле переведена с польского языка. Язык настолько умный и хорошо используется, что уверен, что переводчик наверняка заслуживает почти столь же высокой оценки, как Лемон. Мой любимый - это электронная бард, которая просит написать стихотворение: &quot;Это стих о стрижке!"
"NEUTRAL","В начале 20 века англичанин по имени Барри написал книгу под названием ""Коралловый остров"". Она включала в себя некоторых детей, которые были брошены в Тихий океан. Полные британского плыву они быстро организуются и строят рабочую цивилизацию на острове. Они более чем равны, взрослые коренные жители, которых встречают и имеют гораздо выше и превосходнее ценности. У них много приключений и все закончится триумфом. Книга была гимном империализма и расистских предположений, на которых она основывалась."
"NEUTRAL","Если вы имеете некоторое опыт в индустрии борьбы, то наверняка уже знаете большую часть информации в этой книге. Однако если у вас есть стремление стать профессиональным борьбой как бизнес-предприятием, это хорошая книга для изучения перед тем, как погрузиться."
"NEGATIVE","Я должен сказать, что это первая книга, которую я когда-либо читал, в которой я пропустила целые разделы, из чистого бордама, и она никогда не казалась матерью. Главные герои этой книги - Саммер и Лэнс просто совершенно невероятны и совсем не развиты. Даже во время частей, которые должны были быть очень тяжелыми для нее я никогда не чувствовал никакой установленной связи. И говорить о плачущем ребенке! Малейшая вещь заставит Саммер заплакать."
"POSITIVE","Эта книга была отличным продолжением ""Червица"", и конец был замечательным. Я бы прочитал первую книгу до этой."
"NEGATIVE","Я чувствую себя ужасно, как будто я сплю каждый раз. Думаю, это было моей историей. Маби, когда я старше, но не сейчас. Мне всего 14 лет и будучи девушкой, мне не нравится эта тема."
"POSITIVE","Это не все написано на греческом языке, как вы думаете. На самом деле это очень забавно. Речь идет о обычном старике по имени Холден Каулфилд, который только что бросил колледж и ходит в бар-хоппин чтобы попробовать забыть об этом. По пути он обнаруживает истинное значение того, что не сдается. довольно смешно и довольно драматично. Я быстро записал его за пару коротких дней. Определенный 10 из 10. Он заслуживает быть фильмом."
"NEUTRAL","ОК. 80% этого романа скучно, если вы не в курсе истории китобойства. Но остальные 20% - это потрясающе! Метафизика кита удивительна и главным образом благодаря тому, как Мелвилл описывает существо и связывает его с Ахабом. Что же такое кит? Кто-то видит добро или зло, кто-то жизнь или смерть, кто‐то разрушение или жизнь, а кто-нибудь Бог. Если прочитать до конца, то увидите, какую интерпретацию я предпочитаю... но кажется, что кит охватывает все эти вещи."
"POSITIVE","Еврейский главный герой, который носит одно и то же имя как автор, отправляется в Украину, чтобы найти женщину, которая спасла жизнь его дедушки, когда немцы атаковали его родной деревню Трахимброд во Второй мировой войне. Во время этого поиска он сопровождается Алексом, сыном владельца туристического агентства, где он забронировал свой поездку, дедом Алекса и собакой Сэмми Дэвисом-младшим младшим."
"NEGATIVE","Я начал подозревать, что с этой книгой в 15 страниц не так. Она читалась как мемуар - история хотя и развлекательна казалась действительно выдуманной, поддельной. Поэтому я вернулся на первые страницы и там была записка автора: ""Эта мемуара основана на моих опытах за десять лет. Имена были изменены, персонажи объединены, события сжаты. Некоторые эпизоды являются воображающим воссозданием, а эти эпизования не предназначены для изображения реальных событий."
"NEGATIVE","Я помню, как читала книгу в 70-х годах и она оказала на меня очень мало влияния. Так что почти через сорок лет я решила сделать второй попытку.Прочитанность ""Жонатана Ливингстона Сиглы"" занимает всего час или около того. Это маленькая книга. Она даже не очень длинная рассказка. Однако аллегорическая. Проще говоря, JLS - это Иисус. Он многому научился от своего небесного отца и хочет передать знания другим людям. Он может даже творить чудеса."
"NEUTRAL","Несколько лет назад, когда я впервые услышал о издателях ""печать по запросу"", я не был уверен, что делать с этим. Давайте признаем это, нет коротких выходов в жизни. Или есть? Издатели печати по запросам, такие как 1stBooks Library, раскрыли отличные истории неизвестных авторов, и почему я дышу... Это еще одна запястья под их ремнями. Узнание того, кто ты, всегда делает хорошую историю, и это не исключение."
"NEUTRAL","Единственное плохое, что я могу сказать об этой книге - это то, что она была немного дорогой и я думал, что новые подвиги почти не стоят того, чтобы принять. Однако качество производства было хорошим (я большой поклонник книги-кавер), новые заклинания были хорошими, есть несколько хороших магических предметов, а лучшая часть книги были классы престижа. Было несколько классов престиджа и практически все они были очень хороши."
"NEGATIVE","Уугghhhhh!! За годы чтения было очень, очень мало книг, которые я не смогла пробить хотя бы до конца того, что начала. Однако это одна из тех редких книг. Несмотря на то, что у меня обычный уровень потребления около 700 страниц за пару или несколько дней, мне потребовалось более двух месяцев, чтобы получить 400 страниц в эту книгу."
"POSITIVE","Я хотел бы, чтобы мне было поручено прочитать эту книгу в средней школе. Эта книга полна эмоций и ярких деталей... все менее 150 страниц. Очень быстрое чтение, но имеет длительный эффект на читателя. Штайнбек - автор, чье послание не будет потеряно на будущих поколениях и я надеюсь, что однажды моим детям будет назначено прочитаться эта книга.Определенно название, которое заставит людей оценить силу литературы... Кен."
"POSITIVE","Наш сын любит свою первую игру в алфавит. Это была отличная игра для укрепления ранней фоники и памяти обучения. Также это весело! Мы начали играть, когда ему было почти 3 года."
"POSITIVE","Я впервые прочитала эту книгу 20 лет назад. В прошлом месяце я получила новую копию и снова ее прочла. Я поняла, что эта книга говорила со мной, вдохновляя меня все эти годы. Она до сих пор так свежа и сложна. Она по-прежнему наполняет меня энергией и хорошим юмором. Что такое выражение - ""Прочитай её еще раз в первый раз"". Я рекомендую это всё ещё раз. ПС: Недавно я читала новую книгу под названием &quot;The Leap&quot; Тома Эшбрукса, которая напоминает мне шедевр Тома Вольфу - но полностью обновленной обстановкой."
"POSITIVE","Я просто хотел отметить, что страницы 29 и 30 этого издания должны быть черными, а не пустыми. Было бы это простой ошибкой издателя или просто способом экономить деньги - две чёрные страницы должны заняться многою тёмной работой, поэтому изменяет возможную интерпретацию работы Стерне. Учитывая тот факт, что Стерн внимательно следил за оригинальными издателями для предотвращения отклонений от его намерения, я ожидаю, что Sterne будет шокирован тем, что черные странички были не включены."
"NEGATIVE","Я бы настоятельно рекомендовал эту книгу тем, кто играет в ""Дюжню и Драконы"". Честно говоря, мне не важно, к какой из 5000 рас людей принадлежит кто-то. В этой книге было несколько очень активных и интересных частей книги, но в целом эта книга скучна, а главный герой Билбо жаловался больше всего времени. Например, часто был большой пробел между сценами действия."
"NEUTRAL","Книга ""Хоббит"" Дж.Р.Р . Толкина - это приключенческая, фантастическая история, которая происходит в земле средней земли. Однако даже с многочисленными ""косающими ногти"" / действие последовательностей, эта история раскрывает нежные и трогательные темы. Мужество, доверие и дружба являются тремя наиболее доминирующими темами, проецированными в этой истории приключений. На их стремлении восстановить карлика богатство и гордость; Бильбо, Гандальф и 13 карликов сталкиваются со многими вызовами как эмоциональной, так и физической природы."
"NEUTRAL","Я пролетела через эту книгу менее чем за два дня, и я уверена, что не забуду ее... она так же красиво написана как любая другая книга Моррисона, и каким-то образом более тревожная и преследующая, чем другие книги из нее, которые я читал. Она лучше слишком длинной Песни Соломона, но все равно не такая хорошая, как Джаз - её лучший роман, если вы спросите меня. Блувейшее Око удивительное, хотя иногда глубоко депрессивное."
"NEGATIVE","Во-первых, о феномене Майи Анджелоу: Почему бывшая методистская школа Университет Уэк Фореста позволила бывшей проститутке / мадам стать профессорским стажем? Два слова: афроамериканский. Думаете ли Вы, что Уэйк Форесс нанял бы DC Мадам или Мэрилин Чемберс (два белых секс-работника) для того, чтобы стать профессором в штаб-квартире? Нет. Здесь существует полный двойной стандарт. Ни один бывший секс-трудник не должен быть удостоен профессора в колледже или университете."
"NEGATIVE","Если вы хотите уничтожить христиан, вам придется сделать гораздо лучше. Да, друзья, я также умоляю вас думать сами! Вы скоро увидите, что те, кто думают сами по себе, становятся последователями Христа."
"POSITIVE","Я не согласен с тем, что автор переставляет нашу современную культуру и идиом на французскую революцию, отнимая ""чувство"" того периода. Каждый раз, когда я сталкиваюсь с выражением, которое определенно является современным, мне приходится зажигать зубы, чтобы продолжить. Мне кажется, что автору могло бы придется исследовать то, как революционеры действительно выражали себя."
"POSITIVE","Я был очень огорчен, когда не смог найти брошюру, на которой я делал одну из этих носков. Теперь у меня есть вся книга и я в восторге."
"NEGATIVE","Как бы Иисус управлял деньгами - отдал все. Это Божьи деньги, чтобы помочь человечеству, кто-то должен их распоряжаться. Эта книга НЕ говорит вам как. Она не рассказывает, как правильно управлять своими деньгами, никакого описания управления рисками или управление деньгами. Есть некоторые поверхностные советы, такие как: не заимствовать деньги и вносить свой вклад в IRA."
"NEGATIVE","Мне понравились недавние книги Линды Ховард, но мне жаль, что я купил эту. Персонажи скучны и сюжет просто глупы - много совпадений и все работает легко. Это скорее похоже на первый роман нового автора с всеми пучками в сюжете и персонажами 1D. Плюс это не так интенсивно, как ее другие книги."
"NEUTRAL","Пять лет спустя после публикации, эта книга теперь доступна по цене одного цента плюс почтовый платеж. Хотя я бросил ее читать к концу, мне легко выделить её большую стоимость для меня, любопытного дилетанта во всем и увлеченного не-экспертом в мире физики 20-го века. Я академик гуманистической области или был до отставки. Приятно видеть, как политика академии мало отличается между национальными границами и дисциплинами."
"NEUTRAL","Книга начинается немного медленно, но ускоряется через пару глав после похищения их мамы. Большая часть расстройства происходит в парке Wonderland RV Park, где двое детей встречают друзей и изучают закрытый парк с большим ожиданием. По мере того как история доходит до последних нескольких глав, дети преследуются парком парой мужчин, которые похитили свою маму. Используя свои навыки от исследования парка со своими двумя друзьями они пытаются обмануть двух мужчин."
"POSITIVE","""Самый богатый человек в Вавилоне"" Джорджа С. Класона - обязательное чтение для тех, кто пытается понять самый большой парадокс, который стоит перед нами всеми: как держать тело и душу вместе. Не было бы ли приятно, если бы у всех нас были 'богатые дяди', которые давали нам золотой ключ, с помощью которого можно разблокировать ящик-пазл успеха в карьере и семье?"
"POSITIVE","Это одна из книг, которую я нашел легкой для понимания и следования. Она дает нам целое представление о том, что мы должны делать, чтобы на самом деле улучшить наши оценки, а техника проста в использовании.[...]"
"NEGATIVE","Я - промышленный Quarker, и я взял эту книгу впервые. Хотя Xtensions могут быть доступны, они были обновлены, поэтому изменены, и так много других есть, что их действительно нужно пересмотреть. С скорой выходом Quark 4.0, может стоить подождать, чтобы увидеть, что работает с новым пакетом и без него. Надеюсь, этот ценный ресурс будет обновлен."
"NEUTRAL","Я думал, что история была довольно приличной с хорошим конфликтом персонажей и борьбой за власть между Стэнли и Бланшей. С удивительным взрывным концом, который оставляет читателя догадываться."
"POSITIVE","Книга Рейвена дает много полезных, четких советов о том, как иметь полиотношения без обычных ловушек и болью сердца. Он проводит интервью с рядом полисемейств об ошибках, которые они сделали, и решениях, которые нашли. Его совет отличный, и я настоятельно рекомендую эту книгу."
"NEUTRAL","Если вам нравится Звездный Врат или Слайдерс, то эта книга для вас. Группа студентов отправилась на свой окончательный экзамен своего рода, чтобы доказать, что они могут выжить в контролируемой ситуации. Этот короткий тест быстро превращается в смертельную ситуацию, когда они оказываются изолированными и не уверены, когда снова увидят дом, или если они когда-нибудь это сделают. Если бы я описал книгу больше, я действительно отдал бы больше, чем хотелось бы."
"POSITIVE","Эта книга показывает нам, как работает настоящий гений. Мы можем увидеть в этой книге всю жизнь, которую его картины демонстрируют, в очень критическом аспекте, с великой историей рядом с каждым из них. Это замечательно. Я бразильца и я полюбила эту книгу."
"NEGATIVE","Я нашел это отвлекающим читать такую экстраполированную историю, основанную на библейских персонажах. Если бы я прочитал эту историю думая о ней только как фантастику, то было бы лучше, чем примирить эту книгу с известной работой в Бытии. Писание было разрозненным и зная, сколько автора пришлось заполнить, я просто не мог наслаждаться ее как библейской фикции.Я также чувствовал, что более пышные части рассказа превратили священное в профану или светский."
"NEUTRAL","Я прочитал первые четыре книги в этой серии, и я должен сказать, что эта героиня (Эмма) была моей наименее любимой до сих пор. Эмма известна как ""смелая"", но я все еще думаю, что немного больше мужества или огня было бы хорошо. Особенно с Лакланом в качестве партнера - такой доминирующий, мощный герой. В целом, мне понравился быстрый остроум г-жи Коул и сарказм через роман. Семья Эммы Валькири истерическая и персонажи для будущих книг были прекрасно настроены."
"NEGATIVE","Я не понимаю, Холден так сильно впутывается, когда читает это проклятое слово на стене в школе Фиби и все же почти на каждой странице книги он бледет! И тот момент, когда говорит, что очень рад, что атомная бомба была изобретена... Какая гаффа! Кроме того, были некоторые забавные части."
"NEGATIVE","Вы знаете поэзию. Такую, которую использует старшее поколение на день рождения и прощальные обеды (""Мы надеемся, что Бог благословит вас// с хорошим здоровьем и счастьем!""). Вы ненавидите ее, принудительные рифы и несовершенную метрическую структуру (на самом деле, какая метрическая структура?). Моя свекровья писала так - тома и тома таких трипсов."
"NEGATIVE","В книге ""Фрагменты: воспоминания о детстве во время войны"" Бенджамин Вилкомирский описывает свое испытание в младенческом гетто Риги (Латвия), где его первая память - это смерть отца."
"NEUTRAL","Это очень эгоцентричный (не в плохом смысле) рассказ о жизни королевы и потере независимости Гавайев. Любой, кто интересуется историей монархии на Гаваях или экспансионистскими тенденциями Америки, найдет много фактов и взглядов в этой автобиографии для усвоения и ассимилирования своего личного мировоззрения."
"NEGATIVE","Мне понравился сюжет, но мне не нравилось передача Фей Келлерман. Не поймите меня неправильно - я люблю хорошую загадку, историческую фантастику и хороший романс, но эта книга просто не принесла результата. Диалог мисс Келлермен между нашими возлюбленными часто был чрезмерным и длился до страниц и казался довольно нереалистичным. Между персонажами не было теплоты."
"NEGATIVE","В то время как автор обладает огромным знанием по теме, он явно не знает, как создать учебник, который беспрецедентно течет из одной темы в другую. Я провел весь семестр прыгнув туда-сюда между темами и темиками. Исследования случаев скучны и сухие, а в основном устаревшие."
"NEUTRAL","Хотя он был брокером, Ал ""ненавидит"" брокеров. Я не согласен с обобщением того, что все брокери заботятся о комиссиях и по сути не дают ни малейшего значения интересам своих клиентов. Почему я не согласна? Потому что я брокер в Сингапуре! 8 лет работаю. И мне важно, чтобы мои клиенты зарабатывали деньги. Как они остаются на моих клиентах?"
"POSITIVE","После ""Дочь удачи"" я не хотел следовать совету Опра о другой книге. Я рад, что сделал это. Задние дороги - замечательная книга, полная вдохновляющих мысль образов и деталей. Это не книга, которую вы бы хотели выбрать для пропуска времени, потому что прочитаете ее за день... она перевернулась на страницу. Я смеялась на одной странице и плакала на следующей. Она заставляет вас остановиться и задавать себе вопрос, что бы вы сделали в ситуации Харли, а затем благодарить Бога, что вы не находитесь в положении Гарли."
"NEGATIVE","Эта книга звучит отлично по названию, но когда вы ее читаете, вы обнаруживаете, что не узнаете ничего, чего еще не знали. Информация поверхностна и плохо организована, а рецепты повторяются и не стоят печати (см. пример рецензента выше). Если вы планируете купить эту книгу, подумайте опять."
"POSITIVE","Я люблю эти книги и я 13 лет, а как вы видите в них есть 13-летние девочки, так что не совсем детское."
"POSITIVE","Мне очень нравятся книги, подобные этой, которые не только предоставляют рецепты, но и дают комментарии и замечания от шеф-повара о том, как и почему они создали их, а также о том как они закончились окончательной версией. Вся эта информация действительно помогает непрофессионалам вроде меня лучше понять науку и искусство печения и вдохновляет меня на следующий уровень."
"NEGATIVE","В книге, написанной очень четко и демонстрирующей, что авторы знают, сколько разных типов людей думает о самоубийстве. Избегая так часто выраженного смешного клише, авторы притягивают читателя к доверию. Однако, казалось бы, открытый подход к решению ""выгод самоубийства"", например, является лишь крышей для постепенного процесса удобного упущения и неполной логики."
"POSITIVE","Эта книга - одна из тех книг, которые каждый должен прочитать. Я скажу, что если вы читаете эту книгу она открывает ваши глаза на много идей, о которых вам не приходило в голову."
"POSITIVE","Моя 3-летняя девочка обожает эту книгу. Она делает все звуки и мы оба делаем громкие крики совы в конце истории, которые пробуждают всех! Доброй ночи Собака - любимая у нас дома!!"
"NEUTRAL","Сама история, если она хорошая, возможно самая лучшая, которую я когда-либо читал. У меня есть только одна проблема с качеством книги. Книги сами по себе маленькие и трудно удерживаться. Обложки вместе со коробкой обложки были плохо изготовлены."
"POSITIVE","Я боялся, что эта книга будет ""слишком большой"", чтобы я мог использовать ее с детьми. Это не так. Она включает инструкции и предложения о том, как преподавать естественные исследования в главе 1. Следующая покрытие животных, растений, земли и неба делает её очень полным научным текстом."
"NEGATIVE","Моя проблема с этой книгой не в ее длине, потому что для меня она является ценностью, когда книга увлекательна - я не чувствовал длину преступления и наказания, Анны Каренины, Длинной прогулки Манделы к свободе, а это все 500 страниц больше. Проблема с этой книги заключается в том, что хотя есть некоторое виноватое наслаждение, которое заставляет вас жить очень долго - насколько злой эта женщина? - это не приносит плодов."
"NEGATIVE","Я прочитал эту книгу по рекомендации коллеги. Я был очень разочарован. Этот парень был частью этой якобы коррумпированной системы годами и годами. Он питался зверью, который он утверждает, что есть, и каждый раз, когда думал о том, чтобы уйти, он возвращался назад и делал это снова. Почему?"
"NEUTRAL","Когда я говорю с большинством людей о медитации, я обычно в итоге слушаю литань жалоб на то, почему они *не могут* это сделать. ""Я попробовал его, и мой ум просто не может сидеть столько времени, чтобы делать это"". ""Я слишком занят - у кого есть время сидеть неподвижно в эти дни полчаса?!"" В этом смысле мне понравилось читать Новую Землю - и я наслаждаюсь ее заслуженным успехом. Нет, Толе здесь ничего нового не говорит. Вы можете получить некоторые из тех же основных идей, например, из работ Пемы Чодрона (и вы должны)."
"NEUTRAL","11 лет назад, когда я впервые получил книгу, мне было очень трудно ее прочитать. Я должен был читать несколько раз, чтобы постепенно понять это. Хорошее: проверяет существование хары, божественность каждого отдельного человека и наличие психических связей. Плохое:- Содержит много ""скрытых ссылок"" на психотерапию и психологические исследования. Чтобы легко понять его, нужно основы семейной терапии и психологов."
"NEGATIVE","Я - ортодоксальный еврей и изучаю Гемару (так мы называем Талмуд). Во-первых, я бы сказал, что подавляющее большинство этих цитат ложные. Второе в ответ на язычниками животное вещь. В Иудаизме есть концепция ""халача"", это система закона, которая направляет нашу жизнь. Гемара является дискуссией о этих законах. Некоторые ритуалы или юридические практики (я думаю, я буду называть их так) требуют определенного ""халахического"" статуса. Например, чтобы быть свидетелем вам нужен определенный статус."
"NEGATIVE","Это отличная диета, если вам нравится быть проинформированным о том, что есть и если вы любите хлеб из пшеницы. В целом программа прилична, но автор дает список продуктов, которые Вы должны есть, а это означает ограничение и долгосрочное недовольство."
"NEUTRAL","Я прочитал книгу ""Убивать петушку"" много лет назад, но вдохновился снова после просмотра фильма Капоте (он был лучшим другом Харпер Ли). Что за передовую книгу для того времени, когда она была написана... и так искренне и откровенно. Я буду уверен, что мои дети будут читать ее как только они станут достаточно взрослыми. Amazon доставляет мне это юбилейное издание очень быстро из США в Австралию."
"NEUTRAL","`The Annotated Hobbit', анонсированный книготорговцем Дугласом А. Андерсоном, опубликован американским издателем Дж.Р.Р Tolkien Хоутон Мифлин (важным потому, что это означает, что обложка этой книги использует то же самое искусство, что и обложки самого популярного хард-облома американского выпуска ""Хоббита"", изданного в 1960-х годах). Позвольте мне быть совершенно ясном, что этот пересмотр прежде всего является рецензией на аннотация, а не романа, ` The Hobbit' сам ."
"NEUTRAL","Это замечательный сборник рассказов, в котором Брэдбери предлагает взгляды человеческой природы так же, как только он может. Его стиль и проза находятся на самом высоком уровне, а персонажи остаются у вас. Эта книга не совсем такая сильная, как ""Мартинские хроники"", по моему мнению, но все равно лучше чем что-либо другое, которое могли бы произвести большинство других авторов. Фанаты Брдбери и новички будут съедать этот объем."
"POSITIVE","Я слышал от многих людей, которые интересуются чтением книг об анархизме (хотя я думаю, что термин ""анархизм"" неверен), что большинство книг о анархия являются ""тяжелыми"" и трудно понять, потому что они ориентируют свой контент на читателей с хорошим фоном политического понимания (его терминологии, его ""школы"" мышления, ее течения и так далее..)."
"NEUTRAL","Хосе Мохика в начале заявляет, что это не `кукбук', что читатели должны быть знакомы с технологией уже и что целью является изучение архитектуры таких терминов как COM, COM+, MTS и DCOM; реальная цель - узнать точно, как работает технология под капотом. Книга широко разделена на 3 секции: COM,COM+ и .NET. Последняя получает только главу и действительно лишь представляет собой введение, хотя хорошее в этом отношении."
"NEUTRAL","Как и в большинстве работ Штайнбека, ""мышей и мужчин"" ставит перед собой ряд моральных дилемм и серьезно рассматривает как положительные, так и отрицательные нюансы отношений; но больше всего романа (первое крупное произведение Штайнебэка) исследует неспособность человека избежать своей ситуации и окружающей среды. Бегство, возможно, более чем любая другая тема, проходит через книгу. Ленни и Джордж - хорошо документированные персонажи, поэтому нет необходимости углубляться в их соответствующие личности."
"NEUTRAL","Я был болен последние несколько дней, поэтому купить эту книгу было дар Божий! Я не мог ее оставить. Будучи рок-н-роллом дьяволом, я полностью отношусь к персонажам в книге и чувствую себя уверенно, что я не один! Единственное, чего мне не удавалось понять, это то, что так хорошо с Элизой, что все теряют свои $@!% за нее? Может быть, я просто ревнёлся!"
"POSITIVE","Это просто необходимая книга для всех, кто хочет понять движение за гражданские права, город Бирмингем, штат Алабама, отношения между крупным бизнесом и расизмом и фашизмом в этом обществе, а также американскую политику не только в исторический период, охваченный книгой, но вообще."
"NEUTRAL","Я должен начать с того, что это моя первая книга Мэри Стюарт. Я поднял ее после многократных упоминаний о ней в блоге Лорен Уиллиг. Первоначально опубликованный в 1958 году я назвал бы этот роман ""романтическим сюрпризом"". Линда Мартин родилась и выросла во Франции, но последние десять лет жила в лондонском сиротном доме после авиакатастрофы, которая привела к смерти обоих её родителей."
"NEUTRAL","Хотя у него нет уверенного в себе владения более поздней работой, этот ранний роман МакЭвана все еще обладает силой беспокоить. Когда родители четырех сексуально преждевременных детей умирают быстро последовательно - труп матери захоронен в бетонном блоке в подвале для того, чтобы предотвратить разрыв семьи властями - дети должны научиться справляться с этим самостоятельно."
"NEUTRAL","Книга должна быть обновлена. Мы пошли на 3 трасса (Эхо и Летние озера Лист), где в книге говорится, что есть достаточно парковки, город (или кто-то) теперь ввел ""парк только с разрешением"". Поэтому вы не можете стоять в просторной зоне парковка без получения билета."
"NEUTRAL","Сэндс был 20-летним привилегированным родом, отец которого знал госсекретаря в дни президентства Маккинли. Влияние его отца привлекло к нему работу на Государственном департаменте на Дальнем Востоке (Сеул) с 1896 по 1905 год, когда Япония подавила Корею и он должен был уйти. Я люблю стиль прозы этого парня, он наверное учился в Нью-Йорке или Массачусетске. Он хороший автор. Он написал книгу в последние годы своей жизни и он фактически составляет свои воспоминания о работе из прошлого времени."
"POSITIVE","Танис спасал жизнь Лораны не раз осуждая свою собственную. Он даже отдал бы свою душу вечной тьме, чтобы сохранить свой квизалу. Парень также в конечном итоге спас мир и мир взамен убирает своих двух самых близких друзей. Признательно характер несколько ухудшается в этой книге, но мы видим его подлинные характеристики наступают в конце."
"NEUTRAL","Я тоже заказал дневник, и моей жене очень нравится."
"POSITIVE","Я не знала, что эта книга будет такой забавной. ""Твоё собственное личное ад"" - моя любимая глава. Так верно! Сделай себе услугу, повеселишься. Купи эту книгу."
"NEGATIVE","После ""Тысячи акров"" и ""МОУ"" я подумал, что это будет замечательное чтение. Не так. Тайна не в жанре мисс Смили. Убийца был обнаружен примерно на полпути книги. Проза была не выдающаяся. Персонажи были не запоминающиеся. Вы можете пропустить этот один."
"NEUTRAL","Книга ""Книги"" отличная - каждый, кто хочет получить больше от жизни, должен прочитать ее. Диск очень хороший, но не сравнивается с детализмом, но он полезен для усиления. Я надеялся, что диск будет прямой прочтением книги, но это лишь небольшая часть - 60 минут."
"NEUTRAL","Хотя было приятно получить то завершение, которое нужно после того, как вы оказались подвешенными телесериалом, который закончился внезапно, я должен сказать, что мне действительно нравится телевизионный сериал больше. Тем не менее, если вы были поклонником Dark Angel и чувствовали себя разочарованным тем, как шоу только что закончилось, это дает немного закрытия, хотя кажется немного антиклиматичным."
"NEGATIVE","Я бы не купил эту книгу, даже если Роберт Джордан согласился бы сопоставить 100% прибыли от продаж и пожертвовать всю сумму на помощь в Нью-Орлеане. Это так плохо, что я не вижу, чтобы потратить ничего на нее, даже когда выручка пойдет на благотворительность. В этой последней части ""Солого скучного чтения до смерти"" Джордан успевает говорить о ничто еще более длинный период времени, чем раньше."
"NEUTRAL","В прошлом году в школе мой класс изучал ""Пильгримский прогресс"". Хотя это было менее приятно, потому что мы были вынуждены его читать, книга все еще была хорошей. Изучение ее в классе также помогло мне лучше интерпретировать символизм и архаический язык. Большинство христиан, вероятно, могут относиться к одиссее пилемянника. Часто в моей повседневной жизни я связан с людьми, которые напоминают мне персонажей из аллегории. Я рекомендую эту книгу почти каждому на духовном пути."
"NEUTRAL","Мне кажется, что мои ученики больше любят эту книгу, чем я. Это нормально, поскольку это дети, к которым пытался обратиться Спинэлли. Я думал, что книга слишком сильно старалась показать, как несправедливо относится к людям ""цветного"" пола. Она стала проповеднической до такой степени, что я надеялся, что вскоре книга закончится. Идея была свежей, но презентация не сделала ее интересной."
"NEGATIVE","Мне на самом деле 17, а не 13, но у меня нет кредитной карты, поэтому я обычно не могу подать заявку...В любом случае, вот мой обзор: чтобы быть абсолютно честным, мне показалось, что этот роман был очень переоценен. Я вообще не понравился этой книге и, честно говоря, я действительно не понимаю, почему она называется ""классической"", когда в лучшем случае имеет слабый сюжет и несколько персонажей являются немного более чем одномерными стереотипами, не отличающимися от персонажей современной мыльной оперы."
"POSITIVE","Бренна Коллинз находится в неправильном месте и в неточное время. Она свидетельствует о убийстве. Жестокий серийный убийца бежит на произвол судьбы. Названный Близнецов-убийцей, он убивает пары близнецов. Убийца становится завязанным с ней - она произвела на него впечатление, особенно отражаясь, так как большинство его жертв редко выступают против нее. Убиец преследует ее через несколько штатов и во времени."
"POSITIVE","Я услышал эту историю по радио AM, читав её вслух. Это было так же удивительно, как и сама прочитать ее."
"NEUTRAL","Эта книга разозлила меня. Не потому, что она не хороша. Потому что это слишком хорошо напоминает мне о всех грубостях, которые происходят в наши дни, почти каждый день. Это получилось так, чтобы если кто-то вежлив или проявляет доброту, то это настолько странно, что вы должны заметить на него, поздравить этого человека за то, что он стоит над толпой. Трус имеет способ сказать, что плохо с частью мира забавным образом, и делает вас хотите как-то исправить вещи. Сначала это было пунктуацией. Теперь это манеры."
"NEUTRAL","Я никогда не получал эту книгу и я никогда не помню, как заказывал ее. Если она была заказана, то это был не я, а кто-то использовал мой счет."
"NEGATIVE","Краткая книга, у которой нет этого в углу. Не книжка, не есть такого в книжном магазине."
"NEUTRAL","Я недавно прочитал эту книгу впервые, и я чувствую себя немного слишком старшим или что-то вроде этого. Книга была довольно ускорена, но не очень красочная, описательная или удивительная. Конец был несколько предсказуемым, а также поздное возвращение Веч. Книги были совершенно посредственными."
"NEUTRAL","Невада возвращается в глубокий юг Миссисипи, будучи рейнджером на том же Natchez Trace, о котором она пишет. Она создает сцену для читателя и истории, медленно проходя и объясняя некоторые вещи, которые делают район особенным, а также работу. Ново продвинутая окружная рейнджер Анна Пейжон знает свою работу и знает свои ограничения."
"POSITIVE","Эта книга была одной из самых воодушевляющих книг, которые я читал за некоторое время. Теории Гладвелла - это другой способ мысли о тенденциях и жизни в целом. Я бы настоятельно рекомендовал эту книгу!!"
"POSITIVE","Эта книга настолько реалистична, что время - это пугающе! Это первое публичное упоминание о программе Стелс. Это единственно пугает, поскольку мы знаем то, что знаем сейчас. Поскольку я не могу дать мнение от кого-либо другого, кроме ВВС, я не смогу гарантировать остальное. Но из моей памяти все здесь так точно, как можно быть, даже с внутренней информацией."
"NEUTRAL","Я начал читать эту книгу, потому что она была назначена моей племяннице и я увидел ее в своей очереди Kindle. Я никогда не читала Хемингуэя, поэтому мне было любопытно узнать о чем книга, которая сделала его знаменитым. История проста, но глубокая. Гемингвей написал эту короткую историю таким образом, чтобы вы могли связаться с персонажем и испытать свой первый триумф, а затем муку его потери. Персонажи Сантьяго и мальчика разложены так, чтобы можно чувствовать эмоциональную взаимосвязь между ними."
"POSITIVE","Это было в лучшем состоянии, чем я ожидал. У него были ссылки, краткая биография и цитаты... это так прекрасно и мне нравится читать его своим друзьям. Спасибо вам очень много."
"NEGATIVE","Я развил хроническое воспаление и занимаюсь исследованиями. Название звучит хорошо, но оно совершенно неадекватное. Это легко читать, но добавляет очень мало истинного знания. Есть несколько связей с продуктами питания, специями и травами для облегчения воспаления и очень мало освещено в этой книге. Все справки автора и ничего нового. Сбросить вес, правильно есть, стать вегетарианцем, уснуть, быть счастливым слишком упрощенно."
"NEGATIVE","Есть много отличных книг, но я просто ненавижу эту книгу .. когда ты начинаешь читать роман становится очень скучным , не говоря уже о том, сколько она длинна. Я бы рекомендовал &quot;Питатель в ржи&quot;."
"NEGATIVE","Хотя я согласен с тем, что персонажи были легко узнаваемы и довольно хорошо иллюстрированы, я чувствовал себя менее чем удовлетворенным последними главами. С достаточно небольшим наращиванием основного сюжета, казалось, книга затем быстро отклонилась от сюжеты и автор быстро отметил конец, оставив меня удивленным тому, что только что произошло. Были свободные концы, но то, что действительно беспокоило меня, это время, которое я вложил в сюжет, лишь чтобы разобраться без реальной цели."
"NEUTRAL","История рассказывает о индийской девушке, которую зовут Джесминдер. Ей почти 16 лет и она любит играть в футбол. Она обожает своего кумира Дэвида Бекхема, потому что никто не может пересечь или сгибать мяч как он. Она также влюбляется в своего тренера Джо. Но из-за ее религии и убеждений своей семьи ей нельзя играть. Ее мать говорит ей не показывать свои голые ноги в коротких футбольных брюках, как это делает её друг Джульс."
"NEGATIVE","В начале 8-го класса мы читали роман о гражданской войне. Мы получили список, и я выбрал ""Холодную гору"", потому что она была награждена. Я начала читать ""Холд-Гору"" в ожидании замечательного и захватывающего чтения. Я так сильно ошибалась. История рассказывает об Инмене, раненом солдате и его путешествии обратно в родный город Холд-Горь и обратно к Ада, его возлюбленной."
"NEUTRAL","Этот роман - один из тех, о котором все слышали и многие вынуждены читать его в рамках школьной программы. Я никогда не делал этого, но думал, что попробую, так как мне действительно нравится сухой британский интеллект и умная проза. Помимо этого я не был уверен, чего еще ожидал, но по моим вкусам, я не оказался полностью удовлетворенным. Открытие 10 или 20 страниц внушило себя моему воображению и я чувствовал, что буду развлекаться главными персонажами на протяжении всей остальной части романа."
"NEUTRAL","Я читала эту книгу в детстве и была рада пересмотреть ее, когда она появилась на Kindle. Думаю, книга довольно хороша и приключения внутри действительно захватывают воображение. Очевидно, это правда или мы бы еще не говорили об этом. Я также думаю, что это легко прочитать. В качестве взрослого я не могу оценивать её так высоко, как я делал в детском возрасте, но это все равно замечательная книга. Само издание тоже отличное, особенно для бесплатной книги."
"NEGATIVE","Возможно, я ожидал окончательной истории войны. Может быть, я ждал чего-то большего, чем хорошо изученный рассказ о сражениях и статистике армии. Может, я думал что-нибудь узнаю. Но книга была большим разочарованием. Во-первых, редактирование было довольно плохим. В нескольких случаях есть предложения, которые вообще не имеют смысла. Есть неправильные карты и ошибки написания простых слов. Карты сами по себе почти бесполезны."
"NEGATIVE","Толи Янгблод теперь Специалист. Специал - это часть секретной полиции, часть правительства. Честно говоря, я перестала читать этот роман примерно на полпути до конца. Может быть, это означает, что мне не следует его считать, но это так сильно разозлило меня, что я решил получить кредит за агонию. Вестерфельд выбирает свои любимые слова и использует их снова и снова. Серьезно я хочу найти его и одолжить ему мой тезавр."
"POSITIVE","Моль, красивая сирота, остается одна, невинна и разбита сердцем после смерти родителей. Она начинает как Бэти, затем женится 4 раза, переходит от бедного к богатству, потом к бедному и к богатствам, процесс из глупых браков и жизни, приведшей к краже. Быстрый роман 1600 года, книга с расстройством, романтикой и шоком."
"NEGATIVE","Эта книга может быть интересна только для начинающих и желающих узнать немного о силовом подъеме. Упражнения, на мой взгляд, очень плохо отображаются. Также текст порой неясен и не вдохновлен. Похоже, что эта книга быстро сочиняется для продаж, без творческих идей или инновационных рутин. Вся информация в этой книге хорошо известна всем, легко доступна через веб-сайты , а также в местах устаревает."
"NEGATIVE","На основании отзывов, перечисленных на этом сайте другими людьми, которые купили/читали эту книгу, я тоже приобрел эту книгу. После прочтения введений, я был рад прочитать оставшуюся часть I, касающуюся экзамена 70-219 - Active Directory Design. Однако, когда я читал главу 1 и затем главу 2, я понял, что ничего не учусь вообще. Фактически, если бы я только прочитал эту книгу как подготовку к экзамену 70-217 - Active Directory Infrastructure, я бы не сдал экзамен."
"NEGATIVE","После прочтения книжного куртки я был взволнован перспективкой истории. Но после начала книги, я продолжал надеяться, что следующая глава принесет некоторое волнение.Обычно если я дохожу до половины пути к книге и скучаю, я положила книгу на землю. Но в этом случае я продолжала идти, держа надежду на великий конец. Я была разочарована во всем окружении. Конец был чем-то не захватывающим, а персонажи были плоскими."
"POSITIVE","Я должен дать этой книге пять звезд. Мне нравится эта книга! Она потрясающая! Я слышал, что она чрезвычайно скучна (как и многие другие люди). Эти комментарии являются ошибками года. Думаю, вы должны серьезно рассмотреть возможность пересмотреть свои мысли! Эта книга - одна из лучших книг, которые я когда-либо читал. Мне очень нравится эта книгу, потому что вы можете относиться к ней и чувствовать себя как персонаж(с). мне также нравится, потому que в ней есть для всех."
"NEGATIVE","Я только что закончил читать ""Палац"" и должен сказать, что это не то, чего я ожидал. В начале меня заинтересовал, но к середине книги я просто хотел закончить с этим. Я обнаружил себя переполняющим утомительные письма и пропустив целые абзацы. Не забавная книга вообще. Больше урока истории если это так."
"NEGATIVE","Эта книга очень хорошо написана, но крайне разочаровывает. Идеи за примерами хороши, но в коде было так много ошибок, что я потерял челюсть. Примеры на CD, которые соответствуют урокам, имеют другой код, чем в книге и причина заключается в том, что они не работали бы, если бы это было то же самое!"
"POSITIVE","Это, несомненно, христианский классик вместе с ""Конец дела"". Прекрасная иллюстрация того, как Бог выбирает наиболее &quot;невероятных&quot; персонажей для выполнения Божьего труда. Евангелие понимание святости, раскрытое в этом романе, является особенно радикальной проблемой для жителей 20-й Северной Америки."
"POSITIVE","Мы в Соединенных Штатах так много, чтобы быть счастливыми, но мы счастливы? Каждый раз, когда я пересекаю моря, я возвращаюсь с унижением. Вы видите, что многие из зарубежных стран имеют очень бедных людей. Это говорит о том, что некоторые из самых бедных стран имеются люди с наиболее счастливым сердцем. Видите, для того, чтобы стать счастливой не требуется денег или материальных благ. Я думаю, нам нужно проверить себя и посмотреть, можем ли мы сделать какие-то изменения."
"NEUTRAL","""Всё в порядке"" точно описывает, что я чувствовал о книге ""Ривер знает"". После прочтения образцовой главы я очень ожидал прочитать всю историю и сразу же подписался на список запросов в библиотеке. Кто не хочет читать триллер, где героиня фальсифицирует свою собственную смерть?"
"POSITIVE","Этот сериал становится все лучше, как и персонажи. Это третий раз я читаю Церемония и мне по-прежнему нравится. Сюжет пугает и быстро движется. Как и в других книгах Дж.Д. Робба, напряжение и конфликт являются первой степенью. И романс / секс горячий. Эта серия книг приводит к зависимости. Если вы не прочитали серию ""В смерти"", вы лишаете себя часов развлечения и удовольствия. Примите советы, которые мне дали, но читайте их в порядке. Спасибо миссис Робб!"
"NEGATIVE","Я купил книгу Мисс Смолл, потому что меня интересовали причины общественного неприятия и стигмы, с которыми мы живем. К сожалению, я основал свою покупку на отзывах и обманах по куртке. Хотя книга охватывает некоторые те же аспекты, как многие другие книги, которые были лучше написаны и редактированы, а также представляет хороший материал, это только последние несколько глав."
"POSITIVE","Да, Дикенс был оплачен словом, когда писал это.Да, это большая книгаДа, если вы были вынуждены читать ее в школе, вы наверняка ненавиделиЕсли вы прочитали её самостоятельно или после 25 лет... вам наверняку понравилось.Я думаю, что эта книга была замечательна, конечно она была сложной, но не сложная по тому ""что он пытается сказать"" способу, который получает многие другие сложные книги (преступление и наказание - хотя я виню переводчиков за этот)."
"NEGATIVE","Сюжет этой книги несколько нереалистичен. Я часто задавался вопросом о людях, которые не понимали, что есть семейные проблемы до того момента, как их супруг внезапно ушел однажды. Описания Шрева людей и местоположения хорошо сделаны. История сохранила мой интерес. Мне пришлось закончить книгу, чтобы узнать, что произойдет дальше; мне просто не понравилась история."
"POSITIVE","С несколькими индексами, эта книга легко навигировать, но имеет достаточное отношение для того, чтобы быть весело перевернуть (даже когда вы не готовите). При остроумных комментариях автор включает рецепты, которые не слишком сложны, но которые дают отличные результаты. В ней также есть руководство по основам приготовления пищи на переднем углу.Каждый индекс группирует рецепты по-разному: по еде, конечно же, по основному ингредиенту (&quot;До того как он растет плесень&quot;;), по этническому происхождению, времени, необходимому для приготовки и многом другом."
"NEGATIVE","Вторая книга, в которой я читал ""Анну из Зеленых Габлей"", очень понравилась мне, но Анна Авонлии не имеет ничего такого, что делала первую книгу живой и захватывающей. Мы редко видим мир через описательные объективы глаз Анны и красочные слова во второй книге, как мы сделали с первой."
"NEUTRAL","Для преданных читателей Элисон Вайр эта книга может показаться немного сложной и, порой, труднодоступной по сравнению с некоторыми ее другими книгами. Вейр рассказывает о жизни королевы Изабеллы, жены короля Эдуарда II. Эдвард и Изабела были изображены в ""Бравом сердце"" Мэла Гибсона как безжалостный гомосексуальный царь, не проявляющий интереса к своей жене или обязанностям, а также как доброжелательная королева, которая в конечном итоге забеременеет Уильямом Уоллессом."
"NEUTRAL","Автор принял аналогичный подход к этой книге, как и Эльяху М. Голдрат в ""Цель"" (""The Goal""); это роман о производственном заводе, страдающем от многих или всех очень распространенных проблем в промышленности в различной степени. Я ожидал больше трактата по 6-сигме и ее менеджменту, но потом я не исследовала книгу так хорошо."
"NEUTRAL","Хьюм, журналист-победитель Пулитцеровской премии, написал эту книгу в 2001-2002 учебном году. Он посещал занятия, разговаривал с студентами, их учителями и администраторами. Он предоставляет довольно всесторонний и беспристрастный взгляд со всех сторон школы.В части II ""Городские города и колледжевые советы"" Хьюма тратит около 50 страниц на историю американского образования, Серритос (зображение рядом с Лос-Анджелесом, где книга разворачивается), историю средней школы и сопротивление ее созданию."
"NEGATIVE","Я любил лжецкий покер, это не так хорошо. я люблю питбулл, но фиаско воняет. извините..."
"NEGATIVE","Несмотря на свой иорданский стиль, Норма Хоури нарушила одно священное правило, которое не может позволить себе ни один успешный автор: правило самосогласия. Даже если письмо не имеет никакого отношения к реальности или противоречит ей (как во всех типах художественной литературы и как это происходит в случае с Нормой), оно не должно противоречить себе по крайней мере. Похоже, что на оборот почти каждой страницы своей книги Норма Хури сумела противопоставить себя."
"NEUTRAL","Эта книга будет интересна, если только по тому факту, что она служит источником освещения предрассудков читателя о проблемах, связанных с правами государств. Читайте рецензии ниже и обратите внимание на то, что некоторые отзывчики склонны рассматривать Макдональдса как адвоката штатов, а другие - как адвокатика федералов.Читатели будут иметь тенденцию найти в этой книге доказательства для поддержки своих собственных взглядов. Это должно свидетельствовать о том, что McDonald удалось дать нам довольно объективную историю вопроса."
"NEGATIVE","Сначала позвольте мне начать с того, что я поклонник Чака Палахнюка и нахожу большую часть его сатирического, грубо творческого материала освежающим и забавным. Я был интригованы Fight Club, развлеченный Survivor, и привязан к Choke. По сравнению с другими работами, Haunted очень короткий. Если вы читали какие-либо из его предыдущих романов, вы уже ожидаете быть отвращенными и развлечены абсурдными персонажами в тревожных ситуациях."
"NEGATIVE","Я читала эту книгу на уроке и не могу представить, почему она была выбрана. Мне было очень трудно пережить ее. Мне понравились другие книги Вриленда, но что случилось с этой? Это вдохновило меня пойти в сеть и посмотреть картины Эмили Карр. Не могу рекомендовать это."
"POSITIVE","По определению, ""Старый Армия"" - это регулярная армия, которая существовала до последней войны. Регулярные армии всегда были небольшим органом, результатом американского недоверия к постоянной армии с самого начала нашей национальной истории. Регулары стали позвоночником значительно расширенного военного сообщества, поскольку гражданские лица добровольно или призывались во время чрезвычайных ситуаций, и они остались после того, как чрезвычайная ситуация закончилась, а милиция или drafts снова вернулись домой."
"NEUTRAL","Эта короткая книга является одним из основополагающих классиков научной фантастики. В ней рассказывается о немецком ученом, который находит карту места, ведущего внутрь Земли. Он объединяет команду и отправляется в Исландию, чтобы найти вулкан, который служит входом. Оттуда он и его команда путешествуют по земле и сталкиваются с средой со своими растениями, животными, географией и погодой. Они собирают образцы, избегают опасностей и совершают приключения для волоссоздания."
"POSITIVE","Это была первая книга на тему фантазии, которую я прочитала и мне понравилась! воображение автора было удивительно & рассказ никогда не стал скучным. Я рад начать книги ""Владыка колец"" сейчас."
"POSITIVE","Эта книга дает хороший взгляд с точки зрения доктора медицины. Это смешно, иногда очень отражательно. Если вы находитесь в поле или любите шоу ""Чрезвычайные ситуации"", это книга, которую вы можете легко связать с ней. Все истории увлекательны по своему описанию, вы не сможете ее оставить. Если ваш желудок становится немного 'затянутым' из-за места крови, может быть эта книга не для вас. если вы знаете, что такое работать, как на больничных, так и на догоспитальных областях, эта книга для вас ."
"NEGATIVE","Ну, парень падает с дерева и парализуется."
"NEUTRAL","Я прочитал всю книгу за 2 часа, и это может быть потому, что я уже использовал ASP на IIS4 (ASP 2.0), но в основном потому, чтобы он охватывает много тематики, которые даже если &quot;связаны&quot; с ASP не должны быть частью книги с этим названием. Автор (автор является семейным бизнесом как группа) должен был включить... введение, да, указатель к другим источникам, хорошо, но не вся 1/3 книги!"
"POSITIVE","Самое лучшее из всего, что стало 60-ми годами отражается в этом заразительном, радостном, ярком и творческом фильме, который навсегда разрушил скучные формулирующие поп-звезды, которые обрекали Элвиса Пресли и других."
"NEGATIVE","После прочтения хипа о этом романе в Romantic Times, я был очень разочарован, когда наконец прочитал его, несмотря на интригующий мистический сюжетный поворот.Герой и героиня ничего не сделали, чтобы мотивировать меня к ним. Она была скучной и неузнанной от сотни других женщин в сто других книгах, а он был холодным, отдаленным и недостаточным твердостью. Он казался мне просто плоским персонажем на плоской странице.Они отношения не развивались или усиливались...."
"NEUTRAL","Я сначала не была уверена в этой книге, потому что я действительно не думала, что то, о чем утверждали авторы, может быть правдой. Но я рада сказать, что по большей части их утверждение о 20 минутах рецепта верно. Теперь вы должны на самом деле ДЕЛАТЬ целых 20 минут. Как мать восьмимесячного ребенка это иногда означает, что 20 минут занимают 30 минут, потому как мне нужно остановиться и обратить внимание на мою дочь."
"NEGATIVE","Просмотр текста: Ричард Л. БушманПрово, Юта: ФАРМС, 1994. С. 122-33Название ""Изобретение мормонизма"" вызывает ожидания, которые на самом деле не реализуются при чтении книги. Святые последних дней используют глаголы вроде раскрытого или восстановленного для объяснения того, как появился мормонизм. Слово изобретение подразумевает, что кто-то измыслил мормонизм; он был создан изобретателем религии."
"POSITIVE","Каждый раз, когда я провожу семинар по презентационным навыкам или предоставляю коммуникационное обучение для руководителей, я рекомендую эту книгу. Я объясню почему. Роджер Айлс имеет сильные полномочия для написания книги о выступлениях. До запуска Fox News чуть более десяти лет назад он работал как сценарист и тренер речи первого президента Буша, Рональда Рейгана, Руди Джулиани и других общественных деятелей. Затем он стал скаутом талантов для телевизионных станций, помогая им найти якоря, которые могли бы повысить рейтинг."
"NEGATIVE","Эта книга странная. Мы с женой слышали об этом на уроке рождения. Она была рекомендована в связи с проблемами братьев и сестер. Поэтому мы купили ее, невидимым видом. Однако вместо того, чтобы иметь дело с проблемамі, с которыми может столкнуться маленькое дитя, когда появится новорожденный ребенок, эта книга рассказывает о странной любви матери к своему сыну. Она может любить его, но она не может сказать ему. Она только может прокрасться в его комнату ночью и раздражать его, говоря стих, который повторяется снова и снова в книге. Звучит невиновно?"
"POSITIVE","Эта книга, я думаю, что каждый должен прочитать в какой-то момент своей жизни.Эта книга достигает основной цели любой книги, она заставит вас задуматься. Секс, религия, философия, любовь и социальные табу все в этой книге, и новые точки зрения даются читателю по каждому из них.Эти книги - приключение ума, персонажи могут показаться нереалистичными, но идеи так же реальны, как день и ночь."
"POSITIVE","Отличный справочник, но в первую очередь для западных штатов. Можно легко использовать как учебник колледжа, но достаточно просто для новичка."
"NEGATIVE","Хотя автор, вероятно, имел хорошие намерения написать хорошую книгу она не успела. Вся книга полна описательных половых отношений. Включая мужчину к женщине и женщину к женщины. Это отвратительно и во всем плохо читается. Почему любая школа требует 15 летних детей прочитать ее?"
"NEUTRAL","Ну, я должен сказать, что вторая книга в этой серии (Майн-тоу-Тейк) история становится немного лучше... но только немного. Например, на первой половине книги хотя ... О Пять Звезд! Первая половина прекрасна! Лилака так милая с ее постоянной отставкой Николай! Их динамика в первой части такой милый и смешный!"
"NEGATIVE","Я удивлен, что кто-то согласился опубликовать книгу. Если вы хотите прочитать хорошо написанный и отличный анализ либералов, получите ""Человек в ловушке Эллсворта Бейкера""."
"NEUTRAL","Эта книга ТОКШАЯ, и каждая страница ПЛИННЫЙ текстом. Помимо того что на первый взгляд она пугающая, книга также не очень лаконична. Это не книга, которую вы переворачиваете для быстрого поиска фактов или советов, а та, которая вам нужно сидеть и посвятить некоторое время правильному чтению. Все это сказано, он охватывает огромный спектр тем и имеет тонны информации. Так что с точки зрения информации эта книга отличная. С точки звания читаемости, не так уж велика...."
"NEUTRAL","Я люблю классику так же, как и любой другой человек, но я не могу попасть в роман, который заставляет меня ненавидеть главных героев. Кэтрин - это клеветничная, испорченная ***** и я никогда не хотел ложиться ни к кому так плохо, как сделал Хитклифф. Он психопат с расстройством, и нет ничего удаленно ""романтического"" в его характере. Я не уверен, почему роман был пойман таким образом, он делал 300 страниц документально испорченые, самопоглощенные люди и их неумолимое стремление уничтожить любые следы счастья вокруг них."
"POSITIVE","Кто бы мог подумать, что из печати военно-морского института появится большой вклад в мир литературы! Обычно они выходят с такими вещами как ""Илюстрированная история дизайна разрушителя Соединенных Штатов"". Я не делаю никаких претензий на такой объем, и я могу владеть копией или двумя. Но Джуль Верн является классом для себя как один из великих изобретательных мастеров литературы. Он стоит там вместе с Гомером и Чаузером и Джеймсом М. Кайном."
"POSITIVE","Джон Смили заслуживает награды за свою книгу!!! Он лучший автор и программист, который когда-либо ходил по этой земле!!! Эта книга для всех!! купите ее сейчас !!"
"NEUTRAL","Я рекомендую эту книгу как попрошайникам, так и опытным горнякам. В ней есть много черно-белых фотографий шаг за шагом с отличными инструкциями. Фотографии помогли мне лучше и правильно выполнять технику. Есть раздел по каждому методу работы с глиной и дает вам решения для проблем. Эта книга также предоставляет прекрасные руководства по покупке глины, созданию рабочего пространства и многие другие мнения о том, как стать профессиональным горняком."
"NEGATIVE","После прочтения резюме ""Была маленькая девочка"" я не мог дождаться, чтобы вникнуть в книгу. К моему удивлению роман был немного похож на кусок джамы, когда вы его впервые положили, свежий и мягкий. Затем по мере того как вы продолжаете жевать он теряет свою привлекательность, а затем с еще большей частью жевании он полностью без вкуса. Я также не была поражена расизмом, суждениями и языком. В целом эта книга была большим разочарованием."
"NEUTRAL","Мне понравилась эта книга и я рекомендую ее тем, кто интересуется эволюцией научной фантастики. Есть отличный странный вкус к Sci-Fi из этого времени, 40-х годов, с идеалистическими надеждами эпохи давая его высказывание положительный оптимистический резонанс. В этой книге есть много смеха в громких моментах на эксцентричность персонажей роботов, а также некоторые причудливые отражения человеческого рода."
"NEGATIVE","Я, возможно, был глупым и не заметил но это была мера предосторожности."
"NEUTRAL","В этом выпуске журнала ""Журнал исследований сознания"" представлена полезная и освещающая коллекция статей крупных исследователей нейробиологии (в том числе Рамачандрана и Зеки) о том, как архитектура и организация мозга влияют на наше восприятие искусства. Статья Зеки стала основой его новой книги (""Внутренняя видение: объяснение искусства и мозга""), в то время как Рамахандран очевидно пользуется возможностью показать свою эротическую художественную коллекцию!"
"NEUTRAL","В отличие от трех преквел, ""Батлерский джихад"" разочаровывает скучный стиль написания и хотя сюжет опирается на обычную многоликую мозаику, он не особенно захватывающий."
"NEUTRAL","На передней странице выделяется полный цвет и дает впечатление, что вичинанки будут из разных регионов. К сожалению, все они - курпиовские (единоцветые), а не многоцветной слоевой Lowickie wycinanki, как это видно на передней части. Тем не менее, довольно хорошая покупка."
"NEGATIVE","Я читал книгу ""День, когда не умирают свиньи"" в шестом классе. Мне казалось, что эта история ужасна, нереальна и просто ужасно! Хотя некоторые части были нормальными, другие сложно следовать и имели очень ясные описания."
"NEGATIVE","Я читал эту книгу, потому что мой друг сказал, что она хорошая. Хотелось бы никогда не прочитать ее. Мне хотелось умную книгу, которая была бы интересной и мне понравилась. Вьютерные высоты - это просто говоря, плохая книга. Слава богу за Исаака Асимова!"
"POSITIVE","Есть веские причины, почему книга ""Ветром ушел"" (англ. Gone With The Wind), издана 73 года назад, является классикой среди классиков и обладателем Пулитцеровской премии, а продано более 28 миллионов экземпляров в 37 странах мира."
"NEGATIVE","Я только что посмотрел презентацию A&amp;E по телевидению, я был удивлен видеть генерала Горацио Гейтса присутствующим на заседании или военном совете Вашингтона в доме Меррик. Я не могу найти никаких фактов в фактических историях, которые помещают Гейтс на эту встречу. Поскольку это роман, возможно автору разрешено некоторое отклонение от истории."
"NEGATIVE","Доктор Феллман, вероятно, тратит по меньшей мере 3/4 своего пространства на описание достопримечательностей и окрестностей Walt Disney World, а менее 10% его пространства предлагает какой-либо реальный научный анализ социологических последствий WDW. Это вряд ли стоит цены за несколько страниц критики он предлагает, но если кто-то ищет квазипрофессиональное описание WDWA как это было 15 лет назад - и особенно первой воплощении EPCOT Center, это может быть забавным..."
"NEGATIVE","История очень проста, но действие, так сказать, не происходит до последней трети книги. Это была битва для преодоления сухого среднего!К сожалению история также исключительно легко догадается и поворот истории ни в коем случае не удивляет.С плюсовой стороны книга дает хороший взгляд на жизнь пуританских ранних американских общин и их моральных структур."
"NEGATIVE","Автор Роберт Зубрин, очевидно, имеет большие научные заслуги. Он должен быть блестящим. Его нефантастическая книга ""Причина Марса"" добавила ценную информацию и понимание к темам мыслей по этому вопросу и вызвала одобрение таких людей как Баззз Олдрин, Карл Саган и уважаемый Артур Кларк.К сожалению, однако этот роман о первом путешествии человека на красную планету является идиотским."
"NEUTRAL","Эта версия намного превосходит предшественников. Информация предоставляется в четких, организованных форматах и использование языка гораздо проще для понимания."
"POSITIVE","Этот продукт был получен как обещанно и в отличном состоянии."
"NEGATIVE","Большинство писем Эмили Дикинсон были публичными очень долгое время и стали центром дискуссии, которая началась сразу после ее смерти в 1886 году. Дебаты проходили между двумя основными фракциями: 1) свекровь Эмили Сью Дикинсона и её дети; 2) Мэйбл Ломис Тодд, любовница брата Эмили Остин 13 лет (братьём Эмилии был Остин муж Су) и детьми Мейбль (и родственниками упомянутых выше и их потомками!"
"POSITIVE","Смерть приходит к архиепископу - это как празднование различных направлений прошлого девятнадцатого века Америки, так и детальный анализ добродетелей двух мужчин, которые помогли сформировать это прошлое. Издание книги в 1927 году было всего через пятьдесят лет после основных событий, поэтому вероятно, были многие старые читатели, которые хорошо запомнили эти события. Большая часть сюжета происходит на Юго-Западе до, во время и после Гражданской войны."
"POSITIVE","В Джули и Юлии молодая, недавно замужем женщина часто грязная, но в хорошем смысле она пытается найти свой путь. Она не удовлетворена своей работой или жизненными выборами, которые привели ее туда, где она находится. Она неустроена, неудовлетворенна и разочарована собой (хотя она расстраивает своего мужа)."
"NEUTRAL","В этом совершенно новом, 2001 году 208 страниц ссылки имеет более 400 красивых фотографий, многие цветные и богатая информация о премиях сети ресторанов. Обхват варьируется от A&amp;W, Arby's Baskin-Robbins, IHOP, Little Caesar's, McDonalds, Wendy's и White Castle. Есть много интересного и полезного текста сопровождающего каждый раздел. Значения кажутся актуальными и разумными. Индивидуальные профили компаний очень интересны. Я нашел этот объем довольно полезен."
"NEUTRAL","В первую очередь, в истории и на других языках есть много интересных идей для фантастических серий. Новые два романа не так уж и интересны к политическим сообщениям, но слишком много проповеди затухают их."
"NEUTRAL","Единственная жалоба, которую я имею в том, что Вуд резко недооценивает влияние социальных различий на богатство, особенно наследованное."
"NEGATIVE","С учетом всей информации, приведенной в книге, можно подумать, что больше людей будут ""правыми консерваторами"" как Коултер. Однако именно та информация и метод, которым она предоставляется, так разозляют либеральных левых, что ей когда-либо давали платформу для выступления. Вот кое-что, над чем стоит обратить вниманиеПочему консерваторы правы, а либерали нет?"
"NEUTRAL","Как и старый фильм, который все еще стоит посмотреть, ""Бесов Люцифера"" - это замечательный образ нашего общества в аду в таре после удара кометы на Землю. Действительно напряженный, очень полезный, весьма забавный."
"NEGATIVE","Окей, ""Питатель в рой"" должен быть классической книгой и все предположительно любят ее, но давайте! Я почти заснул. Я ждал чего-то случиться, а ничего не произошло. Я пытался закончить эту книгу, но не сделал этого, потому что каждый раз, когда я её поднимал, я знал, что это будет тотальной тратой моего времени и мозгового потенциала. Автор не имел выбора слов, и предложения были плоскими и скучными. Мне может быть, что-то упускается, но я не понял смысла."
"NEGATIVE","У меня есть один из оригиналов этой книги, и он такой старый и хрупкий и был так странный и трудно понять со всеми этими большими словами, и отличается от новых копий. Единственная причина для чтения его будет в школе."
"POSITIVE","Я считаю, что это история дзен, созданная задолго до того, как большинство западных людей имели представление о том, что значит быть дзеной. Штайнбек явно занимался интеллектуальным и духовным занятием, которое было видениезвездным и, по-видимому, не совсем модным в свое время. Нельзя не верить, что Стейнбек показывает себя в Каннери Роу, как истинный предка движения Бита по различным причинам."
"NEGATIVE","Я первоначально купил эту книгу, чтобы увидеть, может ли она решить некоторые противоречивые доказательства, которые существуют в различных писаниях о убийстве Кеннеди. Я был осведомлен об ее критиках и о том, что несколько свидетелей и источников, цитируемых в книге утверждают, не дали информации Поснеру. Я обнаружил, что книга полностью исключила многие ключевые и спорные вопросы, и я пришел к выводу, что это было написано как заявление по защите прав человека, а не как расследовательская журналистика."
"NEGATIVE","Это четвертый раз, когда я пытаюсь прочитать эту книгу и все еще не могу ее пережить. Я впервые попробовал в конце 60-х годов и уже трижды попытался с тех пор. Получил Kindle добавление и подошел дальше, чем раньше, но всё равно не прошла более трети книги. Я люблю фантастику и научную фантастию, но это слишком плотно для меня. Хотя язык красивый, писание тяжелое и сюжет невероятно медленный движение. Мне просто придется пройти через жизнь никогда не читав эту книгу в полной мере."
"NEGATIVE","Эта книга - это не что иное, как раздражение и резкие скандалы безумца с огромным эго и без оригинальных идей. Начиная со названия этой книги продолжается показать примеры того, почему люди тратят миллионы долларов на маркетинг каждый год, кроме того, автор не показывает примера того, как он действительно преуспел там, где другие потерпели неудачу. Возможно, это связано с тем, что об бредовом поведении легче писать, чем о реальности. Сохраните свои деньги для хорошей книги."
"NEUTRAL","Книга - это обязательная книга для выборочного аспиранта, который я сейчас читаю. Если вам интересно христианское консультирование, то она хорошая для чтения, потому что представляет аргументы по поводу того, почему оно является эффективным методом. Если вы не заинтересованы в христианском консультировании, он покажет вам некоторые из верований, которые имеют христиане-консультанты. Это хорошая книга, но она немного на тяжелой стороне с точки зрения материала."
"NEGATIVE","Я хотел знать, как играть в бочче и как строить двор. Эта книга не удовлетворяла мои потребности."
"NEGATIVE","Когда я впервые начал читать ""Путешествия Штайнебека с Чарли"", я думал, что это будет интересная книга для чтения, учитывая, что мы там будем проводить викторины на нее, но когда я продолжал читать книгу, она была худшей книгой, которую я когда-либо читал в моей жизни. Книга была скучной и длинной, а также она бродила по всему миру. Я лично не видел никакого сюжета или даже хорошего плана организации, который идет дальше."
"NEUTRAL","Эта книга больше похожа на учебник. Она полезна для тех, кто не знает как написать эссе :) единственное, что если вы учитесь самостоятельно, кто будет вас оценивать или исправлять?"
"POSITIVE","Это первая книга автора, которую я читаю, но мне определенно понравился его стиль. История сделает отличный фильм. Я бы рекомендовал ее как пляжный чтение тоже. Я с нетерпением жду прочтения больше книг этого автора."
"POSITIVE","Бет Мур видит в сердце Божьего Слова и делает его настолько применимым к нашей жизни. Я так благодарна, что она использует свои дары для благословения других и показывает каждому нам, что мы должны делать во служении Богу. Если вы ищете способы увеличить и углубить свою молитвенную жизнь, то вам понравится ""Молитвы о Слове Бога""."
"NEUTRAL","Эта книга - научная фантастика для детей 5 класса и младше. ""Следующее поколение"" Mac ноутбук с голографическими изображениями и распознаванием речи как космический сервер, который может быть телепортирован в разное время. Американский друг как полный самосервер действительно довольно республиканский смешный. Я не думаю, что купил бы это для детей, которых знаю, так как это было бы оскорбительным? Книга больше похожа на плохой научно-фантастический мультфильм по телевизору, чем я хотел бы увидеть. И эта книга просто номер один серии!"
"NEGATIVE","Причины моего низкого рейтинга на данный продукт - во-первых, его состояние было плохим и не так, как рекламировалось. Обломок был сгиб и позвоночник был вырезан.-во-вторых, содержание, которое было объявлено, не доставлялось. Книга, которую я получил, была разорвана журналом о рекламе, а этот журнал о рекламных мероприятиях стал одним из главных продажах для меня."
"POSITIVE","Читатели книги Джек Рудлоэ будут ознакомиться с великой приключенческой историей, в которой герой должен сделать моральный выбор, который проверит его самые глубокие ценности. История реалистично разворачивается на угрожающей северо-флординской скамейке, которую Рудлое знает близко и предоставляет ряд красочных персонажей, которые фактически более реалистичны, чем читатель может поверить. Потлок занимается столкновением наркотиков и культуры скамейки для ролики и быстрого чтения."
"POSITIVE","Я бы рекомендовал эту книгу всем, кто когда-либо любил читать! я заметил, что эта книга не так популярна среди мужчин, как у женщин, поэтому хотел бы предложить ее всем мужчинам, которые пропускают настоящую классику."
"POSITIVE","Я очень любила эту книгу - она стала моей любимой книгой Гришам. Она была сладкой и теплой, и вы можете сказать, что он написал ее с большой любовью. Я его большой поклонник и мне понравились другие книги много, но эта книга была очень особенной."
"POSITIVE","П.Г. Вудхаус был таким фантастическим и плодотворным писателем, его истории всегда развлекают. Это некоторые из лучших - на мой взгляд, лучшее! - серии ""Джейвс и Вустер"". Хотя я читал эти рассказы раньше, они всегда весело прочитать снова. Эта коллекция должна предоставить фанату Вудхайза много часов приятного чтения и обеспечить импульс для чтение дальнейших историй о нем. (Я еще не читал ни одной из его Бландинговских историй)."
"NEGATIVE","Книга для правых недугов, предпосылка которой полностью уничтожена реальностью. почему кто-то с двумя мозговыми клетками тратит деньги на этот пузырь мусора - это загадка для меня."
"NEUTRAL","Для начала, я должен с сожалением признать, что многие из того, что названия эротики сами по себе не очень эротичны, но глупы. Похоже, вы пропустите идею о том, что если написание хорошее, если персонажи на самом деле приближаются к трехмерному, то история лучше и секс более сексуальный. К счастью, Венди Харрис знает это и даже счастливее, ее письмо привлекательно, забавно и довольно сексуально. Были моменты, когда я действительно смеялся громко во время чтения этой книги."
"NEUTRAL","Интересная книга, известная и все же интересная для тех, кто хочет отвлечься от своего мышления и расслабить свой мозг."
"NEUTRAL","Мне понравилась первая половина, которая сосредоточилась на истории Кен Кези и сцене в Пало-Альто и Ла Хонда; также углубился в движениях Кези из психосоциального угла. Но как только Кези улетел в Мексику книга становится похожей на комедию действия, следуя почти исключительно его полета."
"NEGATIVE","Я, как начинающий пользователь Photoshop PC, нашел эту книгу почти полностью бесполезной. Автор не дает никаких шаг за шагом инструкций по созданию конкретных элементов. Вместо этого он просто говорит: ""Я открыл логотип и вставил его в изображение (см. Фиг.12) "", но так как нет CD, вы не можете следовать! Невероятно. На сайте автора также нет ни одного скачиваемого примера книги.Разделы на отдельных веб-мастерах являются пустой тратой места."
"NEUTRAL","Несмотря на то, что я большой фанат Драккеров, я дал этой книге рейтинг четырех звезд. Сказав это, книга была интересной и хорошим процессом обучения, но она не заставила меня пережить сдвиг парадигмы. Глобальная экономика и государство нации (глава 14) сохранили мой рейтинг книги потому, что он был настолько проницательным. Я нашел большую часть книги для заполнения, потому что много контента можно найти в других книгах Драккер и может быть найдено из главы в главу в эту книгу."
"NEGATIVE","Не тратьте время на покупку этой карты. Это была самая бесполезная покупка всей моей поездки. Она ничего не показывает и это как если у вас нет карты, когда я приехал в Бразилию мне пришлось купить другую. Единственные очень хорошие карты - те, которые сделали Кватро Родас, если вам повезло найти одну."
"NEUTRAL","Элизабет Масси написала 23 книги, начиная от ужасов и заканчивая исторической нефантастикой. Она также является опытным писателем коротких рассказов, которые были опубликованы в таких небольших журналах ужаса для прессы, как Cemetery Dance, The Horror Show, Bizarre Bazaar, Footsteps, Weirdbook и Deathrealm . Ее первое собрание коротких повестей ""Южный дискомфорт"" было опубликовано в 1993 году и установило ее в глазах своих сверстников как крупного автора ужасов."
"NEUTRAL","П.Д. Джеймс - одна из моих самых любимых авторов, ее рассказы сложны и умны, но не обременены плохим языком или графическими описаниями насилия. Я думал, что эта книга слабее других книг. Я думала, что большинство персонажей были поверхностными и воинственными, те, которые не использовались вряд ли. Рассказ был скучным, мне было трудно разделить героев время от времени. Последняя глава о личной жизни командира была странно неудовлетворительной."
"NEUTRAL","Отличная история, ведущая к финалу. Толькин ""обманул"" читателя из акции в конце очень раздражало меня. Я хотел крови, черт возьми!!!!"
"POSITIVE","Отличная работа. Книгу нужно читать медленнее из-за степени духовной интенсивности. Она стоит времени и усилий для человека, который хочет большего роста, чем может дать ""фотографическая история"". Эта книга относится к категории высшего образования изучения Библии и является той книгой, которую можно прочитать снова и снова с обновленным интересом."
"NEUTRAL","Просмотр книги, сравнивая ее с фильмом не идеальное дело, но я сначала посмотрел фильм Уилла Смита, который сам по себе был не первой киноадаптацией книги - Последний человек на Земле и Омега-Человек оба были основаны на романе и вышли более 30 лет назад, а только спустя больше года прочитали роман. Характер Роберта Невилла в книге сложнее, склонный к слабостям и более ошибочный, чем персонаж фильма."
"POSITIVE","В этом случае, если вы не будете читать книгу ""Четыре соглашения"" в своей жизни - это очень проницательно и я хотел бы прочитать ее сорок лет назад."
"POSITIVE","Я купил это с моими пасты KA прикрепления и это просто замечательно. я один из тех, кто имел миксер 2 года & никогда не использовал его в полном объеме потенциал. так что это стало прекрасным спутником!"
"NEGATIVE","Я купил эту книгу в надежде узнать о человеке через ее собственные прямые слова и мысли, это к сожалению не было так. В Condi Феликс вырезает и переставляет информацию о Райс из своей семьи, коллег и друзей, а затем пытается предложить последовательный профиль увлекательной фигуры. Я не мог быть более разочарован или отключенный, биография предлагает почти нулевую представление о том, кто является Райс как личностью по сравнению с тем, что она достигла."
"NEUTRAL","В этом повествовании рассказывается о жизни Джеймса Бакстера, флейтиста и ""настраивает ухо читателя на самые глубокие мысли музыканта"". ""Бач-суит"" создает настроение с прологом. Слушать Мозарт напоминает мне знакомого, который не хотел (или не мог) попросить своего отца слушать Энью - это смущает их обоих, сказал он, так как его отец слушает только Вагнера в своем подвале рабочей комнаты. Как кто-то может быть таким узким?"
"NEUTRAL","Джеймс - мальчик, который сделал это и остался с ужасными муравьями. Он бросает волшебные бобы, а затем в его дворе растет огромный персик, он находит гигантских жуков! Затем они проваливаются в море, а потом в небо. Присоединяйтесь к Джеймсу в своих прихожанках и читайте книгу!"
"NEUTRAL","Эта книга была в списке требований для поступления на учебу по английскому языку I в школе моего города. Я нашел книгу очень интригующей. Она показывает вам жизнь как в худшем, так и в лучшем виде. (Пожалуйста, не просите меня подробно рассказать :) !) Книга также дает вам взгляд на человеческую природу в целом."
"NEGATIVE","Это один из тех странных случаев, когда фильм лучше книги. Я сначала посмотрел фильм и наслаждался им. Потом прочитал книгу. Книга вытянута и медленно движется, персонажи плохо развиты и она полна политической повестки Сагана, которая отвлекает от того, что должно быть забавным научно-фантастическим романом."
"POSITIVE","Я имел возможность увидеть галереи этого романа до публикации в прошлом году и даже дать автору мнение или два, и я тогда думал, что эта книга выглядит очень перспективной. Теперь, читая ее в опубликованном виде, я думаю ""Дорогиня мудрости"" еще лучше предыдущей книги Индии Эдхилла ""Кралица"" - история королевы Микала, дочери Саула и супруга Давида. В ""Дочь мудрости"", Эдгал воссоздает дворец царя Соломона и Билькиса, Королевы Шебы."
"NEUTRAL","Я действительно не думаю, что я когда-либо рекомендовала бы эту книгу кому-нибудь. Простите, но это факт. Эта книга Штайнебека... вытянута; мне было очень легко ее сложить и казалось, что не могу вовлечься в книгу. Может быть потому, что она является художественной литературой, а я думаю, чтобы этот жанр был не совсем лучшим формой написания Штайнбекса. Когда я открыл книгу, я была отвлечена, очень легко. Книге недостает всего гения Джона. Она тянет как мертвый вес, и граничит с скукой."
"NEGATIVE","В этой книге есть полезная информация, если вы имеете дело с очень сложным ребенком."
"NEUTRAL","В книге ""Сладкий дом"" сети с четырьмя детьми, но после всего двадцати восьми дней свободы она была захвачена своим старым хозяином. Сетх вышла замуж за своего отца и мать в Нью-Йорке."
"POSITIVE","Я признаю, что я не самый творческий человек в том, чтобы придумать игры для своего 10-недельного сына, а эта книга была мне вдохновением. Идея о том, как научить ребенка тому, где его нога, или как сидеть на месте, или плавать пузырьком, потрясающая, и вид его лица, когда я делаю то, что рекомендует книга - это просто чистая радость! Моя единственная рекомендация заключается в том: оставайтесь хотя бы месяц назад и делайте вещи с того месяца, который вы думаете ваш ребенок готов к этому."
"POSITIVE","Один - Грегори Диксон: Мой тип мужчина! Профессиональный, христианский, заботливый, подлинный. Его характер был невероятным и заслуживающим доверия одновременно. Я согласен с одним из первых рецензентов. Почему наши чернокожие люди не могут быть изображены как любящие мужчины, которые поклоняются земле, на которой мы ходим? Я LOVED этот персонаж. Он был моим абсолютным фаворитом.Двое - Грейс Чарльз: Пример для всех женщин! Здоровая, мягкая-Спокойная, профессиональная, талантливая, решительна. Она была нежной женщиной, но не ""да"" женщина типа мужчину."
"NEGATIVE","В следующем выпуске должны быть фотографии всех артистов - мы знаем, как они пели, теперь и не знаем почему - но какими они выглядели в свое время? Все равно - отличная книга!"
"POSITIVE","Я читаю эту книгу каждый год. Я ее читала с детьми, и они тоже любили её!"
"NEUTRAL","Я начал эту серию в средней школе, не могу дождаться ее завершения! Всегда весело и легко читать."
"NEGATIVE","Я шокирован, насколько плоха эта книга. Автор одержимый расизмом, но делает стереотипы из людей, живущих в городе. Он выступает как легкий элитанец, у которого нет умения писать книгу по столь сложному вопросу. Он повторяет себя снова и снова и никогда не действительно захватывает ничего под поверхностью. Неудивительно, что так много любили эту книгу, потому что она не облагает налогом мозг и оберегает тех, кто слишком глуп, чтобы осознать, что они опекунируются."
"NEUTRAL","Хоган, как обычно (Гианты, Животворк, Трижды в одно время), делает великолепную работу по созданию захватывающей истории на основе правдоподобных научных принципов. Писание Хогана довольно сложное, и он делает отличную работу привязывая кажущиеся незначительными свободными концами. Некоторые из развития персонажей казалось немного искусственным, хотя я бы решительно рекомендовал прочитать первые три книги Гиантов, хотя эта история стоит главным образом сама по себе."
"NEUTRAL","Франциск - очень умный человек, который был дорого необразован. Он знает много о немецких философах 19-го века, таких как неутомимо скучный Хегель. Тем не менее, с тех пор, как он учился в колледже, он самообразовался почти героически относительно реального мира. К сожалению, в этой книге он пытается объединить Гегеля и реальность, при этом получая несравненные результаты."
"NEUTRAL","Хотя ""Чужой рядом со мной"" - это книга о одном из самых известных серийных убийц Америки, она казалась слишком длинной и инертной. Возможно потому, что была написана в первом лице, а этот человек был Энн Рулль. Я положила ее несколько раз и не могла снова поднять."
"POSITIVE","Это захватывающая книга, это не только о рисунке следов на поверхностях. Список вариантов довольно обширный от жидких слипов, изменения цвета глины, резение, подстежки, сдвигающие следы, блестящие изделия и, конечно же, впечатления и разрезы, выполненные инструментами. Робин Хоппер - мастер глины из-за лет его поглощения. Он использовал качественную работу различных горщиков для демонстрации разных форм украшения."
"NEGATIVE","Я искал легкую летнюю книгу с хорошей историей и некоторыми смехами. Мне едва удалось получить рассказ, а не было смехов. Сюжет был разработан с помощью некоторых персонажей только для того, чтобы продвинуть историю вперед. Как герой Катя не имела никаких избавляющих качеств. Когда ей продолжали происходить добрые вещи, я продолжал искать противоположность. Единственная причина, по которой я закончил, была потому что у меня была надежда на то, что Катя может развиться как персонаж."
"POSITIVE","Книга, безусловно, стоила того, чтобы ее купить и она определенно пролить свет на ситуации, с которыми мы сталкиваемся в жизни."
"POSITIVE","Эта книга привлекла меня с самого начала. Это действительно одна из самых вдохновляющих книг, которую я читал за долгое время. Читать через чудесные времена и тяжелые времена об этой семье было отлично. Хотя эта книга печально разрывает слезы общее чувство ее - это счастье. Маленькая Анна была бесстрашная перед лицом смерти, что мы все можем надеяться быть когда наступит наше время. Спасибо вам большое за написание этой книги Мария!"
"NEUTRAL","Это была пугающая, тревожная книга с в конечном итоге надежной концом. Она была гораздо более аналитической и философской, чем я ожидал, думая, что это будет больше традиционный сюжет ужасов без многого другого. В то время как некоторые из длинных речей от отца Уилла стали немного утомительными, главная мысль - что зло питается печалью и отчаянием и может быть побеждено счастьем, смехом и любовью - прекрасно вошла в сюжет. Уилл и его отец являются отличными персонажами, соперничающими против мистера Стерлиона."
"POSITIVE","Эта книга очень быстро читается. Вы будете наслаждаться ею на празднике."
"POSITIVE","Удивительно, что многие люди никогда не читали эту книгу. В конце концов, практически невозможно найти американца, который не знаком с историей, персонажами и сразу узнаваемыми иллюстрациями. Однако на самом деле много взрослых никогда не пробовали блестящей но устаревшей прозы, содержащейся в страницах книги ""Алис в стране чудес"". И большинство из них никогда не будут делать этого, потому что она воспринимается как детская история и книга, которой им не нужно беспокоиться, так как они уже знают основную историю."
"NEGATIVE","Хотя эта книга описывает некоторые великие качества, которые женщина в бизнесе должна стремиться иметь, я не забочусь о книге продавая себя, что она основана на Старом Завете Книга Естер. На первой странице этой книги говорится, что это была Эстер, которая достигла своего положения как королева и затем спас ее народ. Это не точка ВОЛЬНЫЙ СТРАНИЦЕ КАБУМ ИСТЕРА. Бог поставил Эстер в положение влияния и использовал её для спасения своего народа."
"POSITIVE","Книга доставлялась намного быстрее, чем ожидалось и была в отличном состоянии. Я так рада найти твердую обложку этих историй!"
"NEGATIVE","Я не понимаю, как люди могут любить эту книгу! Это действительно скучно и я не очень люблю или понимаю этого парня Джека. Думаю, что я бы дал этой книге лучший балл, если бы она не началась слишком медленно. Если у вас нет этой книги, то не беспокойтесь о ее получении, если вы не хотите быть запутанными первыми пять глав и скучать больше всего остальных. Просто это не стоит того."
"NEUTRAL","Персонаж был последним завершенным романом Остин до ее смерти и был написан во время гибели писателя, что может объяснить его более короткую длительность по сравнению с другими её романами. Хотя он кратче рассказывает, в нем не отсутствуют ни один из признаков стиля Остина, включая всезнающий ирронический (и порой в этой работе циничный) повествовательный голос и ее остроумные, но чрезвычайно тонкие комментарии о своем подходе к женщинам и социальной иерархии."
"POSITIVE","Я любил читать ""Элла Зачарованная"". Я прочитал ее 5 раз и каждый раз узнавал что-то новое. Это отличная сказка, которая очень интересна и весело! Мне понравилось то, как Элла была не так совершенна, как Снежная Белая или Пепелица. Когда она злилась, ненавидела или не одобряла что-либо, она показала это и не боялась тоже. Это часть того, что делало эту книгу такой интересной."
"NEUTRAL","""Внизу этих мелочных улиц"" вы получаете три книги за цену одной.Первая книга соответствует названию: взрослый молодой человек вдоль опасных прохожих по Испании Харлем. Здесь мы видим опасности, связанные с пересечением бетонной джунглей, необходимость твердости и сопутствующую смерть нежности в юности. Автор Пири Томас подробно рассказывает о том, какая была жизнь для пуэрториканцев, переезжающих в бывший итальянский район, и реакция итальанцев на их расселение."
"NEGATIVE","Если бы я жил своей жизнью, не читая этот роман снова, я умру очень счастливым человеком. Широкое Саргасовое море Жана Рыса - один из худших романов, который я прочитал за всю свою жизнь и это чтение можно сравнить с прислушиванием к ногтям, высказывающимся на кредовой доске. Это совершенно непоследовательно со всего лишь тростью безумия. Я уверен, что если бы Шарлотта Бронте прочла это, она хотела бы никогда не писать Джейн Эйр."
"NEGATIVE","Первое, что нужно понять о ""Зеноциде"", это то, что половина из нее на самом деле не была предназначена для романа ""Эндэр"". Кард объединил свою ранее безуспешную Новелу об инвалидах гении в ""Мир Пути"" с успешной серией ""Эндер"", едва ли даже беспокоясь о создании даже самого базового последовательности между двумя историями. Вот почему большая часть книги кажется, что ничего общего нет ни с Эндером, Нисманской или вообще, чем-либо другим в серии."
"NEGATIVE","Я пытаюсь следить за программой уже некоторое время. Теперь я полностью уверен, что этот тип персонала просто не может работать. Если кто-то набрал высоту во время выполнения этой программы, это произошло не из-за программы. Причина, по которой я говорю это потому, что с того, как книга написана и установлена вы можете видеть, что она создана в течение нескольких дней кем-то, у кого нет никакого представления о том, как вырасти выше. Единственное, для чего создано - это брать деньги от нас."
"NEGATIVE","Я купил эту книгу на основе ярких отзывов здесь. Я был глубоко разочарован. Мой главный возражение заключается в том, что большинство рецептов ""без пшеницы"" заменяют муку пшеница ячменным браном. Если кто-то реагирует на пшеницу, скорее всего они реагируют на глютен в пшенице и ячменьное брано содержит глютено (как же рожь и возможно овес). Только пара рецептов с использованием муки использует безглютена заменитель. Бммер."
"NEGATIVE","Я даже не перестал читать эту книгу, потому что хотя я пытался ее прочитать и заснул на почти каждой другой странице, письмо было запутанным и запорным, ""действие"" (было ли оно?) было медленно, и я просто не мог заставить себя заботиться о чем-либо из того, что должен был сказать этот автор. единовременное голосование курса AP Euro за меня вынудило ""читать"" это для сняли книгу со списка чтений класса следующего года..."
"POSITIVE","Я взял это после смерти Салингера и прочитал его с начала до конца этого уикенда. ""Бананная рыба"" и ""С любовью"", ""С любви и неловкостью"" - две из моих любимых историй всех времен."
"NEUTRAL","Хорошая история о рыцари и магии от моего любимого писателя фантастики."
"POSITIVE","Джоди Пиколь - моя любимая авторка всех времен. Я читала (с небольшими периодами сна между ними) всю свою жизнь. Эта книга была такой, которую я не могла оставить в руках. Я прочитала ее менее чем за 24 часа (рекорд для этой работающей мамы), и была грустна, когда она должна была закончиться.Я так привязана к этим двум семьям благодаря Пикольту идеальным описаниям их эмоций и тому, как каждый человек сталкивается с трагедией по-разному."
"NEGATIVE","Я думаю, многие согласны со мной когда я говорю что Лара была крутой, но уже не так. Многие игроки начинают от неё скучать."
"NEUTRAL","&quot;Названый ""духовным раввином"", Фине помогает трудящимся детям найти"" трансформации, родившиеся из кризиса"". Применяя принципы того, что он называет Путь к смыслу и надежде, Фине разработал восьмиступенчатую программу, ""полезную людям... работающим через... духовные чрезвычайные ситуации"". Основываясь на учениях еврейского философа Маймонида, Фина ясно понимает, что шаги, которые он разработал, не являются заменой для терапии или двенадцатиступенчатой программы."
"NEUTRAL","Возрождение Дракона действительно знаменует собой конец первой фазы ""Колеса времени"", где главные персонажи были в режиме приключений все время. Хотя я разочаровался редкими появлениями Рэнда, другие точки зрения персонажа веселые и быстрые... всё сосредоточено на том, что Рэнд начинает встречаться с его судьбой. Не совсем так сильное как две первые книги, но все же солидное чтение."
"NEGATIVE","В романе ""Взлопач в реве"" автор Дж.Д. Салингер пишет о подростке, который снова был выслан из школы и уходит за несколько дней до начала перерыва. Он отправляется в Нью-Йорк, где он проходит через много трудностей и мы обнаруживаем, что ему пришлось нервное расстройство. Я нахожу эту историю скучной и повторяющейся, и я нахожу количество плохих слов тревожным хотя возможно правильным для мальчика его возраста."
"POSITIVE","Я впервые прочитала эту книгу, когда была подростком. Она никогда не теряет для меня своей привлекательности. Эта эпическая сага охватывает все основные элементы - любовь, войну, историю и запоминающиеся персонажи - особенно харизматичную ведьму Скарлетт О'Хара и ее мужского коллега Рэтт Батлер. Начиная с того времени, как Скарлетте было шестнадцать лет, красавица округа со десятками боев быстро перемещается по мере того, как война стирает юг до начала войны."
"POSITIVE","Отличная книга с настоящими фотографиями феи!"
"NEUTRAL","Чарльз Фриман в книге ""Греческий достижение"" (The Foundations of the Western World) поведет читателя через 1500 лет истории, которая является увлекательной, развлекательной и просветительной. Информация будет знакома для тех, кто изучил этот период, но автор выдвигает мнения во многих точках, чтобы сохранить свою версию свежей. Эта книга, однако, идеально подходит для начинающих. Это больше чем опрос, но не совсем застрял с научными детритами."
"POSITIVE","Я люблю читать Уэйн Дайер, Авраама и другие подобные книги. Мой друг одолжил мне эту книгу, и я влюбился в нее. Я верю в элементарный материал. Эта книга была абсолютно удивительной. Танис недавно опубликовал другую книгу, а конечно же я хочу ее прочитать. Спасибо Танис за то, что поделилась с нами своим опытом. Мне бы хотелось познакомиться со своей собственной элементальной книгой!"
"POSITIVE","С более чем 1300 полноцветными фотографиями, которые буквально появляются на странице, эта книга установила новый стандарт для коллекционной книги. Это самая полная книга по теме и история фона представляет самую актуальную информацию, доступную. Благодаря ежегодным обновлениям новых находок и цены, книга предлагает самый реалистичный взгляд на рынок, который есть. Я не могу представить себе кого-либо с интересом в фигуровых лампах пытается собрать без помощи этой книги!"
"NEUTRAL","Я много смеялась, но не так сильно как должна была. Не все было забавно, но это было довольно хорошо."
"POSITIVE","Как новый автор, мне нужна большая помощь в продаже моей книги. Эта книга чрезвычайно хорошо организована и очерчена таким образом, чтобы найти то, что вы хотите очень легко. Я получил много идей, которые не кажутся очевидными."
"POSITIVE","Этот трактат показывает свет для спасения нашей дорогий нации. О, горе! Свет направляется в обратном направлении, к которому мы сейчас идем! Проснись от тупика, в котором наше общество желает вам быть и предпринимай меры, чтобы очистить туман внутри вашего собственного ума!"
"NEGATIVE","Хотя мы (предположительно) члены одного и того же политического хора, автор относится к экономике слишком просто. Называть эту книгу полемикой по кейнсианской экономике было бы точно, называть ее трактатом об экономике был бы совершенно неправильно. Время лучше потратить на чтение Бастиата."
"NEGATIVE","Возможно, не было справедливо для ""Возрождения Дракона"", что я читал книгу 3 игры престолов примерно в то же время. ""Взрождение дракона"" - это как призыв к сексу девушке твоей мечты. Хотя у ""Вновь рожденного дракона есть некоторая воображающая блестящая способность, он по сути является сборкой этих вращающихся сюжетных линий: 1) персонажи въезжают в гостиницу, диалог с скучными хозяевами гостиницы и т.д."
"NEGATIVE","Эти истории абсолютно не имеют ничего общего с землетрясением в Кобе, за исключением первой истории, которая включает женщину-подраздел, которая пятеро дней подряд смотрит на телевизор после землетрушения. Я была там примерно в 3 милях от эпицентра и мы все провели бесчисленные часы смотрев телевидение после того, как электричество вернулось. Но в других историях я не вижу связи."
"NEUTRAL","Около 10 метров в дно, а затем около 20 километров в глубину. В течение всего года он был на планете и не мог найти себе места для работы с помощью речного водопровода."
"NEGATIVE","Я должен был написать школьный отчет о этой книге, так что следующее, но сначала мне нужно сказать кое-что. Книги - это форма развлечения, как и телевидение и кино. Было много фильмов, которые были очень забавными, но крайне глупыми. Однако большинство книг склонны быть более сосредоточены на истории и сюжете, чем на развлечении. Тем не менее, все без достаточного сюжета для того, чтобы идти вместе с его стоимостью развлечений, будь то фильм или книга, будет отстойным. Эта книга входит в эту категорию."
"NEGATIVE","""Маленькие женщины"" очень похожи на группу ""Брейди Банч"". В свое время все знали, что она сладкая и нереалистичная. (Включая, особенно Алкот) Она всё ещё осмелилась заниматься теми темами, которые ранее были табу. (Для Малых женщин было смело показывать девушек с личностями, для Брейди-банча это было новое показать смешанные семьи.) Мир никогда не был таким - даже жизнь Алькота была не такой."
"POSITIVE","Это слишком убедительная история монстра, который молится о женщинах в сложных отношениях с мужчинами и женщинами, работающими вместе или в взаимном уважении. Другой персонаж выглядит слабым и неадекватным, но становится героиней, когда он находится в отчаянных обстоятельствах. Иногда ужасный и все же навязывающий, изменение от обычного стиля Брокмана, который работает блестяще."
"NEGATIVE","Джонатан Кэрролл написал некоторые из моих любимых романов. ""Земля смеха"", ""Кости луны"", ""Спящий в пламени"" и ""Отшеде собачьего музея"" - все чудесные, проницательные, блестящие. И как бы я ни хотел любить ""Женитьба палочек"", мне просто не удалось. Она начинается хорошо и тянет тебя прямо туда, но потом примерно на полпути она просто вроде дает дух (предназначенный подставка)."
"NEGATIVE","Я пытался и старалась продолжать читать эту книгу, но мне она не интересовалась. Генерал был жалким стариком, который казалось жить жизнью самопожаления. Мне надоело его жаловаться. Я знаю, что Габриэль Гарсия Маркес очень уважается за его писание, но я просто не мог в него войти. Думаю, я предпочитаю книги, которые чувствую, что есть чему научиться или хотя бы развлекательны."
"NEGATIVE","Некоторые поклонники Атвуда будут грустить, когда узнают, что Орик и Крейк - это моя первая попытка создать полный роман автора. Грустно потому, что это было... я с тех пор отказался от автора... такое плохое введение в книгу о которой слышал довольно много. Да, у меня есть жалобы. Большинство может видеть, что Атвуд не в ее элементе здесь. Вообще-то. Атвуд сделал некоторые исследования, но недостаточно для того, чтобы убедить меня, что она знает, о чем говорит."
"NEGATIVE","Несмотря на провозглашение Дейла Пекка, что ""Рик Мьюди - худший писатель своего поколения"" -- грандиозное заявление, но не так далеко от истины, хотя наверняка есть и хуже писатели Моуди's Generation, хоть и не столь высоко преувеличенные как хипстерский рок-н-ролл wannabe moodster-- я не думал, что фиолетовый рик Мудди напишет книгу хуже черной завесы, его самодостаточности, переукрашенности, подсердечного беспорядка воспоминаний. Но я ошибся раньше..."
"NEUTRAL","Хотя Джуд Темный может видеть несколько депрессивную темноту, и готический я действительно наслаждался историей персонажа Джуда. Он восхищался своей школьной учительницей в детстве и так хотел пойти к Христоменестру и стать ученым. Тот факт, что Джуд - джентльмен позволяет женщинам вроде Арабелла и Сью сбить его далеко от пути к своей цели. Это заставляет меня задаваться вопросом, что бы случилось с ним, если бы он не столкнулся с Арабеллой. После того как он покинул Арапеллу, он начинает влюбляться в свою кузину Сю."
"NEGATIVE","Я думаю, что по сегодняшним стандартам это немного разочарование. Лично я искал нечто большее, чем Форсайт с действием и сюжетом, а также детали о мире разведки, и был разочарован."
"NEGATIVE","Я пытался понять, я даже попытался перечитать его снова, но мне нужен переводчик из Юга, потому что это была самая непрочитанная книга, которую я когда-либо читал. Единственное, о чем я помню - девушка сидела на кровати и хотела иметь мальчиков. Дайте мне отдохнуть! Я знаю, что священно говоря, что Фолкнер должен быть в этом списке худших книг, но его письмо не делает этого для меня."
"NEUTRAL","В ""Коррекции"" есть амбициозные, если сказать меньше - порой блестящие, полные понимания природы дисфункциональной семьи и глубоко осведомленные о особенностях современного общества."
"POSITIVE","Это одна из тех редких книг, которая захватывает вас с первой главы и не отпускает до конца. Я чувствовал себя как персонаж и пережил их боль, шок, вину, гнев. Шреве делает отличную работу по слою информации, связанной с сюжетом и персонажами, так что к концу книги вы чувствуете, будто вы прожили всю жизнь с первых страниц книги до последней страницы."
"POSITIVE","Это, безусловно, одна из лучших книг, которую я когда-либо читала. Это аллегория о женщине по имени Муч-Африд, которая просит пастуха отвезти ее на высокие места. Ей говорят, что единственный способ добраться туда - взять 2 спутника - горе и страдание. Это удивительное путешествие, которое заставит вас действительно подумать о жизни и том, как вы живете в ней. Я рекомендовал эту книгу буквально десяткам людей за эти годы, и хранил несколько копий во все времена, чтобы я мог передавать их при необходимости."
"NEUTRAL","Мне понравилось перечитать эту книгу со своей книжной группой и обсуждать жизнь того времени в месте, которое мы все хорошо знаем."
"NEGATIVE","Какой прекрасный выбор песен, и отрывки из трех больших фортепиано/оркестральных произведений. И тексты и стихи включены! А потом всё испортилось потому что изменения аккордов слишком упрощены или просто неправильны. Жаль."
"NEUTRAL","Старик и море - это отличная книга о старом рыбаке Сантьяго и его молодом другом Манолине. Сантьяо не ловил рыбы в течение 84 дней, а отец Манолина решает, что он должен уйти, чтобы работать с более успешными рыбаками. Но Манолин все еще навещает его каждый день и они говорят о бейсболе, Янкиз и Джо ДиМагжо."
"NEGATIVE","Да, ""Гробовые ядра"" - настоящий американский классик. Да, это привлекает всех трудящихся-мигрантов. К сожалению, прочитать эту книгу потребуется около трех лет из-за ее чрезмерно скучных и безрезультатных отрывок, а если вы не Джефф Фоксверти, невозможно разгадать южный диалект. Так что Джоады переходят с работы на работу, зарабатывая никлей в день. И затем они теряют свою работу и уезжают на другую работу. Это продолжается на первых 400 страницах."
"POSITIVE","Путешествия всегда увлекали меня. С детства, когда я вырос в сельской местности Гватемалы, исследование было моей мечтой. Я всегда мечтал о том, чтобы сделать то же, что П.Дж. Пармар: путешествовать по миру с не больше чем одеждами, которые он носит. Переходить из одного захватывающего и непредсказуемого места в другое еще более захватывающее и не предсказуемое. Пармер удивляет меня простотой и точностью его повествования."
"POSITIVE","Я думаю, что книги SOT - лучшие книги, которые я читал. Теперь я не прочитал книгу ""Колесо времени"", так что мне плевать на то, если thay отворачивается, поэтому снимитесь, я буду больше читать его потому что мне нравятся книги SoT и если thay очень похожи, тогда они тоже понравится. Рейтинг книг в порядке: Первое правило волшебника, Храм ветров, камень слез, и худшее, но все же хорошая книга это Кровь из складывания."
"NEUTRAL","Более двадцати лет назад Фрэнк Герберт предвидел некоторые из возможных катастрофических последствий генетической инженерии. Один эксперт-ученый мог создать смертельную болезнь, которая могла бы охватить мир, если он был достаточно мотивирован. В этом случае ученый видит свою жену и детей убитыми автомобильной бомбой в Ирландии. Он изобретает потрясающий способ мести, сначала сосредоточенный на странах, которые он считает ответственными. Новая чума выходит из-под контроля."
"POSITIVE","Я купил много книг по кулинарной работе в течение своей жизни, и некоторые из них были вегетарианскими, так как я пытался много раз перестать есть мясо. Мне никогда не удавалось потому что мне не нравилась еда, которую я готовил. Эта книга по кулинарии решила проблему, у нее самые удивительные рецепты. Мне пришлось посвятить себя пониманию того, что мне придется тратить больше времени на готовиние, чем обычно, но результаты были потрясающими."
"NEGATIVE","Ванниски выступает против налогов. ""Три человека могут построить три дома за три месяца, а отдельно - полгода"". Если ставка налога на строительство домов составляет 49%, то они будут работать вместе... если налоговая ставка вырастет до 51%. Они потерпят чистый убыток из-за их командной работы и поэтому будут работать в раздельной биржевой экономике без уплаты налогов... правительство теряет все доходы, а экономика теряют производство..."
"NEUTRAL","В ней были представлены захватывающие и подробные иллюстрации собора на разных этапах строительства!"
"NEGATIVE","Пат Конрой начинает переваривать свою карьеру в баскетболе, но быстро развивает случай литературной диареи. Пролог интересен и часть 1 устанавливает тон его истории, но остальная часть книги преувеличена, мелодраматична, повторяется и порой невероятна. Принимая книгу по номинальной стоимости, я пришел к выводу, что мистер Конрой был лучшим баскетболистом, чем он писатель. Его настоящий талант - как нарциссист."
"POSITIVE","Фродо Багинс, хоббит из земли Шари, которому суждено было взять Один кольцо власти в царство Саурона. Довольно рутинный сюжет, учитывая сотни других фантастических названий на свете. Что делает ""Сдружество"" таким особенным? Каждая деталь книги была прекрасно спланирована, повесть сходилась вместе как головоломка-пилота, а ошеломляющие точки в книге (такие как нападение на их лагерь) также уравновешены легкосердечными сценами (Ривенделл, Эльфы)."
"NEGATIVE","Я люблю жанр научной / романтической / сверхъестественной и всегда нахожу интересные и тяжелые книги. Я искал что-то, чтобы ""потащить зубы"" в это и был восторжен, когда увидел это в продуктовом магазине.Я закончил первые две главы и действительно не уверен, что делать дальше. Я ненавижу жаргон, пытаясь услышать диалог вместо чтения его помогает, но поскольку я не привык читать жаргон он отвлекает меня и мешает мне попасть в историю."
"NEUTRAL","Несколько одноклассников также заказали эту книгу онлайн, но они выбрали другую и лучшую версию. Эта книга заполнена ошибками форматирования и орфографии как будто кто-то использовал сканер с программным обеспечением для распознавания слов, чтобы сделать эту копию. Моя рекомендация если вам нужна эта книга на занятия: продолжайте искать"
"NEUTRAL","Новый роман Ха Цзинь ""В ожидании"" невыразимлен и сдержан, поскольку он красноречивный. Лин Конг - военный врач, запутавшийся в неудовлетворительном организованном браке. Его жена Шую живет на селе, заботясь о своих больных родителях, а Лин продолжает свою военную карьеру в городе. Лин встречается с Манной, медсестрой, которая работает в его отделении в армейской больнице. Несмотря на очевидные препятствия, они начинают ухаживать и влюбляются: &quot;Ее влажные губы сворачиваются мечтательной улыбкой, как будто она пьяна."
"NEGATIVE","Если вы изучаете Visual C++, не покупайте эту книгу. Вы НЕ научитесь Visual C++ за 24 часа и будете устать от этой книги. Вы NЕ научетесь Visual c ++, читая эту книгу! Это означает, что вы не прочитаете эту книгу до конца... Читайте другую книгу."
"POSITIVE","Уникальный способ, которым Пэт О'Доннелл схватывает искренние и трогательные взгляды на Ренжерс и воздушные боевики Второй мировой войны делает эту книгу невероятной. Эти ветераны описывают свои опыт в бою своими словами и после того как держат их внутри, возможно, заложенными более 50 лет они выходят таким страстным и незабываемым образом."
"NEGATIVE","Я любил все книги серии ""Колесо времени"", но что случилось с этой? Только в последнем квартале был Роберт Джордан на самом деле. Первые 3/4 были дриблинг. Это могло быть одним из самых интересных книг, но он его испортил. Надеюсь, он больше сосредоточен на следующей."
"NEGATIVE","Я любил оригинальный ""Код Жизненного Творца"" так давно, но спустя 20 лет я нашел этот продолжение не менее ужасающим и плохим таким образом, что предполагает, что Хоган не уважает ни своих слушателей, ни себя. В то время как оригинал показал чудесное воображение, он был основан на реальной науке и способе поведения реальных людей."
"NEGATIVE","Харт принимает простые заявления и события и интерпретирует их таким образом, чтобы они означали то, что он хочет, чтобы это имело в виду. Интеракции очень часто довольно длинные с малой или даже какой-либо чувством исторического контекста, учитываемого. Книга интересна иногда, но больше спекуляция чем факт."
"POSITIVE","Эта книга очень четкая и проста в использовании. Она превзошла мои ожидания. Иллюстрации ясны, слова простые. Я только начал 3 дня назад и мой девятимесячный мальчик обращает внимание на движения моих рук, когда я делаю знаки так, как будто он понимает. Мне действительно весело общаться с сыном жестовым языком, и мне хорошо знать, что есть более чем один способ общения."
"POSITIVE","Это последнее произведение Юнга до его смерти в 1961 году, и первый раз он пытался представить свою жизнь мирянам. Если вы заинтересованы в Юне или человеческих символах, это отличный старт."
"NEUTRAL","Мне очень понравилась книга, особенно бесплатно, но мне не нравилось то, как вы добираетесь до конца и можете выбрать голливудский финал за $ 99,99. Эта книга стоит больше чем это в любом случае, но дополнительная только дает вам главу. Я буду читать больше от Тима Грейтона. Это хорошая книга, которая даёт вам перспективу на жизнь бездомных."
"POSITIVE","Мне очень нравится, как в книгах Chic Simple нет моделей. Если посмотреть на супер-прикрашенных мужчин и женщин, то они могли бы убрать от истинной цели этих книг. Хотя я не могу точно повторить каждый костюм в Walmart, я могу использовать эти фотографии в качестве гидов. Каждый из них может быть не вашим стилем, но вы можете выбрать одежду и цвета, которые сделают вас лучше всего выглядеть, и уйти отсюда. Однажды я буду достаточно смелый, чтобы взять с собой книги Chic Simple во время покупок!"
"NEGATIVE","Мне нравятся проблемы, которые приведены в книге, но вы не можете использовать эту книгу для обучения чистой алгебре студента. Большая часть ее должна быть объяснена из вашего собственного знания, что хорошо для меня. Самая большая обида у меня по поводу этой книги - это ошибка на странице 12. Проблема 1 (x + 5 = 3) должна иметь решение ""x = -2"", но ответы книги говорят, что это ""2"". Это также приводит к неправильному ответе на головоломку. Ответ должен быть ""Двадцать восемь"", но правильно решать проблему дает вам ""Двенадцать восьми""."
"NEGATIVE","Я был очень заинтересован в ангелах и духовных гидах, а также работал с ними за последние 5 лет. Поэтому я охотно взял книгу Уэбстера."
"POSITIVE","Это была первая из книг Ле Доуфф (Recherches sur L'imaginaire philosophique, 1980) , которая была опубликована на английском языке (The Philosophical Imaginary 1989). Те, кто интересовался феминистской идеей, могут быть только в ее более поздних работах: ""L'etude et le rouet"" (переведенный как ""Выбор Гиппархии"", 1991) и ""Le sexe du savoir"" (преведенная как ""Секс знания"", 2003). То, что сделала Ле Доюф в 1980 году, по-прежнему кажется очень свежим и доходит до точки споров о возможностях философии."
"NEUTRAL","""Этот случай такой же простой, как черно-белый"". (Ли 203). Эта цитата о расизме, который является одной из тем в книге Харпер Ли Убить петуха. Эта книга разворачивается на Юге 1960-х годов, где расизм был очень распространен и широко принят белым сообществом."
"NEUTRAL","Книга, которая захватывает воображение. персонажи вымышленные, да, но кажутся правдоподобными. Поскольку история основана на истории Ленинграда и Эрмитажа, есть измерение в письме, которое не часто запечатлено в большинстве романов."
"NEGATIVE","В вышеперечисленном рецензенте подчеркивается худшая часть ""Идентификации пользователя"" (за исключением, возможно, хромого названия, которое является одним из худших в недавней памяти) - близорукий взгляд на современную жизнь, который, по-видимому, обитает только либо в Нью-Йорке или Лос-Анджелесе, причем все остальные места представляют такой малой заинтересованности, что буквально не существует."
"NEUTRAL","Мне не понравился ""Снегник чемпионов"", поэтому я колебалась прочитать это. Но благодаря этому маленькому столу в моем холле здания, я нашел эту часть бесплатно и ждал ее вырубки. Честно говоря, меня привлек этот запах старых бумажных книг. Вы просто не можете победить его. Не то, что я ожидала. Это антивоенная история с Билли Пильгримом как очень скучным, беспокойным и безумным героем."
"NEUTRAL","Я только что прочитал Перлу из Китая и очень понравился стиль автора. я купила императорскую орхидею и еще одну ее книгу (Дикая Имбирка). эта просто не такая интересная. надеюсь, другие два будут лучше."
"POSITIVE","Джеймс Эгей написал эту книгу в то время, когда умер и был так потрясен смертью своего отца, что он никогда не смог закончить ее. Она охватывает 4 дня помимо выбранной прозы, включенной как воспоминания о детстве главного героя Руфуса. На каком-то уровне Руфь представляет собой самой Агее в качестве ребенка. Это фантастическая книга, которая тщательно объясняет, что означает смерть и какие последствия смерти."
"NEUTRAL","Мне понравилось несколько вещей в этой книге. Мне понрався сценарии этой книги, которая была в маленьком городе, где многие жители приземлились после того, как были в крупных городах, если не в столичных районах. Однако когда произошло преступление, они определенно заставили журналистов появиться и бомбить город и шоколадный магазин. Как Ли и ее тетя справились с ними? С шоколадом конечно!!Мне нравилась шоколодная фабрика."
"NEUTRAL","Я подарила эту книгу своей 15-летней дочери. Это история, которая медленно исчезает в нашем обществе. Так важно, чтобы у молодых людей был шанс понять основы этой страны и тех людей, которые пришли до них, чтобы проложить путь к более свободному обществу."
"POSITIVE","Когда я впервые встретила своего партнера почти 15 лет назад, мы с Сьюзен практиковали некоторые идеи, о которых она пишет в этой книге. Мы были очень четки и открыты друг к другу относительно того, чего хотим и наши секреты. Основы честности, которые мы заложили на нашем первом свидании, для нас были очень надежными все эти годы. Мне нравится то, как Сьюзан представляет подход к знакомству, который совершенно отличается от обычной мудрости и старых привычек людей при познакомительстве с новым человеком."
"NEGATIVE","Это год за годом (!) обзор баскетбола Тар-Хилл с жизнью Дина до Каролина брошенной в хорошую меру.(У него на самом деле был один). Он не делает никаких усилий, чтобы быть уравновешенным. Видите ли, Дин никогда не ошибался, у него был игрок, который проиграл или попал в беду! В Чаппель Хилле, жизнь продолжается, а Хилс продолжат побеждать. Фурх! Я возьму Бобби Найт бросая стулья и раздражает каждый день."
"POSITIVE","Любовь, любовь, любуйтесь этой книгой! Моя любимая книга всех времен. Одна из немногих книг, которые вы можете прочитать снова и все еще наслаждаться!"
"POSITIVE","Я был недоволен чтением этой книги. Как обученный историк, я склонен к повороту в истории фантастики. Друг представил меня Пенману. Я рад, что он сделал это. Эта книга - полная взгляды на йоркистскую Англию. Новая теория о убийстве Йоркских принцев сопровождает очень интересный и симпатичный портрет Ричарда III. Читайте его медленно. наслаждайтесь ее длиной."
"POSITIVE","Я был впечатлен авторами за их четкий и понятный стиль, собирая и связывающие различные темы в упрощенном взгляде, начиная от информатики до философии, чтобы представить блестящий целостный вид технической инфраструктуры ГИС."
"NEGATIVE","Я еще один поклонник Стивена Хантера, который был глубоко разочарован этой книгой. Думаю, он написал её на автопилоте как упражнение самовосхищения. Это предсказуемо, играет с глупой аллюзией ""седьма против Тебса"", и даже необразованный чернокожий парень из Миссисипи говорит: ""Я вижу по вашей одежде, что вы ковбой"". Если вам новый в Hunter, попробуйте ПОЙНТ ОФ ИМАКЦЬ, которая для меня будет сильным кандидатом на рейтинг лучшего триллера когда-либо написанного."
"NEGATIVE","Пингвин устанавливает цену на электронные издания больше, чем бумажные. Не покупайте его. Есть много контента по разумным ценам."
"POSITIVE","Попробуйте прочитать длинную версию, чтобы она не закончилась так быстро и вы сможете записать все то, что написал Думас."
"NEUTRAL","Эта книга рассказывает о детях, которые упали на пустынный остров. Они были в самолете, бежавшем из Англии, которая была во время войны. Я нашел эту книгу очень шокирующей. Это шокирует меня потому что я не знал, что детям до 12 лет нравится убивать, обладать властью и делать такие плохие вещи. Я также нашёл эту книгу весьма интересной, потому что вы можете увидеть процессы превращения человека от цивилизованного к дикому."
"NEUTRAL","Неуважительные цитаты - некоторые довольно смешные, как в Монтгомери. Один из моих любимых, который я также читаю в мемуарах Черчилля: ""Максима - Ничто не приносит пользы, кроме совершенства - может быть написано P-A-R-A -L-Y-S-I-S""."
"POSITIVE","В книге ""Открытие любви"" (англ. The New Testament) говорится о том, что любовь - это нечто совершенное и неограниченное, но оно может быть достигнуто только в результате того, как человек становится более свободным от греха."
"NEGATIVE","Я должен признаться: я начал серию ""Меч правды"" с книги 6: FAITH OF THE FALLEN. Мне понравилась книга. Счастливые события (...похоже...). Поэтому я пошел и прочитал первую книгу. мне не нравилось Первое правило волшебника наполовину, но послушно прочел остальную часть серии, чтобы понять, что происходит в аду. В PILARSkind of CREATION Good sank to the same level as WIZARD's First RULE. Где была Cara? где было горячее действие Brass Buttons / Mord Sith?"
"POSITIVE","Как и продукт, никаких проблем, в хорошей форме, купит снова. Простите просто не так много сказать, чтобы заполнить все эти необходимые слова."
"NEUTRAL","Тест-тест команда до этой точки не имеет значения вы реальность, что правительство Индии"
"NEUTRAL","Оскар Хиджуэлос снова создает болезненно трогательную историю о бесчисленных радостях и печалях, встречаемых в ""обычной"" жизни. Чудесно напоминающая Нью-Йоркский город на протяжении пятидесятых, шестидесяти и начала семидесятых годов, история рассказывает о жизни Лидии Колон, изгнаной своей подростковой от ее богатой семьи на Кубе своим отцом, раздраженной любовным эпизодом и брошенной в обстоятельства, которые она считает ниже своего положения."
"NEUTRAL","Эта книга прибыла вовремя и в очень хорошем состоянии. Я бы только предложил, чтобы человек знал, что ничего не идеально, но может быть ""почти"" таким. Спасибо."
"NEUTRAL","Я купил эту CD-версию TLOTR, чтобы представить свою жену историю во время поездки из Техаса в Колорадо несколько лет назад. Хотя и это, и ""Хоббит"" были верны оригинальной истории, драма (по всей видимости сделана Би-би-си) была плохой и не имела эмоций. Аудиоценность плохая, с проблемами объема. Музыка была в лучшем случае громкой, а в худшем - неудобной. Тем не менее мы слушали ее, и моя жена познакомилась с двумя классическими литературными произведениями."
"NEUTRAL","Я люблю эту книгу. Я использовал ее для трех семестров последовательности расчета в местном колледже, и она сделала обучение математике очень интуитивным и легким. Однако сделать её доступной стоит цены. Она утолила теоретические основы и представила математику по методу кулинарного подхода."
"POSITIVE","Филипп, который живет на острове Куракоа. Он и его мама должны покинуть остров потому что немецкие подводные лодки собираются атаковать. С первого дня рождения он всегда хотел увидеть войну вблизи. И это точно так же. Он с матерью путешествует - они отправляются из острова Куракао в США. Они не знали, что их торпедуют."
"POSITIVE","Для тех, кто серьезно относится к мифологии, фольклору и сказкам эта книга - обязательная. Хотя сегодня я никогда не слышал о многих людях, которым нравятся мифы и сказы, это классическая справочная книга и был амбициозным проектом для своего времени. Я не могу сказать многого, чего другие рецензенты еще не сказали. Я определенно рад, что купил эту книгу, она стала ценным дополнением моей библиотеке."
"POSITIVE","Мой брат недавно женился, все что они просили за подарки было наша любимая книга и любимае бутылочка вина. Это была идеальная сделка сделана легкой. Если вы не читали ее купить и прочитать!"
"POSITIVE","Я не читала ""Маленькие женщины"" с тех пор, как училась в средней школе, поэтому было приятно прочитать ее взрослой. Я планировала поездку в Конкорд, штат Массачусетс, и хотела прочесть её перед посещением собственного дома Алкот. Думаю, мне так понравилось из-за сочетания исторического дома и моей перспективы взрослых. Это солидная классическая американская история, и если вы никогда не читали его, то должны."
"NEGATIVE","Да, Джордан/Тор нас заигрывает... можете ли вы винить его в том, что он может внести бумажную прикрытие на список бестселлеров? Для тех из вас, кто защищает его... удивительно подробные миры не делают хорошего письма. Энциклопедия Британника детальная, но это не убедительное чтение. Единственная причина этой книги была лучше чем предыдущие две было действие на последних 50 страницах."
"NEGATIVE","Автор не успел писать женским голосом, а персонажи были картонными и упрощенными. Это была прекрасная идея, которая не сработала."
"POSITIVE","Я впервые использовал эту книгу на курсе средней школы Advanced Placement. Если вы ищете полное и точное пересказывание истории, это отличный источник."
"NEUTRAL","Но, конечно же, перейдите к другим вещам как можно скорее. Если у вас абсолютно НЕ ОБЩЕСТВО опыт с высокой магией или магии в целом, то это хорошая книга для начала, но она должна быть только начальником. Она очень хорошо учит некоторых из основных ритуалов, однако корреспонденции немного неглубокие и могли бы получить выгоду от большего разъяснения."
"NEGATIVE","Автор не оказывает услугу читателю, который может и не знать больше, а также многим прекрасным масонским организациям, которые пользуются членством в ОТО."
"POSITIVE","Я думаю, что большинство людей уже знакомы с историей Эмма и многие наверняка также знакомят с сюжетом. Это то, что Джейн Остин решила написать о персонаже, который она думала ""никому кроме себя не понравится""."
"NEGATIVE","Я прочитал все ее книги, но эта не стоит усилий. Странные проблемы с временной линией, скучные персонажи, еще более скучный диалог. Ты никого не заботишься во время романа - ни одного. Если она идет по этой полосе со своими книгами, я думаю, что огонь в романах прошел свой курс."
"NEUTRAL","Я нашел этот курс очень полезный для обновления моих знаний Java, а также догоняния JSP, servlets и новых классов в Java 2. Наличие текста как в формате книги (для тех случаев, когда я не учусь на своем компьютере), так и полностью поисковый и интерактивный HTML-формат с мультимедийным контентом и интернет-ссылками - это отлично; Кроме того, есть несколько программных продуктов, которые приходят с пакетом, таких как сервер Tomcat и среда Sun ONE."
"NEUTRAL","Этот классический кускин сохраняет свою актуальность более 50 лет после того, как был написан. Я любил, когда моя мать читала его мне и теперь люблю читать его моему племяннику.Риматические описания каждого животного и полные двухстраничные таблицы обеспечивают много интересных взаимодействий. Каждое животное независимо от повествования, а не рассказ, что означает, что легко сбросить и уйти, если дети становятся напряженными.Рекомендуется для мальчиков и девочек."
"POSITIVE","Это была одна из тех историй, которая в конце концов принесла мне слезы. Это эдуардическая история о дружбе, трагедии, потере и восстановлении. Некоторые люди говорят, что эта книга не правдоподобна, потому что дружба между более богатой, но хорошо обоснованной девушкой, менее богатой, но мелодраматической девочкой и низким гробокопателем их возраста крайне маловероятна. Я бы сказал, что происходит, когда дети участвуют. Вы никогда не знаете, кто будут ваши друзья."
"NEUTRAL","Книга, написанная для финансовых инженеров, тем не менее может быть читана любым заинтересованным в математическом моделировании или математических финансах. Авторы довольно подробно обсуждают науку о структурированных ценных бумагах, которые являются финансовыми продуктами, которые становятся все более важными по мере того как инвесторы и финансовые фирмы продолжают находить более сложные способы решения риска."
"POSITIVE","Жак Эльул был остролюбивым наблюдателем, который прекрасно понимал суть пропаганды. Он отметил, что рост пропагандистического роста неизбежно последовал за улучшениями в области технологий. Элюл указывает на то, что пропаганда все чаще используется для формирования общественного мнения, особенно с первой мировой войны эпохи комитета Крил в Америке.Эльюл подчеркивает, что правительства врожденно хотят сохранить и увеличить власть и влияние, которые они обладают."
"NEUTRAL","Это была одна из самых увлекательных и интригующих книг, которую я когда-либо читала. В этой истории есть две глубины, и я не имею в виду интеллектуальную, но вы можете решить ее отбросить и принять с места на место или выбрать людей, которые вам нравятся, а тех, которых нет. Каждый способ совершенно нормален, но он дает одну другую точку зрения, которой я верю. Я сделал обе стороны, предпочитая некоторые и ненавидя другие, но в конечном итоге чтобы подключиться к истории и посмотреть на нее."
"NEUTRAL","Эта книга - любимая для моего сына, как и во многих рецензиях здесь! И хотя я никогда не купил эту книгу, если бы знал несколько из перечисленных слов. Мы еще не прочитали всю обложку книги на обложке, но вот тревожные списки, которые я нашел до сих пор, что я хотел выложить там для других думающих о покупке.Каждый слово ввод имеет краткое объяснение и картинка, чтобы далее выражения определения."
"POSITIVE","Я быстро прочитал и понял, почему люди так поступают. Я смог понять свою реакцию на других людей и изменить поведение, которое вызывало гнев."
"NEUTRAL","Книга, которую я прочитал - ""Хороший мальчик, спас бейсбол"". Мне очень понравилась эта книга. Эта книга рассказывает о парне, который едет в город и утверждает, что знает секрет известного бейсбольного игрока, которому он никогда не говорил никому. Все это происходит тогда, когда одна игра бейсболиста зависит от выживания города. Весь город зависит только от одной игре бейсбольной. Я действительно любил эту книгу, потому что думал, что она имеет сцепление. Это была очень хорошая книга. Мне нравится автор этой книги, потому как он был описательным."
"NEGATIVE","О'Коннелл, аналитик наземной войны и автор двух стимулирующих общих историй о войне, плохо выступает в этом попытке вне своей области. Как могут видеть читатели отзывов, он привлекает тех, кто возмущается военными или любит видеть высмеивание чиновничества; однако, это не только легкомысленно (приятный термин: ""безуважение""), но делает три основных ошибки:1. Он совершает заблуждение 'argumentum ad populum', аргументируя толпу за дешевые аплодисменты."
"NEUTRAL","В книге обсуждаются его убеждения, в которых он считает Новый и Старый Завет неправдой, потому что это отсюда скажите, которое является словом человека, а не Словом Бога. Он задается вопросом, как люди могут поверить тому, что написано в тексте, а нет того, что им лично сказали. Его главным аргументом было то, как мы можем верить в то, чего никогда не видели. Это хорошая книга для чтения, поскольку она объясняет многие убеждения и недопонимания, которые вы можете иметь о Библии и различных религиях."
"NEUTRAL","С тех пор как Ленни был тупой, это делало его смешным. Джон Штайнбек сделал книгу смешной. Язык глубокий."
"POSITIVE","Я подозреваю, что мистер Бернет не читал эту книгу, но просто реагировал из своего скрытого негодования к любым претензиям геев на наше общее человеческое воображение. (Сказать недостаток в его аргументе: он чувствует необходимость сказать нам, что некоторые из своих друзей - геи. Хорошо. Но я об этом уверен, что ему не нравится слушать их истории.) Все споры за пределами, я нашёл эту книгу увлекательной."
"POSITIVE","Это отличный дополнение к Библии - когда вы знакомитесь с Христом в жизни своего ребенка. Книга помогает объяснить важность Бога Отца, Бога Сына и Бога Святого Духа в жизни ребенка - во всех жизнях.Отличное приобретение - мне жаль, что эта книга кажется не печатается - я хотел купить больше, но каждый продавец поставил лимит на количество покупок."
"NEGATIVE","Говард Рок вышел на вершину. Он был первым, кто поднялся на Эверст. Или он? На вершине было посажено флаг. И этот флаг принадлежал Питеру Хитрому! Обращение внимания Рока отвлекало растущий вихрь. Небо разделились и Рок-хафль ожидал покаяющегося Бога, чтобы дать объяснение. Вместо этого он увидел вертолет. Лестница веревки была спустина и он видел формулу пары ног нисходящих."
"POSITIVE","Я люблю рассказы Боргеса, особенно ранние с их лабиринтами и парадоксами; они сами по себе показывают его как одного из величайших и самых оригинальных писателей 20-го века. Но (на мой скромный взгляд) очерки в этой книге еще более примечательны. Боргес был человеком книг и идей; его истории также ткаются книгами и идеями. Он казался читал все: по крайней мере все, что никто другой не прочитал."
"POSITIVE","Я прочитал эту книгу несколько месяцев назад после того, как один из моих друзей дал мне ее. Это было вопрос, который задавали мне скептики и перспективы во время проповеди евангелия и даже групп изучения Библии. Удивительно, как люди отвечают одним из двух способов: либо они говорят, что не знают, а мы не можем знать наверняка, или младенцы действительно ходят в рай, но христиане не могут теологически объяснить почему. Эта книга наконец-то отвечает на этот вопрос с хорошей библейской поддержкой Джона МакАртура."
"NEGATIVE","Я купил эту книгу как CD и она была ужасно скучна. Я ждал чего-то ""мясного"", но персонажи были совершенно плоскими. голоса на аудиокниге были ужасны, а голос Мэрилин Монро в машине был полностью отвлечен. Она никогда не складывалась вместе в виде книги и я так рада, когда закончилась. Это первая книга Джанет Эванович, которую я прочитала (и слушала) и я не хочу тратить больше времени на будущие романы."
"POSITIVE","Большинство из нас понимают, что мы постоянно подвергаемся влиянию. Но большинство не осознает того, насколько мы контролируем и оказываем влияние. ""Скрытые убедители"" расскажут о ранних усилиях по изучению, контролю и воздействию людей во имя потребительства и контроля. Эта книга должна напугать вас, особенно когда вы остановились и подумаете, как более совершенны методы сегодня."
"POSITIVE","Даже если иногда мне нужно было слишком много сосредоточиться, чтобы сохранить имена в порядке, это был отличный чтение. Я не могу поверить, что мне потребовалось 2 года, чтобы открыть эту книгу!"
"NEGATIVE","Я никогда не злоупотребляю книгами. Но я сделал исключение из этого и просто бросил его в мусор. Это ужасно. Женщина предлагает никаких конструктивных решений, кроме платинового безумного призыва к ""золотым семьям"". Мне нравится хорошее правое крыло, которое ритмует большинство дней недели, но это так плохо, что без идей и отсутствия ""ценностей"", вы просто хотите заплакать."
"NEUTRAL","Это книга, которую я всегда хотел прочитать - поэтому когда мне было 16 лет и мне пришлось ее читать в классе, я тоже её прочел. Она быстрое, увлекательное чтение. Для взрослых ничего не потрясающего, но я понимаю, почему она рекомендуется для детей средней школы (или даже средней)."
"POSITIVE","Король Голливуда рассказывает историю Дэнни, уязвимого и приятного мальчика, пытающегося понять себя и окружающий мир. Его человечность и беззащитность открывают его для суровости и опасностей социальных контактов со своим ближним. По мере развития истории мы понимаем его характер и учимся любить его, восхищаясь его успехами и жалея о своих ошибках и неудачах. Этот дебютный роман раскрывает чувствительность и зрелую перспективу к предмету молодого гомосексуалиста."
"POSITIVE","Это замечательная книга о методологии оценки, позволяющей компаниям повышать и максимизировать стоимость акционеров с помощью стратегического бенчмаркинга. Книга хорошо написана на простой/простой английском языке, который должен сделать ее легкой для любого читателя.Книга представляет критические идеи о том, как компании могут повысить ценность акционера. Она предоставляет управляющим инструментами, которые позволяют им принимать решения, способствующие росту и созданию стоимости."
"POSITIVE","Привет, ребята! Вы действительно хотите сочный кусок света оптических волокон? Ну вот книга, которую вы ждали... это выдающаяся книга, которая направляет вас через базовые, фундаментальные и практические знания о оптической клетке... я настоятельно рекомендую эту книгу если вы собираетесь внедрить системы оптоволоконных волокон... эта книга показывает нам когда, как и почему мы должны внедрять волокно... хорошая работа Джефф!"
"NEGATIVE","Я очень любил первый роман Гудкинда ""Первое правило волшебника"" и надеялся на остальную часть серии. Однако, он был сверхурочным по всему пути. Слишком много слов, слишком много страниц, слишком многие книги и слишком мало истории - это то, что я нашел. ""Храм ветров"" - последняя книга, которую я прочитаю в книге Гудгинд. Она была предсказуема с самого начала и оскорбительна для моего интеллекта."
"NEGATIVE","Раэ-Рэй была необычайно сильным ребенком. Она мечтала о любви от матери, которая не дала бы ей ее по каким-либо причинам. Любовь к своему отцу была глубокой и ничем не отличалась. Эта книга имеет серьезный тон - но все же чувствительная и спокойное чтение.Рецензент: СК"
"NEUTRAL","Это довольно типичная история Спенсера, отличный диалог, действие и интересные персонажи. Отнимает немного свобод, которые наркоторговец знает федералам, у них нет времени; местные полицейские все коррумпированы, а газета ведет расследование. Но хорошая история в любом случае."
"NEUTRAL","Если бы это была другая книга о инвалидном ребенке, преодолевающем голод и спасающем Рождество перед лицом старого фанатика, я не читала бы ее. но Диккенс забил мое сердце"
"POSITIVE","Я впервые прочитала эту книгу, когда была еще подростком. В то время я думала, что это главным образом история о призраках. Прочитывая ее снова спустя 30 лет, я поняла, что есть многое другое - и как ребенок, неясное осознание этого скрытого смысла и странный страстный чувство писания Ливели заставили меня постоянно думать об этом. Одна вещь, которая отличает историю от стандартной приключенческой истории, заключается в том, что нет совершенно плохих людей."
"NEGATIVE","Эта книга настолько смешно предсказуема, что было бы лучше, если бы он пропустил главы. (если вы ее купите, пожалуйста, перепутайте глав 21 с тех пор... ну, вы поймете идею.) Иногда вам казалось, как будто писатель сам написал себя в угол и должен был отслеживать назад и вставить главу, чтобы помочь книге понять смысл. Даже тогда - абсурдность всех деталей объединяются вместе - как они делают в конце - это смешно."
"POSITIVE","Отличный чтение и четкое чтении до того, как ""Властелин колец"" будет прочитана или увидена. Я определенно рекомендую это любому заинтересованному в ""Средиземной земле""."
"NEUTRAL","Я читал ""Все красивые лошади"" около двух лет назад, и хотя мне нравились физические описания земли (и я абсолютно влюбился в Джона Грейди Коула), стиль написания Кормака Маккарти был очень странным. Я не привык бросаться через страницы диалога без цитатных знаков для моего руководства! Я думаю, что, хотя Маккарт должен быть свободен писать в любом стиле, который он хочет, для случайного чтеца, такого как я его стиль ущемляет от радости чтения книги."
"POSITIVE","""Unscrewed"", руководство потребителя по получению того, за что заплатил!"", книга, которая рассказывает вам как ""оказывать вину"" без убийства себя или кого-либо другого! Вы должны попасть в карманный книжник, где это больно !!!!!!! Я уже использовал информацию этой книги с террифичными результатами. Удивительно, сколько людей ступают и не знают, что делать по этому поводу."
"POSITIVE","Одна из самых противоречивых книг, когда-либо написанных, ""Век разума"", убедительно опровергает Библию как искаженный продукт слухов."
"NEUTRAL","Я читал чьи-то дневники. Очень повторяю после нескольких глав. Не уверен, что закажу третье, если оно будет как это/"
"POSITIVE","""Польские сказки"" - это замечательная книга с творческими историями. Я рекомендую ее людям, которые любят творчество."
"NEUTRAL","Naked - это сборник рассказов и эссе о жизни Дэвида Седариса. Он очень смешный, умный. Вы действительно можете идентифицировать его письмо и это тот вид шутки, который заставляет вас серьезно рассмеяться громко и заставить людей смотреть на вас странно. Если вы любите геев, странность, чувствуете себя неудобным в толпе, когда-либо чувствовали свою семью зараженной пришельцами, имели братьев и сестер, ходили в лагерь, учились в колледже, не ходили к колледжу. Это книга для вас."
"POSITIVE","Это была очень хорошая книга, в которой описывается жизнь, если бы вы сами не застряли во времени."
"NEUTRAL","Я очень благодарен Дэйву Хэнту и его издателю за то, что они смело раскрывали ложные учения человека, который сожгал людей на столбе, но не соглашался с ним. Кальвин никогда не испытывал Божью любовь в своих попытках изучать Бога. Христианин мог бы легко утверждать, что апостол Иоанн знал Бога лучше Кальвина, а Апостол никогда не покидал тему любви Божией, которая была проявлена через Его Сына Иисуса."
"NEUTRAL","Это увлекательный рассказ о молодом человеке, который в 1910 году решил увидеть мир без денег. Он работал и ходил и даже сделал несколько фотографий со своим кодаком. Я купил версию Kindle, которая была сканирована. Трудно было читать из-за низкого контраста и небольшого типа, которое не могло быть изменено. И конечно же фотографии были невозможно отличить по той же причине."
"POSITIVE","Я изучал Тома Хопкинса с первых дней работы в сфере недвижимости, когда эта книга была новой. Теперь я занимаюсь другой сферой продаж, но концепция не меняется. Отличная книга."
"POSITIVE","В школе мы читали книги Калдекота. Мы должны были сформировать группы детей, которые хотели бы, чтобы одна и та же книга выиграла. Мои два партнера - Марисса и Хейли. Я и мои друзья выбрали книгу ""Первый полный месяц котят"" для того, чтобы получить награду. Мы думали, что это очень хорошо иллюстрировано. Мы так удивились, потому что наша книга победила. Котточка была такой милая. Мы полностью согласны с вами в отношении вашей книги. Спасибо за то, что вы выбрали Первую полнолуние котят. Эмили."
"NEGATIVE","Я должен был прочитать эту книгу на завтрашний экзамен по английскому языку, но книга была бессмысленной и все это было депрессивно. я не знаю почему кто-то захочет ее читать, а уж тем более считает её классикой."
"NEGATIVE","В прошлом лете я была в отпуске с семьей мужа. Его сестра привезла подружку и они читали эту книгу. Так что, пока они играли в озере, я тоже прочитал книгу. После поездки я проверил ее из библиотеки. Я прочел еще несколько глав и подавал её к назначенной дате. Потом через 7 месяцев, наконец, я снова проверила его, чтобы закончить. Это было хорошо. Я никогда не видел ""Секс и город"" на HBO, поэтому я не привык к стилю написания Кандеса Бушнелла."
"NEGATIVE","Геврейская грамматика Гесения является ""индустриальным стандартом"" для еврейской грамматы. Однако, когда я заказал книгу новую непосредственно от Amazon, пришедшая копия была сама по себе бесполезной. В записке издателя говорится, что это книга, которая была перепечатана с использованием оптического программного обеспечения для распознавания символов и что typo не были исправлены, потому что они обошлись бы слишком дорого сделать это. Есть слишком много typos в этой копии (изданные ""General Books"" или ""RareBooksClub""."
"NEGATIVE","После нескольких глав в книге я пошел в интернет, чтобы проверить, почему так много людей считали это одним из великих произведений литературы. Слова, которые я нашёл неоднократно были магическими и очаровательными....Когда взрослый мужчина хочет взять девятилетнюю девочку для своей ""жены"" и забеременеет, то я чувствую себя не очарованным, но отвратительным. Фикция или нет. На самом деле, придумывать это говорит само собой насколько мне известно. И Опра всех людей рекомендуют это в ее книжном клубе."
"NEGATIVE","Я поклонник классики, но я не мог заставить себя бороться с этой книгой. Я не мог ни идентифицировать персонажей (особенно Тесс казался чрезвычайно слабовольным и пассивным) или следовать через бесконечное описание романа."
"POSITIVE","Эта классическая детская книга - это гениальная история Чарльза Дикинсона. Все люди всех возрастов любят эту классику."
"NEGATIVE","Я не знаю, с чего начать эту книгу. Меня шокируют положительные отзывы. Я действительно не могу придумать ничего позитивного об этом, и честно говоря, единственная причина, по которой я закончил ее, была в том, чтобы написать рецензию. Моя главная проблема с этой книгой - это персонажи, они ужасно клише, плохо написанные. Я никогда не чувствую, что мне на них все равно или я никак не могу относиться к ним."
"NEGATIVE","Хотя эта история трогательна и принесет вам слезы, я не мог бы не разочароваться после окончания книги. Это определенно было не на уровне большинства работ Даниэль Стил. Книга казалась короткой, а персонажам не давали никакой глубины личности."
"POSITIVE","Я многому научился из этой книги и это помогает, когда вы честно не знаете куда пойти с ребенком для улучшения вещей."
"NEUTRAL","Эта книга была рекомендована мне во время семейного обсуждения о том, виновен ли Ричард III в убийстве двух своих племянников. Я ожидал, что эта книга будет биографией, но она представлена в художественной форме инспектора и студента, изучающих тайну Ричарда III, пока инспектор лежал на постели. Диалог в книге заключается между инспектаром и учеником, который занимается исследованиями в Британском музее."
"NEUTRAL","Для всех, кто интересуется классической военной книгой, написанной в то время, когда люди знали и помнят Вторую мировую войну, эта книга является обязательным. Она также редка тем, что она написана с точки зрения солдат оси. Хорошим спутником этой книги является нефантастическая книга Черный Эдельвейс, о боевом солдате СС и его разочаровании, узнав, что сделали СС, а его страна во время войны."
"POSITIVE","Я не знаю, о чем дело, но я уже взглянул на первый обзор."
"NEUTRAL","Это только мой второй роман ""Преи"", и этот - хм-динджер! Я не мог его оставить. Его книги как сладости, или те чипсы, которые нельзя есть только одним из них. Я определенно намерен прочитать больше таких. Если у вас предстоит длинная поездка на самолете, это будет очень развлекать вас."
"NEGATIVE","Это единственная книга, которую я когда-либо бросала по комнате и на которой ступала после ее окончания. Было невероятно разочаровывающе читать в средней школе. Абсолютно ничего не произошло. Мне совсем не было дела с главным героем, 12-летним Дугласом. На самом деле, я искренне хотела, чтобы он умер, когда заболел к концу, просто так что бы СТАРИлось кое-что."
"NEGATIVE","В отличие от некоторых рецензентов, я не читал другие (похоже лучше) книги в этой серии. Большая предпосылка - специальное крыло ФБР с помощью медиков - полностью привлекла меня, но этот роман быстро перешел к стандартному жанровому шлоксу со всеми его слабостями: ""Херойны"", которые взаимозаменяемо высказывают экспозицию, измышленную романтику и так далее. Здесь надеюсь, что другие книги в сериале будут более удовлетворительными."
"NEGATIVE","Два года просто недостаточно времени для этого конкретного чуда. Все знают, что я должен был сказать об Эрагоне, и Элдест к сожалению не компенсирует это никаким образом. По крайней мере мы можем сказать, что с Ерагон Паолини держал его простым (что было единственным вещью, которая идет за него, в Елдесте он пытается сделать больше, чем может справиться). Читая его, я ушел из того впечатления, что он так сильно старается быть элитной фантастической писательнице, но еще не овладели основными принципами."
"NEUTRAL","Я не дал этой пятизвезды только потому, что я нашел использование первой личности миссис Шайн запутанным. Это история Джейми. Здесь мы видим всю банду сериала ""Сумерки"" в глубоких бедах снова как они ""вмешаются"" в жизнь Джеми."
"NEUTRAL","Я давно хотел прочитать эту книгу после просмотра фильма, но к сожалению я так же долго не мог отдохнуть от того, что читал. В некоторых отношениях она соответствует книге и в других совершенно другой."
"POSITIVE","В книге Льюис говорится, что ""Великий развод"" - это совершенное сочетание логики, здравого смысла и проницательности. Это типичное для К.С. Люиса. Он является шедевром христианского мышления даже по стандартам Луиса и входит в число его лучших на мой взгляд. Эта короткая работа фантастики пытается объяснить, почему некоторые люди отправляются в рай, а другие в ад. Теза Льюиса заключается в следующем: те, кто находится в раю, живут там потому, что хотят быть, а те, которые в ада, живуют там, потому что тоже хотят там быть."
"NEUTRAL","В то время как я вырос с 86-ми метсами, как это делали многие неиры, в этой команде действительно было что-то волшебное, с чем семилетний мог бы отождествиться и электрифицировать город. Президиум, который он начинает с хорошего; что 86-ы были последним из ""старого"" стиля, мячи к стене, грубые команды, по сравнению с Derek Jeter и Алекс Родригес пластиковые публичные персонажи, которые управляют бейсболом сейчас, но все идет на спад оттуда."
"NEGATIVE","Пола Бегун дает хорошие советы по продуктам в этой книге. Однако я должна не соглашаться с ее оценкой того, какие цвета макияжа женщине следует носить и не должно быть. Я не верю, что каждый должен придерживаться нейтральных оттенков и избегать синих и зеленых или других ""ненарочных"" цветов где угодно в своем макияже. Она добавляет это хорошо намеренное, но ужасное фото распространение себя, показывающее, как надевать макияж. Демонстрация только помогает сделать её выглядеть грязной, плоской и непривлекательной."
"NEGATIVE","У меня были большие ожидания от этой книги, что-то вроде ""Продажи Бен Чивер"" или ""Манафиста Рабочего Стыфа"". Обе эти книги имели оскорбительное чувство юмора, но они также проницательные в мире работы и запутанное чувство идентичности, которое возникает из частой потери работы и смены карьеры. Однако ""Потерятель идет первым"", тяжело на мазь и самоудовлетворение, и дает мало или никаких представлений либо об авторе или неопределенном рабочем месте."
"POSITIVE","Мне очень понравилась эта книга. если вам нравится фантазия, вы будете любить эту книгу или если вы поклонник Таморы Пирс, то вам будет еще больше нравиться эта книга . Этот сериал лучше серии Аланны, я думаю, но не на многое. мне нравится, как Дейне (главный герой) встретила всех ее вскоре станут друзьями, особенно Нумайра, которого мне действительно нравятся. Я просто не могу поверить, насколько он высокий!!! все равно эта книга обязательно прочитается и это отличный старт к ещё лучшей серии. Вы должны прочесть!!!!"
"NEUTRAL","Если вы живете в пригороде и хотите получить хорошую картину жизни в центре города, это книга для чтения. Я должен признать, что эта книга была немного нервной, зная, что я висела на некоторых уголках, где произошло убийство, представьте мое удивление при прочтении этой книги! Что бы сделало ее лучше, если бы мы имели более круглое изображение о жертвах и преступниках."
"NEGATIVE","Эта книга была чрезвычайно скучной. Она началась хорошо и я почувствовала, что должна хотя бы дать ей шанс. Какая трата времени. История нереалистична и печальна. Что женщина позволяет себе снова и снова быть использована? Кроме того, почему вы допустили, чтобы это случилось? Я знаю, что многие женщины не терпят все эти дерьмы!!! Я замужем уже 20 лет, и моя любовь не хочет скрывать тот вид беспорядок, изображенный в этой книге. Я не буду покупать другую книгу от этого автора."
"POSITIVE","Мне нужна была эта книга на занятия, она доставлялась вовремя и была как новая."
"NEGATIVE","Я не могу предложить ничего, кроме множества препозиций."
"NEGATIVE","Эрагон - эпическое путешествие маленького мальчика, который является крестьянином и телепатически связан с драконом. Это открывается для обычного фантастического сюжета, они отправляются и борются добро против зла. Было расстроено читать эту книгу, отчасти из-за всех неоригинальных идей, которые были разбиты вместе. Ерагон в значительной степени смесь между Звездными войнами и Господом колец, большая часть письменности кажется скопированной больше, чем написанная сама по себе. Список хороших вещей:1."
"NEUTRAL","Мне нужна эта книга для курса к моим мастерам. Я вижу ее как учебник! Достаточно сказала Ева"
"NEUTRAL","Во время своего пребывания в холостяке, Вустер кажется зависимым от его верного слуги Джівса. Для тех, кто задается вопросом, как бы он выглядел с Дживом на службе другого, это книга. Отражая прошедшую эпоху, ""Спасибо Джейвс"" сочетается с британским юмором, который даже те из Нового мира могли бы оценить.История начинается с отказа Берти отказываться от неприятных банжолелей. Жизев делает выбор положить конец своей работе, включая не следовать последним подвигам Вустера."
"NEGATIVE","Это самая худшая книга о интернале Unix, которую я когда-либо читал. Соотношение сигнал/шум в этой книге довольно низкое. Большинство ее содержания - это просто слегка комментированные файлы заголовков sVr4 (которые файлы можно получить бесплатно с бесплатной системой UnixWare и не беспокоиться о книге). Описание алгоритмов короткие, трудно следовать и порой противоречащие себе."
"POSITIVE","Я прочитал ""Сладкий будущий"" после просмотра фильма. Мне очень понравился фильм и взял его в руки. Я читал много книг, а эта книга - лучшая, которую я когда-либо читала за долгое время. Это очень забавная книга, но также очень серьезная книга. Точно такой же книги должен быть роман...Я не могу рекомендовать ее достаточно высоко..."
"NEGATIVE","ВTF! этой книге 59 лет! Автор, который является мастером, умер 18 лет. Книга стоила около $2,50 для создания и они продают ее за $9,99. Почему Макмиллан / Тор не получает? Даже Спектра понимает потому что они продадут книги Фонда за 5,99 $. Это чисто цена вырубка издателей по моему мнению"
"NEUTRAL","Эдит Уортон в лучшем случае пытается сбить верхний класс снобов и скучных, пока ее персонажи так явно привлечены к ним. Вортон исследует эту высшую область через свою трагическую героиню Лили Барт, которая очень хочет быть украшением для супербогатых, зная, что они никогда не будут заниматься с ней умственно, а также понимание того, что она может быть отброшена в тот момент, когда она больше не докажет себя ""развлечением"" их эго и тщеславие."
"POSITIVE","Все три автора объединяют знание и уважение к современной научной теории / доказательствам (дата авторского права - 1999 год, а авторы цитируют несколько источников, изданных в середине 90-х годов) с знанием и уважением к Библии."
"POSITIVE","Я читала эту книгу в школе, как требовалось много лет назад, и я рада видеть, что ее все еще рекомендуют."
"POSITIVE","Я люблю эту книгу. читаю ее впервые, когда она была выпущена, и с тех пор осталась со мной. купил её на Kindle для мобильности. Его парафрази о отдельных блаженствах - гениальные. Отличные истории для иллюстрации + все годы служения доктора Шулера объединяются, чтобы привнести большое понимание и мудрость к этому ключевому учению из проповеди на горе."
"NEGATIVE","Я не научный и чисто спекулятивный. я очень разочарован. я нейробиолог, преподаю в области развития нервных соединений. я фокусируюсь на патогенезе детского аутизма, подростковой шизофрении."
"NEUTRAL","Сильверберг дает краткое введение о том, как он выбрал эти. Я бы дал этой сборнике 4,5 из 5, если это было возможно.Зал славы научной фантастики Vol One Silverberg : Марсианская одиссея - Стэнли Г. ВайнбаумЗолла славы науки Фантастика Vol One silverberg: Twilight - Джон В. КемпбеллЗоллы славы наук О'Лой - Лестер дель РейЗолл славы фантастики Vol 1 сильверберг .: Дороги должны быть прокручены - Роберт А."
"NEUTRAL","Я не знал, что эта книга существует. То, что я делаю - это обзор ее предшественника, ""Смысл жизни"". Это, должен сказать, самая смешная книга, которую я когда-либо читал. Она заставляла меня истериковать даже тогда, когда я была больна, безработна и переживала развод. Возможно, американским читателям не будет слишком очевидно, насколько забавно это, если вы не знакомы с некоторыми странными названиями мест (Quaking Houses, например, находится рядом с тем, где я живу в N.E. Англии. Shaking House недалеко оттуда)."
"POSITIVE","Он был очень увлекательным персонажем и его восхитительным путешествием по Центральной Азии и Европе, но более важно - рассказом о скромности, мудрости и мужестве для того, кто ради приключений и знаний отказался от комфорта и богатства."
"POSITIVE","Кинг действительно сделал шаг вперед с &quot;Ночной смена&quot;, собранием из двадцати или около коротких рассказов, собранных в начале семидесятых годов, когда Стивен Кинг был еще писателем ужасов. Правда сказать, вы не можете найти его более зрелые произведения в этом сборе (Они имеют обильное количество в трех поздних и намного более утомительных коллекциях: ""Скелетный экипаж"", &quot;"" Ночные мечты и пейзажи"" и &quot;."
"NEUTRAL","Я просто хочу отметить, что на странице 187 есть орфография ошибки. Это должно быть &quot;Синьцзян, Китай&quot;, а не &quot;""Сианджан, Китай"";; Синьцзянь - провинция к северу от Китая, и она упоминается правильно на страничке 177. - китайский читатель."
"NEUTRAL","Покойный Джеймс Монтгомери Бойс был мастером в том, чтобы донести библейскую истину до массы. С сердцем пастора он мог взять высокую доктрину и связать ее с жизнью среднего христианина. В то же время он мог идти головой к главе с любым библейским ученым. Его глубина и доставка служили тем, кто слушал его учение, будь то на кафедре 10-го пресвитерианского филиала или по радио."
"NEGATIVE","Я ненавидел эту книгу со всей своей ненавистью. Как я ее раскрыл, спросите вы? Ну, это было в школе на уроке чтения, в середине года. Мы были назначены для книжных клубов. Мой партнер книги-клуба настаивал на книге о спорте. Я ненавижу книги о спорту (или просто спорта вообще, за исключением бейсбола), но он продолжал рекомендовать фиктивные спортивные книги. Я отказался от всех книг, пока одна не вызвала мое внимание. Эта книга была названа ""Танжерин"" автором 'Эдвард Блор'."
"POSITIVE","Эта книга отличная! Она охватывает все, начиная с беременности и заканчивая школьными годами. Цитаты могли бы выйти из моего рта! В ней полно замечательных идей от того, как кормить двух детей одновременно до того, чтобы занять своих близнецов."
"POSITIVE","Иное издание, чем у меня в прошлый раз. Но все же лучшая версия рассказов Алисы."
"NEGATIVE","Я всего лишь скромная школьница, которая была вынуждена прочитать это как ее лето чтение задание, так что я может не понял весь смысл книги. Я прочел всю книгу примерно за четыре часа, и когда закончил, я буквально не имела понятия о том, что только что читал."
"NEGATIVE","Читать книгу Аллена интересно, потому что она представляет собой другую точку зрения на недвижимость. Будучи новичком в сфере недвижимого имущества, это предоставило мне информацию о многих агрессивных стратегиях. Однако, будучи также CPA, я считаю, что они чрезмерно рискованны и не обязательно финансово солидны.Многие упомянутые методы, такие как ориентирование предполагаемых ипотечных кредитов, устарели и бесполезны."
"NEGATIVE","Я прочитал всю книгу. Я ждал, что она станет более захватывающей и интересной. Это не произошло, и это медленное чтение. Я бы этого не рекомендовал. Вы можете насладиться ""Первым ты падаешь"" Скотта Шермана вместо этого."
"NEUTRAL","Когда я впервые услышал, что должен был прочитать эту книгу летом на уроке английского языка (я младший), я слышал, что она не такая хорошая и выглядела не очень весело. Я люблю читать, но эта книга просто казалась немного скучной. Ну, как только я начал ее читать , мое мнение резко изменилось. Она так хорошо написана. Персонажи настолько реальны, некоторые из них несколько преувеличены, но это кажется идеей Остин... преувеличивая недостатки общества."
"NEGATIVE","В первом изучении предмета электронная, мой учитель решает использовать его, и оценка E в конце семестра. это не хорошая новость для меня и депрессии в моем сердце . В напряжении , я делаю все возможное чтобы прочитать это, но я не знаю что такое BJT CMOS pnp npn и что DC-то отличается от AC тока . сопротивление как работать , и как вычислить стоять бок о бок или в строке . мне не нравится эта книга так скорость этой книги 2 звезды знать ее право ."
"POSITIVE","Это отличная книга. Удивительный достижение развития персонажа, сюжета, темы, описания и все вещи, связанные с написанием &amp; fiction. Это огромная книга, но длинное чтение - это что-то для наслаждения ... Я был на самом деле грустным, когда закончилась книга. Я полностью не согласен с рецензентами, которые сказали, что вторая половина казалась медленнее первой половины (Что я могу сказать? Может быть, эти читатели были жаждущие заснуть?) или что характер Рейчел не так сильный, как другие."
"NEGATIVE","Кэндис Камп должна попытаться воссоздать великолепное писание, которое она написала в Роузвуде и Эрлум - ее последние книги не сделали ей справедливости. Я одолжила Роузвуд людям, которые никогда бы не читали роман и они его любили. Надеюсь, однажды она сделает другую хорошую книгу."
"POSITIVE","В этой книге Фродо получает кольцо власти и отправляется уничтожить его. У него девять товарищей, включая себя самого Гандальфа волшебника, Арагорна рейнджера, Сэма хоббита, Леголаса эльф, Гимли карлика, Пиппина хобит, Веселая ховит и Борамира человека. Они проходят через много сложностей от преследования Назгулом и пройдя длинное темное путешествие по шахтам Мории."
"POSITIVE","Это действительно замечательная книга, которая дает удивительный взор на ум одного из наших отцов-основателей и кого он думал о христианской религии."
"NEGATIVE","Я нашел эту книгу очень сложной для использования. Во-первых, вы должны ответить на несколько вопросов, чтобы увидеть, какой тип тела у вас есть. Ну, это было бесполезно, потому что я обнаружил, что могу выбрать более одного ответа на каждый вопрос. во-вторых, как только я закончил все вопросы, я понял, что привязал два разных типа. Я дал книгу: ((("
"NEUTRAL","Возможно, потому что я ожидал чего-то вроде неёВ ""Темном лесу блуждая"", эпической повести, которая охватывает десятилетия, мне сначала было трудно. Что, исторический роман, который едва ли является чем-либо более беспокойными мыслями одного человека и крабками другого? Но к тому времени как я закончил, я почувствовал, что пережил нечто действительно уникальное, и я определенно собираюсь снова прочитать эту книгу, чтобы извлечь большее количество ее богатства."
"NEGATIVE","Если вы можете терпеть цикл смешного написания Франкена, от дерьма до того, как он пишет о том, насколько это не так, прежде чем наконец-то вернуться к хорошим вещам, делайте это. ""Ох, вещи я знаю"" прилагает большие усилия, чтобы избежать неприемлемых комментариев, чтобы многие люди, которые не знают законченного колледжа достаточно хорошо, чтобы получить то, что они действительно хотят купили эту книгу в качестве подарка для окончания обучения."
"POSITIVE","Черт, Толстой, это самая большая война. Хеллер переосмыслил роман с совершенно уникальным подходом к развитию персонажей. Он позволяет нам войти в ум очень расстроенных людей одной из самых забавных и умнейших книг когда-либо написанной. И диалог и изучение характера все еще являются одними из самых смешных и оригинальных напечатанных сегодня. Современный классик по любой мере."
"NEGATIVE","Около недели назад я закончил вторую книгу из фантастической трилогии Кристофера Паолинина, ""Старый"". Предыдущий том, озаглавленный Эрагон по имени главного героя, был поразительным достижением только за то, что господину Паолони было девятнадцать лет, когда он вышел на свет. Что еще более впечатляет, это то, чтобы он начал после окончания средней школы в пятнадцатилетнем возрасте. Однако после этого впечатление прекращается."
"NEGATIVE","В случае если вы не знаете, эта книга - руководство для всех видов неприятных местных террористов. Очень интересно культурно для понимания сумасшедшего переживосбытия ""те расовая война близка. Это наша страна!"" мышление.Некоторые напряженные проблемы, но обернуться технически это действительно не плохой вход в жанр научной фантастики / будущей истории / дистопии (отсюда 2 звезды). очень быстро читать, если вы можете пройти через скручивающей и высоко расистской и антисемитской идеологию его автора."
"POSITIVE","Эти шесть сори отличны, они просто наполнены британским юмором. Мне понравилось, все что я хочу знать сейчас это то, что еще он написал"
"POSITIVE","Мне очень понравилась эта книга, так как я знаю 90% упомянутых районов служат в Родезийской армии много лет назад. Отличный чтение и полное действия. Хорошо написанный мистер Шерлок. Спасибо."
"NEUTRAL","Эта авторка, кажется, очень хорошо известна в Англии, хотя я не видела ее книги в США. ""Курбашка-тренеровочка"" - это история двух семей, чья жизнь переплетается с послевоенными годами...Я бы сказал, что это книга для женщин, поскольку нет ни гонений на автомобили, ни убийств, ни спортивных событий. Также никакого плохого языка и сексуальных ссылок немного скрыто, так что взрослые ситуации не являются явным для ""более чувствительных читателей""."
"POSITIVE","Увлекательный, напряженный и действенный как роман. Майкл Крайтон отличается рассказами истории."
"POSITIVE","Я был очень впечатлен этим руководством, когда купил его на днях и я должен сказать, что он помог мне охватить много материала. Я уже победил FF1, но FF2 было вероятно самым сложным для меня завершить один и я уверен, что это то же самое для всех других, кто играет в него как говорят, чтобы быть ТРЕБЛИШЫМ в франшизе FF! Без него, я, вероятно, не достигнут так далеко, как думал. руководство охватывает обеи игры и включает информацию о магиях, подземелья, стратегии Босса и т. Д."
"NEUTRAL","Отдельный мир была замечательной книгой для чтения. Мне понравилось, как персонажи Джин и Финни развивались несмотря на их различия. Однако их различии также создают конфликт. Джон Ноулс дает отличный изображение конфликта в Книге против Финни, но конфликт, который придал к книге больше всего был той, что внутри собственной головы Джина. Ноулз сделал прекрасную работу по созданию оригинальных персонажей. Небрежное отношение Фины и свободнодушные способы являются характеристиками, которые не многие люди имеют."
"NEUTRAL","Я должен сказать, что я был несколько разочарован Сильвией Браун. Я смотрел ее годами на шоу Монтел Уильямс. Когда я впервые купил эту книгу, я был разочарован после того, как начал читать о Франсин, которую позже узнал как часть психических способностей Сильвии Браун. Изучая таких медиков, как Сильвия Броwne, я лучше понимаю себя, чем она. Я не согласен с ней сто процентов времени, но это не значит, что мне не нравится или восхищается её способностями."
"NEGATIVE","Я должен сказать всем, кто читает эту книгу, что я разочарован этой книгой. Уроки для супергерои звучат как хорошая идея, но купив BESM D20 Guardians of Order ранее и просматривая эту книгу я чувствовал, будто покупал эту книгу дважды случайно. История и объяснение комиксов и более конкретно серебряный век были красивы, но в целом это было недостаточно, чтобы оправдать цену приема."
"NEUTRAL","Чевалье представляет жизнь модели портрета знаменитого Вермеера ""Девочка с жемчужной серьгой"". О самом Вермере известно очень мало, и о предмете этой картины фактически ничего не известно. Шевальер рассказывает нам вымышленный отчет об существовании Гриет, бедной девочки Дельфа, которая вынуждена работать горницей, так как ее отец больше не может обеспечивать семью."
"NEGATIVE","Наш книжный клуб прочитал ""Парижская жена""; и, в качестве продолжения, читал ""... Праздник"" следующего месяца. Хеминвей писал о людях, которых он встретил во время первых лет Парижа со своей первой женой. Эрнест Гемингуэй был настолько полным себя, что у него было мало доброты или благодати, чтобы дать другим. Через его письмо, он продемонстрировал многие характеристики человека с нарциссическим расстройством личности."
"NEGATIVE","Я мужчина в середине 20-х, и мне подарила его моя мать... Конечно я не буду целевой аудиторией, но я не думаю, что могу представить себе более скучного или отделенного центрального персонажа. Эгоистичный, судящий и искренне настроенный характер, ее инстинкты больше параноидальные, чем озабоченные, изоляционистые, чем сосредоточенные и подчиненные против укрепления."
"POSITIVE","""Гарри Поттер и камень волшебника"" - отличная и фантастическая книга для детей с возрастом. Сюжет настолько захватывающий, что ваши дети будут любить эту книгу и прочитывать другие книги немедленно."
"NEGATIVE","Премиса для книги охлаждает и реалистична, особенно с удивительными событиями в науке о картографии ДНК, клонировании и создании стволовых клеток. Скрытие искусства мастерское. Название острова (которое на самом деле находится в заливе Чезапик) кажется сложным обобщением предположения (как в достойной крови). Остров Блудсворт принадлежит федеральному правительству, что соответствует интриге и правдоподобному терроризму в сценарии.Dr."
"NEGATIVE","Я не очень хотела рассказывать о этой книге, мне она не понравилась. Читала гораздо лучшие книги о близких душах, чем эта. Отправив ее обратно я совсем не заинтересовалась и прочитала много духовных книг. Но это просто не имело смысла для меня вообще. Просто даже не смогла прочесть его."
"NEUTRAL","Как длинно утверждает г-н Сорли, правда, что американские и южновьецкие войска переориентировали операции после лета 1968 года и до 1972 года оказали очень сильное давление на Вьетконг и увеличили количество СВН под контролем Сайгона."
"NEUTRAL","Я из Англии и вырос с другим взглядом на немцев и войну ((школьное образование и однолетние люди). Мне было очень интересно получить ""немецкое"" видение, будь то фантастика или нет. Книга мне понравилась и я хотел бы прочитать больше о работе мистера Шлинкса."
"NEUTRAL","Эта книга предлагает понимание того, что известно в тибетском буддизме как Лориг - учения о уме и его функции. Автор вообще следует классическим тибетским буддийским учениям по этому вопросу, хотя в некоторых точках он отличается, и неясно, кто является автором - каков буддистский источник происхождения - данных определений или были ли определения сделаны самим автором. Особенно определение на ""верие"" или ""неверу"" довольно неясные и не очень практичные."
"POSITIVE","Книга Фелана по-прежнему является передовым. Она задает и отвечает на важные вопросы о том, как определить политические битвы и мобилизоваться за изменение. Должны ли женщины бороться за ""женские проблемы""? У всего сообщества ЛГБТ есть ответственность перед другими стоять плечом к плечу в борьбе за права брака? книга Фелана предлагает интересный взгляд на такие вопросы и бросает вызов многим ""партийным линиям"" об единстве и политическом достижении. Книга короткая и легкая для чтения."
"NEUTRAL","У меня есть большое уважение к Мартину Рису как ведущему ученому, так и учёному, который считает науку доступной. Я думаю, что в этой книге он представляет столько коротко, что важнейшие темы остаются неразработанными. Название ""Дом-а-глу"" рассказывает только часть истории. Рис обобщает многочисленные угрозы нашей цивилизации, биосфере и даже вселенной в целом."
"POSITIVE","Кто бы мог подумать? Этот парень - неоткрытый гений современного витража. Похоже, он был первым, кто изучил абстракцию. Это само по себе ОГОЗНЫЕ. Если вы стеклоискусник, вам понравится эта книга. Если Вы ищете шаблоны для копирования, то оказались на неправильном месте."
"NEUTRAL","Я прочитал книгу, это очень хорошая книга для чтения о SNMPV2 и SNMPv3. Таблица создания и удаление хорошо объяснено. У него есть хорошие сведения об SNMP V3, VACM , пользовательская модель безопасности, СНМП архиетектура. Детальное описание вскрытия и алгоритма использован был хотя тихий не нужный."
"NEUTRAL","Снимок великолепны, и история тоже. Кто не может понять эту историю? Приятное время для сна и выключение света."
"NEGATIVE","Революционный? Вряд ли. Типичный для людей сегодня, чтобы искать кратковременное пути. Вместо того, чтобы вложить настоящие усилия, мы хотим более простой метод; что-то ""революционное"" (как если бы обучение собак изменилось). Почему не сделать это правильно? Ваша собака - инвестиция, поэтому мой предложение заключается в том, чтобы инвестировать время / расходы требуются. Поехать за лучшим из лучшего и прочитать либо Билл Таррант и/или Делмар Смит?"
"NEUTRAL","Странник в странной стране - классический роман Роберта Хайнелина о человеке, воспитываемом на Марсе (Валентин Майкл Смит), который возвращается на землю взрослым и обнаруживает, что его марсианское воспитание сделало его совершенно другим от своих сородичей. Роман действительно разделен на три части. Первая часть читается как типичный романов-акции/suspense и фокусируется на побеге Валентина Майкла Смита из плена правительства."
"NEUTRAL","Рей Шимура - дочь японского отца и американской матери. Рай выросла в Сан-Франциско, но жила в Токио в двадцатилетнем возрасте, работая экспертом по антиквариатным предметам. Она встретила свою невесту, высокопоставленного юриста Хай Гленденинга, в Токийе. Её последняя борьба с законом в Японии привела к тому, что она была запрещена на неопределенный срок. Перловый водолазий обнаруживает Rei и Хью живущие в Вашингтоне, округ Колумбия ."
"POSITIVE","Хотя сюжет, возможно, слабее Византии, эта книга интригует, захватывает и богато ткается деталями."
"NEGATIVE","** Spoiler Alert** Один человек прокомментировал, как я должен иметь это и я согласен. К сожалению, я не видел этого комментария до гораздо позже. Одна вещь, которую я дам кредиту Лоис Лаури за ее четкий стиль письма. Кроме того, мне понравилась концепция: трилогия, в которой главный герой одной книги играет периферический персонаж другой. Использование альтернативного или дистопического мира для исследования морали всегда интересовало меня. Однако я абсолютно ненавидел философию Лоиса Лаурина в Messenger."
"POSITIVE","Краткие рассказы Иэна Флеминга о Джеймсе Бонде, пять из которых в этой книге плюс ""Октопусси"" и ""Живые дневные свечи"", - хороший способ попробовать писание Флеминга и мир 007 без времени инвестирования романа. Это довольно ""в вещи"" чтобы поднять нос на Джеймса Бонда...Лудлум & ЛаКарре более реалистичны, фильмы как субботний утром мультфильмы в прямом режиме и т.д."
"NEUTRAL","Я работаю в небольшой компании (8 сотрудников). Очевидно, мы не можем позволить себе полновременного администратора сети. Он очень быстро скучает. Поэтому администрация сети падает на меня, так как я являюсь назначенным компьютерным нэром. До того, как у нас появились Windows 2000, мы использовали Novell. Я знал много вещей, которые мог сделать Novell и нуждался в помощи при переводе того, что сделал Novell к тому, что делал Windoze. Пока эта книга ответила на любое вопрос, который мне возник когда я спросил себя: ""Novell может это делать""."
"NEUTRAL","Мне нравятся детали и точность деталей, особенно когда дело доходит до огнестрельного оружия. Однако лучший редактор мог бы исправить трепетное упоминание о горячем закручивании американского двигателя Cadillac, а было несколько ошибок в написании и грамматических ошибках. В противном случае Doolittle - это драгоценное открытие!"
"POSITIVE","Я просто хотел поставить 5 звезд на мою любимую книгу ВСЕХ Времен. Не сокращенная. Неразрешенная. Я не могу подчеркнуть этого достаточно. История гениальна, вдохновляет, захватывает, феноменальна, развлекательна, красива и идеальна. Детали и годы во мстительной работе, подходящей для каждого врага были настолько умны. Дума мог бы добавить еще 1200 страниц, а я не сдавался. Я перечитываю Граф каждые два года и никогда не устаю от него."
"POSITIVE","Эта книга действительно запечатлела суть Бетти Уайт - ее работа в этой области была на десятилетия раньше своего времени. Написанная в тоне, отличающемся от многих эгоистичных и самовозвеличивающих духовных медиа сегодняшнего дня, эти божественные послания напомнят вашей душе о своем священном пути. В конце концов глубокое свет любви, который разделяли Стюарт Эдвард и Бэтти, будет прольвать вас."
"NEGATIVE","Мне не понравилась эта книга. Она имела несколько интересных элементов, но понятия немного ""выделены"". Я бы никому не рекомендовал эту книгу, если у них нет ничего другого для чтения. Я даже не закончил книгу."
"NEUTRAL","Эта книга начала очень медленно, но после 5 глав стала более нерадостной для чтения, но она была не такой хорошей книгой! Я бы не рекомендовал кому-либо тратить много времени на ее прочтение, если они не любят медленных и слишком описательных книг! Это строгое мнение, но вы должны прочитать то, что делает вас счастливыми, но это не было хорошей книги для меня!!!..."
"NEUTRAL","Джонни Треймэн, на мой взгляд, в начале скучен, но к концу становится лучше. Эстер Форбс живо изображает персонажей, иногда даже переоценивая их, и логически описывает обстановку. В своем романе она объясняет фактические события (например, Бостонская чайная партия, Boston Observers' Meetings и битва Лексингтона при Конкорда), которые привели к войне за независимость. Читатель прослеживает жизнь Джони от его подросткового возраста до взрослых лет."
"NEUTRAL","В этой книге было все, что нужно для создания хорошего романтического романа: яркий герой, красивая героиня, человек, который всегда кажется мешает герою и героине, а главное... ПАссион! Я нашел персонажей многомерными, и автор ткает тайна в историю без замедления или прерывания ее романтичности. Читатель почувствует отчаяние, разбитый сердце, страсть и радость Доминика и Кларисы в этом очень отличном характере-направленном romance."
"POSITIVE","Я читала эту книгу много раз и каждый раз нахожу ее увлекательной. Огромное влияние, и нужно прочитать её хотя бы один раз."
"NEGATIVE","Иногда было трудно следовать из-за старого английского языка в формулировке. Слова, скорее всего, подходящие для того времени, когда Ширли была написана. Я бы рекомендовал книгу старше 60 лет!"
"NEUTRAL","Я купил этот продукт в подарок. Он прибыл вовремя и был хорошо принят."
"NEUTRAL","Дуглас Найлс, ""Тяжка семи частей"" (TSR, 1996) Устал ждать следующей части саги Песни льда и огня Джорджа Мартина? Может быть, так же хорошо вернуться к одному из романов на основе игры, которая оживила современную фантазию в Америке."
"POSITIVE","Я учитель четвертого класса, я предпочитаю читать эту книгу своим ученикам. Она действительно рассказывает вам что-то о книге и ее персонажах, когда дети просят услышать её прочитав в свободное время играя в геймбой. Дети получили лучшее понимание ""разных жизненных кругов"". Они были очень добры друг к другу с тех пор как мы читали эту книгу."
"POSITIVE","Эта книга - обязательное чтение для руководителей, которые занимаются созданием успеха и увлекательны для всех заинтересованных в бизнесе вообще. Стиль ясен и лаконичен и написан с объективностью учёного. Она свободна от бузвордов и модных идей, но полна прочных представлений, основанных на обширном количественном исследовании. Это определенно в моей десятке лучших списков бизнес-книг."
"NEUTRAL","Как перемещенный миннесотан, я всегда люблю возвращаться в свой родной штат через романы Джона Хаслера. Подобно приезду домой на праздники, эта книга выражает смешанные эмоции ожидания и разочарования, радость и разочарование от возобновления отношений с родственниками, а также неудобную реальность того, что время приносит свои плоды тем, кого мы любим. В списке поклонников Хасслера найдется еще одна увлекательная поездка в известный сейчас маленький город Роккери."
"NEUTRAL","Главное, что мне нравится в этой книге - это персонаж по имени Эдмонд, который отправился в тюрьму на 16 лет потому, что ему предложила работу агент, который дал ему письмо для передачи его другу, которое никому не сообщалось. Друг Эдмонда перевешивал беседу о письме и предал Эдмона."
"POSITIVE","Я просто люблю ""САВЕРИЗМЫ"" - ""Чернокожие"" - пирог свинины, мистер Мияги. Конечно же они организованы по главам и есть еще много других - абсолютно великолепные!Отличная была глава о цифрах.Это лучшее значение для книги о LOST, что вы должны получить эту книгу. Абсолютно смешно, а это полностью решило мою проблему LOST до LOST SEASON THREE.Если вы такие фанатки как я, то у вас должна быть эта книга."
"POSITIVE","Это замечательное опыт, читать произведение художественной фантастики, которое так хорошо написано."
"NEUTRAL","Я не даю 5 звезд ни одной книге, так как я думаю, что все можно улучшить, но это определенно книга с 4,5 звездами. Это одна из тех очень редких книг, которые вы знаете будут жить в вашей душе навсегда. Я был на каникулах, когда встретил ее в библиотеке отдыхального дома. Мы должны были уйти до того, как закончил и первое, что я сделал, когда вернулся домой, было зайти и заказывать её. Это отличная литература и я настоятельно рекомендую ее."
"NEUTRAL","Рождество 2054 г. ""Сеть"" - это технологический прорыв, устройство, позволяющее людям путешествовать во времени и наблюдать за событиями прошлого.Историки используют сетку для того, чтобы вернуться назад и наблюдеть за историей в процессе, но анахронизм и те, кто намерен изменить прошлое, не допускаются через нее."
"NEUTRAL","Хорошая книга (хотя некоторые ссылки датированы) и отличные примеры типов эссе с четкими инструкциями. очень читаемый и привлекательный."
"POSITIVE","Я думаю, что я впервые прочитал ATLAS SHRUGGED тридцать лет назад и это оказало влияние на меня, а позже, когда я одолжил его моему сыну (ныне 50), оно также повлияло на него. Айн Рэнд имела политическую философию, которую она назвала ""объективизмом"", которая, как считает, будет представлена для выгоды в книге фантастики. Как отметили многие здесь, она не была великой писательницей художественной литературы, но она получила свою идею через себя."
"NEGATIVE","Эта книга полна пустословий и общих слов. Не очень помогает иммигрантам. Лучшая информация для иммигратов поступает от государственных учреждений.Сказать читателям, чтобы они стирали себя и пришли на работу показывает настоящие предрассудки и намеки на расизм.Есть много лучшей информации там."
"POSITIVE","Если бы Уэллс проник глубоко в психику Невидимого Человека, исследовав причину его умственного распада, вместо того чтобы просто убить его."
"NEGATIVE","Это была извращенная книга. В традиционном смысле нет плохих/хороших парней. персонажи не были четко определены. Если вам понравилось ""Тишина ягнят"", пропустите эту книгу."
"NEUTRAL","""Ты не можешь выиграть"" - это забавная шутка по подсвету американского Запада в начале двадцатого века, хотя книга маскируется как трактат о борьбе с преступностью и тюремной реформой."
"NEUTRAL","Если вы начинающий человек, создающий свой веб-сайт или даже промежуточный дизайнер сайта, эта книга является обязательной для работы в столе. Если вы продвинутый пользователь, то, вероятно, все еще можете воспользоваться этой отличной книгой о веб-дизайне.Это второе издание было опубликовано более двух лет и, вероятно , должно быть реконструировано. Необходимо сделать эту книгу окончательной рабочей справочной книгой по Web Design (как это было во время первоначального выпуска).Что не хватает в этом издании?"
"POSITIVE","Хорошая сюжетная драма с увлекательными персонажами, захватывающими убийственными заговорами и интересным примером извращенной морали. Хорошо написанный роман, прекрасно сочетающий в себе трагическое и комиксное. Уилки Коллинз, известный как автор первого детективного романа, является одним из моих любимых писателей-фантастов того периода."
"NEGATIVE","Это была одна из самых скучных книг, которую я когда-либо читала. Сюжетная линия может быть милая, но написание ужасное. Слишком много он сказал и подробностей, которые не помогают развить персонажей."
"NEUTRAL","Я давно не читал эти истории, и был рад найти ipthem для Kindle. Спасибо, форматирование в порядке."
"NEGATIVE","Джефф Ровин, к сожалению, не в той же лиге, что Том Кланси. Слишком длинные описания пейзажа, дикой природы и восхода солнца плюс частные мысли персонажей склонны скрывать то, что могло бы быть хорошей историей, если написана самим Клансси. Мне жаль сказать, что реклама этой книги как ""Том Кланци"" книга является, на мой взгляд, очень заблудительным. Ожидается напряженно написанная история действия с множеством поворотов в сюжете типичного для Клансия. Стиль мистера Ровина далеко от этого."
"NEUTRAL","Эта книга имеет замечательную письменность и характеристику. Однако автор слишком старается вписаться в свой повестку дня, который имеет интересные части, но является слишком широким. Это один из главных недостатков Кингсолвера, но большинство ее книг больше о персонажах, а меньше об сообщении. Все её книги хороши, но эта моя наименее любимая."
"NEGATIVE","Александр Кент (Douglas Reeman), плодотворный писатель, проводит весь роман в мелочей воспоминания о жизни персонажа, чтобы подготовить нас к смерти этого персонажа. Эта последняя часть жизни Ричарда Болито заслужила гораздо лучше. В основе романа лежит бегство Наполеона из Эльбы, новелл никогда не дает сэру Ричард ничего делать, кроме как помнить тех, кого он знал и вести себя так, будто он готов умереть."
"POSITIVE","Это очень мощная книга, и я очень ее наслаждалась. Моя сестра послала мне её в подарок на день рождения. Вы можете не согласиться с стилем жизни, но есть что-то в книге, чему вы можете научиться. Я люблю сказку: ""Я заслуживаю всего хорошего, что приходит ко мне"". Каждый человек должен купить больше чем достаточно и испытать чудесные уроки жизни, которые может предложить больше, чем достаточно. Благодарю вас Налейнна, Веи и Кевин Кай. Прошу Вас продолжать писать слова вдохновения."
"NEGATIVE","Моя заказа пришла как планировалось, но сама выпуск разочаровывает. Объявленная ""50-летие издания"" произведения Харпера Ли, Убить петушку-мокинг, небольшая, размером всего 7х4"". Эта книга с ее изношенными, окрашенными страницами, рустично связанной красной клейкой, способствует впечатлению, что это старый том, оставшийся из 1982 года, даты первого массового маркетингового издания. Это не критика самого произведения, которую я ожидаю быть замечательной."
"POSITIVE","И надеюсь, что она любит эту историю так же сильно, как я. Я читала ее несколько раз - настолько много, чтобы запомнить!У меня всегда была копия с собой до тех пор, пока последний не почувствовал себя отрезанным от чтения её много раз.!Скарлетт является сильной женщиной, и в то время сила была отвергнута мужчинами и женщинами.Я уже - много раз, опираясь на силу, которую она имела через рассказ."
"NEGATIVE","В настоящее время я учась с профессором Джонсом, одним из авторов текста. Текст такой же тяготы и недостаточенности, как лекции Джонаса. Моя первая жалоба заключается в том, что существует кризис определения. После того, как я прошел только один курс экономики раньше, я обнаруживаю, что текст имеет тенденцию слишком быстро перемещаться через темы международной экономики, не предоставляя иллюстративных примеров, чтобы лучше понять, как теория применяется на практике."
"POSITIVE","Эта книга удивительна. Здесь так много информации, что каждый раз читая ее я узнаю больше. На рынке есть множество хороших вокальных книг / программ, но Raise Your Voice поможет вам петь выше и быстрее, чем любой другой. Мне было приятно встретиться с Джеймом несколько лет назад и взять день уроков с ним. Отличный парень и чрезвычайно знакомый о голосе. Послушайте похвалы, которые он получил от Джеймса Лабри из Dream Theater. Купите эту книгу и измените свой голос сегодня!"
"NEGATIVE","Я был более чем разочарован этой ""книгой"". Во-первых, я ожидал получить книгу и не брошюру. Второй информацию было бесполезно, если вы когда-либо читали любую другую книгу PMC. Я определенно сделаю записку автора и никогда больше не купить вид невидимый от нее. Есть так много хороших книг на выбор из них. Не тратите время или деньги на этот один."
"NEUTRAL","Я действительно нашел эту книгу полезной в организации очень ""страшного"" вечеринки Хэллоуина. Каждый год я провожу большую вечеринку для детей, и некоторые идеи кажутся усталыми. но эта книга дала мне несколько очень полезных и новых советов. обязательное приложение для каждого ремесленника и планировщика вечеринок."
"NEUTRAL","Привет, я Келли Л., и для английского проекта меня попросили прочитать Хак Финна, в котором я сделал. В десятом классе я подумал бы порекомендовать эту книгу другим. Эта книга была полна приключений и действий, за которыми последовали факты из прошлого. Кроме того, мне было подведено время, и я настоятельно рекомендую вам читать эту книжку. END"
"POSITIVE","Интересные комментарии помогают понять этот текст."
"NEUTRAL","Капоне, Джун и Вонзель начинают как подставные дети, которые получают большие результаты после ограбления дилера из Коннектикута. После того, как дилер клянется местой, но убивает не тех людей, а сам оказывается мертвым, Капонэ, Джюн и V быстро встают на тарелку и захватили свою территорию."
"NEGATIVE","Эта книга старается восстановить смехотворность Fried Green Tomatoes, но она падает тяжелее чем 18-колесовая машина сверху здания Empire State Building. Несомненно самая разочаровывающая книга, которую я читал за годы. На самом деле не на 100% верна... Я даже не смог закончить ее чтение."
"POSITIVE","Я родился в день ""Звездных войн"", 4 мая, поэтому я большой поклонник всего, что связано с Звездными войнами. Это может быть совпадение. Они говорят: ""Да будет четвертый с тобой"" вместо знаменитой цитаты из фильмов: ""Может сила быть с тобой"". В любом случае, мне пришлось прочитать эту книгу после того, как я увидела ее на полке. Я видела каждый фильм тысячу раз, и у меня есть все фильмы на DVD и VHS. Я думал, что знаю всё о Звездах Война до тех пор, пока не начал читать эту книжку."
"NEUTRAL","Я купила эту книгу в местном книжном магазине и почувствовала себя влюбленной! Если у вас есть собака, то вы знаете, как она может быть тупой иногда, а эта книга показывает это через фотографии и смешные замечания. Эта книга принесла мне много смеха и воспоминаний, и я думаю, что ее легко насладиться любой человек, особенно те любители собак там!"
"NEGATIVE","Не рекомендуйте эту книгу Мне не нравится, если вы планируете купить ее верните. Мой отец заставил меня так плохо читать её."
"NEUTRAL","Чарли МакГи - маленькая девочка, как и любая другая. Единственная проблема в том, что у нее есть неестественная способность запускать пожар в любое время, где она хочет. Теперь на ягненке с отцом, скрывая от злобых правительственных агентов то, что произойдет. Если вы привыкли к ужасным историям Кинга это не так. Это настоящий триллер, который принадлежит к поличным с такими авторами, как Робин Кук и Дин Коонц."
"NEGATIVE","Это была книга, которую я предлагала для моего местного книжного клуба.... Когда наш модератор спросил нас о книге, было молчание!Если бы я знала, какая скучная эта книга будет, то прочитала бы первую, середину и конец книги и оставила ее на этом. Zzzzzzzzzzzz."
"POSITIVE","Я только 22 года жил на этой земле и некоторое время, как неграмотный и грубовитый ребенок, но Catch-22 - это самая смешная книга, которую я читал... до сих пор. Это крайне редкость, что книга заставляет меня смеяться громко, но эта книга была смехом в минуту. Это когда персонажи не умирали. В один момент я смеялась над героем ((Milo, Cathcart) и следующий ненавидела его."
"POSITIVE","Если вы находитесь в межкультурных отношениях или привлекаетесь к людям, которые отличаются от вас, это книга обязательная для чтения. За ваши усилия вам будет приятно читать увлекательные и свежие рассказы о различных взаимоотношениях между культурами. Как человек, который прочитал больше анализа за один жизненный период, чем кто-либо должен прочесть на сто лет, это настоящая радость показать примером, как выглядит этот опыт."
"NEGATIVE","Я был очень разочарован книгой ""Я, робот"" Исаака Азимова. Я обнаружил, что эта книга была не так напряженной, как я ожидал, и в конце книги не было крупного кульминаса. Эта книга состоит из нескольких коротких историй, которые связаны двумя главными персонажами. Каждая история о другом роботе и другом конфликте. Она просто не привлекала меня к вкусу, в основном благодаря тому, как эта книга написана."
"NEUTRAL","Я был полностью удивлен результатом этой книги. Когда я была моложе, люди рассказывали мне о том, как скучна книга и я определенно доверял их суждению об романе. Я не мог войти в него на начале, поэтому прочитал синхрон. Я видел только ""Молодого Франкенштейна"" со своей матерью, так что меня бросил сюжетный ряд, который оказался интересным в некоторых (не всех) точках. Я был впечатлен даже если словар был чрезвычайно ""пош"" и цветковый."
"NEUTRAL","Вудрелл - отличный писатель, и с этой книгой он занимается партизанской войной ""граничной войны"", которая существовала между Канзасом и Миссури почти десять лет до того, как она перевернулась в Гражданскую войну. Как &quot;Гон в Техас&quot; , книга о той же теме, которая была сделана в фильм &quot;.От закона Хосей Уэльс& quot;; Вудrell повествует о группе партизан Миссори, которые преследуются Союзнической армией ."
"POSITIVE","Роуз Кэмпбелл, в 13 1/2 лет не помнит своей матери и прожила большую часть жизни с отцом-отчужденным человеком, который умер чуть менее года назад и оставил ее на заботу толпы родственников, которых она никогда не встречала, включая своего дяди Алекса, врача корабля, который должен быть её опекуном, и группу кузенов, все ""ужасные мальчики"". Хотя училась у отца, она получила меньше полноценного курса формального образования, а тетки считают ее ""незнакоманной"" и обреченной на раннюю смерть."
"NEUTRAL","Я нашел сюжет слишком мелочным с недостаточной содержанием. Это не было захватывающим поворотным лицом. Персонажи были странными и не очень интересные странные в этом. Я очень удивлен, что это был один из выборов Опра. Это определенно был один от самых утомительных вариантов из списка Опра ."
"NEGATIVE","До сих пор я абсолютно любил книги Митфорда. Я просто не мог дождаться новой. Какая разочарование!! Я хотел знать, что случилось с Дули во время его подросткового возраста и как он отреагировал на свое наследие и т. Д., а также о жизни других персонажей, которых я полюбила в этих книгах. Это просто не произошло. Иногда мне казалось, что автор забыл то, что она написала в предыдущих книгах . Эта книга кажется полностью вне последовательности."
"NEUTRAL","В книге ""Убивать петушку-мокинг"" Харпера Ли рассказывается история молодой девушки, живущей в Мэйкомбе (Алабама). Эта девочка должна научиться справляться с проблемами расизма и классового отставания внутри своей общины. Роман точно изображает сильный тон расизма на юге. Маленький скаут, полный зрелости за пределами своих молодых лет, сталкивается с расовыми неприятностями, когда ее отец берет дело защищая афроамериканца. Уи Скаута подвергаются домогательствам со стороны коллег, которые называют его сильным, заботливым отцом ""любителем негров""."
"NEUTRAL","Я, очевидно, утопаю в море голливудских методов лечения и современной корпоративной литературы дешевый формулярный подход к жизни, дешевое отвратительное вино Пасо Роблес, а также американская склонность говорить это так, как будто не так; я тоже могу не справиться с интеллектуальными вызовами и потом убежать из серии пресс-школьных оскорблений. Просто потому что император обнажен, он не значит, что он тупой."
"POSITIVE","Это была первая книга, которую я прочитал за 15 лет и я точно скажу, что она была потрясающей. Теперь я привязан к этому автору и его творчеству. Я определенно рекомендую эту книгу любому !!!"
"POSITIVE","Это исторический шедевр, духовно размышляющая книга с отличными метафизическими тонами для тех, кто обладает способностями видения."
"POSITIVE","Гордость и предубеждение - это удивительный классический фильм. Те, кто видел этот фильм...ЧИТАВТЕ КНЕГУ! Остин делает замечательную работу в развитии своего персонажа и захвате эмоций и их ощущениях. Я не думаю, что я когда-либо больше наслаждался классическим фильмом и надеюсь, что буду продолжать многое другое."
"NEGATIVE","Позвольте мне начать с того, что эта книга очень перегружена и она меня действительно огорчает!!! это история мальчика, который погиб в авиакатастрофе и живет некоторое время на видимости ""нелюбимой"" земле, только то носорог, которое дала ему его мать... да верно!! это не подлежит опровержению и мы оба знаем об этом так пожалуйста... помилуй меня!!"
"NEGATIVE","В основном все книги МакКвиага одинаковы: частный сектор смог купить влияние на политику, склоняя ее к своей воле. Хотя это в значительной степени верно, МакКвайаг идет гораздо дальше, обвиняя частное предприятие за большинство мировых болезней и при этом выступая за большее правительственное управление экономическими результатами. Таким образом, МакКуайаг не понимает реальной проблемы."
"NEUTRAL","Эта странная романология, хотя и длинна менее 200 страниц и может быть прочитана в течение выходных. История проста: израильские нацистские охотники захватывают Адольфа Гитлера глубоко в тропическом лесу Амазонки. Их радиопередачи Израилю перехвачены и расшифрованы различными правительствами, которые обсуждают, как реагировать перед тем, как новость проникнет. Между тем, нацистских охотников, ослабленные испытанием в джунглях, решает поставить своих пленных на суд."
"NEGATIVE","Я прочитал все книги Райса, но не думаю, что куплю другую. Виторио сухой, скучный и совершенно недостойный авторства мисс Райс. Если бы я хотел читать о искусстве и истории, то купил бы книгу по достоинству изображения в книжном магазине университета. Виторио полностью без характера и бесинтересен. Какое разочарование от такого талантливого писателя."
"NEGATIVE","Хотя я читал книгу от обложки до обложке, я никогда не входила в нее. Каждый раз, когда на передней крышке я видела слово &quot;BESTSELLER&quot;, я задавалась вопросом: почему! Может быть, это отличная книга для некоторых... но мне казалось скучным и длинным. Я продолжала читать до (горького) конца ожидая той части истории, которая заставит меня сказать: &quot;.Наконец-то мы где-нибудь добрались!"
"NEUTRAL","Если хочешь понять жертвы и борьбу наших предков, чтобы построить этот народ, это обязательное чтение."
"POSITIVE","Это лучшая книга о покупке мебели в декоративных местах. Я путешествую по Северной Каролине, чтобы купить мебель для своего дома и направляет меня точно туда, куда я хочу пойти, чтобы покупать то, что я ищу. Эта книга содержит полезную информацию о том, какие магазины посетить напрямую или лучше вызвать предложения по всей стране. Я все еще использую эту книгу для всех моих потребностей в оформлении, тканей, аксессуаров и советов."
"NEGATIVE","Я должен согласиться с читателем/рецензентом, ""Confused"", что вам нужен график потока для отслеживания персонажей и их действий в этой книге. Мне понравилась первая 2/3 книги, но затем сюжет начал разветвляться повсюду. Мотивы персонажей не были ясны для меня, и было так много плохо развитых персонажей, что я не мог держать их истории прямо."
"NEUTRAL","Эта книга запутанная, но хорошая так почему вам нравится ее скучный, но я все еще не понимаю по какой-то причине"
"POSITIVE","Как и в своей первой опубликованной книге, Харлан Кобен на первой странице включает записку автора, предупреждающую читателей не читать его книгу, если это первый роман, который они будут читать. Он считает, что если они прочитают этот один, то не захотят прочесть другой, потому что этот ""неисправен"". Он сравнивает его с бумагой, написанной молодым человеком в школе, за которую он получил А, но спустя годы он читает газету, которой был так гордится в юности и говорит: ""Что я думал?"
"NEGATIVE","Hal Lindsey и эта книга примечательны по двум причинам: ее постоянная популярность и тот факт, что никакая ошибка в предсказаниях никогда не заставит кого-либо сомневаться в удостоверениях этого человека. На самом деле, далеко от нее многие христиане сегодня собираются сделать Библию и историю соответствовать видениям Хал Линдси вместо того, чтобы искать мудрости Бога."
"POSITIVE","Лучше всего привязать его в спираль, так как он не может легко быть открыт на странице, необходимой для приготовления пищи."
"POSITIVE","Я слишком предвзятый, чтобы дать честный или содержательный обзор. я думаю этот парень гений. это полно его работы."
"POSITIVE","Я не занимаюсь написанием отзывов, но после прочтения предыдущих сообщений я думал, что буду входить. Во-первых, меня озадачивает то, что многие люди думают, что это самый слабый из множества. Я думаю, что второй, хотя и хороший, был самым слабым. В Black Powder War Novic выражает характер драконов. Главы, связанные с дикими драконами-гражданами действительно вдохновлены. Я усмехнулся над их шутками. Также радикальные наклонности Тремераира также интересны."
"POSITIVE","Для тех, кто ищет пошаговая книга для защиты вашего окна Windows XP, вы попали в неправильное место. Это учебник, охватывающий основы безопасности от математических понятий, таких как шифры и зашифровка, к анализу вторжений, вирусов и червей до политических аспектов. Относительно так же конкретно, как это получается с точки зрения реализации, мы видим во второй-последней главе о защите внутренних элементов программы C. Эта книга предоставляет отличную основу в фундаментальных аспектах безопасности."
"POSITIVE","Это было огромное улучшение по сравнению с ""Кроссдорогами Твилайта"". Игнорируйте людей, которые критикуют его негативно только потому что им не понравилась предыдущая книга. Эта книга была отличной."
"NEUTRAL","Мэйкомб - небольшой город на юге США в 30-х годах с всеми предрассудками против чернокожих и беднейших семей, где выросли Жан Луиза (англ. Jean Louise), называемая Скаутом, и ее старший брат Джем. И во время этого их отец должен защитить чёрного человека, который обвиняется в изнасиловании белой девушки. Дети постоянно сталкиваются с предрассуждениями и ненавистью, но они держатся вместе и к своему отцу, хотя общество Майкомба против него."
"NEUTRAL","Изабелла и Эрик, подростковые друзья в их первом году средней школы, являются героями этого романа для молодых взрослых. Изабэлл происходит из семьи бывших хиппиев, которые добровольцы Корпуса мира, эксцентричные гении. Свободный дух и эмоционально открытый, дом Изабэль теплое и приглашающее, и они не обеспокоены тем, что она исповедует предпочтение девушек. Дом Ирика и жизнь очень противоположно Isabelle ."
"NEGATIVE","Я должен был бороться, чтобы закончить этот. Сериал Бар Синстер имел свою смесь хорошего и плохого, но по крайней мере вы могли бы пойти вместе с сюжетом. Может быть я ожидал другого героя вроде Чиллингворта, не в этой книге. Да Мартин (гуман) большой, сильный, красивый и т. д., но какой же ублюдок. У него убийство висит над головой 10 лет и ничего не делает! Аманда все бегает здесь. Она раздражает, действительно. Не то, что я думал, она будет похожа на."
"NEGATIVE","Я доверял предыдущим рецензентам этой книги, но чувствую себя крайне разочарованным теперь, когда я купил ее. Организация книги случайная, письменность плохая и НЕ ИНДЕСТИТЕЙИНЬ!!! Это как будто автор собрал различные информационные материалы из нескольких источников и просто сдав их вместе без времени на создание чего-то качественного. Есть лучшие книги о гомеопатах!"
"NEUTRAL","Талант К. Дж. Паркера здесь очевиден, хотя как более ранняя работа она не совсем так удивительная, как Инженер трилогия. Это увлекательная история в которой играет роль мистика своего рода. Я рекомендую эту серию."
"POSITIVE","Я заказал это для моей внучки на Рождество. Она любила книгу!Многие фотографии, описания, подробности. Отличная книга для всех, кто хочет узнать больше о лошадях."
"NEGATIVE","Воннегут - гуманный, забавный и непредсказуемый писатель. Я прочитал все его книги и рассказы, а это единственная книга, которая мне просто не понравилась. Стиль очень прямой, и одним словом скучный. Если вы читаете только этого Vonnegut, то он не представляет всего своего творчества в целом. Попробуйте &quot;С завтраком чемпионов&quot; или &quot:Пять кладбищ&quot;. чтобы обнаружить одновременно смешную и сердечно раздавляющую (какое слово!) прозу."
"NEGATIVE","Стыдно за тебя, христианское аудио!! - Я заказывал эту звукозапись на Amazon.com потому что я специально искал превосходный перевод Джона Сиарди. Запись пришла сегодня и я была шокирована тем, что это не перевод Джон Циарди (Inferno 1954, Purgatorio 1961, Paradiso 1970) как рекламируется и показано на фотографии продукта; но бедный 1891-92 Чарльз Элиот Нортон прозаический перевод. Я в шоке и безмолвен!!!"
"NEGATIVE","Я очень надеялась на эту книгу. Я обычно не люблю книги, которые пересекают между настоящим и историческим контекстом (за исключением ""Таймлайн"" Майкла Крайтона). Но Кейт Морган совершенно невероятна как персонаж, и очевидно является преувеличенным альтер-эго (с акцентом на эго) Гарвардского автора частного зрения."
"NEUTRAL","Сделать друзей нелегко для всех, и Мейв Бинчи, зная о способах человеческого сердца, показывает, как это можно сделать в возрасте от 10 до 60 лет. Сила Бинки - ее подробные портреты повседневной Ирландии, особенно хорошо сделаны в кругу друзей 1950-х годов."
"POSITIVE","Я читал и очень наслаждался тем, что я знал в течение большей части своей жизни как ответ на вопрос о тривиале. Его единственный роман - сатира Оскара Уайльда над высшим классом конца 19-го века Великобритании подвергает шутку их пустых образов жизни, хотя история изображена в традиции Эдгара Аллана Поэ. Сочетание вкусное и шокирующее."
"NEUTRAL","Я был на шаге Шрева с момента жены Пилота, и этот не разочаровывает. Хотя я догадался ""секрет"" Эдена почти сразу же, история развернулась естественно и письмо Шреве было так прекрасно, как всегда. Шрев захватывает романтику и чувства детства с большой чувствительностью. И hooray - книга Шрево с почти счастливым концом!"
"POSITIVE","Я занимаюсь терьерами более 25 лет и охотился с терьерями последние десять лет. Брайан Пламмер - один из истинных ""какторов"" мира терьеров. Отличный чтение!"
"POSITIVE","Я люблю слово использование в этой книге. У хартиа есть собственная жизнь. В этой книже каждый ритуал должен быть назван классикой."
"POSITIVE","Эта притча из уст Мадонны уже кажется культуренной классикой, но она является классически нетрадиционной, полностью соблазнительной и все же привлекательной, а также безупречной, конзумирующей судьбой, но верно непредсказуемой, общепризнанной, но чувствительно неприкосновенной, хребтовой реалистической, но казалось бы непонятным, удивительно глубокой, однако титанически неуничтожной, критически признаваемой, но религиозно необузданной, и... и ... и .... и смотрите мам! ... это неизбежно непрерывно! ..."
"NEUTRAL","Это, безусловно, классический рассказ о росте арабского народа и становлении современного Ближнего Востока. Он охватывает критические периоды 19-го века и первой половины 20-го века, когда большинство арабских стран пережили радикальные изменения от того, что они были частью Османской империи, до колонизации западными державами, чтобы снова стать независимыми. Узнайте историю Египта, Ирака, Ливана, Сирии, Иордании, Саудовской Аравии и Палестины с арабской точки зрения."
"POSITIVE","Моя любимая книга! Она прекрасно написана, а сюжет захватывающий и трудно выложить."
"NEGATIVE","Взгляните на Lucky Clover Lace Wrap - это не очень удачно. Узору есть значительные ошибки для фронтов и рукавов, а у веб-сайта Деби Столлер есть коррекции, которые все еще не правильны!! Я не могу получить ответа от Деби Stoller или Мелисса Верле (дизайнер свиттера) по исправлению коррекций! Также в модели Felted Furry Foot Warmers также есть ошибкі. Могут быть ошибцы и в других моделях. Сделать на свой риск!!!"
"NEGATIVE","Я был поклонником романов Аманды Квик с ее ранних дней. ""Отдача"", ""Внешение"", ""Неопасный, Небрежное"" и ""Плохое"" - это некоторые из моих любимых романсов. Мне очень хотелось любить этот роман, потому что он имел все элементы её прежних успехов: интересная тайна, командующий героем Бета, героиня-заказчик с невероятно противоречивой настройкой для персонажей. Но где-то вдоль линии мисс Квич потеряла нить того, что делает романтику великой."
"NEGATIVE","Я такой большой поклонник серии и пробовал первые 3 книги. Я не мог их оставить. После долгого терпения ждать ""Фейст Фор Кроус"" я нахожу себя очень разочарованным. Это даже не приближается к волну, через которую вас подвергли предыдущие книги. Но, увы, это обязательное чтение независимо от (если вы любитель сериала). Просто пийте много кофе, закончите его & помолитесь следующая книга вернется на путь & будет выпущена чуть раньше 5 лет! 5 лет???"
"NEGATIVE","Я купил эту книгу, думая, что это роман - мальчик я был не прав! Это длинная и волнующая история о женщине, которая не может выстоять за себя и грубым мужчине, который любит ее (наверное, не внешне до конца)."
"POSITIVE","Я читал много, но редко дважды читаю одну и ту же книгу."
"NEUTRAL","""Владыка мух"" - это еще один из тех классических английских романов, которые я как-то прошел в школе без чтения. Он часто упоминался во время других книжных дискуссий на уроках и у меня было очень общее ощущение об общую сюжетную картину книги, но я никогда не читал ее. Так что, наконец, я сделал. Для тех, кто каким-то образом не слышал о книге или ничего не знает об истории, она в основном включает группу британских школьников (вероятно 6 или 7 лет до раннего / средних подростков)."
"POSITIVE","Это чрезвычайно полезная книга, которая позволит вам просто разработать - развивать и создать свою собственную книгу теней. не навязчивая, авторитарная или властьёжная."
"NEUTRAL","Это отличный справочник по моделям опционов процентных ставок, я широко использовал его с Implementing Derivative Models (Wiley Series in Financial Engineering) во время написания своей магистерской диссертации. Хотя это хорошая справка, в ней отсутствует глубокое проявление того, как уравнения производятся, предполагая, что читатель является экспертом в этой области. Так что в некоторых моделях книга имеет тенденцию быть слишком поверхностной, но, как я сказал, это отличное упоминание о IR Option Model."
"POSITIVE","Сложно описать, насколько фантастическая эта книга. Эдмунд Дантес мог быть одним из величайших персонажей в истории литературы. История несправедливого заключения Дэнтеса, бегства и тщательно спланированного возмездия за его обвинителей будет развлекать и удивлять каждого читателя.Александра Думас наверняка создал шедевр с &quot;Граф Монте-Кристо&quot;. Не пропустите этот фильм."
"NEGATIVE","Я постараюсь добавить к тому, что другие уже написали. Хотя с этой книгой абсолютно нет рукопожатия, я смог следовать и запустить установку (нелегко). Однако мне постоянно приходила загадочная ошибка ""ввод/выход"" примерно на полпути в процессе установки. Когда я обращался к IDG books для объяснения, меня указали на сайт Sun's installation (где я должен был посмотреть перед покупкой книги)."
"NEGATIVE","Мой один звездный обзор - это версия General Books LLC и относится к низкому качеству публикации. Перед тем, как разместить заказ, проверьте издателя выкупаемой версии.General Books LLC создала эту книгу с использованием автоматического сканирования OCR. Есть многочисленные ошибки в написании и могут отсутствовать страницы. Абсолютно никакого редактирования не происходит (сайт издательства ясно заявляет об этом)."
"NEGATIVE","Лучшее, что я могу сказать о книге, это то, что не мог ее оставить после того, как начал читать. Нисколько я не мог относиться к персонажу Каулфилда и он также не казался очень симпатичным человеком. Просто было интересно видеть мир глазами циничного подростка. Иногда он имеет смысл, когда удивляется притворству в нашем обществе, но больше всего он просто появляется как эгоцентричный, испорченный подросток."
"NEUTRAL","Plainsong, действительно была одной из лучших книг, которую я читала. Когда я впервые купил книгу, я попытался прочитать ее, но нашел начало длинным и вытянутым. Позже, когда я снова начала читать Plainsonge, я обнаружила, что книга очень хороша, я не могла её оставить на странице. Это очень медленная начинающаяся книга, но если ты дашь ей время, она отличная. Мистер Харуф удивительна! У Plainsongo так много эмоций и чувства, что это заставило меня плакать. То, как все описывается в этой книге, неповторимо большинству авторов."
"NEGATIVE","Как можно исследовать могущественное тайное общество? Только если 1. оно не является мощным, или 2. это не секретно, или 3. автор лжет. В любом случае книга вводит в заблуждение."
"NEGATIVE","Просто чтобы быть понятным. это не картонная книга. Это очень маленькая коробка из 25 карт с одним знаком по каждой стороне и крошечной брошюрой. Не то, что я ожидал вообще. О ну, карточки в порядке. Я хотел бы больше очищенных фотографий для обмена с ребенком. Если я ожидала небольшой коробки карт я, вероятно, дал бы ей 3 звезды. В коллекции есть некоторые полезные знаки. Лично я был разочарован. Это должно было стоить $3,50, а не $10."
"NEGATIVE","В романе рассматривается способ, которым деньги коррумпируют и меняют людей. Обычные люди будут обманывать, воровать, лгать и превращаться в жестоких при перспектив получения большой суммы денег. Призваны его умирающего отца, Рэй Атли возвращается к своему детскому дому последний раз. Когда он приходит, он обнаруживает судью Атли мертвым на диване, а три миллиона долларов наличными в шкафу за ним. Рэя мучатся множеством вопросов: откуда взялись деньги? кто еще знает о нем? Кто бы был готов убить за него?"
"NEUTRAL","Не закончив эту книгу в колледже, более 30 лет назад я завоевал ""Медлмарк"" Элиот. И хотя это заняло мне месяцы, я рад, что сделал усилия."
"NEGATIVE","Бедный Борис Карлофф запутался в этом. Как отметили другие рецензенты, уровень звука на CD настолько низкий, что просто невозможно его слушать. У нас есть много книг для детей, а нормальное уровень прослушивания на автомобильном стерео - ""20"". Даже при том, что этот диск поднял максимум до 40"", просто не возможно слышать и понимать то, что говорится, поэтому CD бесполезно."
"NEUTRAL","Я немного тренировалась в стиле Скрагс и хотела научиться мелодическому банджо. Мой учитель использует эту книгу, и я не знаю почему. Я начинающий человек, а это не для новичков. Мне нужно самостоятельно выработать фингринг. Есть много истории о различных артистах. Иногда я хожу на YouTube, чтобы попробовать увидеть, как должна звучать песня, над которой я работаю, и обычно она ничем не похожа на аранжировку этой книги."
"NEGATIVE","Это необходимый текст для курса истории Мичигана, который я прохожу в местном общественном колледже. Каждая глава длинная и не имеет истинной темы; я бы описал каждую главу как коллаж загадочных и плотных фактоидов на актуальный уровень относительно истории Мишигана. Содержание многих глав перекрывается, а отсутствие твердых тем в каждой главе, сочетается с именами, датами и слишком много статистики затрудняют обобщение и усвоение каждой из них."
"POSITIVE","Вы можете просто искать возможности MS Money 2005 Deluxe через сложные меню или онлайн-помощь, либо купить эту книгу и быстро и легко узнать, как навигировать по всей программе. Книга заменяет файл Помощи, который должен был быть установлен с программным обеспечением. Он также включает информацию, которая не кажется доступной в онлайн-сообщении."
"NEGATIVE","Что делает эту книгу интересной, так это то, как автор использует Мисси, генетически модифицированную ягненку, которая в основном функционирует как другой персонаж; несмотря на это история довольно обычная. Сюжет прост, и мисс Хаверти занимается теми темами, которые мы все видели раньше. Это легко читать, но не особенно захватывающее или провоцирующее размышление; мой самый большой возражение, однако, заключается в том, что по мере продвижения истории я нашел ее достаточно предсказуемой."
"POSITIVE","Книга отличная: именно то, что я ищу. Прямой текст - это то, чем иностранному посетителю или мигранту нужно представить эту удивительную страну"
"NEGATIVE","Я нашел эту книгу, когда работала волонтером в сиротском доме в Тихуане. Единственная книга на английском языке, так почему бы не попробовать? Эта книга определенно открыла мне глаза, хотя и не таким образом, как предполагали ее авторы. ""Ишбэйнское заговор"" - христианская фундаменталистическая пропаганда, тонко прикрытая литературой, а это просто попытка создать литературу с помощью шнуровки."
"NEUTRAL","Я люблю Стефайн Лоранс, поэтому когда этот вышел я сразу же схватил его. После первых двух глав мое внимание начало блуждать. Это просто, хорошо, неловко. Честно говоря, я был разочарован. Мне казалось, что я вернулся в среднюю школу и снова получаю сильную пищу для чтения материала. Я хотел кричать до точки, но вместо этого (после того как заставил себя прочитать всего 4 главы) я прыгнул на задний план книги и прочел финал."
"POSITIVE","""Прогресс Шерстона"" - третья и последняя книга из вымышленных рассказов Зигфрида Сасона о том, что он пережил во время Первой мировой войны. Иногда события отражаются так близко к тому, что Сасон действительно пережил, что трудно отличить факт от фантастики. Это только помогает добавить загадку, окружающую жизнь и наследие Сасона, солдата-поэта, который осудил войну лишь для того, чтобы вернуться на фронт как способ узнать, кто он был в самом деле."
"NEUTRAL","Я думаю, что эта книга была очень достойна. Она действительно держала меня под крышей кроватью потому что она была так интересной. Мне просто нравится эта книга! Я выбрал этот рейтинг, потому что он был действительно хорош. Я бы не сказал префекту, потому как это действительно старое, но сегодня оно действительно является большим хитом! я просто абсолютно любил его!!!!!!!!!!"
"POSITIVE","Сердца в Атлантиде - продолжение гения Стивена Кинга. Расширяющаяся сюжетная линия, напоминающая ""Стан"" прекрасно работает в этом новом романе. Повествование никогда не было лучше. В отличие от некоторых романов этой длины нет ""погрузки"". Каждое слово сложно переплетается в историю. Я лично хотел бы увидеть скрипты и конструкции базы данных, которые он использует при создании своих шедевров. Теперь к ""Заводу!""!"
"NEUTRAL","Томас Перри очень известен своими захватывающими триллерами. В некоторых отношениях он сильно недооценен тем, что его книги настолько хороши, что должен быть очень известным бестселлер-автором. Он издает качественные работы на протяжении многих лет. Его последнее произведение является исключением и фактически одним из лучших за довольно долгое время.PURSUIT, как правильно описывает название, - это роман о преследовании кошки и мыши между двумя убийцами. Оба они профессионалы для найма."
"NEGATIVE","Эта книга была разочаровывающей по нескольким причинам.Недостаточно реальных данных о том, как получить книгу на продажу, если вы не делаете крепкую или с гребенькой связанную книжку, которую можете печатать в любом местном копирайтере.Никаких обсуждений о том , почему бы вам хотелось товарный знак заглавия (она говорит, что она будет об этом говорить, но никогда не делает)."
"POSITIVE","Это, наверное, самый захватывающий произведение Анны Райс ""Вампиры"", который я читал после книги ""Королева проклятых"". И мне всегда нравилась эта книга. Этот обзор мог бы быть более интеллектуальным, но я сделал свою мысль очень простой."
"POSITIVE","""Близдарь 78"" - это захватывающее и забавное чтение. Мне понравились фотографии, которые вернули невинность того времени, когда две недели не было школы и все должны были объединиться для выживания. Я думаю, что это делает отличный подарок и может начать замечательные разговоры. Любой в Новой Англии, кто пережил великий ""Блитзарь 1978"", и имеет историю рассказать, будет наслаждаться этой книгой как воспоминанием и запоминанием."
"POSITIVE","Эта книга - 10 из 10!!! Мне нравятся рецепты, но больше всего мне нравится подход автора к теме. Его связь, его любовь к культуре очевидна на каждой странице, которую вы переворачиваете. Вы просто не можете пойти неправильно с этой!"
"NEGATIVE","Я попытался прочитать эту книгу, когда меня заставили поверить в то, что она похожа на произведения Филиппа К. Дика. Впервые я не смог продвинуться дальше примерно 50 страниц. Писание было так ужасно, история была настолько вынуждена, клишева - как претензийная Барбара Картленд. Но я попробовал снова через несколько месяцев. Я продержалась до какой-то любовной/сексуальной сцены, которая заставила меня смеяться и выбрасывать этот мусор."
"NEUTRAL","Это не мой любимый из ""Хроники Нарнии"". Не совсем. Я помню, как в детстве мне это было не так интересно, и я был немного удивлен тем, что когда перечитал его еще месяц назад, он оказался намного лучше. Мне кажется, что действие движется довольно медленно. Писание выглядит гораздо более деревянным и старым, чем в Льве. Раннее вещество, когда Каспий находится на замке, узнавая о старой Нарнии, неплохо. Но основная часть путешествия скучна."
"NEGATIVE","Хотя я люблю большинство королей... может, этот сериал не должен был быть воскрешен!... он все еще мертв... приятель Стив... эм... думаю, пора уйти на пенсию."
"NEGATIVE","Я был очень разочарован тем, как эта классическая история была напечатана. Ошибки в печатном виде по всей книге т.е. слова, которые все столкнулись друг с другом и даже страницы истории отсутствовали, сделали то, что должно было быть приятным чтением для завершения его работы. Я ждал перечитания всех старых школьных классиков на своем новом Kindle, но если преобразование старых публикаций в электронные читатели соответствует тому же стандарту, я не захочу этого делать."
"NEGATIVE","Я очень ненавидел каждую страницу этой книги. Не то, чтобы это было важно, но я читал много классической литературы, и эта книга - самая худшая в жизни. Персонажи были mean, мерзкие и не имели никаких избавляющих качеств. Она должна была быть читана как абсолютная мусорка во время ее написания, и она до сих пор есть сегодня. Я не вижу, как кто-то мог бы найти эту историю романтичной. Если бы мне человек сказал, что эта книга обобщает его идею о романе, я бежал бы к холмам и никогда не смотрел назад."
"NEGATIVE","Эта книга, ""Украсть"" Дженнифер Армстронг удивительна. Она рассказывает о женщине по имени Мэри, которая вспоминает о том, как она узнала об опыте своей бабушки во время бега из дома в Вирджинию. Ее бабушка называется Сусанна и ее родители умерли, поэтому ей пришлось жить с тетей, дядей и кузены. Она уходит из дома после того, как поняла, что нет ничего для нее. Она убегает со рабом по имени Вефлеем и на их юнье они сталкиваются со многими проблемами."
"POSITIVE","Хизер МакХью - одна из лучших живых американских поэтов, и эта книга показывает вам некоторые ее самые прекрасные произведения за последние 25 лет. В ней также есть сборник новых стихов, которые продолжают и углубляют её предыдущие работы."
"NEUTRAL","Особенно с ее утверждением, что Джимми совершил самоубийство. Ближайшие спутники Джими во время европейского тура - Митч, Билли Кокс, роуди Эрик Баррет и т.д. утверждают, что Джими был в хорошем настроении за несколько недель до его смерти, особенно по поводу Electric Lady Studios. Конечно, у него были все дерьмы о финансовых и управляющих, но он просто не звучал самоубийственно. Мне нравилось слышать более личные вещи, такие как кто из любимых актеров Джими (Брандо, Джеймс Дин), [...]"
"NEUTRAL","В этой книге две темы, которые сильно вдохновили меня: 1) найдите свою страсть и 2) начните. Она полна практических советов, убедительных примеров, а также удивительно полезной секции о финансах, которая будет привлекать даже самых брософобичных читателей. Прочитайте эту книгу и сэкономите себе месяцы или годы бегания в неправильном направлении своими предпринимательскими желаниями."
"POSITIVE","Я люблю эту книгу, она такая смешная. Это одна из лучших книг, которые я когда-либо читала."
"POSITIVE","Я люблю, как эта книга течет, когда вы ее читаете. Единственная жалоба у меня есть на песни, которые они пеют в книге. Они действительно ужасны и я всегда просто пропустил их. Это говорит о том, что я прочитала эту книгу несколько раз и прочла её своим детям, когда они были моложе."
"NEUTRAL","Темпе Бреннан начинает свое второе приключение, выкопая могилу в небольшой церкви. Задаваясь идентифицировать кости монахини, она только что приспосабливается к погоде Монреаля. В середине ночи ее вызвали на место страшного пожара, который оказывается полным убийств. Поскольку Темпе работает над двумя делом, она также возвращается домой и продолжает быть затянута в macabre web с культом."
"NEUTRAL","Я купил Slaughterhouse 5 в подарок для моего внука."
"POSITIVE","Я купила эту книгу для моего мужа, и он любил ее! Рекомендую её фанатам ""Атланти Брейвз""."
"NEUTRAL","Я читаю этот роман для своего курса английского языка в АП, и это хорошо ( мне осталось около 50 страниц до окончания книги). Бронте определенно умеет говорить с словами, а история Джейн, хотя в некоторых частях немного нереалистична, безусловно делает хорошее чтение. Однако диалог порой путает, потому что автор использует неправильные местоимения (например: ""Хотел бы она кусок хлеба?""), когда он должен быть &quot;ЛЮБОТ ли тебе кусочек хлеба?&quot;."
"POSITIVE","После того, как я увидел эти фотографии, мне стало еще больше вдохновение посетить все национальные парки!Эссе были ненужными и убирали пространство от дополнительных фотографий."
"NEUTRAL","Книга ""Хроники Нарнии"" всегда была исключительным детским книжным сериалом, и принц Каспиан не является исключением. Написанная Клайвом Стейплем Льюисом в 1949 году, эта детская книга стала частью известной серии, которая известна многим людям."
"NEUTRAL","Я был поражен, когда увидел рекламу этой книги в утреннем ток-шоу и заметил, что сам писатель поддержал ее читая перед камерой. Это должно быть невероятное чтение."
"NEUTRAL","Изменение команды - третий (и, надеюсь, не последний) сериал. Это было разочарование. Хотя то, что было из книги, было приятно, это действительно только половина книги. Персонажи знакомы и приятны. Но вы должны прочитать другие до этого, чтобы понять, что происходит в этой книге. Моя самая большая жалоба заключается в том, что она не привела сюжетные линии к концу. В то время как есть 320 страниц в этой книгу, это недостаточно."
"NEGATIVE","У этой книги есть проблемы с печатью, некоторые страницы вы даже не можете прочитать текст в ней и она стирается. Это проблема не Amazon, а принтера"
"NEGATIVE","В этой книге нет таблицы содержимого. Поэтому она довольно бесполезна в Интернете - но, это хорошо стоит иметь бумажную копию. Булингер гений."
"POSITIVE","Я много времени проводил в последние годы, читая о различных аспектах Второй мировой войны, от разных сражений до используемого оборудования, но это был первый раз, когда у меня была полная книга отдельных историй об среднем GI и истории, которую он должен был рассказать. Здесь есть много рецензий, которые подробно описывают книгу; я просто хотел добавить, что сначала думал, что эта книга будет скучной."
"POSITIVE","Я люблю Джойс Майер и не хочу отдавать книгу чтению. Но есть много Писаний, которые говорят нам беспокоиться ни о чем. Джойз входит в человеческую природу вещей и дает приказ бросить свои заботы на нашего Господа. Я делаю это, больше сейчас, и это ближе ходить с Ним. Дайте ему ваши бремя и заботы, зачем беспокоится, когда у вас нет контроля? Страх не от Бога."
"POSITIVE","Я читала эту книгу в детстве и очень насладилась. Сейчас я дома обучаю своего сына, и мы собираемся прочитать всю серию вместе. Думаю, что любой ребенок от 7 до 12 лет будет любить эту сериал. Особенно маленькие мальчики. Надеюсь, вам понравится эта книга так же, как мне. Удачное чтение. Кэрол Сэйлер из великого штата Теннесси...."
"NEGATIVE","Эта книга совсем не лучшая для Энн Перри. Она движется очень медленно и слишком много проникает в психологические профили персонажей. Я не смог закончить ее. Определено трата времени."
"POSITIVE","Мне это нужно для моего класса, и книжный магазин был без них. Пришел быстро и в хорошем состоянии, как описано."
"POSITIVE","Я только что получил эту драгоценную книгу из детства вместе с ""Маленькими мужчинами и Джо"" мальчиками, а теперь я в рождественском духе. Даже если книги пришли немного испорченными, я не собираюсь возвращать их, потому что тогда кто знает, когда я получу замены. На хорошей примере хотя я действительно получил их два дня раньше, чем предполагалось. Теперь все, что мне нужно сделать - приготовить горячий кокосо, схватить одеяло, скользиться в постели и отправиться обратно в 1900 год и посетить Маршские женщины!"
"POSITIVE","Этот обзор касается исключительно выпуска Kindle за 1,98 долларов ""Полов на снарка"" Льюиса Кэрролла, названного Digireads.com публикации. Во-первых, если у меня есть выбор между недорогим изданием и бесплатным изданием, я всегда предпочитаю дешевый ($ 2 - $ 10 диапазон) к бесплатной, так как мой опыт с бесплатными изданиями заключается в том, что они имеют ошибки сканирования и очень трудно найти ничего, поскольку обычно у них нет активной таблицы содержимого."
"NEUTRAL","Сначала эта книга казалась разочаровывающей, не такой уж хорошей как первая серия. Мне потребовалось немного времени, чтобы привыкнуть к тому, что ""Огнесердство"" (звезда) тоже не является главным персонажем. Но примерно в 1/2 пути через это, возможно, чуть больше). Это действительно завязывает вас так же, как и другие серии. Я жду момента начала следующего и узнать, что происходит с кошками Thunderclan!"
"POSITIVE","Я никогда не был огромным поклонником Заппы, когда рос. Его музыка была невероятной, но его тексты были глупыми, поэтому я подумал тогда. Я начал обращать на него внимание, когда в 1980-х годах происходили испытания рок-н-ролла. Он сбивал PMRC во время слушаний и поздних вечерних новостных ток-шоу. Это было причиной того, что я решил прочитать его книгу. То, что вышло из книги, это очень продуманный человек, который смотрел на свою жизнь со большим количеством юмора."
"POSITIVE","В целом это информационная книга, которую стоит прочитать, поэтому я даю ей 5 звезд. Он повторяет эту вещь о девственности до смерти в книге, где я чувствовал, что он мог бы лучше изложить ее в 1 или 2 главах. Также как упоминаются ниже другими людьми, он оставил много масонских вещей. Я рекомендую смотреть на видео AMERICAS SECRET DESTINY и RIDDLES IN STONE они добавляют и парализуют эту книгу довольно хорошо."
"POSITIVE","Это книга о ужасах рабства в американской истории и сильных желающих людей, которые выжили. Я должен был использовать коробку тканей во время отдыха на несколько дней с работы для чтения этой книги. Вири очень сильная и могущественная женщина, которая видела большую боль и страдания, чем многие из нас могут представить, но все же она не знает ненависти или поражения в своем собственном сердце. Вы будете за нее и ее свободу, но когда свобода достигнута это не то, что кажется."
"NEGATIVE","Почему Amazon продает книги, которые являются классическими и доступны для всех в обычных библиотеках или через Интернет?У Amazon нет достаточно денег на то, чтобы продать бесплатные?"
"NEUTRAL","Я бы сказал, что это очень трудно читать, но это заставляет вас хотеть понять. Мне пришлось прочитать его в школе, и он был отличным! я дал бы ему пять если бы не для окончания. после всего, через что проходит Сайлас, да, вы счастливы для него, но все работает слишком хорошо. Нет достаточно трагедии или горько-сладкого на конце чтобы заставить тебя постоянно думать об этом и писать в боли персонажей, думаю, только, если. Я действительно попал в книги, как это."
"NEGATIVE","Я согласен с другими рецензентами Amazon, которые говорят, что Эрагон очень похож на ""Господь колец"". Однако меня также беспокоит то, что он ОТКОВО похож na Star Wars! Вот что я имею в виду: Эрагон (Лука) - молодой фермерский мальчик, который живет со своим бедным дядей Гарроу (Овен). Он ничего не знает о своем прошлом, но узнает, что его мать выбрала оставить его на ферме."
"POSITIVE","Я была очень рада найти эту книгу, и я искала такую. Она хорошо написана, подробно описанная и не загружена столь технической информацией, что после первой главы у меня теряется интерес к ней. Многие книги о магии ориентированы на новичках, и это освежает, когда узнаю, что эта книга адресована практикующим людям."
"NEUTRAL","Моя дочь была очень рада этому диску, и она нашла его успокаивающим и полезным в ночное время."
"NEGATIVE","Я думал, что это глупая книга и задаюсь вопросом: почему психологи все еще ищут ""единую теорию"" о том, как люди учатся, какой лучший способ мотивировать их и т. Д., когда простая правда заключается в том, что существует множество методов и стратегий, которые могут быть успешными И неудачными? Почему именно потому, что индивиды разные, конкретные ситуации разные?"
"NEUTRAL","Даниель Стил сделала это еще раз с этой красиво написанной статьей о прекрасной девушке по имени Индия. Я часто бываю дома одна, пока моя подруга работает, но я определенно не возражал тому, что был один, когда читал эту драгоценную книгу. Продолжайте пить рамену, потому что я собираюсь ее снова прочитать! Примечание: если ""Горько-сладкое"" кажется немного медленным и клишевым вначале, придерживайтесь его, потому как он получается действительно великолепный на середине пути."
"POSITIVE","Я прошла обычный диагноз... дискогенерации - в постели 2 месяца, угрозы хирургического вмешательства нескольких ортопедических хирургов, а затем... да.... я прочитала книгу. Это было 8 лет назад. Да - у меня все еще болит спина. Да, это болит. Но просто зная, что это никогда не будет больно - помогает мне расслабиться, дышать и, конечно же, боль исчезнет. Рецензенту медицинской области нельзя дать 3 дня или иначе..."
"NEGATIVE","Нет, спасибо. Тебе будет трудно найти более неприятных персонажей."
"NEGATIVE","Эта книга получила высокую оценку от ряда людей, которые знали о моем интересе к Гражданской войне. После ее прочтения я почувствовал, что меня использовали в качестве пушечного мяча в Гетибург. Честно говоря, я не уверен, почему я закончил его, даже если учесть, что я больше всего пропустил сюжет, касающийся женщины. В течение длительного времени это было просто скучно. Путешествие Инмана через кошмарный Юг было более привлекательным, но все же отсутствовало какого-либо вида толчка или погружение."
"NEUTRAL","При комментариях к гениальной Джейн Остин, гордость и предрассудки наиболее часто обсуждаются. Хотя я должен признать, что Гордость and Prejudice является моим бесспорным любимым из тех романов, которые я прочитал мисс Остин , у нее есть много других великих произведений. Эмма еще один пример ее несравненных навыков как писательницы. Большинство людей считают темы романтической жизни Остина самые интересные, но её романы, в частности Эмма, переполнены большой количеством сатиры."
"NEGATIVE","Когда журнал Entrepeneur просмотрел эту книгу, она звучала хорошо, поэтому я купил ее. Читая её, это не что иное как сборник статей из старой журналы, написанных одним и тем же автором этой книги. Random House очевидно искал быстрый способ получить деньги в праздничный сезон, так что решил собрать эту ""новую"" книгу. Единственная новая здесь - пару редакционных комментариев на конце историй. Whoopee."
"NEUTRAL","Я не знал, чего ожидать от этой книги, будучи новым персонажем из Стюарта Вудса, но мне понравилось. Сначала я был поражен тем временем и обстановкой, в котором это происходит, но Уудс делает отличную работу по тому, чтобы дать достоверность всей истории путем добавления реальных героев и событий к его книге... быстрый ритм, солидная история... поклонники Логов должны проверить эту книгу"
"NEUTRAL","Если вы думаете, что можете пропустить книгу потому, что видели фильм. подумайте опять. Фильм был забавным и увлекательным, но это произведение художественной фантастики, изготовленное Голливудом. Он не имеет никакого сходства с персонажами, событиями и реальностью, которую Дэвид Уайз приносит своим читателям. Его исчерпывающее исследование и понимание этого мира одежды и лапши очевидно по мере разворачивания этой истории предательства. Отличное чтение! Вы не можете не подумать, что ФБР предпочтет вам видеть фильм, а не читать книгу."
"POSITIVE","Джонни Треймэн - волшебная книга для меня. Она возвращает меня в 1966 год, когда я учился в пятом классе на стадионе школы. У нас была ученица-учительница по имени мисс Гринберг, которая объявила нам, что она собирается начать читать нам громко каждый день после обеда. Нам было десять и одиннадцать лет и мы были сильно оскорблены тем, что учитель хотел прочитать нам как младенцы! Тогда Мисс Гренберг начала читать Джонни Траймэн."
"POSITIVE","Я прочитал книгу, но в итоге не сдал экзамен. Кто-то другой купил ее у меня и они подумали, что это очень помогло."
"NEUTRAL","Я собираюсь пойти против популярного согласия здесь и сказать, что эта книга я сейчас несколько сожалею купить. Это не то, что это была особенно плохая книга. Однако персонажи казались плоскими - Уиллоу, девушка, служила мало смысла помимо задавать бесконечные вопросы, которые были более раздражающие, чем полезные, а Бой оказался довольно жалким. Поворота, когда он пришел, был настолько предсказуемым, что мне потребовалось несколько страниц даже понять, что было хоть одно."
"NEUTRAL","Я закончил, но в книге не столько о сложностях умных людей, сколько как заставить умных играть хорошо в команде."
"NEGATIVE","Название этой книги не могло быть более подходящим, поскольку это ошибочное и смешное толкование Писания Копана и природы Бога.Копан должен прочитать некоторые стихи, а именно Иеремии 10:23, Иоанна 5:19 и 15:5, Филиппийцам 2:13 , не говоря уже о Притчах 16:9 и 19:21, которые все разрушают понятие предполагаемой суверенной ""свободной воли"" человека, которое легалистам нравится думать, что каким-то образом будет отменяться фактической суверенным волей Бога."
"POSITIVE","Я только что начала пить домашнее пиво, и я хочу большего - книга Рэнди Мошер дает мне это. Эта книга рассказывает о пивании полный спектр от истории до химии до тонн рецептов для создания многих разных видов пива. У этого парня есть отличный чувство юмора, а также очень визуально привлекательная книга ответила на многие мои вопросы о том, как работает пивопивка и что делать и чего не делать."
"POSITIVE","Я купил весь сериал Кейт Мартинелли. Лори Кинг - отличный рассказчик! Кейт Martinelli является персонажем с несколькими уровнями, которые Король представляет так хорошо. Истории имеют столько поворотных и поворотов, что вы не можете перестать читать. Хорошие истории и хорошие персонажи, любите его! Первая книга `A Grave Talent', имеет историю о том, как Кейт и Ли встречаются вместе и трагедию (должно прочитать, чтобы узнать), которая делает остальную серию настолько интересной для подхода."
"NEGATIVE","Я купил этот аудио-CD, чтобы слушать в машине... я думал, что покупаю CD Audio Book...... очевидно 2004 Санта Фе не в курсе этого продукта? ему нужен MP3 плеер, которого я не знал и у меня нет... так что прослушивание в автомобиле вышло? потом говорится, что можно импортировать на Itunes....... хорошо, у меня есть iPhone, поэтому попробуем это........ Нет никакого. ITunes почти столь же просто разобраться как с санскриткой.... теперь эта штука пластика за 15 долларов бесполезна......... если я ее не играю на лаптопе........"
"NEUTRAL","Название этого текста немного вводит в заблуждение, поскольку книга посвящена хаосу в социальной науке, политологии и экономике, а также социальных системах. В этих четырех категориях есть всего тринадцать авторов, охватывающих многие увлекательные области. Первая глава, написанная редакторами, является отличным знаком для людей, недовольных теорией хаоса, особенно когда она применяется в социальных науках."
"NEGATIVE","Я не мог попасть в ""Портрет леди"" Генри Джеймса. Мне показалось, что он скучный и повторяющийся."
"NEUTRAL","Я никогда раньше не читала этого автора. Моя первая реакция была: ""Что это такое?"" Все эти сложные предложения и английский жаргон, которые я не могла понять, но в контексте разговоров я вроде как поняла. Сюжет был упрощенным, хотя все еще в некотором роде запутанный и при этом забавный. Я вообще не видела, как название связано с историей, потому что я едва думаю, что было упомянутое во всей книге котиллион."
"POSITIVE","Прекрасная книга. Сначала немного медленно, но я прочитала ее за один день потому что не могла оставить её в руках!! Отличная история любви, отличное лето чтение!"
"POSITIVE","Профессор Коул изучает историческую позицию справедливости в войне с ясностью, срочностью и пониманием. Он не только исследовает материал, но также выступает за то, что позиция справедливой войны является библейски обоснованной и морально превосходящей своих соперников. В этом он обращается главным образом к Амброзу, Августину, Аквинасу и Кальвину. Кол бросает вызов общепринятой идее о том, что пацифизм был доминирующей позицией в первые три века христианства. Хотя позиция была озвучена некоторыми, это было не консенсус."
"NEGATIVE","В этой книге Бродзи рассказывает о том, что Пророк Иосиф Смит - ложный пророк и имеет хорошие намерения. Она использует истории людей, которые не являются надежными в этих историях и кто с самого начала не был похожи на пророка. Это просто еще один человек пытается прыгнуть на катер антимормонных книг, который любит использовать лжи для доказательства этого."
"NEGATIVE","Если вы хотите увидеть красивые фотографии, где хорошо выглядит организованный дебют, прочитайте эту книгу... но если вам нужны практические советы о том, как организовать свое пространство, возьмите ""Организация изнутри"" Джули Моргренстерн."
"NEGATIVE","Сначала история была со мной, а потом я быстро потерял себя. слишком много деталей об итальянской истории искусства. слишком большое количество итальянов для интерпретации. Финал был абсолютно нелепым!"
"NEGATIVE","Я только что посетил лекцию Робина Нетертона о накоплении ошибок в интерпретации ранних исследований костюма во времена Виктории. Как один автор совершал ошибку, и которую обнаружил другой автор, копирующий первую книгу, а также больше ошибок (с лучшими намерениями)."
"NEUTRAL","Мне очень понравилось читать ""Илюстрированный человек"". Особенно мне нравилось читаться ""Велд"". Способ, которым Рэй Брэдбери описал детскую комнату, был удивительным. Я мог представить себя в ней с тенью осьминог на полу, когда он летит над собой. Думаю, что ему стоит написать другую подобную историю. Мне также понравился и ""Другая нога"". Интересно было прочитать, что бы сделал цветный человек, если бы обувь была на другой ноге."
"NEGATIVE","Я должен пойти против потока, здесь. Так что некоторые люди могут на самом деле совершать ""чудеса"", как говорить и видеть богов, телетранспортировать себя, материализировать объекты и даже целые замки из воздуха, появляться в двух местах одновременно, вернуть людей к жизни, сражаться и приручать диких тигров вооруженных только своей добротой, левитация, предсказание будущего, исцеление ран и смертельных заболеваний только своим желанием, чтение мыслей и т.д., и т..т.п.? Простите, я не думаю так."
"POSITIVE","Эта книга красиво написана, и она подробно рассказывает о истории семьи Остин (отцовской стороны Джейн Остэн) и семейства Лей (от матери Джейн Остен). Я настоятельно рекомендую эту книгу всем, кто хочет узнать больше об этой женщине."
"NEUTRAL","Я купил эту книгу, потому что один из предков Кубы получил медаль чести и в книге есть рассказ о том, как он участвовал. Эта книга - хорошая детальная картина сражения и личностей, которые были вовлечены. Хотя чтение этой книги никогда не становится трудом, это никогда не доставляет удовольствия. повествование, хотя интересное, не имеет возможности захватить читателя и сделать вас частью истории."
"NEUTRAL","Это милая книга. После прочтения ""Как жить с нейротической кошками"" я ожидала, что эта книга будет столь же хорошей. Хотя она очень милая и смешная, но не такая забавная как кошачья. Я бы порекомендовал прочитать обе книги, если вы любитель животных, как я."
"NEGATIVE","Книга ""Секретный сад"" была чистым разочарованием. Эта книга определенно не выходила из книги и я могу сказать вам почему. Во-первых, люди, которым нравятся веселые акционные книги, не попадают в эту книгу. Эта книжка не соответствовала моему типу предпочтений, она была очень скучной потому что у нее нет выходящих частей. Единственная часть выхода - это когда они нашли секретный сад. Автор Секретного сада объяснил персонажей очень хорошо. Она схватила"
"POSITIVE","Я очень... рад, что у вас есть эта книга. Моя сестра и я думали, что мы потеряли копию нашей матери, которую она получила в подарок после окончания колледжа примерно в 1925 году. Она часто читала нам из этой книги когда мы были детьми. Сейчас нам уже семьдесят лет, и это приносит нам прекрасные воспоминания о том, как наша мама читает нам. Роззе"
"NEGATIVE","Некоторые темы в этой книге вечны, инструменты обсуждаемые не. Эта книга настолько устарела, что я не могу ее рекомендовать. Автор охватывает планирование и настройку проектов от спецификации до хранения кода в первой-третой главе. Части четыре и пять освещают некоторые хорошие практики с .NET-кодом. Часты шесть - восемь; .NET инструменты. Глава девятая и десятая; слежение за ошибками в .NET. Глава 11 о том, как работать с людьми."
"NEUTRAL","Это хорошее, основное введение в православие, написанное для тех, кто не обязательно имеет твердое понимание христианской традиции. Однако это НЕ является базовым введением для тех , кто имеет представление о христианской tradition, которые могут быть активными членами католических или основных протестантских традиций."
"NEUTRAL","""Король в белом"" - это триллер, который почти кажется комедией. ""Кроль в лунном"" - простая история преступности с хорошо развитыми персонажами и интересным диалогом, которая завершается тем, что решает тайна: кто украл Луну (.. коллазный бриллиант)."
"NEGATIVE","Я был шокирован и удивлен, узнав, что Типлер имеет высшее образование (какую-либо степень) и что некоторые считают его интеллигентным человеком. Эта книга абсолютно нелепая, фантазии наполнены предположениями, накопившимися на круговых аргументах. Если вы думаете, что это блестящая работа, пожалуйста, сразу же пойдите и пройдете курс логики, любой курс будет делать. Типллер вообще не знакомый с логикой. В этой книге представлены образцы практически каждой существующей логической ошибки."
"NEGATIVE","Я был очень разочарован этим набором историй. Я читал эротику и чувствовал, что это просто глупо и очень ""ванильная"". Единственными историями этой книги, которые я считала эротичными были Красавица и Зверь и Снежная Белая и Синяя Птица, все остальное было как короткая трахающая романтическая фантастика-фантазия. У романов Норы Роберт есть большеэротика, чем у этого романа, и мне нужно сказать, что оно действительно печально."
"NEUTRAL","Хотя первоначально издана в 1951 году, эта книга все еще кажется, что могла быть написана в современном мире. Она рассказывает о типичном американском подростке, проходящем через юношескую жизнь и испытывающей человеческую природу. Главный герой / повествователь Холден Каулфилд прямо выражает свои идеи обо всем вокруг него. Он мятежник и не справляется со своими проблемами слишком хорошо. Вместо этого он либо убегает от них или скрывается от них."
"NEGATIVE","Более 35 лет назад эта книга, которая дала бы помощь и утешение всем тем, кто хотел разрушить наш образ жизни, была написана. Рассмотрим, как сторонники определенной политики (т.е. запрета пестицидов) будут искажать ""научные"" данные для поддержки заранее предписанного вывода. Хорошим примером этого в этой книге будет &quot;находка&quot; тонких яичных оболочек орла из-за (мы сказали), что DDT."
"NEGATIVE","Это огромное коллекционное издание тяжелое, шрифт маленький и для написания есть смешная площадь. Я принимаю многочисленные записки, но это даже слишком много для меня. Так что фактически вы покупаете такое якобы красивое коллекционское издание, но оно блестящее бумажное - что такого хорошего в этом? Ничего. Я не знаю, почему он стоит так дорого. Я видел множество ошибок правописания. Стоимость не равна тому, за что вы платите."
"NEGATIVE","Да, как говорят все, исследование Лотта подробное, полное и основанное на реальных доказательствах. Однако это НЕ забавно читать любыми способами. Почти половина книги &quot;как показывает эта регрессия...&quot; и аналогично монотонные и неинтересные через некоторое время. Если вы ищете что-то для чтения в отношении математики или статистического курса, возьмите эту книгу; она драгоценная сокровищница в этой катеографии."
"NEGATIVE","Эта книга даже не заслуживает 1 звезды! Я бы дал ей отрицательное количество звёзд, если бы мог! эта книга ужасна! я прочитал пятьдесят страниц и больше не могу ее выдержать! персонажи неоригинальны! сюжет дешевый wannabe чего-то великого, что оставляет вас чувствовать себя легко развлеченным простотом за попытку его читать в первую очередь!!!"
"POSITIVE","Мне понравилось развитие персонажей Дункана Айдахо. Интересно, что хотя весь сериал ""Идахо"" постоянно клонировался и делал просто немного играющим. Я думаю, это здорово, он главный герой в этой книге. Это заставило меня больше закорениться для него потому что обычно он был всего лишь колясной собакой, которая была убита в других книгах."
"NEUTRAL","И я хотел бы узнать, как это сделать. Я искал более продвинутые методы."
"NEUTRAL","Я прочитал половину, если не 3/4 этой книги для своего колледжа. Это была очень хорошая книга и довольно открывательная для меня в понимании важности #34;зеленения #34 земли. Это отличная чтение для всех."
"NEUTRAL","Ларри МакМертри, проще говоря, мой любимый автор. Я всегда рад пересмотреть его персонажей, независимо от того, возвращаются они из ""Темпса любви"", ""Последний фильм"" или ""Одинокая голуба"", но всегда грустно узнав, что я достиг конца этих продолжений и трилогии. Впервые ""Дюэйнс Депрессированный"" не оставил меня с такими печальными чувствами, когда я закончил последнюю страницу."
"NEUTRAL","Я думал, что книга 1984 была замечательна. Она действительно заставила меня подумать о погоде или нет я был профессионалом Большого брата или подманщиком Большого братия. В конце книги я решил диаграмировать с Большим братом. Это слишком мощное и контролирующее. Есть некоторые формы Большого Брат, которые мы ничего не думаем и даже не заботимся о том, что они рядом, хотя там он следит за каждым твоим движением. 1984 была ужасная книга, которая становилась лучше и интереснее с каждой страницей."
"NEUTRAL","Отлично для тех, кто хочет покататься в кучу Шекспира и не хочет иметь огромную книгу. современные читатели хотели бы больше помощи с ""странными"" словами. Но этого достаточно. По крайней мере цена правильная и у нее есть номера строк."
"NEUTRAL","""The Notebook"" не так хорош, как ""Рассветление"" и ""Погибание в дороге"", но помните, что это первая книга Николая Спаркса, когда-либо опубликованная. Она короткая - я закончила ее за один день - и очень эмоциональная к концу. Если вам нравится тип завершения ""Счастливо вечно после смерти"", то вы можете быть разочарованы. Но я нашел &quot;Ноутбук&quot; прекрасным рассказом о истинной вечной любви."
"POSITIVE","Эта книга - первая, которую я читаю в Африке. Я чувствую себя как будто смотрю на красоту новой культуры. Мне нравится честность персонажей перед читателем и то, как они для меня реальны."
"NEUTRAL","Ты ошибаешься, Кинси!!! Мы все знаем, что это сделал Чет Крамер! Мне понравилось это, кроме финала. Я тоже хотел бы обычное раскрытие загадки как мотив, как жертва была соблазнена к смерти и т. Д. Также с стольми действительно хорошими причинами для того чтобы отпустить Вайолет, было разочаровано обнаружить, что она была убита, вероятно, за свои деньги."
"NEUTRAL","Я не могу сказать вам, для начинающих или нет... я новичок, но также понимаю вещи быстрее среднего медведя."
"POSITIVE","Цена за эту книгу была намного лучше, чем в колледже моего сына и она доставлялась вовремя к началу семестра."
"NEGATIVE","Как и большинство других, кто просматривал ""Хоббит"", я владею несколькими экземплярами за эти годы. От крошечного бумажного папчика с собачьими ушами, который я освободил от мероприятия RIF (Читать фундаментально - они дают книги школьникам) до этой графической романизации. Вот почему мне так трудно написать что-то плохое об этой книге. Я люблю ""Хобит"". Но эта версия ужасна. Во-первых, она была сокращена. Кто в своем здравом уме будет вырезать части Хоббита?"
"POSITIVE","В биологическом лаборатории руководство Гаттмана, Водопича, Джонсона, Рейвена и Мура представлен простой подход к введению биологии. Он включает множество мероприятий, которые могут быть выполнены в среднем между 2 и 3 часами. Есть много фотографий и диаграмм, которые наполняются цветами, многие вопросы до лабораторного типа и хорошее количество вопросов, которые лучше всего отвечают во время или после лаборантуры."
"NEUTRAL","Я читала эту книгу как задание для своего курса по американской литературе. За пределами школы я никогда не бы прочитала в этом жанре, но потому что это был не мой стиль, он на самом деле очень интересный. Читание движется медленно, больше из-за отсутствия диалога и действия, а также длинных эпизодов описания и аналитической дискуссии, чем сложных формулировок."
"NEUTRAL","Это милая книга во многих отношениях: Вирджиниан - это парень из фильма Джона Уэйна. Он жесткий и джентльменский. В этой книге есть несколько забавных вещей: очень глупо. История любви милая, а героиня симпатичная. Должна быть прочитана для фанатов Зейна Грей и Луи Л'Амур."
"NEGATIVE","Я всегда был поклонником этого сериала, но он упал вниз во время последних двух книг и я начинаю терять надежду на улучшение. Я думал, что NIC был шагом вниз по качеству, но этот был хуже. Любой намек на солидный сюжет и сильные персонажи глубины были отказались в пользу секса, секса и большего секса. Мне не все равно здесь и там, но если это то, что я хотел прочитать купил бы цент за десяток продуктовых магазинов сорта."
"NEGATIVE","Большая трагедия этой книги заключается в том, что автор не убил Кэтрин и Хитклифф НЕ ОТКРЕННО РАЗ. Тогда она могла бы представить альтернативные главные персонажи, которые были на самом деле интересными. Хотя учитывая историю Эмили Бронте с вышеупомянутыми проигравшими, возможно заполнение ее романов героями, которые читатель будет считать интересны просто не был её сильным тоном...."
"NEGATIVE","Но есть несколько интересных коротких упражнений, которые описываются там так что если кто-то пристрастился к покупке книг по гольфу это имеет право быть куплено."
"POSITIVE","""Есть две равные и противоположные ошибки, в которые наша раса может попасть вокруг дьяволов. Одна - не верить в их существование. Другая - верить, и чувствовать чрезмерный и нездоровый интерес к ним. Они сами одинаково довольны обеими ошибками и ... ""С этими словами Ц. С. Льюис открывает предложение этой увлекательной книги. Это духовная классика, отличающаяся от любой другой по тому, как она обращается с искушением, злом и демонами."
"POSITIVE","Сначала я испугалась размера этой книги, но мне показалось, что история настолько захватывающая и интересная, что размер книги в итоге не имел значения. На самом деле, я так привязался к персонажам, что не хотел, чтобы книга закончилась! Спасибо вам, Уолли Лэмб, за написание этой книги. Вы дали нам всем настоящий подарок."
"NEUTRAL","Это очень хорошая книга, и если вы хотите включить в веб-приложение FileMaker 6, это практически единственный источник для подробной информации, которая доступна. Однако эта книга определенно заставила меня захотеть большего. Я создал довольно сложное веб-Приложение в CDML с использованием Web Companion, веб-комплект инструментов, который приходит встроен в FileMader 6. Эта тема получает менее 50 страниц, и чувствует себя легкой. Многие мои вопросы остались без ответа."
"POSITIVE","Это очень практическая справочная книга.Но она не заменяет хорошего ветеринара!"
"NEUTRAL","Ваши вопросы отличные и заслуживают 5 звезд, но я даю вам 4 потому что хотелось бы, чтобы у вас были решения вместе с ответами в КНИГО. Это было для меня хорошая подготовка, но мне пришлось искать решение в интернете. Тем не менее я доволен."
"NEUTRAL","И это не так. Эта книга о враче скорой помощи, который принимает рецепт для работы и всех фальшивых и наркоманов, которые ищут сценарии. Очень интересные сцены в больнице. Полуинтересные разгулянные мысли. А немного жизни брошенной в него. Не совсем плохая комбинация."
"NEGATIVE","После первых трех рассказов о изменяющих мужах я положила эту книгу обратно на полку и, вероятно, больше не возьму ее."
"NEGATIVE","Краси эту книгу по просьбе коллеги. Я могу понять, почему ему понравилась она, упрощенные решения очень сложных проблем, как... Ну, тогда быстрый чтение, здесь ничего несложного, и хорошая история, но не в состоянии глубоко понимать и сложность общественных проблем. Читайте историю мест, где были брошены заключенные, например Джорджия и Австралия, и, как говорит Пол Харви: ""Здесь остальная часть истории""."
"NEUTRAL","Я не согласен с большинством отзывов, написанных о этой книге. Эта версия журнала ""личный опыт"" предназначена для чтения и наслаждения вместе со своей семьей, друзьями, детьми. Для тех из нас, у кого есть пожилые родители, те, кто мы любим с ранними психическими заболеваниями, даже друзья с неизлечимыми болезнями, какой лучший способ сделать их в новом году и оставить нам в будущем запись воспоминаний."
"NEUTRAL","Майкл Льюис сделал неудачу в жизни женатого мужчины как торговца облигациями. Жена джентльмена была беременна, и Левис рекомендовал ему несколько непростых облигаций, тем самым уволив джентельмена с работы. И таким образом начинается грязная история о Луисе, Гутфренде и братьях Соломоне. Майкл Люис был нанят из-за его готовности пойти дальше в продаже облигации."
"NEGATIVE","""Какая польза у книги без фотографий или разговоров?"" Кто-то мог бы спросить компиляторов этого издания Kindle, в котором отсутствует какая-либо из знаменитых иллюстраций Tenniel, хотя все они находятся в общественном достоянии и доступны во многих онлайн версиях. Хуже того, что компилаторы также исключают от начала стихотворение Карролла: ""Все в золотом днём"", несмотря на то, что это неотъемлемая часть книги."
"POSITIVE","Это был мой первый Хиасен. Должен сказать, я был захвачен с первого абзаца. На самом деле, выйдите из своего платья (или даже лучше оставайтесь в нем) и пойдите в книжный магазин прямо сейчас и прочтите эту страницу открытия. Вы будете меня благодарить позже. Я видел некоторые другие отзывы, цитируя, что наш главный хороший парень здесь не так привлекательный или развитый, как он должен быть. Возможно, но у меня не было проблем с этим. Он скорее персонаж на основе действия все равно и Хьязен обычно сосредоточивает этот рассказ вокруг плохой человек, Час."
"NEGATIVE","В книге есть сильная черта, если она вообще существует - юмор, что я не догадывался бы от рекламы. Из-за экстравагантных персонажей и диалога он порой напоминает ""Конфедерацию Дунцев""."
"NEGATIVE","Введение - лучшая часть этой книги. Я думаю, что это самое близкое к биографии Сунзи, так что это хорошо. Но сама книга очень запутанно форматирована. Организация совершенно неясна; она не читается как текст столько, сколько список. Есть так много дополнений и фот-нот, что не ясно, где заканчивается Сунци и начинается Клерий."
"NEUTRAL","Хороший совет - некоторые из них очень стандартны: придерживайтесь органической продукции, когда вы можете; ешьте целые настоящие продукты, не обработанные; и т.д. Отличная информация о воспалении, потреблении сахара и добавках. Лучше всего использовать их в сочетании с соответствующими тестами на уровень сахаra в крови, артериальное давление и т .д., чтобы увидеть результаты. Очень доступно для любого нового к этому типу информации - может быть хорошим знакомством для члена семьи или друга, если вы уже знакомы с этим видом питания / жизни."
"POSITIVE","Эта к настоящему времени легендарная работа дала нам понятия двойной язык, мысли преступления и Большой брат. Это самая важная вымышленная работа, представляющая тоталитарное будущее, и предупреждающий об этом. В то же время это не очень убедительная или трогательная фантастика. Орвелл имел одномерный характер в своем создании персонажа, и очень трудно близко идентифицировать с его героями или глубоко чувствовать себя о них в этой работе."
"NEUTRAL","Фрейзер втягивает вас в мир Инмана, солдата Союза и Ады, девушки, пытающейся пережить смерть отца. Книга рассказывает о длинном тяжелом путешествии Инмена до Холодной горы, где он жил прежде чем его мир навсегда изменился. После того как он решил, что воевать на войне не стоит этого и покинул больницу, он планирует вернуться к Ада, которую любил пять лет назад. Он может только надеяться, что она чувствует то же самое."
"NEUTRAL","Впервые, в третий раз, усилия Толкина, похоже, снижаются по качеству. Хобит я только что перечитал хотя бы в третый раз и он хорошо написан. К тому времени, когда приходит к возвращению короля, его проза застряла, казалось, имитирует Морте д'Артура Малори и заслуживает того же типа критики, которую Марк Твен написал относительно Фенимора Купера."
"POSITIVE","Я сначала узнал о трагических событиях в жизни Анны Мари Фэй на историю ""MSNBC Investigates"". Позже я посмотрел мини-сериал по телевизору. Меня так завораживала эта история, что решил прочитать книгу! Я никогда не был энтузиастом читателя. На самом деле моя семья думала, что я шучу, когда сказала им, что читаю почти 700 страниц книги. Конечно, когда я показала им книгу, они знали, что это не шутка. К моему удивлению, я закончила прочесть книгу через 6 недель."
"NEUTRAL","Я не знаю, что именно я искал в этой книге, но в конце концов я нашел ее. Сюжет был не столь зрелищным или оригинальным, но я обнаружил себя полностью восхищаюсь персонажами. Дженис абсолютно сказочная и трехмерная и многие могут относиться к жизни как Дженсиса, так и Клайффордсов."
"NEUTRAL","Я читал ""Гордость и предубеждение"" на iPhone через приложение Kindle для iPhone...Я купила книгу, но мне было легче прочитать в небольших количествах. История удивительно написана, и как только я привыкла к старому английскому языку, меня удивило то, какая сложная и красивая история рассказывает историю. Сама сюжет так милая."
"NEUTRAL","Книга Чин-нин Чжу - обязательная, если вы хотите сделать ее успешной, если путешествуете в Азию, особенно Китай. Что ожидать, как дела работают, ум тех, с кем вы будете торговать. Цель написания этой книги Чху - избежать того, что она видит потенциальной торговой войны между востоком и западом. Можно ли этого избежать, она думает да."
"NEUTRAL","В книге было много обещаний, но в итоге она была посредственной. Были некоторые забавные моменты для воспоминания смешных трюков, но вообще он начал падать на полпути. Рейнольдс посвящает фильмы Хулка Хогана вместо того, чтобы заниматься борьбой за длинную главу. Теперь я знаю, что фильмы Хогана невероятная дерьма, но мне не нужно было, чтобы Рэйнолдс пересказывал и подводил резюмирование каждого из этих фильмов."
"POSITIVE","Я любила эту книгу. Я читала отзывы тех, кому не нравится конец, потому что они чувствуют, что он слишком сложный, но я думаю, что после того, как Эдгар должен был терпеть, читатель хочет, чтобы у него была счастливая концовка. Я подарила эту книгу многим родным и друзьям для чтения, и все они тоже ее обожают."
"POSITIVE","Я не читатель художественной литературы. Я сидел рядом с другим жителем Флориды в самолете и мы говорили о том, как мы выросли на Флориде, настоящей Флоридой, а не часть огромного подразделения, которое охватило большую часть нашего штата. Я прочитал некоторые другие отзывы и хотя я понял, что каждый получает что-то другое из книги, меня удивило прочесть некоторый контент негативных отзывов."
"POSITIVE","Книга обязательна для каждого студента в США!!!"
"NEUTRAL","Ларри Нивен ударил ногтом в голову, рассказав о гигантской комете, которая бросает Землю и общество в хаос. Разработка истории (включая введение персонажей и разворачивающуюся настройку к роману) была идеальной длиной, не бросив комету слишком рано в историю. Описания авторов пост-апокалиптических банд, которые появились были потрясающими и жестоко реальными, без каких-либо трусных цензур или мягких поворотов."
"NEGATIVE","Простите, но я нашел эту книгу более предсказуемой и скучной. персонажи мало глубины, а сюжет - подождите, не хватает хорошего для названия сюжетом."
"NEUTRAL","Книга Густава Экке (Gustav Ecke) дает отличные фотографии широкого спектра китайской мебели. Некоторые иллюстрации Джойни были не так ясны, как мы хотели бы, но тем не менее это похвально усилия в первой линии привести к прекрасному гармонии, симметрии и пропорции китайской мэбля. Я использовал эту книгу в качестве справочника для ознакомления с некоторыми прекрасными образцами китайской Мебели в музее Нелсона Аткинса города Канзас Mo. В книге отсутствовали детали инструментов и техники."
"NEGATIVE","Это как юношеская любовная фантастика, и я имею в виду, что это написал подросток, который использует плохие детали, клише фразы, переполненные идиомами, плохой диалог и плохо продуманный сюжет. Познакомьтесь с мистером миллионером, который учит женщине поло - и они, конечно же, влюбляются медленно, скучно, болезненно. Потом дети приходят, а остальная часть книги похожа на пару, занимающиеся детьми без развития сюжета. Юк."
"NEGATIVE","Автор просто хочет, чтобы вы заплатили ему за тренировку! он не даст вам достаточно информации в книге для разработки вашей собственной программы обучения и он не ответит на простые вопросы о своей книге без получения денег от вас В ПРЕДВОЖЕНИЕ. Он мошенник и опубликовал эту книгу, чтобы продвигать его ""тренинги"". (...)"
"NEUTRAL","Рецепты в книге звучат очень хорошо, и многие из них кажутся простыми, однако не все рецепты просты."
"NEUTRAL","Отличная книга. Я никогда не читала книги Реймонда Чендлера и Филиппа Марлоу. Мне было любопытно, потому что я слышала о его книгах всю свою жизнь. Я собираюсь купить остальные шесть книг."
"NEUTRAL","""Светлосердный, безумный и причиной нескольких улыбок"" лучше всего описывает эту известную пьесу Оскара Уайлда. Хотя она не на уровне ""Обетований, обещаний"" или ""В то же время в следующем году"", это стоит обмена шутливым диалогами. Два мальчика встречают две девочки, два мальчика теряют двух девушек и два мальчиков воссоединяются с двумя девочками. Для тех из вас, кто против чтения диалогов есть ограниченное количество персонажей для следования и только одна смена сцены делает ее довольно легкой прочётной......."
"NEUTRAL","Очень быстро и легко читать, но очень захватывающе. Рекомендую его всем, кто любит хорошую книгу о загадках."
"POSITIVE","""Полное Писание гуманоидов"" должно быть одним из худших ошибок, которые когда-либо писали TSR. &quot;Библия Твинка&quot; больше похожа на это. Это обманчиво. Вначале она выглядит достаточно невинной: новые расы, тонны новых мастерств и новые наборы (священники более мощные, чем те в Руководстве полного священника!)."
"NEUTRAL","Я не очень уверен, что в этом смысле была книга. Хорошо, нам нужно было вытащить Ринцевинда из ""Джунгеон Димензии"", но эта книга казалась заполнением так что у Птерри было больше времени для написания Двигающихся Картинков. Магия Прачеттов не была в этой, но мне понравились некоторые части с демонами."
"NEUTRAL","Я получил эту копию классической книги Джейн Эйр очень быстро. История была моей любимой с тех пор, как мне было тринадцать лет, и я решил иметь кожевенную копию. Хотя кожаная буквы и накрытие этого издания не были такими качественными, какими хотелось бы мне, объем все еще хорош и теперь является постоянной частью моей библиотеки."
"POSITIVE","Тристрам Шанди - роман о человеческом понимании. Одна из вещей, в которую Стерн верил об человечестве, заключается в том, что вещи постоянно меняются; всегда во время перемен, если хотите. Исторически говоря, он принадлежал к поколению Локкина, которое выделяло человеческое понимание на две категории: остроумие и ассоциацию."
"POSITIVE","Я люблю, как тренер карьеры и жизни я люблю то, как книга представляет мощные сообщения, которые ценны для всех нас, когда мы переговорю с порой разрывными водами нашей профессиональной и личной жизни. Я пытался отметить свои любимые ""антициты"", но нашел это невозможным заданием, так как многие прыгали на меня. Эта книга должна быть прочитана всем, независимо от того, где они в своей жизни."
"NEGATIVE","Вы никогда не узнаете, если прочитать только эту книгу, что жить с собаками может быть весело - в мире Кохлера собаки хитрые и неприятные и всегда пытаются на вас напасть. Его решение для каждой проблемы обучения заключается в том, чтобы задушить, повесить, бить или наполовину утопить собаку (это как справиться с копанием). О, я упоминал о электрическом ударе? Электрошок очень большой у Кохлера."
"NEGATIVE","Хотя это была, конечно же, первая попытка определить разнообразную породу, затраченные усилия не оправдывают требуемой цены, НЕ ИНТЕЧЕСТВО делает для породы справедливость.Информация является общей в лучшем случае, заблуждающей или просто неправильной в худшем - для более широкой общей информации о собаках ознакомьтесь с ""Искусством воспитания щенка монахов Нового Скета"". Грамматика и организация отсутствуют и больше запутают, чем уточняют."
"NEGATIVE","Позвольте мне сначала сказать, что я мусульманин и знаю, как моя религия была подвергнута нападкам многих писателей (особенно после 9-11), поэтому я знаю, каково бы чувствовать себя человек, если кто-то другой пытается осудить вашу веру. Только за это я даю этой книге самый низкий рейтинг. Для определенного критика, мистера Дона Джордана , я вижу, вы не очень счастливы по поводу этой книги, но вы дали эту книгу под названием ""Пророк Суда: Исламская террористическая догма в собственных словах Мухаммеда"" рейтингом 5 звезд."
"NEGATIVE","Я не считал, что персонажи были достоверны. Мне нравились исторические и культурные сведения, но я никогда не мог полностью поверить этой истории. Эти люди никогда не проникли в человечество и их история казалась никуда не уходить. Я читала хуже, но взяла эту книгу с надеждой на хорошее чтение. Заканчивала ее сразу, но с чувством разочарования."
"NEUTRAL","Книга Ле Гвина ""The Dispossessed"" заслуживает полученных ей признаний. Она является огромным примером мягкой научно-фантастики, с небольшим количеством высокотехнологичного колдовства (хотя эта книга содержит самую старую упоминание о мгновенной коммуникационной возможности, на которую я столкнулся), но глубокое развитие характера и социальные комментарии. К сожалению, я просто не мог найти ни одного из ее гипотетических обществ достоверными."
"NEUTRAL","Книга, похоже, содержит много мудрости. Я только хотел бы сделать информацию своей собственной. Мои постоянные усилия по чтению этой книги были помешаны очень отличительным стилем письма автора, который очень трудно читать. В рамках абзаца нет достаточного потока от предложения к предложению. С одной стороны, автор любит использовать безжизненные абстрактные существительные для своих предложений в качестве предмета; &quot;Тактика узкого диапазона войдет в позиции...&quot;."
"POSITIVE","Эта книга напоминает нам, как повезло жить в Чикаго и иметь доступ к этим шоу. Печально видеть, что сегодняшние дети не проводят такие же отличные шоу. Это было замечательное путешествие по памяти, и да это будет прекрасным подароком для семьи и любителей ностальгии!"
"POSITIVE","Теперь посмотрите на ""Силмариллион"", Библию фантастического мира Толкина. Это не работа, которую следует принимать легкомысленно, потому что здесь мы наконец-то раскроем великие истины Средней Земли и услышим о ее создании."
"POSITIVE","Я читал много книг о рыбалке, но эта удивила меня. Есть множество замечательных картин и все они имеют отличные иллюстративные точки, но видеть автора во многих из них действительно дало мне уверенность в том, что он говорил и делал. Вы можете увидеть его на самом деле занимаясь научной рыбачеством, а это для меня ценно. Это лучшая рыболовная книга, которую я когда-либо слышал!Я учусь вещей каждый раз, когда ее читаю."
"POSITIVE","Хотя эта книга кажется продажной пич для IBD и ее онлайн-сервисов графики. Все, кто любит торговать на этих нестабильных рынках, получат большую пользу от этой бумажной книги вместе с IBD. Книга = Сильная покупка. IBD = Hold. Графики = Maintain."
"NEUTRAL","Я всегда убегала от русского классика, но в конце концов я бросила его и прочитала. И мне так приятно, что это произошло. Вы можете увидеть перспективу многих различных персонажей, которые разворачивались в России, когда женщины были по-прежнему собственностью с истекшим сроком действия. Вы видите точно как и почему Анна Каренина оказывается такой же, как она."
"NEUTRAL","Это было интересное чтение, прежде всего потому что Харрис (определенно в этом случае) является мастером рассказа истории и может установить сцену и описать минуты и описание великолепным образом. Книга очень весело читается, хотя несколько не имеет только достоверности, но также правдоподобности. Мода, в которой Харрис пишет довольно убедительная."
"POSITIVE","Дорогой Джон,Спасибо за Ваши признания и работу по раскрытию истинной природы мировой правящей системы.Пусть читая ваш вывод я был поражен параллелями между тем, что Вы говорите, и идеями БукиФуллера, изложенными в ""Критическом пути"".В многом смысле вы работаете на достижение общих целей.Узнания Маниофа Фуллера о том, что он назвал невидимой структурой власти или Грунчем гигантов подтверждаются Вашими трудами.Я изучаю систему мирового управления более 30 лет."
"NEGATIVE","История была интересна только как литературная и культурная история."
"NEUTRAL","Но я получил его на день позже, что было проблематично для моего класса."
"NEGATIVE","Я люблю работу Кэтрин Колтер, но это было неудовлетворительно. Я даже не закончил ее. Я попал на CD #7 и сдался. Слишком много ведьм и волшебников для меня. И сюжет был трудным следовать. Я пожертвовал его в мою местную библиотеку. Может быть кто-то будет наслаждаться им."
"NEGATIVE","В качестве книги, которая утверждает пролить свет на технику живописи Вермера, я нашел ""V &amp; the art of Painting"" довольно разочаровывающим. Артур Уилок, похоже, хорошо зарекомендован в роли художественного критика и исследователя, и эта перспектива сильно проявляется во всей книге. Однако было мало иллюстраций, а фактическая информация о методах живописи, охваченных этой книгой, казалось мне, что в значительной степени заявляет очевидное."
"NEGATIVE","Я купил эту книгу с целью изучения и программирования функций языка PC-BIOS Assembly, потому что прочитала 3-е издание этой же книги и обнаружила ее отличной. Я была сильно разочарована узнав, что сама глава, которую я хотел тщательно рассечь, переписана из независимой операционной системы в зависимость от операционной систем, зависимые операционные системы DOS и Windows 95/98."
"NEGATIVE","Это был один из самых скучных регенций, который я читал за некоторое время. История рассказывается с точки зрения Лилы. Многие члены семьи собираются в надежде на получение наследства. Лиза мечтает о себе влюбленная в великолепного Алястера. В конце концов она видит его как неглубокого и т.д., и попадает в темный, раздумчивый Эрль. В этой истории есть 0 химии, скучный диалог и глупый загадка. Также конец был слишком странным для Алястэра. Особенно в свете того, что мисс Эйнштейнс была очень похожа на Евгений."
"POSITIVE","""Когда император был божественным"" - это красивый, простой роман, который с первой страницы захватывающий и красноречивый."
"NEGATIVE","Я так долго слышал, как интеллектуально страшная эта книга, поэтому я действительно хотел ее прочитать. Однако я начал и закончил через 3 дня и думал, что пропустил смысл, есть ли еще раздел в книге, которую я пропустил? Эта книга не была совсем страшна, на самом деле, я ждал, чтобы меня захватило то, что преследует дом, но ничего не произошло."
"NEGATIVE","Другие рецензенты расскажут вам о книге. Я прочитал большинство работ Престона и Чайлда, включая две другие книги в этой трилогии, и они хорошие чтение. Что становится очень старой и тошнота - это постоянные панические повороты к современному феминизму. Думаю, что сегодня необходимо опубликовать его, но вы думаете, что хотя бы некоторые мужские авторы устали бы от рыдания только для того, чтобы быть опубликованными. Полагаю, большинству людей продадут свои души за деньги."
"NEGATIVE","Сначала, что не так с людьми, которые должны показать разные позиции, в которых можно заниматься сексом для своих детей??? На самом деле ваши дети должны знать это? Моя мама показала нам книгу, которая показывала маму и папу заниматься любовью под одеждой, что нормально, но им не нужно знать, что мама может быть наверху или ниже или напротив. Почему бы вам просто не показать им все остальное, что вы можете сделать также хорошо, поскольку вы очевидно думаете, что эти фотографии являются нормальными!!!"
"NEGATIVE","Эта книга считается многими своего рода современной классикой, но мне она не понравилась. Она полна сюжетных поводов, которые ведут абсолютно никуда. Есть определенные откровения, которые делают предыдущую часть романа кажущейся тотальной тратой времени. Усилии персонажа не имеют никакого эффекта и в конечном итоге книга решается, когда вирус мутирует в безвредную форму. Вся книга - это трата времени. Персонажи бесполезны. Книга является просто способом для Крайтона показать медицинские знания."
"POSITIVE","В Англии в девятнадцатом веке эта история рассказывает о человеке из города, который имеет социально злые намерения. Он попросил своего друга-художника сделать свой портрет и скоро узнает, что портрет стареет, но он не стареет. Это классика Оскара Уайльда и очень полезное чтение. Я видел фильм около сорока лет назад и могу сказать, что получил много больше из книги."
"NEUTRAL","Эта книга была очень-то, по моему мнению. Для меня это было очень медленное чтение потому что она просто не &quot;воу&quot; мне кажется. Я должен сказать, что она была написана очень хорошо. В то же время, это было немного депрессивно. При всей этой речи о смерти и потерях и ошибках... Мне просто надоело слышать о плохих вещах. Это было не слишком драматично или волнующе. Это не совсем трата денег хотя бы. я предложил бы это кому-нибудь старшему (моему 21) и более мягкому."
"NEGATIVE","Я купил ESV Holy Bible (Contemporary Design) в бумажном виде, и это очень разочаровало. Хотя дизайн обложки хороший, печать намного меньше, чем я ожидал, учитывая цифровые преобразования внутри книги сделали выглядят как печатание было хорошим размером."
"POSITIVE","Я не мог не написать эту книгу. Мне было интересно и хотелось узнать больше. Было много семей, которые столкнулись с непредсказуемыми событиями и я хотел знать, как каждая семья справилась со своим кошмаром. Рекомендую ее всем моим друзьям и семье. Это была легкая книга. Запишите это в свой MUST READ LIST."
"NEUTRAL","Если вы читали ""С завтраком с Бонофером"" и понравилось, то я думаю вам будет нравится эта книга. Она подробно рассказывает о христианстве и как понять истинное значение всей концепции между двумя книгами."
"POSITIVE","Я прочитал эту книгу в начале 6-го класса и нашел ее очаровательной от начала до конца."
"NEUTRAL","Несколько раз в начале я заблудился в технобабл, не представляя себе точно, что происходит. Иногда мне казалось, что некоторые из этих мероприятий могут потребовать немного больше объяснений, особенно когда дело касается эзотерических технологий. Секс был чуть более явным, который мне бы понравился, но к счастью, не слишком."
"NEUTRAL","Это рассказ в первом лице о Англо-зулу войне, написанный молодым человеком, который вырос в Натале и поехал в Англию для военной подготовки. Он участвовал по крайней мере периферически во многих крупных сражениях войны и дает большое понимание многим ключевым участникам. Хотя это не длинная книга, она включает замечательные детали конфликта и страны."
"NEGATIVE","Эта довольно тонкая книга дает далеко не полную охват 1... g6. Не совсем ясно, к какой аудитории эта книга относится. Для продвинутых шахматистов охват различных вариантов определенно недостаточен, в то время как для начинающих и промежуточных идей и стратегий за этим сложным открытием недостаточно очерчены. Книга может быть полезна в качестве отправной точки для создания репертуара на основе 1... G6, но много собственного труда придется сделать."
"NEUTRAL","Хунекер был амбициозным концертным пианистом (также блестящим писателем), и его анализ музыки и поэзии Шопена просто удивительный. Как Чопен, Гунекер выражает себя от сердца и слышит музыку на совершенно новом уровне. Его интерпретация сырая и полная энергии как сама музыка (особенно для эдуда op.25 No.11 и баллады No.1.)."
"NEGATIVE","Эта книга пытается быть одним источником для вашего восстановления после родов. Хотя она охватывает все, от проблем с грудью до похудением и выпивкой ребенка, это не сделано хорошо. Она старается охватить слишком много информации в слишком короткий промежуток времени, результатом является множество предметов, но не очень много субстанции. Возможно, лучше получить отдельную книгу о кормлении грудьем (Dr."
"NEGATIVE","Эта книга - это огромный позор!Написана ныне в воге... ""Пид-пипером"" овцы США... Он смеется до банка, что Америка заполнена столь фадистскими овцами, которые упали на его злость. Отличное средство для тратить свое время и все еще закончится неразвещенным овцам. Недурак и его деньги скоро разделились!что такое клише""... Да... Истина раны..."
"NEGATIVE","Хотя я большой поклонник всех других книг Энн Райс, я был очень разочарован скрипкой. Я просто не смог развить интерес к ни одному из персонажей. Мне было плевать на то, что случилось с кем-либо из них. История казалась хрупкой и поразило меня, что Анна не знала, куда она хотела пойти со своей историей. Очень редко для меня не закончить книгу после того, как я начал ее, но я отказался от этой около 3/4 в нем."
"NEGATIVE","Это первый роман автора. Он показывает. Работа не получила бы почти столько внимания без Дэна Брауна. Сюжет был нормальным - но предсказуемым. Диалог был деревянным. И основная грамматическая структура целых элементов была слишком жесткой. Посмотрите, как персонажи вводятся - одна и та же форма каждый раз. Я не ненавидел это. Но я не рекомендую его, и я определенно хотел бы прочитать что-то другое."
"NEUTRAL","Когда я впервые начал читать эту книгу, я не мог ее оставить... это действительно затянуло меня, но внезапно история закончилась без предупреждения. Потом они бросили кучу дерьмовых рассказов и я думаю, что WTF случилось с Невиллом? Финал был так антиклиматичным и он очень раздражал меня, особенно короткие истории, которые не имели ничего общего со мной легенда."
"NEGATIVE","Эта серия книг постоянно меня разочаровывает. Люди, которых он убивает, возвращаются к жизни, ракеты воздух-воздух вдруг становятся поверхностью-возмухом. Он строится на истории во всей своей серии, но он не помнит, что уже написал в своих предыдущих книгах. Первая книга хороша, но она успешно ухудшается после этого. В конкретном случае подводная лодка USS Regan якобы потопляет, но затем оживает. Капитан подводной лодки автоматически становится SEAL и потом возвращается к жизни как капитан."
"POSITIVE","Эта книга от Food & Wine имеет некоторые из лучших коктейлей. Интересно, что мой партнер купил книгу раньше, чем планировалось ее выпуск. Amazon не был опубликован до 28 апреля, но он купил его за неделю и половину до даты. Отличная книга, Пища и вино .. продолжите хорошую работу! :-)"
"NEUTRAL","Эта книга охватывает много истории, поэтому она понятно кратка по некоторым аспектам. Эта книга полезна для всех, кто ищет точную и забавную введение. Многие фотографии помогают дать контекст. Большое внимание книги уделяется археологическим находкам. Хороший старт, но для любителей истории ""эра"" (то есть дороманский контакт) кельтской цивилизации дадут пару археологических фактов, но главным образом авторское толкование дано."
"POSITIVE","Я был очень счастливо удивлен, когда нашел эту книгу до выпуска в августе. Я прочитала ее менее чем за 2 дня. Я не могла оставить её на странице. Я была прикована к истории!Моя единственная жалоба также заключалась в том, что мне пришлось ждать следующего издания. Я заметил, что все больше и больше людей покупают и делятся этими книгами с друзьями! Это прекрасно. Мой муж, в лучшем случае редкий читатель художественной литературы, теперь так же зависит от меня. Он пробил первые две книги менее чем через неделю."
"NEGATIVE","Я думаю, я даю этой книге несправедливый отчет, так как даже не успел ее прочитать."
"POSITIVE","Этот стих был моим любимым с детства, и мой дед читал его мне. настолько сильно, что у меня есть татуировка стиха, и я планирую получить сопровождающий стихотворение на другой стороне. Вот ссылка на фото :)[...]."
"NEUTRAL","Я думаю, что ""Датель"" Луи Лоури - отличная книга для школы и я бы рекомендовал ее всем, кто хочет прочитать хорошую книгу. Книга начинается медленно и в основном описывает сообщество, в котором живет Джонас. Потом, позже в книге, Джонаса выбирают, чтобы стать следующим получателем после провала прошлого года."
"NEUTRAL","Я только что закончил читать трилогию брата Торна. ""Все мое сердце"" - это история Грей. Колин и Деккер Торн нанимают Беркли Шоу, у которого есть второй вид, чтобы найти Грехама Деннисона, который исчез 5 лет назад. Он был последним известным человеком в possession семейного наследия, которое было дано Грэйдону Торну, когда он был принят как ребенок. Бэрки отправляется в Сан-Франциско и встречается с Грей Джейнвей, владелец отеля и азартных залов, Феникс."
"POSITIVE","В ""Рамона-Плохо"" Рамона начинает детский сад. Она любит школу и своего учителя, но все же успевает попасть в немалые неприятности. Беверли Клери получает маленьких детей. Есть сцена, где Рамона бросает воспаление в своей комнате, в которой мисс Клерий делает замечательную работу по объяснению (иррационального) процесса мысли, который происходит в голове Рамоны во время воспаления. Я думаю, что дети найдут утешение в том, что они не единственные, кто чувствует себя вне контроля порой."
"POSITIVE","Эта книга была замечательна. Она имела столько акций. Это было о мальчике, чьи родители всегда были без питья. Когда отец слышит, что Хаклберри (также известный как Хук), богат, отец возвращается. Отец бьет его и пьянется. Так что Хук бежит. Он отправляется на пустынный остров. На острове он обнаруживает, что друг Хака, раб по имени Джим, тоже убежал и был на том же острове."
"NEUTRAL","Я не знаю, что работа Хемингуэя занимает достаточно глубины, за которые ему приписывают честь, но она имеет эмоции и чувство. Он даёт ощущение, которое есть там, пустоту, которую персонажи заполняют алкоголем и Бреттом. Это картина утраты невиновности и доверия в нашем современном мире. печально, единственное, чего должен искать любой человек в книге - это алкоголь и секс, и оба оставляют человека пустым."
"NEGATIVE","В этом сборнике эссе г-н Икеда предлагает новое видение гуманизма, основанное на толковании Буддизма Сокой Гаккай. Ожидая источника отсчета для будущего видения человечества, что я прочитал вместо этого было просто больше пропаганды прозелитизации, повышение личности культа г-на Икеды еще более. На протяжении всей книги, используя анекдоты и цитаты из главным образом писаний Ничирена Дайшонина, г-р Якоб был в числе самых популярных в мире поэтах."
"POSITIVE","Лилиан Джексон - одна из моих любимых авторов. Ее рассказы о кошках делают ездить на длинные поездки настоящим угощением для всей моей семьи."
"NEGATIVE","Любой поклонник более поздних романов Алекса Кросса в серии будет признать это как беспорядочную попытку использовать те же усталые повторяющиеся темы из романы Паттерсона кросс с новым составом персонажей. Должен был пропустить попытку на литературу и просто отправиться прямо для сценария фильма. Давайте посмотрим, насколько плохо Голливуд нераскрывает ТОГУ главного героя (т.е. Морган Фриман может быть дедом Алекса Кросса)."
"NEGATIVE","Эта книга является хорошим примером того, как люди любят писать книги по математике ради написания книг по математикам. Книга Колли наполнена раздражающими примерами, которые нарушают непрерывность теории. Это делает всю книгу нелегкой для чтения.Все домашние упражнения довольно рутинны в отношении класса Calc 3. Я думаю, что старые Courant-книги все еще должны использоваться вместо всех этих повторных текстов."
"POSITIVE","Эта книга прибыла задолго до ожидаемой даты и была отличным покупателем. Я буду покупать у них снова."
"NEUTRAL","Если вы готовы отложить верить и глубокое развитие персонажа, а просто хотите насладиться хорошим приключением в Индиане Джонс, это ваша книга. полная волос ширина бегства из древних ловушек и атак со стороны существ лучше оставаться нетронутой Экскавация обеспечивает часы старомодной развлечения."
"NEUTRAL","Это большая книга, содержащая обширную информацию о системе диллугун. Это стихи как на английском языке, так и на традиционном йорубинском языку. Я видел, что многие итальянцы используют эту книгу в качестве справочного руководства. Книга и стихи не ясны по поводу ее значения, и читателю нужно будет расшифровать их значение, оставляя интерпретацию открытой для каждого читателя. Если вы продвинутый italero, это отличная книга, чтобы сопровождать свои знания, уже полученные."
"POSITIVE","Особое внимание уделяйте 13 добродетелям, потому что они ценны для всех."
"NEGATIVE","Как это было рекомендовано вместе с последним из сочинений Барбары Хэмбли, я решил попробовать ""Мертвый марш"". К сожалению, он не может помочь, но страдает по сравнению с ""Уетной могилой"". Некоторые вещи в книге казались мне недостаточно развитыми, и я думаю, что главным недостатком была характеристика."
"POSITIVE","Это не сложная палуба, которую можно использовать. У этой книги есть самая простая книга с смыслом, которая сочетается с палубой, которая упрощает значения короткими и краткими. Не нужно слишком усложнять ничего. Просто дает вам возможность. Моя книга с содержанием имеет запись и накладку, но я все еще ее имею. Это была моя палубы, и я плохо злоупотреблял своими картами с 18 лет, и мне понравилось много точных чтений, и это по-прежнему моя любимая палка. Я грустно, что она вышла из печати потому, что эта палубка крута."
"NEGATIVE","На полпути через ""Страх Фонда"" я почувствовал, что читал эту книгу раньше. Персонажи, диалог и даже обстановка звонили мне в тревогу дедже-ву. В конце концов, я понял: вся средняя часть книги (о Ипане для тех, кто уже ее прочитал) была также опубликована как короткая история, которая сделала его лучшей научной фантастикой 1997 года."
"NEUTRAL","Wuthering Heights была очень хорошей книгой, хотя казалось, что были некоторые печатательные ошибки, которые можно было избежать при редактировании."
"POSITIVE","Эдит вдохновляет нас строить дома, полные любящих и смиренных людей, которые не совершенны, но стараются сохранить наши отношения здоровыми. Я думаю, что каждой молодой женщине следует прочитать эту практическую книгу, когда она развивает видение для своей семьи."
"NEGATIVE","Я только начал читать версию Kindle, а затем остановился до тех пор, пока издатель не исправит версиу Kindle. На большинстве страниц нет абзацев, просто твердая стена текста. Издателю должно быть легко вычеркнуть параграфы в версии Kindle . Некоторые страницы, которые я прочитал были очень интересными, но трудно прочесть из-за отсутствия пунктов."
"NEUTRAL","Я встретил эту книгу в Borders, прочитал ее немного и просмотрел почти всю книгу. Меня поразило то, что она подчеркивает важность оценки сосудистого выравнивания и восстановления, важность правильной позы для предотвращения травм и упражнения с целью улучшения мышц, связанных с силой и скоростью. Я могу купить копию, чтобы помочь мне самому отслабиться (у меня был тройный обход, а у меня были проблемы с флексором бедра и колыбель на протяжении многих лет), и моей дочери, которая работает тренажерном средней школы."
"NEGATIVE","Это яростная атака на идею (связанную с Самуэлем П. Хантингтоном и Бернардом Льюисом), что ислам воюет с Западом. Контрблосты различных участников часто, кажется, предполагают, что их противники начали желая напасть на Ислам и разработали свои аргументы с этим намерением, но конечно они не могут доказать это. Каждая глава имеет длинные гневные фотки, которые кажутся продолжением основного текста."
"NEUTRAL","Очень хорошая учебная книга с очень полезными и практичными реальными случаями, которые делают скучную теорию интересной. Я думаю, что она очень полезна для моей работы и повседневной жизни."
"NEGATIVE","ОК эта книга совершенно [некрасивая]. Она начинается с введения, предполагающего, что произойдет что-то интересное, но к сожалению она быстро опускается на холм. Шахтеры скучны и предсказуемые, есть много бессмысленных болтовней (говорят об рисовании арасунков апельсином на 3 страницы? Ох боже!) и никаких рел действий. Конец пытается быть шокирующим, но является предсказательным и тупым. Это то же самое противоположное мышей и мужчинам."
"NEGATIVE","Книга намного слабее, чем классическая часть Линча ""Имбраз города""; текст иногда становится скучным и слишком сухим, как во многих справочных книгах. Фактически, качество ""референциального"" &quot;Планирования сайта&quot; является единственной положительной особенностью книги. Когда авторы преследуют единоличную цель создания всеобъемлющей учебники, жизненность аргументов сильно страдает."
"NEUTRAL","Я решил прочитать эту книгу, когда нашел ее в книге, которая перечисляет литературные классики. Когда я сказал моим родителям купить для меня, я был удивлен тем, как она была короткая. Я закончил её всего за два дня Некоторые утверждают, что книга заканчивается пессимистическим взглядом. Я говорю, кому все равно? Джордж Орвелл писал о том, как он чувствует себя по поводу вещей своего времени и решил написать эту книжку на основе этого. Она говорит о том , как люди используют свою власть (в этом случае свиньи)."
"POSITIVE","Когда я был ребенком, я боялся темноты. Только когда прочитал эту книгу, я понял, что есть много вещей для развлечения после того, как свет погаснет. Сюжет - это маленькая олень-собака из амбарной скорлупы, маловероятный свинья за страх перед тьмой. Его отправляет мать, чтобы узнать о темноте. Через семь различных людей он узнает, что ""темно супер""."
"POSITIVE","Я, должно быть, самая странная 18-летняя девочка на земле. Мне нравится философия произведений Рэнд Ђо и Мы живые - одна из моих любимых. Ее персонажи динамичны, а сюжет захватывающий. Я серьезно рассматриваю возможность отправить копию этой книги в Вашингтон, чтобы они могли увидеть, к чему они обращают эту страну."
"NEGATIVE","Эта книга Э. Кантара - это смесь хорошего и плохого обучения, а большинство новичков лучше всего будут жить с любым другим для начинающих. Кантар не подчеркивает, что все 12 HCP рук с одинаковой схемой руки далеки от равенства и поэтому не имеют права на открытие одной. Рука с четырьмя чокнутами ((Q+J) не равно одной с тремя королями или одной с трёх Aces, хотя у каждой из них есть номинальный счет 12 HPC."
"POSITIVE","Я думал, что это отличная книга. Она держала меня на краю своего места все время. Я люблю эту автору и я определенно собираюсь читать больше ее книг. Финал полностью уронил меня в воздух, я не знал, кто убийца до последней страницы. Если вы хотите прочитать хорошую книгу загадок, то эта для вас."
"NEUTRAL","Эта книга не помогает вам изучать жидкости, но у вас есть множество проблем. Лучше придерживаться обзоров, если вы с трудом учитесь на уроке жидкостей."
"NEUTRAL","К сожалению, это очень устарело... особенно в области освещения технологий переключенных конденсаторов. Не выбирайте эту книгу, если хотите спроектировать современные аналоговые/смешанные сигнальные схемы, например, модуляторы дильты сигма или низко напряженные (ниже 3,3 В) переключательные конденсататоры."
"NEGATIVE","Эта книга жалка. Многие люди называют ее ""классикой"". Это книга, которая убила Джона Леннона. У Освальда была копия. Я подумал: ""Что за херня?"" Потом я начал четыре часа своей жизни, проведенных в чтении этой полной торбины книги; четыре часа я никогда не вернусь, могу добавить."
"POSITIVE","На самом деле мне эта книга намного лучше... Мэри Болейн немного запуталась, а история в какой-то момент стала скучной... с тремя захватывающими рассказателями, ты никогда не скучаешь или не желаешь новой точки зрения."
"NEGATIVE","Это не выдержало испытания времени. Хотя легко понять, почему эта история была популярной с XIX века до 1950-х годов, читать ее сейчас похоже на то, что слушать кота, который переговорюет о своем пути из запутанного макияжа-крывала, забавный да, но в конечном итоге ужасный и разочаровывающий.Мотивации двух центральных персонажей чисто печальны. Я ничего не испорчу, но ты не хочешь, чтобы кто-то получил результаты, которые они хотят, ни главные герои, ни антагонисты, никто."
"NEUTRAL","Как инструктор в различных медицинских жанрах, таких как EMT, ACLS и кардиология, я считаю эту книгу отличным справочником и инструментом для улучшения искусства оценки пациентов. Она была передана мне фельдшер-акумулятором во время моего пребывания в Бремертоне (штат Уэльвастония) и затем использовалась на протяжении многих лет не только для помощи своим собственным опытом, но также как основание обучения другим людям к предбольничной или внутрибольнической оценке пациентов ."
"NEUTRAL","Я вырос, слушая родителей говорить о Гарри Трумэне и выборах 1948 года. Никто не думал, что у Трумана есть шанс, и все легли спать, полагая, что Том Дьюи будет следующим президентом. Но все были неверны, от журналистов, освещавших кампанию до ХВ Кальтенборна, знаменитого радиоведущего той эпохи, до новых политических опросовщиков. Все остались с яйцами на лицах, когда Труман получил более 300 избирательных голосов и победил в результате."
"NEUTRAL","Я должен сказать, что после прочтения этой книги я обнаружил, что Энн Райс знала, что она делает. Это дало редкое чувство вампиров на самом деле человеческие в том вампирском состоянии. Что они были ""только Человеческий"". Мы получили ощущение сухости и кисточности от Лестата, которое мы также получили в интервью с Вампирами. Мы также узнали Лестата на очень личном уровне, который большинство книг не могут изобразить со своими персонажами."
"POSITIVE","Если вы никогда не понимали, почему Теодор Рузвельт находится на горе Рашмор и читает свою автобиографию, опубликованную в 1913 году, это даст вам ключ. Я прочитал несколько биографий Рузвейльта, но я первый раз читала его слова, и мне очень понравилась книга. Президент ""Т.Р"". Рузвелт покинул нас в 1919 году, слишком молодой в возрасте 60 лет, но он собрал в своей взрослой жизни невероятное количество достижений, каждая из которых могла принести ему законные признания."
"NEUTRAL","Я настоятельно рекомендую эту книгу как полезную преквел серии ""Драконоводы Перна"". Давая фоновую информацию о том, как мир был колонизирован и как появились драконы, в противном случае запутанная терминология постепенно внедряется, чтобы по основному сериалу это не было чем-то на что споткнуться."
"NEUTRAL","""Джунгла"" - это абсолютно дерьмо до самого конца. То, что вы считаете настоящей традицией, поворачивается на каблуки в течение последних нескольких глав раскрывая ее предполагаемую литературную цель. Написано во времена, когда, действительно, человек использовался для каждой последней пенни крупные компании вроде Дурхэмс могли сжимать от них только чтобы вывести их на улицы, когда это означало потерять прибыль, я могу понять настроение писателя."
"POSITIVE","Я полностью наслаждался путешествием с этой удивительной семьей или, если можно сказать, этими замечательными людьми! я чувствовал себя как будто я сделал новых друзей и ждал увидеть, что происходит с молодым поколением в их семьях. =DI не мог дождаться, пока Роуз придет и прочитает его в тот же день!Спасибо Лорен Королев за такие ГРАТНЫЕ персонажи и прекрасное путешествие!"
"NEUTRAL","Эта уникальная история, рассказанная первым лицом, но с объективным голосом, дает очень вдохновляющий взгляд на библейскую историю."
"NEGATIVE","Я также взял эту книгу, потому что слышал, что она вдохновила телешоу ""Мертвый как я"". Я читал некоторые книги Пиерса Энтони раньше (сериал Мод). Я всегда видел эти книги в книжных магазинах, и никогда не брал одну, поэтому наконец-то решил попробовать. Мне почти жаль, что я потратил на это время, но к счастью, он был коротким. Эта книга является одной из худших книг, которые я когда-либо прочитал. Премизия интересна."
"NEGATIVE","Во-первых, вы должны покинуть Amazon.com. Они никак не связаны с политикой. Если бы вы использовали свой мозг перед тем как говорить, то понимали бы это. Amazon предлагает вам идиотам платформу для того, чтобы высказать свое мнение о чем-то очень важном. И все что вы можете придумать - это Amazon this and Amazon that. Не покупайте ничего у Amazon, бля, блэ, бле! Я думаю, правда сказка, что вы не сможете сделать ничего в этом мире без ПИССНИЧЕНЯ НЕКОГО ОТУК!"
"NEGATIVE","Я получил из этой книги некоторые вещи, которые были полезны в том смысле лучше понять себя. Проблема с этой книгой заключается в том, что большую часть времени очень трудно понять. Как будто единственное, что автор хотел разгласить, это название. Я умный человек, который прочитал много книг о БПД, и было много раз я был смущен и не чувствовал, как кто-то помогает мне понять кое-что."
"POSITIVE","Эта книга была так весело! Я люблю здоровый юмор, который мисс Джулия и ее расширенная семья и группа друзей приносят к этой быстро развивающейся, здоровой загадке. Я очень рада, что Энн Б. Рос написала серию с такими восхитительными персонажами, поэтому мне не придётся прощаться слишком рано!!"
"POSITIVE","Эта книга полезна для всех, кто серьезно интересуется Линкольном, как и словарь - это полезно для писателя. Я регулярно обращаюсь к ней, чтобы освежить память о дате или вспомнить об взаимодействии между различными сотрудниками Линкольна. В статьях есть список источников более глубокого знания тем."
"POSITIVE","Эта книга представляет собой значительный скачок в нашем понимании психических расстройств. Если бы мы существовали в мире, где общество руководствовалось последними усилиями острых мыслителей (а не анализом затрат / выгод), то мы должны были бы видеть серьезные изменения в существующих институтах, которые обеспечивают уход за людьми с ""проблем со психическим здоровьем"". Книга начинается следующим тезисом: Умышленное (значительное) психическое состояние является причинным, так как оно может быть использовано при объяснении / прогнозировании действия."
"POSITIVE","Speaker for the Dead - это продолжение ""Игры Эндера"", хотя они очень разные книги и трудно сравнить их, второй Спикер - тот, который я предпочитаю. Легче привязаться к персонажам, а поскольку они не просто маленькие мальчики, но представляют большую пересечение людей в целом, кажется более доступным для поклонника non-sifi. В любом случае оба великолепны и вы должны прочитать их!"
"NEGATIVE","Это была очень неясна и не давала много информации."
"NEUTRAL","Это очень авторитетная однотомная книга Шекспира, редактированная покойным профессором Питером Александром, выбрана Би-би-си как основа для его основной продукции полных пьес Шекспіра. Книга имеет отличный ввод о Уильяме Шекспор (кто он был, его семья, его писания и исполнение своих спектаклей во время своей жизни, включая актерскую составляющую некоторых из его пьес)!"
"NEUTRAL","Это быстрая книга, которая будет приятно читать читателям с подросткового возраста до взрослых. Сильная история добра против зла. Также рекомендуется чтение для подростка ""Клятва рифа Дургана"" Брюса Конна."
"NEGATIVE","Во-первых, я буду комментировать негатив - тревогу от Луиса. Какой жалобный, хмурящий, клёвый. Жаловаться и &quot;ох, горе мне&quot; просто слишком много. Лэстат - не мог бы ты выбрать кого-то другого, чтобы провести вечность с? Я просто ненавидел этого персонажа Луиза. Мне не нравилось писание... бля, бля."
"NEGATIVE","В книге, в которой я училась на первом классе, говорится о том, как ребенок гиппотер потерял свою мать во время цунами и нашел новую. Для некоторых читателей и тех, кому она читается, призрачная картина пропавшей матери лежит в фоне. Однако порой случаются плохие вещи, и для родителя, который хочет представить понятие смерти или потери своего отца каким-то образом, эта книга может быть полезна."
"NEGATIVE","Дэвид, мы должны поверить в то, что ты сразу проснулся и зажгла свет. Что будешь делать дальше??????? Увидишь свет снова??? Плохая книга хранит твои деньги... подожди бумажные или иди посмотри от кого-то другого."
"NEGATIVE","Вот моя история с одной книгой, которую я купил и которая была такой... Ух ты! Как кто-то мог продать это снова?!? Но я делаю все возможное, чтобы собрать страницы вместе и пытаюсь игнорировать ""очень чрезмерное"" и ""полностью случайные"" высоко освещение текста. Честно говоря, похоже, что кто-нибудь использовал эту книгу для красоты ""неонный черносвет - счастливый час"". Я думаю, есть поговорка на латинице ... что-то о ""купатель быть в порядке""... Так пожалуйста, учись от моей ошибки Спасибо! :)"
"NEUTRAL","Я был удивлен размером книги. Моя мама читала эту книгу в детстве и всегда хотела получить ее копию. Я знала о споре, но никогда не видела свою книгу. После покупки я была очень рада узнать, что такое шутка. Я не понимаю! Очевидно это фотографии, которые были не сделаны купить профессионального))) Что касается названия sambo, то оно было превращено в клевету какой-то фанатиком и вероятно произойдет с любым выбранным именем."
"POSITIVE","Вот эта книга вдохновляет! Виктор Франкль, невролог и психиатр, описывает свое время во четырех концентрационных лагерях во время Второй мировой войны и выбросает свои теории на то, что он называет логотерапией. Посмотрите одно из его видео. Большинству из нас трудно справляться с повседневной жизнью, доктор Франкл не только переживает нацистскую Германию, но как результат своего заключения оказывается помогающим тысячам людей со своими идеями. Он говорит: ""..."
"POSITIVE","Еще одна замечательная книга Кэти Мак. Мне нравится тот факт, что героиня &quot;слишком брошена вызов&quot;, как и многие женщины сегодня. Нам нужно больше таких книг!Из моих смехов и улыбок мой муж решил, что это должна быть чертовски хорошая книга, настолько сильно, что он сейчас читает свой первый роман в истории, а остальные книги Кэтии Мак следуют ему в кучу книг... TOP из кучи."
"NEGATIVE","Я прочитала эту книгу за 2 дня и написала о ней 50-страничный журнал в одно время. Надеюсь, что никогда больше не прочту ее. Никакого повествования, ни интереса. Символизм да, но это не делает книгу. Неудивительно, что Мелвилл потерпел крах как писатель."
"POSITIVE","Если вы любитель убийств/драмы/реальной жизни, то эта книга для вас. Я читала ее много раз. Это было именно так, как сказал продавец: быстрая доставка, отличная цена. Рекомендую не только книгу, но и продавца."
"POSITIVE","Я очень доволен и удовлетворен своей покупкой. Я ценю честность состояния книги, а также быстроту ее доставки."
"NEGATIVE","Ханнибал был в хорошем состоянии. Я ожидал немного больше. У меня также были некоторые проблемы с тем, как он был написан. Похоже, что иногда рассказывал его один повествователь, а затем иногда это было так, будто он был на третьем лице. Мне тоже не понравилось финал, хотя кто-то мне сказал об этом. В конце концов, все равно, это не так плохо. Я бы сказала прочитать его, если у вас нет ничего лучшего сделать, и вы можете получить его в бумажном пакете."
"NEUTRAL","Одна из моих подруг рекомендовала мне прочитать Томаса Харди, но она предостерегла меня: ""Томас Гарди не для всех"". Я обнаружила во время чтения Тесс Д'Урбервильз, что то, что она могла бы означать, это то, чтобы Томас Харди не писал легкие произведения, которые можно было читать и потом забыть."
"NEUTRAL","Это просто нормальный роман. Первая часть, когда Маркус хотел позаботиться о герцогине и вторая половина, когда они были в Чейз-парке было более привлекательным. Как ожидалось, Марк был довольно дурак до тех пор, пока Герцогиня не пострадала, чем серьезнее ее травмы, тем больше чувства он испытывал к ней. Что касается герцогницы, она была весьма раздражающе холодная в своих ответах, недостаточно инициатив, чтобы сказать то, что было на её голове, пока полностью не возмутилась Маркусом."
"NEUTRAL","Альфред Джонс, скучный главный герой ""Бомбовой партии"", ведет печальное существование в Веви (Швейцария), переводит письма на шоколадной фабрике. Его жизнь отмечается потерями: утратой левой руки и родителей при лондонском взрыве, потерей жены во время родов - утратой ожидания чего-либо еще предстоящего."
"POSITIVE","Взрывные высоты - это история любви. Но она не типична для вас, любовь побеждает всю историю. Это темная и искаженная история одержимости, жадности и похоти, которая простирается за пределы могил. Что меня действительно поражает в этой истории все еще то, насколько мрачная она. И я не имею в виду ""при условии того времени, когда была написана"", потому что эта история законно темна независимо от эпохи, в которой она разворачивается.В рассказе Бронте идеально обосновывает два очень различных типа любви ."
"NEUTRAL","Я слушал сокращенную версию этой книги на CD. Хотя я нашел ее несколько привлекательной, я ожидал немного большего от этого бестселлера."
"POSITIVE","Книга г-жи Брангиган предлагает множество замечательных сведений для всех, кто рассматривает возможность принятия бывшего гонщика. Она объясняет многие из различных сценариев, которые вы можете ожидать при первом возвращении домой своей новой собаки и даёт советы о том, как адаптировать своего гончарника к жизни в доме.Книга очень информативная и легко читаемая. Я настоятельно рекомендую ее всем, кто считает гончика домашним животным."
"POSITIVE","Я только что получил эту Библию сегодня. Она красиво связана и напечатана в США. У меня есть и читаю версию с твердым запятом много лет. Это одна из моих любимых английских версий. Вы не разочаруетесь. Род"
"NEUTRAL","Наслаждайтесь путешествием с миссис П, когда она еще раз помогает раскрыть заговор. Этот был очень напряженный иногда с небольшим отходом юмора. Хорошая книга если вы фанат миссис P"
"NEUTRAL","Это отличная книга и ужасная, она превосходна в том смысле, что объясняет точку зрения Оранжевого ордена. Вы получаете реальный ощущение мировоззрения обычных мужчин и женщин этой организации."
"NEGATIVE","В этой книге есть много действительно отличных идей для некоторых, но не всех маркетологов.Причина, по которой я даю эту звезду, заключается в том, что Годин делает большие общие утверждения о маркетинге, которые просто не являются истинными или обоснованными, особенно с точки зрения массового маркетинга. Массовый маркетинг, телевизионный маркетинг и доминирование бренда через рекламные расходы не исчезли и никогда не исчезнут."
"POSITIVE","Джівс - классическая особенность в волшебном мире Водхауса. Приятное чтение."
"POSITIVE","Я нашла эту книгу в нашей местной библиотеке и она быстро стала одной из тех, которые мы регулярно выносили. Теперь, когда наша семья переехала, я хотела бы купить ее для своих детей, но пока мне не повезло найти её. Моя старшая дочь особенно любит читать книги о разных временах и местах. Эта книга определенно заслуживает быть доступна больше чем некоторые так называемые ""классики""."
"NEUTRAL","Я согласен, что это было не очень хорошо организовано но если вы можете пройти мимо этого, есть много отличной информации (теоретической и практической), которую вы не найдете в большинстве мест."
"POSITIVE","Хорошо написанный, хорошо исследованный, отличный ресурс для всех, у кого есть активы как в Канаде, так и США или кто хочет переехать из одной страны в другую с финансовым опытом, чтобы минимизировать налоги и максимизировать активы."
"POSITIVE","Читая Васари, вы получите первую информацию о том, как было познакомиться с художником. Я был очень доволен работой по Леонардо да Винчи. Эта книга стала источником многих статей и фильмов об художниках. Вы получаете информацию из первых рук. Никто не должен вам говорить. Чтение этой книги является обязательным для любого художника человека, который утверждает, что он - критик или любитель искусства. Поверьте мне. Хосе Вергара, Художник красоты, decoloresart@earthlink.net."
"POSITIVE","Книга ""Поподняки - секретный час"" рассказывает о пяти детях с особыми способностями, которые позволяют им жить в 25-м часе дня под названием Тайное время, когда остановится время и технология. Эти пять древних монстров, называемых темноты, являются единственными живущими там. Единственные вещи, которые могут остановить тёмных волн, это огонь / свет, новые металлические сплавы и множества 13. Каждый из полунощ имеет другую силу."
"NEGATIVE","Эта книга была пустой тратой времени. Я ожидала истории о призраках, страшной повести. Это было написано как британская история 1940 года, что вы действительно должны быть в настроении читать, и потом ничего не происходит! В резюме говорилось, что это тонкая психологическая ужасная история, но она настолько тонка, что Вы не знаете, что происходит. Если вы на самом деле не любите символизм и не хотите найти более глубокое значение, сэкономите деньги на книгу Кинг или Коонц или Кларк."
"POSITIVE","О РУП написано много теорий, но как она должна применяться к вашей роли или проекту часто неправильно понимается. Эта книга не только предоставляет обзор, но и контекстные рекомендации для того, чтобы RUP работала на вас. Как долгосрочный наставник и пользователь RUP я настоятельно рекомендую ее."
"NEUTRAL","Я нашел это проницательным и защищающим мои собственные убеждения, т. е. учреждения тюремного заключения должны быть средами терапевтических изменений и исцеления, а не складов или еще хуже - выпускных школ преступности. После 15 лет работы психотерапевта в государственной тюрьме мне понравилось то, что я читала."
"NEGATIVE","Ян ЛаРу - одна из самых узкодумных, обвинительных и уродливых женщин (я имею в виду внутри) я когда-либо слышал говорить (или читать), и вам было бы лучше следовать руководству кого-то, кто действительно заботится о ваших детях, а не только о своей узкой повестке дня."
"NEUTRAL","Я думаю, что эта книга ужасна и им нужно получить другую для французского языка, но это не имеет значения, потому что вам она нужна в любом случае, если ваш колледж ее использует. Одна важная записка: когда вы покупаете эту книгу, знайте, что она не поставляется с ключом к книге КИА (онлайн-сопровождающий). Она поставлена с 2 компакт-дискими, которые вы никогда не используете в классе, но можете использовать дома."
"NEGATIVE","Я, вместе со всеми другими поклонниками WOT очень разочарованы в книге 8 серии WOT. Мне казалось, что она немного застряла, на протяжении всей книги 7 &amp; 8, я удивился, почему сюжет был перенесен и был довольно расстроен тем, что отношения Лана и Ньяве не более подробные, чем мы ожидали... а Мат? Что с ним случилось? Теперь нам (читателям) придется ждать другого человека, который знает сколько времени будет 9!!! (НЕДЬЯ книг и считая!!!!)."
"POSITIVE","Моя дочь так любит эту книгу, что мы должны были постоянно проверять ее в библиотеке. Я наконец-то должен был получить ей собственную копию, чтобы они могли иметь свою спину!В этой книге есть нежный юмор, и каким-то образом мистер Джеймс успевает передать на короткой арене детской книги реальные гаммы эмоций ребенка таким образом, что вы точно знаете, как себя чувствует Салли. Это тип детской книжки, которую взрослые ** хотят прочитать своим детям."
"POSITIVE","Эта книга обязательна для тех, кто хочет услышать голос Бога. Я составил книжное исследование для двух групп изучения Библии и мы находимся в процессе открытия того, как Он говорит нам. Отлично это делать в группе, потому что акт открытия помогает вдохновлять всех нас. У меня есть много книг на эту тему также, но это первая, которая действительно выражает ее в основах, которые помогают мне понять предмет. Услышьение Божьего голоса является самым важным шагом Бога во наше время. Это основа всего остального."
"NEGATIVE","Устройство синей обуви, которая передается туда-сюда кажется пустой и невыносимым, что в значительной степени определяет тон для остальной части романа. Я просто не мог заинтересоваться этими очень несовершенными людьми с их ужасно скучной и разочаровывающей жизнью, даже если вся идея заключается в том, что жизнь может быть скучной і frustrтельной. Роман должен отражать правду о жизни, да, но великий роман может сделать даже провал и разочарование интересными - чего это не делает."
"NEUTRAL","Книга мистера Вашингтона мне нравится как американскому историческому специалисту. Я обнаружил, что изучение у чернокожего человека того, что означало реконструкция для многих бывших рабов, было очень просветительским. Мистер Вашингтон предлагает точку зрения о том, что во многих случаях рабство хорошо служило и темным, и белым людям. Линии между владельцами рабов и рабом часто были размыты; не только из-за межрассовых отношений, но также и социально.Но эта книга не касается рабства."
"NEGATIVE","Золото загорание исходит из ошибочного предположения, что люди, если останутся в себе, вернутся к своей животной природе. Очевидно, это ошибка, потому что иначе мы никогда не достигли бы цивилизации на первом месте. Помимо общей деградации человечества, которой Голдинг, кажется, наслаждается, книга также проваливается из-за своего глупого, deus-ex-machina окончания. Короче говоря, о лучшей вещи, которую можно сказать об этой книге, то есть она широко читается; но снова, так же было и с Маленькой Красной Книгой."
"POSITIVE","В том числе в книге ""Бантам"" (англ. Bantam Edition) есть значительные различия по пунктуации, выбору слов и перерывам сцен между оригинальными изданиями Колинса (After The Funeral) и Дода Мида этого романа. Есть дальнейшие различия между изданиям Додд Меда, опубликованными Random House/Avenel, и изданиях Додда Миda, повторно опубликованы Саймон & Шустер / Pocket."
"NEGATIVE","Вот пример: рецепт для Карл'с-младшего ""Сандвича"" из курицы с колбасой имеет 2 безкожие пирожные грудь, 1/2 стакана маринада teriyaki, 4 бутерброды пшеничной гамбургеры, 8 лоток пуйки бекона, 1/4 стакан майонеза без жира, 1 стакан листьев алоэ, 4 листа салата, 4 большие ложки помидоров и 4 лотки фруктового швейцарского сыра."
"NEGATIVE","Алестер Кроули - самый блестящий философ всех времен, но этого эссе к сожалению не хватает. Для поклонников Кроули он стоит получить; иначе просто пропустите его."
"NEGATIVE","Мне понравилась эта книга намного больше, чем мне хотелось. В ней было много хороших идей, потенциально интересных сюжетов или персонажей или просто чего-то, что я не видел раньше, но это никогда не совсем началось для меня. Я любил введение, нравился знакомство с Себастьяном и узнавать о нем, но его взаимодействие с Оливией не работало и я не верил их отношения или заботиться достаточно об одном из них потратить 300+ страниц."
"NEGATIVE","В качестве справочной книги по грамматике это хорошо.В противном случае она скучна и не дает никаких стимулов к изучению.Я купила ее, потому что написала её Рона, а ее Get By in Turkish (BBC Books) - отличное издание.Проблема со всеми этими курсами на турецком языке заключается в том, что авторы не понимают, что этот язык более ""чуж"" чем европейские языки, которые вы изучаете, и они все представляют слишком много материала слишком рано.Начните с книжки BBC."
"NEUTRAL","Книга прибыла в назначенное время, но заняла гораздо больше времени, чем я ожидал."
"POSITIVE","""Фронтиерс"" (англ. Frontiers) - исторический роман Майкла Дженсена, полный приключений, расстройства, парного секса, красиво описанных пейзажей, замечательных персонажей любви и ненависти... все тканенные вместе для рассказывания богатой и интересной истории."
"POSITIVE","Этот роман 1951 года очень напоминает некоторые из ранних работ Кристи, такие как ""Человек в коричневом костюме"" или приключения Томми и Тюппенса, а также сходства со поздним Пассажиром на Франкфурт. Ни один из обычных детективов Кристи, таких как Пуарот или мисс Марпл не появляются, ни он не следует ее привычной формуле"". История начинается с Виктория Джонс снова находится между рабочими местами."
"POSITIVE","Это было заказанное для подростка, который имел его в списке читателей."
"POSITIVE","Приятное чтение, если вы конанский чокнук, вам это понравится."
"POSITIVE","Это удивительное Devotional. Его легче читать, чем оригинальное издание. Бог говорит через страницы. Я не могу описать, как мне нравится это devotional в рамках моего изучения Библии и молитвы."
"NEGATIVE","Мне не понравилась негативность и гнев автора в этой книге. У нее есть главы и субтитра, такие как ""Параноя"" и ""Спас"". Негативные комментарии на протяжении всей книги сделали ее непоносимой для чтения. Эта женщина должна пойти работать в IRS или где-то там крупная негатива ценится."
"NEGATIVE","Я полностью согласен с м-ром Хусом ""Суботай"" обзора. ""Орден"" утверждает, что они являются истинным Шаолином. Они делают много пышных заявлений о том, почему ""истинный"" Шаолин никогда не будет делать демонстрации или носить одежду в общественности (но имейте в виду, многие буддийские монахи носят одежды в общественных местах). Они говорят, что другие школы Шаолина Считают, что это настоящие Шаолины, но вы не должны винить Сифу потому, что их ввели в заблуждение на раннем этапе ..."
"POSITIVE","Это бесконечное, мудрое и красиво написанное. Её стиль - как поэзия, а ее вмыслы - подарок читателю. Я читаю его снова и снова, и каждый раз благодать её слов возбуждает мою душу."
"POSITIVE","Я всегда хотел стать писателем, но теперь не могу, потому что я никогда не смогу пережить эмоции, понимание и историю шедевра Шары. Даже если вы ни в коем случае не интересуетесь Гражданской войной, чтение этого великолепного произведения искусства может заставить вас осознать, что битва при Гетисбурге была предпоследним моментом в истории этой страны. Это трагическая красота."
"NEUTRAL","Осенью 1946 года философы Людвиг Витгенштейн и Карл Поппер имели единственную встречу лицом к лицу во время спора о природе работы философов; Спленетский Витженштейн использовал покер из камина, чтобы подчеркнуть точку, покинул комнату, а Попфер сделал саркастический триумфальный комментарий после того, как он ушел об отсутствии размахивания покерами в лицо гостей."
"NEUTRAL","В ""Своих слезах"" - прекрасном продолжении детективного агентства No.1 LADY, Мама Рамоцсе (в Ботсване, возможно в Африке) сталкивается с новыми вызовами как в своей жизни, так и в работе. После обручения на добрых, надежных механиков Дж.Л.Б. Матэкони она задумывается о возможном шаге, договорится купить свой обручательный кольцо (диамант, конечно!) и неожиданно оказывается новой матерью двух детей."
"NEGATIVE","У меня были большие ожидания от этой книги, потому что ""Число звезд"" Лоиса Лоури была феноменальной, но эти ожидании просто не были удовлетворены. Джонас достаточно интересный персонаж, и концепция дателя/приемника наследующих воспоминаний интересна, но конец книги провалился, и я был очень разочарован."
"POSITIVE","Красиво написанный, очень отличный факт... хорошо документированный и обязательный для всех желающих узнать о том, что происходит в нашей стране."
"NEGATIVE","Это самая скучная книга, которую я когда-либо читала. Я даже не закончила ее. Букер Т. Вашингтон - не очень хороший писатель (что неудивительно, потому что у него было очень мало образования). Букер T. Вашингтон родился рабом - интересным, был освобожден Авраамом Линкольном, затем отправился из Западной Вирджинии в Вирдгинию для учебы, окончил и наконец получил приглашение начать свою школу в Алабаме. Так он открыл школу. Это не интересно или обнадеживающее или особенное."
"POSITIVE","Я обучаю сына дома, и мы читаем много книг вместе. Он думал, что это нормально, а я любил его. Но по словам моего сына, так говорится о каждой книге."
"NEUTRAL","~ ~ Эта маленькая книга, сначала выглядит как любая ""подъемная"" книжка с клапанами, но милые иллюстрации и удивительные ""находки"" под клапаны действительно работали для всех моих малышей (5).Они получают самый большой удар от поиска под скалой, чтобы найти интересную насекому или рептилию!Единственная проблема в том, что сейчас, на улице сада, мы должны поднять камни и бревна, чтобы искать червей и других ""домашних животных"".Это недорогой драгоценный камень, который может немного развлечь детей."
"NEUTRAL","Я не стал слушать Джейн Эйр, потому что думал, что это какой-то роман из викторианской эпохи, подходящий только для девочек средней школы. Хорошо, я рад, что потратил время на то, чтобы доказать, что он был неверен!Джейн Эйер - в конечном итоге история человеческих ценностей и серьезных выборов в жизни, которые мы все должны делать от времени к времени. Хотя она не особенно правдоподобная, она трогательна и провоцирует мысли."
"NEGATIVE","Когда я взял эту книгу, я подумал узнать об интересной и экстравагантной жизни богатых и знаменитых из Палм-Бич. Кесслер заставляет вас интересоваться персонажами, но я мог бы сделать это без скачки глав. Что больше всего поразило меня в книге - постоянное освещение Кесслером предрассудков против евреев в обществе Пальм-Битша. Хотя упоминание этой темы важно, я не оценивал его толкания по горлу читателя."
"NEUTRAL","Я не уверен, что это то, чего я ожидал, но продолжаю слушать снова, чтобы более полно понять презентацию. Представленные концепции довольно сложные и в основном опираются на опыт автора. Используется формат интервью, и по-человечески он полезен, но по-другому он ведет презентацию так, как простое чтение может быть не таким."
"NEUTRAL","Я не согласен с некоторыми негативными отзывами, которые я прочитал. Мне очень понравился этот рассказ Йохансена. Хотя он не содержит ее более популярных персонажей, но знакомит вас с такими же привлекательными новыми. Я читаю его довольно быстро, так как не мог держаться подальше от него надолго. История втянула меня достаточно быстро и определенно увлекла мое внимание. Если вам нравится отличная сюрпризная драма, вы не разочаруетесь этой!"
"POSITIVE","""Убивать птушку-мокинг"" Харпера Ли входит в пантеон великих американских романов, таких как Хак Фин. Действительно, обе истории рассказывают о детях, которые смотрят под фанером южной жизни и сталкиваются лицом к лицу с уродливыми секретами классового различия и расизма. Открытия таких секретов всегда приводят детей в конечном итоге к потере собственной невиновности. Однако, в отличие от Хука Финна, Джем и Скаут имеют Аттикуса Финча, их отца, чтобы руководить ими."
"NEGATIVE","Читайте эту книгу, чтобы увидеть, как ужасный и претенциозный маленький автор может однажды стать великим Джоном Апдиком. Удивительно плохой... и это работает с довольно крутой историей. Да, Кролик Ангстром - ненавидный, невнимательный маленький дурак... но это история, которую стоит услышать. Как рассказывается эта история, хотя язык, письменность настолько ужасно, что нельзя эффективно пародировать. Например, в этой книге есть самое худшее английское предложение, которое когда-либо было написано."
"NEGATIVE","Эта книга рекламируется как убийство тайна, включающая самую основу Манхэттенского проекта. Так что любой заинтересованный в 1945 Лос-Аламос, который также наслаждается хорошей тайной, должен любить эту книгу - верно? неправильно! Несмотря на гип издателя, проект Манхэттен и загадка убийства являются случайными для настоящей истории. Настоящая история: ""средний парень"" главного героя отправляется в Лос-Aламос для решения убийств. Он встречает генерала Гроувса и пожал руку с Опенгеймером."
"POSITIVE","""Сделай путь для пацанков"" входит в список покупок книг, которые ты никогда не пожалеешь.Это удовольствие для глаз и ушей с красиво нарисованными фотографиями и тщательно сложенной сюжетной линией приведет твоего ребенка к семье Маллардов, когда они опасно пересекают город.Имена каждого пацана альлитеративны и ритмичны. Читая это громко, вы будете смеяться над этими глупыми стихами ""Оук и Лак и Как""... все эти ""Квак""."
"NEGATIVE","Если ветераны скоростной лодки, в этом сомнительном отчете, считают, что Джон Керри не способен служить на основании его послужной истории во время Вьетнамского конфликта, то мы должны сделать вывод о том, что они также полагают, чтобы Джордж Буш ""состоял"" руководить на основе его кратковременного учета службы в Техасской воздушной национальной гвардии за тот же период. Его запись в Теханской воздушно-воздушной гвардие включает, но не ограничивается следующим перечнем общепринятых событий."
"NEGATIVE","Я поддерживаю мнения других рецензентов, которые считают, что эта коллекция тяжело находит в голове (так сказать). Слишком много мягкого крахмала информации, слишком мало порций с литературным ощущением, эмоциями и значимостью. В не менее чем 234 записях (в 30 главах) я обнаружил интенсивность писателя, которая производит интенсивность во мне только в этих пяти пунктах: 1. Отчет Уексберга о социально-гастрономических тонкостях варенного говядины ресторана в ранней Вене. Такой шум! Такая снобизм."
"NEUTRAL","Почему и как появилась основная шкала не является полностью теоретической, но требует некоторого математического мышления. Это не начинающий текст о функциональной или диатонической гармонии. Я люблю читать его, однако."
"NEUTRAL","Я пришел к Blink после того, как был так захвачен точками опускания что я ожидал такого же уровня величия.Это хорошая книга, и ее центральная тема интригующая.Я думаю, он поднимает отличные точки для читателей, чтобы использовать знание в кусочках - тонких разрезах - если вы позволите мне поделиться терминологией. Я нахожу себя лучше способным понять, что движет решениями. И еще лучше, как их улучшить. Однако это потребовало усилий и времени от книги, чтобы увидеть концепции в действиях."
"NEGATIVE","Я должен сказать, что я очень обеспокоен тем, что так много людей дали этой книге рейтинг пяти звезд. Мне интересно, не взял ли этот парень Библию. Единственная причина, по которой я дал ей одну звезду, это потому, что мне не удалось дать ее нулю. Все, что могу сказать о книге - это то, что бог, изображенный в ней, не Бог Библии. Когда я начал читать книгу, меня поразило тот факт, что Дональд Миллер действительно почувствовал убеждение в своем грехе и я был искренне ободрялся."
"POSITIVE","Я никогда не любила эту книгу. Никогда не знала, что она привлекательна, но мне все равно, как я думаю, потому что мой малыш обожает эту книгу . Он любит смотреть на детали в иллюстрациях и пытаться найти каждый предмет, который будет хорошо освещен. Он даже заметил, что мышь находится в другом месте на каждой странице и делает игру попытки найти его (он уже понял это)."
"POSITIVE","В книге ""Дети всех президентов"" Даг Уэйд написал мастерскую книгу, которая привлекает и проницательности, а также приводит яркие цвета и понимание наших американских президентов через их потомков. Жизнь этих детей варьируется от захватывающих до трагических. Важно, кто эти дети были, приносили ли молодость улыбки населению (увлекательная младенца Рут Кливленд, умершая слишком рано, оживленная Каролина и Джон Кеннеди-младший)."
"NEUTRAL","Впервые я прочитал Стиплес 25 лет назад и он продолжает оставаться любимым для меня, всей семьи, друзей и знакомых, с которыми я поделился этими замечательными стихами. Поэтическое мастерство Оглетри через рифмы и измеренные стихи - это истинная радость, которая делает чтение его стихов вслух общеприятностью. Тема и изображения остаются в голове и сердце долго после того, как вы закрыли тонкий объем. ""Приходите на Рождество"", второй раздел Стиплс является вдохновляющим, если сказать меньше всего."
"POSITIVE","Для увлекательного и информативного путешествия по американской традиции и истории ""Неопасный мужество"" Стивена Амброза - отличный выбор. Это история о трудном физическом и умственном мужестве, а также начало того, как Запад был завоеван."
"NEUTRAL","Не поддаваясь глубоким деталям, можно хорошо понять различные религии."
"NEGATIVE","Я - авиационный наркоман Второй мировой войны, и книги, которые мне нравятся больше всего, дают читателю ощущение того, что он действительно ""был там"" в повседневных операциях боевого подразделения. Это, к сожалению, НЕ одна из этих книг. Уверен, у капитана Билли Дрейка была захватывающая карьера в RAF, но никто никогда не узнает это из этой коллекции воспоминаний (104 страницы). Ни один подробной информации о его 24+ воздушных победах за пределами типа самолета не дано."
"NEUTRAL","Это было хорошо, но как другие сказали, это немного медленно и просто достаточно WTH брошен в него чтобы показаться немного наркотическими. Мне больше нравятся его другие книги, которые переворачивают историю на голову. Этот просто дал хистрорический, полуразъяснительный взгляд на ту же старую историю."
"POSITIVE","Эта небольшая книга была опубликована Советом по иностранным отношениям в Нью-Йорке до вывода Израиля из Ливана, который состоялся в мае 2000 года. Автор - почтенный ученый ливанца, который пишет о шиитской политике там около тридцати лет. В отличие от большинства второго и третьего рук сообщения, которые особенно распространены в Соединенных Штатах, есть много фактовых деталей и личной встречи, которые отражают первые встречи."
"POSITIVE","Эта книга, очевидно, заслуживает более пяти звезд за то, что раскрывает безумие Уолл-стрит в самых юмористических возможных терминах. Слава этой книги намного превышает число людей, которые ее прочитали. Почти каждый опытный акционер будет цитировать примеры из книги, даже не зная их источника. Название относится к древней истории (которая автор считает, что ей уже по крайней мере 100 лет) об посетителе Нью-Йорка, который восхищался яхтами, которыми располагались банкиры и брокеры в гавани."
"POSITIVE","Эта книга основана на одноименном документальном фильме Би-би-си. Книга написана так, чтобы любой исторический придурок мог ее читать и наслаждаться. Многие фотографии и карты делают её более понятными. Некоторые из фотографий даже являются рецензией и очень интересны для просмотра."
"NEUTRAL","Я думаю, что это будет полностью копейка для пользователя."
"POSITIVE","Эдмон Дэнтес, кажется, все имеет. Он помолвлен с красивой женщиной и только что был назван капитаном корабля. Когда три ревнивых друга заговорят против него, он теряет всё, и заключен навсегда в замке Иф. Там Дантес узнает о острове с огромным сокровищем, и планирует свое бегство. Теперь, как граф Монте-Кристо, Дантес, вооруженный огромным богатством, ищет своих врагов. теперь ничто не может встать на пути между ним и его целью......мщение."
"NEGATIVE","В прошлом году наш учитель наук заставил нас прочитать эту книгу, когда мы изучали внутренние части Земли. Я с нетерпением ходил и купил ее, но обнаружил, что это разочарование. Моя любимая вещь - читать, и в моей жизни это единственная книга, которую мои родители обязались заставлять меня читать. Она была подробной, которая обычно хороша, но добавьте слишком много деталей, как сделал Верн в этом романе, и вы начинаете терять интерес, ожидая чего-то произойти. Я бы никому этого не порекомендовал."
"NEGATIVE","Книга Стейкли ""Образ"" - одна из моих любимых, она прямо там с Вечной войной и Космонавтами."
"NEGATIVE","Это совсем другое издание книги с очень маленьким тиражом. И картинка на обложке отличалась от той, которая показана."
"NEUTRAL","Страчинский, очевидно, способен на очень мощное и проницательное повествование - просто смотрите сезоны 2-4 Вавилона 5. Он действительно вышел из своей игры здесь, хотя. Он начинает создавать интересную историю в венах Watchmen, но без ничего близкого к плотности и глубине этого сериала / графического романа. Здесь в Rising Stars рассказ плохо развивается в целом и страдает от ряда других недостатков:* Иногда трудно сказать, какие персонажи являются какими сначала."
"NEUTRAL","В конце концов, журналист выходит из пыли и мусора слегка закрученные волосы, но не желая все снова сделать. Затем есть Крис Айрес, репортер для Лондон Таймс, который действительно не хотел идти на войну и как только он был там, с трудом мог дождаться возвращения домой."
"NEUTRAL","В целом книга была довольно хорошей. Она стала немного медленной, когда главный герой читал книгу мятежного (и продолжала говорить о ""почему"" Большого брата)."
"NEGATIVE","Мне очень нравится Пам, в каждом интервью я видела ее смешной, остроумной и удивительно умной. Я рада, что она использует свою знаменитость для помощи различным животным причинам. Когда я увидела, что выпустила книгу, я была довольно возбуждена. После прочтения её должна сказать, что я наполнена разочарованием. Не читайте его, если не хотите от нее почти 300 страниц самооценки. Я действительно ожидал большего от неё, особенно так как она использовала писателя-призрака."
"NEGATIVE","В этой истории они не нужны были - Конкордиат мог послать несколько десятков гравитационных танков, чтобы сразиться с Терса. Роман начинается гладко, когда-то мирный мир, разрушается войной, и Болос и их командиры рискуют своим существованием, чтобы бороться с нападающими. Но самая трогательная сюжетная линия романа о Bolo модифицирован для горной колонии заканчивается посреди книги."
"POSITIVE","Эта гармония похожа на гармонию Евангелий. Нет никаких реальных комментариев; отрывки просто расположены в колонках, чтобы читатель мог лучше понять последовательности и полные детали рассказов, ссылающихся на Самуила, Царей и Хроники.Это книга для пасторов, ученых или мирян, которые планируют обширный урок / серия проповедей о некоторых персонажах этих повествований или ученые, интересующиеся хронологией."
"NEGATIVE","""Скарлет-Летра"" - одна из самых известных книг в американской литературе. Она появится во многих курсах исследований, потому что имеет историческое значение. Тем не менее эта книга ужасно скучна и очень архаично написана. По современным стандартам читать ""Скаралет-Letter"" болезненно. На самом деле я предпочитаю есть книгу, чем прочитать ее второй раз. Как один из моих учителей английского языка когда-то комментировал: ""Скорлет-Лучта - это дерьмо."
"NEGATIVE","Если вы серьезный технический человек, то это может быть интересное чтение для вас. Есть так много взаимодействия между кибер миром и реальным миром, что большую часть времени вы не знаете, находитесь ли вы в реальном мире или кибермировом. Я просмотрел более 25% книги и чувствую, как будто каждая страница представляет новые персонажи с описанием персонажей, которые продолжаются вечно без продвижения сюжета."
"NEGATIVE","Это самая скучная книга, которую я когда-либо читала. Я должна была прочитать эту книгу как требование для своей школы и позвольте мне сказать вам, что я прошла тест несчастно. Эта книга была ужасной. Я не понял ее потому, что она была не ясно написанная. Я бы посоветовал всем не читать её, но если вы должны это сделать, то я чувствую к вам сочувствие."
"NEGATIVE","Материал даже не закрыт для настоящего экзамена ."
"NEGATIVE","Я не могу поверить, что так много подростков взволнованы этой книгой. Хотя стиль этой книги привлекателен и переплетен с реалистичными опытами подростка, некоторые части книги слишком далеко зашли из строя. Наша культура все больше толкает молодых людей к сексуальным ситуациям, а такие книги не помогают. Для некоторых девочек эта книга может подтвердить их поведение, которое может привести их к ситуациям , которые они еще не готовы справиться."
"NEUTRAL","Эта книга сегодня так же свежа в моем уме, как и когда я читала ее много лет назад. Автор имел способ описать события, будто они находятся в настоящем. Упоминание людей, которые участвовали в этих кампаниях, заставило чувствовать себя, что вы знали их, когда они были там. Поскольку это около одиннадцати сражений, это одиннадцатая короткая история. Для читателя, который любит много перескакивать, как я, это сделало его все более приятным. Хансон Болдуин показывает только одну ключевую битву Второй мировой войны, Сталинград."
"NEUTRAL","Это была хорошая книга с прекрасным набором персонажей. Мой собственный любимый был капитан Джим, со своими историями о море и его потерянной любви ""Потерянная Маргарет"". Это не просто счастливая книга, которая скучает нам потому что Гилберт и Энн теряют ребенка, а они драются. Тем не менее, я думаю, что мое самое большое разочарование - отсутствие Гильбрета на протяжении всей серии Анны. На самом деле в книгах Монтгомери мы видим гораздо больше мужских друзей ее героинок, чем их любовников."
"POSITIVE","Это лето 1912 года и Франси Нолан из Уильямсбурга, Бруклин, Нью-Йорк, одиннадцать лет назад. Она с ее родителями и её десятилетним братом Нили - бедная семья, и они знают об этом. Её любимый ирландский отец Джонни является неполный рабочий день певшим официантом и почти полный рабочее время алкоголик. Ее маленькая, черноглавая австрийская мать Кэти работает уборщицей (""джентриной"" здесь) для трех жилых домов в обмен на их аренду на небольшую квартиру."
"NEGATIVE","Я разочарован этой книгой. Я ожидал, что ученый предоставит нам некоторые факты и реальную информацию, но он казался новичком в написании книги. На протяжении всей этой книги он был привязан к тому, чтобы доказать Дэн Браун неправду, и это фактически оттолкнуло меня от книги, потому что его упорный аргумент выглядел односторонним и личным . Это выглядит как простоя платформа для урегулирования личной вещи, а не для того, чтобы на самом деле предоставлять читателям правильную информацию."
"NEUTRAL","В этой книге есть красивые, короткие отрывки из рассказов о создании персонажа и фотографии мальчиков, все вдохновленные прохождением из Притч. У меня 4 сыновей, я пришел ценить маленьких липких пальцев и лепестковых уловок, которые мне дали на протяжении многих лет. Эта книга позволяет вам обниматься с вашим ребенком и оценивать то, что Бог дал вам, наслаждаясь прекрасными фотографиями и мудростью авторов Джима и Элизабет Джорджа."
"NEUTRAL","Мальтийский сокол читается как фото (если эта метафора имеет смысл) - изображения хорошо представлены без чрезмерного описания, и это действительно вводит читателя на сцену. Это было быстрое чтение, полное действия и загадочных персонажей, и легко увидеть, сколько он внес в жанр кино-ноэра."
"NEUTRAL","Я очень заинтересован в эзотерических знаниях (я не буду считать эту книгу или эзотеризм термином ""Новый век"") и надеюсь получить новую перспективу на нее; и то, что было более местным (как у меня в лесу). У меня, как американца, позорно мало знаний о коренных американских племенах и их верованиях."
"NEGATIVE","Называть эту книгу плохой было бы преувеличением, она выходит за рамки плохого, это совершенно ужасно!! Я не могу поверить, что эта книга была даже опубликована. Она написана подростком и показывает, что читается больше как проект средней школы, то, что он должен был сделать для занятия творческого письма. Я не собираюсь вдаваться в большие детали почему эта книга так плохая, просто есть."
"NEGATIVE","Мне действительно нравятся два серых сериала Анны Перри, но я слушаю No Graves как еще на CD; Я нахожусь на диске 6 и должен остановить себя от бросания его через комнату. А) ничего не происходит Б) Это так перегружено ... у всех ""Размы тесно с гневом"" или ""Круги тесно со эмоциями"" . . ек. мне пока не нравится Мэтью или Джозеф; они оба досадно жесткие. Пожалуйста, мисс Перри , НЕ напишите больше загадок с этими двумя картонными персонажами."
"NEUTRAL","Внутри этой книги есть отличная история, но Харрис тратит слишком много времени на критику и анализ итальянского искусства и истории до самой последней дюйма. (УПРЕДВОР: если вы не прочитали книгу Не продолжайте читать остаток моего обзора) Мне понравилось, как Кларис и Ганнибал влюбились, но мне не нравилось, что она должна была стать такой же каннибалом, как он (как он отказался от преступности в конце)."
"POSITIVE","Это очень хорошо написанная книга. Описаны персонажи и ситуации, которые приятны и очень достоверны. Я рекомендовал эту книгу своим друзьям."
"NEGATIVE","Я тоже был в заблуждении от перепечатка. Я думал, что они наверняка не будут проходить через все тяготы для повторного выпуска, если он не будет хорошим. Я сильно ошибался. Я потерял 20 баксов, так что нет необходимости говорить, я немного солен... Я подумал, что это было бы лучше читать. Это очень медленно. Не стоит цента ... займитесь, не покупайте. И не устанавливайте бар за 3 на шкале 10, иначе эта книга не достигнет его."
"NEGATIVE","Первый роман Фицджеральда заслуживает внимания по двум причинам: во-первых, это первый роман автора будущего шедевра ""Великий Гэтсби""; во-вторых, он является верным первым вычерклением основных тем Фитцджералда: американской классовой структуры, недостатков капитализма и Американской мечты как красивой, недостижимой женщины. Однако в сравнении с шедевром Фицжеральдта, это художественный провал."
"NEUTRAL","Я полагаю, что Уптон Синклер можно описать как бедняка Стайнбек; он ни в коем случае не приближается к глубине великих социальных романов Штайнбека, но все же ""Нефть"" - это очень забавная книга с хорошими представлениями о реальной мысли, взглядах и политике того времени. Синкlair был великим сторонником социальной реформы, которая порой оставляет роман немного из-под баланса, но для бесценного циназизма.."
"POSITIVE","В книге Бильбо Багинс отправляется в приключение с 13 карликами, чтобы вернуть потерянные сокровища карликов, которые были украдены драконом по имени Смауг. По пути они борются с гоблинами, тролами, волками и гигантскими пауками. Билбо и карлики никогда не должны бороться с Смаугам. Один из лучших произведений всех времен на мой взгляд и мнения многих других людей."
"NEGATIVE","Эта книга очень сложная для чтения, и хотя вам нужно знать много физики, чтобы добраться до этого момента, эта книга ничего не делает, чтобы помочь расширить ваши знания. Это трудно с очень немногими примерами, которые не относятся к наборам проблем в конце главы. Некоторые из разделов длиной всего от двух до трех страниц, что определенно недостаточно информации."
"NEGATIVE","Я потратил на эту книгу много времени и усилий, но все это было напрасно. После услышания всех шума от Опра и ее зрителей я подумал, что мне понравится эта книга. Она должна быть самой разочаровывающей и запутанной книгой, которую я когда-либо читал. Мне постоянно казалось неразберихами о том, какой персонаж говорил в то время. Мне пришлось отказаться менее чем четверти пути через нее. Если ты должен так тяжело работать над чтением книги, она теряет удовольствие."
"POSITIVE","Это абсолютно замечательное чтение первой книги в серии тайны Джейн Остин Стефани Баррон. Кейт-рединг удивительный и дает живой пересказ, передавая остроумность, юмор и интеллект Джейн в голосе. Можно почти поверить, что это действительно Джейн говорит! Хотя я читал книгу до того, как получил аудиоверсию, я все еще был так же завораживается, возбужден и увлечен слушать книгу, как читая ее."
"POSITIVE","Это типичная работа Тома Питерса, точная и написанная в простом стиле. Она открывает глаза на дихотомию современных карьерных возможностей с увеличением угроз."
"NEUTRAL","Приятный принц в предыдущей книге теперь сам является боссом типа князей, и счастливо женат на ведьме. У них есть ребенок, который получит двойной удар правления и колдовства, когда вырастет. В то время они должны решить проблему быть добрыми к драконам и остановить злых волшебников парней."
"NEGATIVE","Кандида, возможно, был чем-то в свое время, но как современный читатель лишь незначительно знающий/интересованный во Франции 18 века, я нашел его чтение довольно скучным. (Перед тем, как я получаю комментарии о том, насколько глуп я, я хотел бы отметить, что хотя иногда мне нравится читать классику для удовольствия, моя карьера и фокус всегда были в науке) Как и другие сатирики, которые я прочитал, Кандида казался тяжелой рукой и плоской. Философия оптимизма глупо! Абсурдные вещи случаются!"
"NEUTRAL","Хорошая история - это рассказ, который привлекает вас с самого начала, использует интересный и описательный язык, а также персонажей, в которых вы влюбляетесь. Hoot все эти вещи и многое другое! Я оценил его на 4 из-за того, что он получил медаль ""Новый год"", но я считаю, что не должен быть таковым, потому что характерные лица часто говорят резко друг за другом и некоторые описания слабые. В противном случае я бы дал ему рейтинг SOLID, SOLID , SOLID 5!!!!!!!!!!!"
"POSITIVE","Сборник фотографий Кристофера - это замечательный ностальгический взгляд на то, как раньше были вещи. Он дает нам приятный обзор времени, когда эти фотографии тихо передавались втайне и когда мы могли просмотреть частное хранилище нашего отца (или деда). Хорошо сделано!"
"NEUTRAL","Книга ""Пильгримский прогресс"" - это важная религиозная работа, и ее следует читать только по этой причине. Она может быть тяжелой в процессе работы из-за морализации и проповеди, которые продолжаются во всем мире, но несмотря на это здесь есть довольно хорошая история. Бунян действительно проповедует и мораллизует, но он также рассказывает чертовски хорошую историю. Эта книга является продуктом протестантской Реформации (изданной в 1684 году), сразу после выхода King James Version of the Bible."
"NEGATIVE","Я просматриваю эту книгу, потому что я не хочу быть слишком заинтересованным. Я уже подумал о том, чтобы оставить ее в сторону (на странице 119 на данный момент) или хотя бы взять другую книгу для чтения между чтением этой книги. Вы меня извините, если моя голова попадает в стол? Хью и его жена Лора потеряли своего единственного ребенка - молодого Майкла. Он был сбит автомобилем, когда выходил из школьного автобуса. Эта история представляет собой день в жизни Хью і Лары, как они пытаются понять все это."
"POSITIVE","Сообщение, кажется, потерянное искусство в современном мире. Салон родился в Европе как место для писателей, художников, политиков, ученых и мирян, чтобы собраться вместе для обсуждения. Во Франции они были известны как бюро д'esprit (офисы интеллекта). В Великобритании их называли ""пенни университеты""; салон был скачком французской революции, энциклопедии и Академии."
"NEUTRAL","""Робинсон Крузое"" Дэниэля Дефо рассказывает о человеке, который как и многие другие люди чувствует необходимость отрываться от соответствия. Он не может справиться с идеей следовать по стопам своего отца, ведя ту же скучную жизнь, которая стала ему настолько неудовлетворительной. Чувствуя, что у него нет места в мире, он решает пойти против воли своего отца и стать моряком. На протяжении всех своих приключений на море становится ясно, что это не то место, куда он принадлежит."
"POSITIVE","Эта ранняя работа описывает мышление первых технологов и показывает развитие технологий материалов и связанных с ними инженерных знаний конца 15-го века. Особенно интересно подробные исследования, проведенные Гербертом Гувером, бывшим президентом и шахтерским инженером. Его исследование детально описано в обширных нотах. Иллюстрации являются точными копиями оригиналов."
"NEUTRAL","Я согласен с большинством рецензентов, что это легкое чтение, охватывающее большую часть основных тем, прежде всего фундаментальных/экономических факторов, рынка валютных курсов. Однако автор нарисовал слишком простой и макро картину суровой / скучной среды торговли в которой очень трудно зарабатывать деньги. Мало было обсуждано на инструментах технического анализа вообще о том, как избежать ""встряхи"" или ""ложные вырывы"", так распространенные сегодня."
"NEGATIVE","Может быть, Джейн Эйр не считается книгой для подростков, но как бы то ни было... я нашел ее худшей книгой, которую когда-либо читала. Джейн Айр, как и все другие книги, имеет хорошие части.. но в большинстве случаев она была просто скучной. Не читайте её, если вы подросток просто хотите интересное чтение. Эта книга - скучная и скучная молодая взрослая книга... но может это только мое мнение."
"NEUTRAL","Я использую эту книгу для занятий, которые я преподаю и нахожу ее очень реальной и человеческой. Я учу молодую женщину, которая вступает в свой последний год, и хотя она ориентирована на эту возрастную группу, я считаю её немного молодой."
"POSITIVE","Мы не знали, что такое роутер и в этом году наши Рождественские подарки стали отличными."
"POSITIVE","Ян Коулман делится своими личными переживаниями, пока она раскрывает трудности с устранением масок, которые скрывают наши неудачи и дефициты. Ее слова больше не играют роль в своем доме, церкви и мире, а являются призывом к тому, чтобы выйти за рамки прятаться за фаадой и стать подлинным свидетелем. Она свободно делится Словом Бога, которое стало реальностью в ее стремлении и дает нам уверенность, что Бог будет направлять нас, когда мы стремимся удалить маски из нашей собственной жизни."
"NEUTRAL","Я не знал, что это роман расскажет мне о войне на Кубе. Леонард сделал свою домашнюю работу, передавая отличную историю с замечательным обзором жизни в Кубе во время войны."
"NEUTRAL","Мой 5-летний сын обожает эту книгу! Он дважды проверял ее в нашей школьной библиотеке. Хотя я думаю, что иллюстрации забавны и фантастичны. Сюжет кажется идет так разными направлениями одновременно. Мне нравится финал, где он борется с молнией, но я не могу понять, почему молния заставляют его дома и затем настолько зляются на него за то, что читают свои книги. Кроме того, я не уверен, как травма отца вообще необходима."
"NEUTRAL","Мне было трудно следовать тем направлением, в котором автор пытался вести читателя. У профессора по литературе я ожидал лучшего строя и организации: набор утверждений в предисловии, которые будут излагать общую тему книги, информационный комплекс для подтверждения этих утверждений и краткое резюме, чтобы объединить информацию вместе в тематику, описанную в предисловие."
"NEGATIVE","Я решил прочитать эту книгу, так как в последнее время я читаю больше ""классических"" книг и знаю, что Айн Рэнд часто упоминается в политике. Atlas Shrugged был далеко самым длинным, наиболее скучным книгой, которую я когда-либо читал в своей жизни (и под ""длиннейшим"" я не имею в виду только номера страниц, но то, что мне потребовалось вечность для чтения потому что это было очень плохо). Я многое читала, и много разных вещей, но эта книга была абсолютно ужасна."
"POSITIVE","Я люблю читать эту книгу. Я прочитал ранее отзывы, которые говорили, что диалект затрудняет их чтение, но мне понравилось. Я считаю, что автор написал книгу так преднамеренно. В конце концов я почувствовал, как должно было быть больше, но большинство хороших книг оставляют меня желающим прочитать больше. 2 пальца вверх!!!"
"NEGATIVE","""Брайт-Лайтс, Большой город"" примечателен только своей повествованием втором листе, устройством, которое было бы интересно в руках более опытного автора; с Макиннером, однако, он выходит как мало больше чем милый трюк. Эта книга каким-то образом управляет подвигом отражать поверхностность культуры 80-х годов без предложения ни одного восприимчивого наблюдения по этому поводу."
"POSITIVE","После прочтения первой книги Уолли Лэмб, ""Она пришла в пропасть"" я знал, что буду наслаждаться его будущими работами. Потом появился &quot;Я знаю, что это правда&quot;. Я искал летнее чтение с небольшим легкостью, но существенным. Я получил это и многое другое! Эмоциональное путешествие Томаса Бёрдси как злой, подавленный и взрослый близнец хрупкого и чувствительного, однако самооборотчивого, шизофренического брата настолько убедительно написан, что читатель Томас Бэрдзи становится таким убедительным."
"POSITIVE","Я не очень часто читаю художественную литературу, но я рад, что было сделано исключение. ""Песчаные камни"" - отличная книга и единственное сожаление, которое у меня есть, это то, что Ричард МакКенна не написал другой книги."
"POSITIVE","Я никогда не видел фильма, но книга была замечательной, захватывающей приключенческой / научно-фантастической историей с удивительным изменением характера и чувством... реальности. После прочтения этой книги вы чувствуете, что все возможно. Я был на грани спросить кого-то, действительно ли события в этой книге произошли. Вот как это можно поверить. В целом, это была прекрасная книга, которую каждый должен хотя бы попробовать. Хотелось бы, чтобы Amazon позволил вам дать истории более 5 звезд."
"NEUTRAL","Меган Ланкастер возвращается в свой родной город на Рождество девять месяцев беременности. суррогатная мать, Меган согласилась нести ребенка своего лучшего друга до того, как родители были убиты. Теперь Меган пытается решить, что делать с ребенком, когда Барт Кромвелл приходит в ее жизнь. Барт тайно пытается защитить Меган от опасности, которую она не знает, столкнутся с ней. Он также может помочь ей создать семью со своим ребёнком?"
"POSITIVE","Я купил эту прекрасную книгу во время посещения Нью-Йорка.В ней запечатлены все знаки дня рождения с 1900 по 2001 год и написаны 7 астрологами.На 864 страницах полностью иллюстрированная она имеет невероятное значение.Ни одна вечеринка не завершена без этого огромного источника, как мы обнаружили, каждый смотрел на свой день рождения и читал его, а затем посмотрел на своих детей, родителей и даже бабушек. Один из наших гостей был настолько взволнован, что мы никогда не слышали от него всю ночь."
"POSITIVE","Я читал эти книги больше раз, чем могу пересчитать за все годы. Теперь у меня есть их в форме, которую я легко ношу с собой."
"POSITIVE","Я признаюсь. я ученик Джона Кэмпбелла из Золотого века. Хорошая старая научная фантастика. это всегда то, что я буду искать. но ,,,Я начинаю задаваться вопросом, если Исаак Асимов, помимо того, чтобы быть переменным, не имел для него ничего хорошего в конце концов. вот книга автора, которая была опубликована главным образом Азимовым и, по-видимому, никогда Кампеблом. Но вау! Да, они действительно отличаются от вашей типичной аналогической истории, но, как говорят французы, &quot;Живите La Difference!"
"NEUTRAL","Я совершил ошибку, прочитав этот роман после таких великих романов Хантера как ""Былые белые мальчики"", трилогия Боба-наиллера и ""День после полуночи"". С этими книгами в качестве моей точки отсчета у этого не было шанса. Это болезненно очевидно, что Второй Саладин является одним из ранних произведений Хантера (но поверьте мне... он становится намного лучше)."
"POSITIVE","Идеальный финал идеальной трилогии! Финал - это то, почему я люблю романы Драконланс. Злые не победили, но и хорошие не выиграли. Установлено равновесие. Ничего большего, ни ничего меньшего. Финал с Райстлин великолепный. Я его люблю, но он меня пугает."
"POSITIVE","Это очень хорошая историческая фантастика - и она включает в себя приключения, романсы, драму, юмор, эмоции и христианские ценности! персонажи очень глубокие и реальные и интересные. Вся серия хороша!"
"NEUTRAL","Это одна из немногих книг, которую я перечитываю каждый год. Красивая история, которая приносит смех и радость вашему сердцу, когда вы ее читаете."
"POSITIVE","В фильме есть хорошая версия, но в книге можно найти истинную радость. Толкина трудно прочитать без терпения и сильного воображения. Некоторые части книги длинны детали и короткие события. Другие кажутся слишком быстрыми и легкими на деталях. Толкин иногда выскакивается, а не все происходящее видишь. вместо этого ты испытываешь это с внешнего взгляда. Но всё это так, как должно быть."
"NEUTRAL","Эта история рассказывает о гиацинте и ее стремлении найти истинную любовь. Эта книга снова является одной из историй Джулии об любви, завоевавшей все и в целом очень хорошее чтение. В этой истории есть довольно много приключений, которые я думаю, что вы будете наслаждаться. После прочтения этого теперь я убежден, что там еще есть романтики!"
"NEGATIVE","Я люблю романы романтики! Мне очень нравятся путешествия во времени и футуристические романсы. Этот был безумным, глупым, дурацким, дураком! Я пытался его читать и в полпути сдался. Сюжет никуда не пошел, персонажи были безвкусны, а сюжет смешный. Не беспокойтесь о прочтении, если вы не будете наказаны."
"NEGATIVE","Я только что закончила эту книгу... это одна из 1001 книг, которые нужно прочитать перед смертью. Какой болезненный опыт. В этой книге нет персонажа, который бы тебе понравился или чувствовал хоть какое-то сочувствие за то, чтобы включить Кролика. Мне удивительно, что эта книга считается таким успешным."
"NEUTRAL","Вита Саквилл-Вест глубоко вскалывалась в свои личные опыт как дочь эдуарской аристократии, чтобы написать ""Эдварды"", и хотя ее сложные знания об образах и обычаях периода очень много присутствуют, ей не хватает изысканного и тонкого прикосновения Эдит Уортон. Центральным элементом книги является Шеврона, дворец на базе детского дома Виты Ноль, и его жителей, герцогини Чевроны, её 19-летнего сына Себастьяна, князя Шевроновского, и ее дочери Виоле ."
"POSITIVE","Любой, кто любит литературу (и тот, кто не любит ее), должен прочитать ""Великие ожидания"". Не только сама история удивительна, но и основные сообщения Дикин о жизни и обстоятельствах, которые приводят людей к их судьбе, поразительны. Хотя порой немного сложный стиль превосходит эпоху для того, чтобы говорить с современными людьми так же, как это было сто лет назад. Пожалуйста, не позволяйте вашему взгляду на Дикинса быть &quot;старым&quot;."
"NEGATIVE","Я выбрал его в наш книжный клуб ""Зимняя Техасская"" осенью следующего года, так что не спеши."
"NEUTRAL","История мисс Кейн о далекой любви, трудностях и разлуке заставила бы сердце биться быстро. У нее довольно много воображения с ее широким спектром персонажей, а также ситуаций. Я хотел бы увидеть больше взаимодействия между Тирром, его экипажем и их путешествием вплоть до захвата Сарина. Их любовь удивительна, достаточно чтобы спасти весь мир . Это отличная книга, но не среди лучших. :)"
"POSITIVE","Я начал читать эту книгу как вызов себе... и обнаружил, что полностью погрузился в ее увлекательные персонажи и быстро развивающиеся сюжеты. История бесвременна (хотя фоном XIX века русской истории было бы более значимое для меня некоторые политические темы и социальные давления, испытанные героями)."
"NEUTRAL","Я только что получил эту книгу по почте сегодня. Я рад сказать, что она не была разбита как другие пакеты, которые я получила через Амазон, так что это было плюсом. Также книга была в отличном состоянии, я купил ее использованной и выглядит совершенно новой. Будучи студентом колледжа мне придется сказать, это одна из книг, которая если требуется, это лучший способ получить её. Если у вас есть проблемы с ее приобретением тогда я думаю, это несчастье, поэтому я бы настоятельно рекомендовал заказать эту книгу."
"NEUTRAL","Филипп Пулман поднял наши надежды великолепно написанным ""Золотым компасом"". Субтильный нож был почти таким же хорошим. Амбер-Спигласс был разочарованием. Я ждал два мучительных года, впавшего в ожидание прибытия этой книги. Писание Пульмана так же хорошо, как и его первые две книги, но его послание неясно и запутанное. Пульман немного перегружает с добрым и злым / героем сообщение злодеев."
"POSITIVE","Ничего сентиментального или чрезмерного, просто странное умное ребенок вырастает."
"POSITIVE","Если Джон Керри будет избран президентом, мир наверняка закончится. В течение половины времени он даже не знает, что говорит и ничего не может решить. Он полный плодочный пирог!!!! Эта книга очень хорошо сделана, голосуйте за Буша"
"NEGATIVE","Это, безусловно, самая худшая книга, которую я когда-либо читал. Стюард не беспокоится попытаться удержать ваше внимание. Ее история переполнена ненужной информацией и фактами. Книга могла быть хорошей историей, но писания Мэри Стюарт немного больше, чем те четвёртых классов. Возможно, лучшее образование в местной дошкольной школе улучшит ее способности к письму. Она делает неудачные попытки на изображениях. Её формулировка кажется, что она могла бы потратить больше усилий."
"NEUTRAL","1. Много информации о раннем иудаизме, тщательно отмеченных из первичных источников. В сносках много споров с другими учеными, главным образом немецкими (как это было типично в конце девятнадцатого века). Некоторые от взвешивания доказательств автора будут оспариваться за 100+ лет после первого опубликования этой книги, а также будут обнаружены новые источники; новые археологические места тоже."
"NEUTRAL","Если вы подходите к этому описанию (и тысячи, если не миллионы), эта книга совершенно приятно. Написанная в очень увлекательном, но тщательно исследованном стиле, эта книга удовлетворяет ваш интерес к необычным историям о поздней часе шуток и свиданиях и болезненной зачарованности смертью в Магическом королевстве."
"NEGATIVE","Я прочитала эту книгу, когда она была выпущена впервые, когда мне было 15, и она все еще имеет место в моем уме. Но не потому, что она хорошая. Она совсем не соответствует Вселенной Драконовой Лазы, и на самом деле совершенно смешная. Характеристики неправильны, сюжет смехотворен, а стиль написания плохой. Есть так много замечательных книг там; было бы стыдно тратить время на чтение этой книги."
"NEUTRAL","(...)Оливки орегано могут защищать от бактерий, устойчивых к лекарствам (Washington, DC) - Олие из обычной травы орегано может быть эффективным методом лечения опасных и порой устойчивших к лекарственным препаратам бактерий. Два исследования показали, что масло орегана и в частности карвакрол, один из химических компонентов орегона, как правило, помогают снизить инфекцию так же эффективно, как традиционные антибиотики."
"POSITIVE","Я не верю, что есть книга Йоханны Линдси там, которую я бы когда-либо дать менее пяти звездный рейтинг. Иоганна представила меня в романтика, будучи первым автором, который я читал как подросток и продолжает читать до сих пор. У нее есть способ написания, который умный, смешный, привлекательный, эротический, юмористический и интеллектуальный ... все одновременно. Если вы никогда не читали книгу Джоханны Линдзи, стыдитесь себя и начинайте СЕМНО."
"NEUTRAL","Этот короткий роман, наполненный блестящими символами Хемингуэя, является обязательным для чтения. После его прочтения я не мог не почувствовать, что рыба представляла писание Гемингуэй. Читая его, мне пришло в голову чувство, что после критического неудачи своего последнего романа Хемингвей чувствует себя как старик: устал, одинок, но борется со своим искусством. Акулы, похоже, ярко воспринимают жестокую критика, выстреленную против Хемингаева со всех сторон после его последнего поражения."
"POSITIVE","Это одна из моих любимых книг всех времен. Я не совсем низкий читатель, но эта книга затрагивает темы так, как многие более сложные книги не делают. Некоторые тревожные части, финал, который я ненавидел в детстве, но фантастическая книга, которая застряла у меня на протяжении 15 лет."
"NEGATIVE","В своих самых безумных мечтах я никогда не думал, что вместо того чтобы Голливуд испортил хорошую книгу и ошибался в том, что они могут взять посредственную книгу и сделать что-то незабываемое. Первоначально опубликованный как Bid Time Return, история начинается в 1971 году и написана в формате дневника Ричардом Колльером, который страдает от опухоли мозга."
"NEGATIVE","Меня обманули, чтобы купить эту бумажную книжку в аэропорту, так как мне нужно было что-то с сильным сюжетом для чтения на самолете и эта книга имеет убедительное начало. Однако после около 30 страниц или около того, когда персонажа Джиллиан и ее растение Фред были представлены, я начала подозревать, что сделала ошибку. К тому времени я была заперта в перелетном полете без другого места для чтенья."
"NEGATIVE","Эта книга обещает намного больше, чем она даёт. Писание сухо и неинтересно, оно почти делает викку скучной! Я ожидал передового материала, но, alas, я разочаровался. Мисс Макморган даже не выполняет половину такой хорошей работы, как писатели, которые она критикует. Поиск по-настоящему продвинутых книг о вике продолжается."
"POSITIVE","Большинство английских носителей, желающих немного изучить венгерский язык, сталкиваются с грозным проектом. Язык 30 делает лучшую иностранную языковую серию, которую я видел. Руководство следует за двумя лентами, на которых перечислено слово или фраза на английском языке вместе с фонетическим произношением и венгровским текстом. Любые вежливые выражения путешественника могут освоить, безусловно, сделают посещение более приятным, а также хорошо отразит американцев."
"POSITIVE","Один из величайших отменников рабства в американской истории. Его автобиография описывает борьбу африканских жителей во время 19-го века. Классическая литература, которую должны читать все американцы."
"NEGATIVE","После прочтения ""Викки: руководство для одинокого практикующего"" я купил продолжение, и сказать, что разочаровался бы было неуважительным. Эта книга охватывает некоторые из тех же кругов, которые &quot;викка&quot; делает, но недостаточно техники и теории, чтобы использовать эту книгу в одиночку. В этой книге есть полезный материал, который вам может понравиться, но по моему мнению добавленный материал НЕ стоит цены. Вопросы или комментарии? Послайте мне электронную почту. Два медведя. Я не викканка; я шамана."
"NEUTRAL","Это была хорошая книга. История действительно была хорошей, но то, как автор продолжал писать о Боге было раздражающим и очень незрелым. Если просто игнорировать все христианство в этой книге, тогда это хорошая история. Истории показывают, что такое планирование свадьбы на самом деле, но чрезмерное использование Автора Христианства в этой книги затруднило чтение."
"NEGATIVE","Последний роман Патриции Корнвелла, к сожалению, подтверждает, что она больше не может придерживаться тесного заговора и писать с темной эмоцией, которая сделала ее первые несколько романов настолько захватывающими. В то время как ""Последняя часть"" связывает некоторые из свободных концов от ""Черного уведомления"", он никуда не попадает в новый психологический террор или территорию для этого вопроса, и распадается задолго до его внезапного и неудовлетворительного окончания."
"POSITIVE","Эльяху Голдратт делает то, что большинство людей считают невозможным - использует здравый смысл для жизненно-мертных ситуаций на заводе. Не многие люди думали бы, что есть выход для Алекса Рого"
"NEGATIVE","Если вам нужна эта книга для занятий, я предлагаю купить ее. бесплатная версия Kindle - это только первые четыре тома. Amazon должен быть более четким"
"NEUTRAL","Статистика за выбросы и биты - все, что можно было бы попросить, но я не понимаю почему нет абсолютно ничего в полевых играх."
"POSITIVE","Менкен писал, что ""ничто не может быть более ясным, чем влияние растущей экономической безопасности женщин на всю жизнь... Уменьшение брака и еще быстрее уменьшающийся уровень рождаемости показывают, в какой направлении ветер дует (...) большое количество из них [женщин] теперь подходят к делу [брака] с гораздо большей тщательностью, чем их бабушки"". В результате только относительно опытные мужчины могут вступить в брак, а низкоклассные мужчин нет."
"POSITIVE","В письме ""Незнакомый в странной стране"" Хайнлайн создал шедевр - научно-фантастический ролик о жизни и служении Иисуса Христа. Как Христос, главный герой ""Человека"", Михаил Валинтин Смит, указывает на лицемерие популярной религии того времени. Он учит мир отказаться от жестких протоколов религии и принять самое мощное человеческое чувство: любовь."
"POSITIVE","Я абсолютно люблю цвета!! У меня настоящий голод, жажда и волнение по этому поводу - всегда есть! Эта книга полна ярких цветов, а также ее другие. Мне очень разочаровывает когда я смотрю в книгу, которая должна вдохновлять меня цветными но вместо этого я задаюсь вопросом: ""Почему они выпустили это""? Эти книги художника ПОКРЕВНЫЙ !! Она сделала отличное дело. Вы не ошибитесь покупанием своих книг. Хотелось бы мне посетить её мастерские. Она такая хорошая!!"
"POSITIVE","Я случайно прочитал ""Колняк"" для своего обсуждения в книжной группе за месяц декабря и мгновенно полюбился этой книгой. Больше всего я думаю, что это была Эстер и ее описания, которые абсолютно захватили меня с самого первого слова.Чтобы читать книгу, много раз я пыталась поставить под сомнение свое собственное здравое мышление и то, через что я прохожу, и удивительно, эта книга мне казалось, что касается столько вопросов, что все мы переживаем когда-нибудь в нашей жизни."
"NEUTRAL","Жаль, что многие люди не видят качества этой книги. Я считаю, что это очень хорошее чтение - особенно для дебютного!! Что мне особенно понравилось то, что оно сосредоточено на персонажах И на очень ярких описаниях Марса. У вас есть много писателей, включая гении вроде Азимова и Кларка, которые склонны слишком сильно фокусироваться на технологии или концепции (новая пришельца/внеземные миры, новая наука, все равно), но только удается создать одно- или двумерные персонажи."
"POSITIVE","Я читатель этой книги и практикую технику ""подачи"" как доступная практика, чтобы превратить негативный ум в положительный ум, ограниченный ум - в щедрый ум, темный ум во яркий ум, холодный ум-в теплый, комфортный и ланированный разум."
"NEGATIVE","Сделай себе услугу, не покупай эту книгу, это всего лишь список рекламных объявлений; я почувствовал себя очень плохо в понимании того, что на самом деле плачу 10 баксов за чтение рекламы. Я мог бы попробовать аудиокассету, но эта книга не добавляет никакой ценности к твоей жизни, она тратит время!"
"NEUTRAL","Я купил эту книгу для генеалогической цели. Отличная информация о семье Рид. У меня много информации, чтобы проверить факты. Отличной книги. Ответственный сервис от Амазонки."
"NEUTRAL","Книги и их идеи не должны быть запрещены, их единственным врагом должны быть лучшие идеи или книги, которые лучше. Я думаю, что ""Дающий"" - хорошая книга и не должна быть запрещена. Книга была очень хорошей и в ней не было никаких частей, которые я думал плохими. Было несколько частей , которые сделали мой день, чего вы обычно не видите в обычных книгах. Книгу заставляет думать о том, как люди жили бы, если они не имели выбора по поводу того, куда могут пойти или что они могли сделать."
"NEGATIVE","Я все еще большой поклонник ранних книг Гришам, особенно Пеликанский краткий, но я думаю, что у него закончились идеи. Последний присяжный устал, скучен, вывод и трата времени."
"NEUTRAL","Я прочитал это после прочтения 1984. Мне потребовалось некоторое время, чтобы войти в него и я не был так захвачен, как когда читал 1984. Казалось, что он продвигался медленно до смерти Линды, а затем закончился довольно быстро. Лучшая часть книги - диалог между Савгеем и Мустафой Монд. Много вещей резко поднялись на фокус в этот момент."
"POSITIVE","Я купила эту книгу, когда я училась в колледже на уроке английского языка и обнаружила, что она была так же полезна тогда, как сейчас. Я использую ее для легкого технического написания на работе и также как справочник для базовых грамматических ошибок. Она полна отличной информации... есть столько вещей, которые я поняла, что никогда не знала, и я был специалистом по английскому языку в коллеги! Отличная книга иметь у вашего стола в качестве справочника."
"POSITIVE","Полная и восхитительная презентация основ Аштэнга-йоги и всей первой серии.Больше, чем книга Дэвида Свенсона, остается верным тому, как ПК Джойс преподает первую серию.Джон Скотт - удивительный практикующий и великий учитель в своем собственном праве, что ясно видно из этой книги.Очень рекомендуется всем практикующим Аштенгу и начинающим людям с учителем."
"NEUTRAL","Сначала я любил Эмма и ненавидел Грей. Он путешествует с двумя любовницами, а он хочет спать с Эммой, но думает, что она согласится? Тот факт, что он не избавился от них рано запутал мой ум. Потом середина книги была лучше и более интригующей. Но к концу Ема потеряла веру во все и решила, что лучшей вещью будет убежать от беспорядка, который начали куртизанки, оставив бедных учеников без директора для управления школой."
"POSITIVE","Эта книга была действительно отличная. Я был полностью всасыван, и прочитал ее за 2 дня. Как бы я ни хотел написать глубокий обзор, сейчас не могу.. но поверьте мне на слово... эта книга обязательна!"
"NEUTRAL","У меня была депрессия более 10 лет - болезнь, которая лишает вас мотивации даже встать с постели - и большая доза беспокойства из-за того, что я должен был делать, хотел сделать, ""должен"" делать... на самом деле, я почти постоянно перегружался страхом. Эта книга не решила эту проблему - медикаменты и книги по когнитивной терапии сделали это - но эта книга была ПОЛЬНАЯ для чтения при откладывании. После пары глав я бы завалил в зад и начал ходить."
"NEGATIVE","Поскольку рецензии, написанные здесь, немного устарели, я решил указать на огромную противоречия, которые эта книга вызвала до преждевременной смерти мистера Харта от рака. В своем книге и в публичных интервью Гарт настаивал на том, что командир Том Барри и его ""лодыши"" были ""серийными убийцами"", убившими ""невинных"" вспомогательных войск при Килмайкл Амбуше, когда они пытались сдаться."
"POSITIVE","Андреа Рита Дворкин (1946-2005) была американской радикальной феминисткой и писательницей, а также антивоенной активисткой и анархистом 1960-х годов. Она была замужем за Джоном Столтенбергом."
"POSITIVE","В книге вы видите картину музыкальной индустрии, которую видят немногие поклонники. Я считаю, что Бог призвал вас в служение и покинул музыку вовремя. Вы могли оказаться в тюрьме, обанкротились или умерли. Фараон, контролирующий эту отрасль, будет использовать угрозу судебных исков, чтобы не дать другим делать то, что вы сделали. Где я не согласен с вашей настойчивостью нет такой вещи как христианский рэп."
"NEUTRAL","Судя по большинству отзывов, вы думаете, что это была самая лучшая настольная книга. Ну, она конечно хороша с (большую часть) перевыше среднего произведения искусства и интересной творческой идеей, но сам текст не такой уж хороший - в частности, рифы не сканируются очень хорошо, так что трудно читать на месте громко. Это говорит о том, что эта книга приличная и определенно стоит рассмотреть за цену."
"NEGATIVE","Фонд СтрахКнига Грегори БенфордФансы Исаака Асимова, скорбя о прекращении его написания после его смерти, хотели бы прочитать книгу вроде Асамова и определенно не по-другому написанную. В то время как у Григория Бенфорда есть интеллект, он профессор физики в Калифорнийском университете - Ирвин, ему недостает смирения придерживаться этой очень базовой и простой предпосылки безмягко следуя стилю, который является своим и ничего подобного Исхаку."
"NEGATIVE","Я даю книге 2 звезды вместо одной, потому что автор сделал интересную попытку использовать словарный запас и синтаксис того дня.Но на полупути я сдаюсь. Я узнал этот урок из ""Столпа Земли"" Кен Фолетт...Неважно, сколько 'акции' кажется происходящими, если вы достигнете середины книги и все еще остаетесь не желающими, тогда пришло время попробовать что-то другое.Да, бубонная чума - это интересная тема, поэтому я выбрала эту книгу."
"POSITIVE","Эта книга невероятна!!! эта книга удивительная!!! я не могу закончить ее чтение, потому что продолжаю возвращаться к изучению того, что прочитал. Я верю, что Бог говорит через Т. Д. Джейкас тем из нас, кто был парализован выборами в жизни. Я хочу кричать, как великий Бог и что Он - великий врач для наших тел, душ и чувств! Вы должны себе читать эту книгу! Сам Господь будет дотронуться до вас!"
"POSITIVE","""Убеждение"" - один из моих любимых романов Джейн Остин. Уроки жизни, которые нужно выучить, передаются мягко и не осуждая других людей, а персонажи могут быть встречены в любое время в любом возрасте. Я купил версию Kindle для того, чтобы иметь ее со мной во время путешествий. Здесь моя проблема заключается в том, что воспроизведение было разрозненным."
"NEGATIVE","В данной версии руководства по стратегии DAOC значительно ниже среднего. Существует множество таблиц и статистики, но часто информация неточна и неполноценна. Книга перечисляет все элементы в игре (в момент печати), но пренебрегает тем, чтобы сказать вам, где вы можете найти любой из них, и предоставляет загадочные и часто неверные сокращения относительно их атрибутов."
"NEGATIVE","Эдгар Кейси сказал во время сеанса что-то в этом отношении. Почему он спрашивает о руководстве у своего умершего пьяного отца, он все еще пьян. То есть его уровень мышления остается таким же. Акт смерти не очищает вас от ваших недостатков характера, по его словам. И это также интересно: тибетцы верят в реинкарнацию до такой степени, что они выслеживают, где душа погибшего Дали Ламы ""приземлилась"" (открывая, в каком ребенке он переродился), чтобы продолжить свое образование."
"NEGATIVE","Я ожидал большего от записи MP3 рассказы сами по себе хорошие... но свиснуть? попробуйте другую версию, может быть."
"POSITIVE","Книга ""Убить птушку-мокинг"" - это действительно незабываемый роман, который может тронуть сердца всех читателей. Эта книга рассказывает о природе и поведении маленького южного города. Она также рассказывает об невиновности девочки - Скаута - и ее зрелости в молодой леди, столкнувшись с состраданием и ненавистью, добротой и жестокостью, а также правдой и убеждением. Это роман любви, мужества и драмы, которая является настоящим классиком!"
"POSITIVE","Если у вас брак в трудностях, если ваш брак великолепный, так или иначе. Эта книга обязательно должна быть прочитана. Я замужем 31 год... очень хорошие годы, и я слышал о этой книге настолько много, что купил одну для себя. Я заплакал с надеждой через первые несколько глав потому что сначала увидел вещи, которые я сделал неведомым образом чтобы разрушить мой брак, но затем Дебби показала мне, как это исправить."
"NEUTRAL","Например, на странице 20 он перечисляет некоторые музыкальные диски для посещения музеев. Список показывает много ошибок в классической музыке. Мне показалось забавным, как искусственный эксперт и любитель может так сильно пропустить тему классической песни."
"NEUTRAL","Джон Штайнбек действительно заставил меня полюбить книгу ""О мышах и мужчинах"". Он очень хорошо описал ранчо в Калифорнии; здесь жили персонажи Ленни и Джордж на протяжении всей истории. Он сказал нам, что люди: Кенди, Слим, Карлсон и конечно же Лэнни и Джорд живут в кроватке. В то время как босс, жена Керли и Керли жила вместе с кухаркой. Эта книга немного описывает расизм, описывая, как единственный чернокожей человек Кроукс живёт один в своем собственном кроватках и игнорируется."
"NEUTRAL","...история о преобразовании расистского подростка."
"NEGATIVE","Коннектикутский янки в королевском дворе Артура, рассказывает о человеке по имени Хэнк Морган, который оказывается доставленным 1300 лет назад в средние века. Он считался шпионом и был помещен в тюрьму, но с помощью страницы под названием Кларенс он убеждает всех, что он волшебник. На протяжении многих лет он изобретает вещи, которые есть сегодня, но они не были тогда. Он также обучает и помогает людям царства и становится рыцарем сам."
"NEUTRAL","Эта книга ""Кид из Томкинсвилла"" очень интересная, автор Джон Р. Тунис рассказывает нам о Рой Таккере, молодом человеке из Коннетикута пытаясь сыграть за Доджеры."
"NEUTRAL","Эта маленькая книга очень вдохновляет на мысли о жизни после смерти. Она дает читателю другую теорию загробной жизни, авторскую. Согласно Альбому, пять человек, чьи жизни мы дотронулись, встречаются с нами в своем собственном рае, наделяя нас ответами и переживаниями. Это трогательная, провоцирующая мысль и возбуждающая книга. Я бы больше наслаждался ее, если бы персонажи были более тщательно развиты. Но в этой небольшой книге не было достаточно времени."
"NEGATIVE","Книга не дает очень много инженерных данных. Хоббиты, которые заинтересованы в игре с моделью для удовольствия могут найти книгу забавной. Инженеры, заинтересованные в разработке машин Стирлинга, найдут ее бесполезной."
"NEGATIVE","Вы уже крайне хорошо знаете о Французской революции, имея подробную память обо всех событиях и отдельных людях? Вас не интересует то, что было сказано об этой или прошедшей в этом столетии французской революцией? Вам слишком легко следовать другим рассказам XIX века о Революции (например, Гвизота, Мишелета, Токвилла, Милла)?"
"NEUTRAL","Я думаю, что некоторые из предыдущих возродителей с негативными мнениями принимают эту книгу слишком серьезно. Поскольку политические триллеры идут, это одна из лучших в жанре. Она полна инсайдерской информации от безумных политики власти и аморальных королев-творцов, которые советуют их, к нервным убийцам сталь избегая тщательного преследования ФБР."
"POSITIVE","Даже после всего времени, проведенного в прочтении предыдущих 3 книг серии я был немного опасен, когда купил эту книгу. Если честно, она была лучше, чем я ожидал. Было грустно увидеть конец серии Эндер, но четыре книги, которые были там, являются одними из лучших литературных произведений этого века. Тем не менее, вам нужно прочитать предыдищие книги перед чтением этой, чтобы получить сущность истории, но как только вы возьмете время для того, чтобы сделать это, вы будете наслаждаться им до конца."
"NEGATIVE","Я бывший христианин, который больше не верит в понятие души, бога, ада и т.д., и я с готовностью наслаждаюсь чудесами, которые наука открывает каждый день. Тем не менее у меня было несколько людей рекомендовать мне эту книгу (чтобы убедить меня, я полагаю) - поэтому я наконец-то прочитал ее. (Хотя религиозные люди никогда не читают вещи, которые я предлагаю им: сделать веб-поиск для Ричард Докинса ""Доброе и плохие причины веры; это гораздо короче и легче читаться, чем педантический том К.С. Льюис. Кроме того, К.S."
"POSITIVE","Это отличная книга для начинающих и красивая, поэтому ее легко читать в ванной. Я дал эту книгу группе моих друзей, которые заинтересованы в изучении фэн-шуи. Она не перегружает их и не дорого стоит. Они могут искать темы по алфавиту и получить простые инструкции. Теперь они стали больше интересоваться фен-шуй и перешли к более сложным книгам."
"NEUTRAL","Я считаю, что в этом много правды, особенно с точки зрения эвгеники. Это говорит о том, чего мы как общество должны бояться произойти. Тем не менее я верю, 1984 год - это лучшее представление о том , что действительно происходит в нашем будущем. Хотя смесь этих двух возможностей является тем, с чем мы столкнулись на самом деле. Надеюсь, нет..."
"POSITIVE","Одна из лучших пиратских книг, которую я читала за очень долгое время. Забавная, теплой и страстной. В ней было все, что мне нравилось в романтике. Я не могу дождаться начала Master of Seduction. Если она наполовину такая же хорошая, как эта, то будет хранителем тоже."
"NEUTRAL","Я большой поклонник прорывной книги Кандес Бушнелл ""Секс и город"", которая была сделана в сериал. Она была ясна, она была дерзкая, у нее была личность. Персонажи были хорошо развиты и легко относиться к или закоренить для. К сожалению, персонажи в книге 4 блондинки Бушнэлла не являются. Первая история, которую я нашел достаточно интересным, о женщине в Нью-Йорке, которая каждый год пытается найти мужчину, чтобы быть с таким образом, что она может оставаться на его летнем месте."
"NEUTRAL","Фермор отправился пешком из Холандии в Константиполь; эта книга является второй томом его воспоминаний о том путешествии, начавшимся на полпути по пути в Будапешт (где предыдущий том, Время Подарков, остановился). О, подожди, я не упоминал, что он совершил это путешествие в 1934 году, когда ему было 18 лет. Книга представляет собой невероятно плотный пакет флоры и фауны, истории и действий, персонажей и обстановки."
"NEUTRAL","Я прочитал четыре из пяти романов этой выдающейся исторической серии загадок, и я не могу дождаться начала последней. ""НЕ ГРАВЕСТЬ НИКОГДА"", к сожалению, начинается медленно, и это может оттолкнуть тех, кто обычно хотел бы читать другие четыре книги."
"NEUTRAL","Эта книга была хорошо организована и предоставила много информации о золотых рыбах, коях, пресноводных и соленоводяных аквариумах.Это хорошая книга для начинающих и экспертов в том числе. Я прочитал ее по новым статьям и буду обращаться к ней часто, когда я стану более заинтересованным в своем новом хобби.Небольшое количество информации об острых рыбках, но отличный источник всех основных сведений о создании различных типов аквариумов"
"POSITIVE","Пятьдесят восемь лет назад пьеса Агата Кристи ""Путь мышей"" открылась и стала туристической достопримечательностью и лондонским учреждением. Сорок лет назад я увидела спектакль, а 4 ноября 2010 года снова посмотрела его в Лондоне и понравилось ему. Он очень хорошо читается, и сценарий является идеальной версией сценария. Молодая пара ожидает своих первых гостей в их недавно открытых B и B домах семьи в старом особняке в стране."
"POSITIVE","Я хотел прочитать эту книгу некоторое время, и наконец получил копию во время отпуска. я так рада что сделала. изображение Стюарта Мерлина как человека с силами и проблемами, долго на праведности и короткий по сексуальному влечению делает его замечательным тень героя. он не король на горе, но он мистик на холме, направляющий, видящий и знающий в то время как кровь течет ниже."
"POSITIVE","Это приятное, быстрое чтение о замечательном приключении - и замечательной группе авантюристов. Я сидел на этой книге в течение нескольких месяцев, а затем поднял ее, и вот прошли следующие 3 часа....Северин написал настоящую статью о своей попытке воссоздать гипотетическое путешествие к Новому Миру ранним ирландским монахом на лодке с бычьим носом."
"NEGATIVE","Эта книга - это просто связанная версия помощи VC на OLEDB 2.0. Однако она настолько нелепа, что не охватывает ни одного из новых шаблонов потребителя, которые включены в ВК6. Если у вас уже есть ВК6, то я НЕ рекомендую эту книгу. Шаблоны, предоставленные с ВК6 очень мощные, но ОТМО плохо документированы. Тем не менее эта книга не решит проблему. Также какие примеры кода существует ((СИМНА мало), редко правильны в своем синтаксисе."
"NEGATIVE","Мне было бы все равно, что сделал мой брат - я стоял бы рядом с ним и не написал книгу, чтобы уничтожить его. Если бы я знал, что он виновен? Я лично брал ему на зад но я бы от этого не заработал денег. Семья - это семья, а кровь - это кровь. Её брат в тюрьме и вероятно будет казнен. Почему она должна так уничтожать своего брата? Чтобы заработать деньги! Она предала собственного брата ради денег. Скотт абсолютно виновна - нет сомнений в этом."
"POSITIVE","Я обычно не готов публиковать свое мнение о относительной достоинстве или отсутствии книг, особенно романов.Обе они в целом слишком субъективны.Я делаю исключение в этом случае.Гамилл написал замечательный роман.У него есть удивительное ухо для диалога и он хорошо его улавливает за период более чем 250 лет и различные этнические культуры."
"NEGATIVE","Нет сюжета, в книге только о сексе... если бы книга была сделана фильмом, она получила бы рейтинг XXX."
"NEGATIVE","Я не покупал бесплатную книгу в течение некоторого времени из-за проблем с форматированием. Когда я пытался прочитать эту на своем Kindle, меня что-то беспокоит. Только когда я был на второй странице, я понял, что случилось. По какой-то причине вся книга вышла из центра. Правая сторона течет до края страницы. Однако левая сторонка начинается далеко от края. Я попытался изменить шрифт к большему размеру, но это только сделало его более заметным."
"NEGATIVE","Я пытался прочитать эту книгу сначала, когда мне было пять лет, с мамой, затем, когда я была двенадцати. Каждый раз это было ужасно. Я помню, как сильно страдала от нее до той части, где Мег делает джем, а потом решила, что она не стоит моего времени. Моя мама ненавидела ее каждый раз, когда читала его тоже. Фильм, однако, с Винной Райдер и Сьюзен Сардонн, очень хороший. Если вы хотите знать историю и не страдать, посмотрите фильм, который довольно хорош."
"POSITIVE","Я прочитал Сандицию. Первые 11 глав написала Остин, но она умерла до того, как закончила ее. Версия, которую я читал, была завершена ""Another Lady"". Она оставалась верной Остину во всех отношениях. Повороты событий были действительно довольно забавными."
"NEGATIVE","Хотя многие люди считают, что ""Братство кольца"" - классический роман своего времени, это не так. Несмотря на то, что он открыл много дверей для полусердечного фантастического письма сегодняшнего дня, он все еще использовал плоскость, скучно и о-о-о, столь длинные описания."
"POSITIVE","Я люблю эту книгу, как писатель-беженец. Очень легкая для чтения и понимания. Помимо объяснения 20 сюжетов первые главы о сюжете и структуре в целом отличны. Она помогает мне во многом с моим вторым романом."
"NEUTRAL","Стивен Бут - мастер в напряженности. Я прочитал все, что смог получить на руки. Теперь я решил собрать все его названия так, чтобы я мог перечитать снова во время моего отдыха. Кровь на языке еще раз развивает персонажей Фрай и Купера. Эта история была шедеврово разработана и мне понравилось, как прошлое и настоящее тайн были взаимосвязаны."
"NEGATIVE","Отзывы людей, которые действительно любили эту книгу, указывают на то, что они читали ее за одну ночь или в короткий промежуток времени. Она очень быстро читается - но почему бы вам тратить деньги на книгу, которая прошла так быстро? Это своего рода фастфуд для книги, эта книга - с двумя основными вещами, которыми автор манипулирует вами: Прости меня и завидуй мне."
"POSITIVE","Если вы знакомы с базовой математикой и геометрией (например, знаете, что означают два и три измерения), а хотите испытать жизнь в других измерениях, то Flatland - это роман ""долженный быть прочитан"".История рассказывается гражданином Флалендского края, который стал ""просвещенным"" третьим измерением (наш измерение) и пытается объяснить читателям (нас), как работает Flat Land."
"NEUTRAL","Терри Пратчет заявляет о том, что он является шутливым человеком научной фантастики в ""Коллере магии"", первой книге серии Disc-world. Он захватывает вас с первой страницы со своим странным остроумием и юмористическим шутками своего персонажа и держит вас смеяться до самого конца истории. Вы наверняка видели аналогичные персонажи из других книг, телевидения и фильмов, но Пракет берет классическую комедийную дуэту и твердо посадит их в мире фэнтези, который более чем смешный."
"NEGATIVE","Как и Дарла, я - образованная мать на дому. Я видела эту книгу на сайте Шона Ханнити и теперь разочарована тем, что он ее порекомендовал. Несомненно потому, что муж Дарлы является горячим стрелком в FOX. Ее общее сообщение имеет некоторые хорошие стороны, но я абсолютно согласен с другими негативными отзывами, которые я прочитал здесь.Мои жалобы:1. Она беспрестанно клянется во время всей книги.2. Она не дает практических советов для ситуаций среднего класса / низшего класса матерей.3."
"POSITIVE","Эта книга должна быть рекомендована перед лицом всех необоснованных, странно разозлившихся и расстроенных отзывов здесь. Это сказано даже если написание этого обзора является течением времени, который Кёртис Уайт так эффективно атакует в этом замечательном, острое, живой и умный диатриб / манифест ..."
"NEUTRAL","Равен Гримасси дал нам книгу, которая делает то, что мало книг когда-либо делают. Он фактически объясняет Эрметические тайны в простом, прямом языке Вы можете понять! Однако есть времена, когда он кажется противоречить себе, который я думаю является виной плохого редактирования Льюэллен. Также, объясняя переход власти из одного плана в другой, он использует метафору, которая предполагает, что иерархии нашего общества как бы зеркала Астральной Иераргии."
"NEGATIVE","Я был знаком с писанием Лизы Унгер через ее последний роман, ""Умерте для тебя"". Меня так очаровала её работа и история, что мне пришлось иметь больше. Читать красивые лжи было болезненным сравнением. Я постоянно думал, как я нашел эту книгу?! Я действительно искал триллер, а эта книга немного увлекательна, но она омрачена главным героем Унгера Ридли. Сначала я была равнодушна к ней, но потом поняла, что не могу выдержать ее!!"
"NEUTRAL","FOTR действительно сложный и слишком длинный. Он мог бы быть наполовину таким длинным и вдвое лучше, если бы Толкин удалил все действительно ненужные описания, истории, песни (особенно песни, очень бессмысленные), и т. Д. Мне было очень трудно остаться с этой книгой. После прочтения Хобит эта книга просто слишком медлена."
"NEGATIVE","""Сделайте все возможное, что угодно"". Сколько раз вы слышали это? Очень переоценено."
"POSITIVE","Достаточно, по Хуану Уильямсу была вдохновлена речь Билла Косби на праздновании пятидесятой годовщины Брауна против совета образования. Хуан Уильянс предоставляет краткую историю афроамериканской борьбы и успеха в интеграции школ через Brown vs Board of Ed.Mr."
"NEUTRAL","Я не читаю огромное количество книг, так что для тех, кто просто случайно читает как я тогда мой обзор будет более актуальным для вас. Хорошо я довольно большой фантастический парень Lord of the Rings, Терри Пратчет, такие вещи. Но на самом деле я трейкер в шкафу из 80-х и огромный поклонник Star Wars поэтому научная фантастика интересует меня, но не столько в формате книги. Когда я прочитал Игры Эндера я полностью преобразован в него и Орсон Скотт Кард был мне новый бог."
"POSITIVE","Фэн... что ты думаешь о процессе? Дадалус Бс... Что мы перечислили? Фирестон."
"POSITIVE","Эта книга - отличная, быстрая чтение для тех, кто ищет свежие взгляды на бизнес-стратегию. Я думаю, эта книга полезна людям на различных уровнях управления, от продавцов до топ-менеджеров. Использование автором развлекательных аналогий помогает перевести традиционный бизнес говорить к реальным примерам того, как работает бизнес в реальной жизни и добавляет юмор и вкус там, где это не может быть ожидано."
"POSITIVE","Эта книга - сокровище. Это лучший рассказ о выживших, который я когда-либо читал. Автор просто повествует историю таким простым и все же убедительным образом. Детали, которые включены в нее невероятны. И история совершенно чудесна. Я рекомендую эту книгу любому, кто любит историю или истории мужества / приключений. Меня поразило достижение Шаклетона (и его мужчин) перед лицом того, что должно было быть смертью."
"NEUTRAL","Эта книга открывает глаза на мир ваших эмоций и чувств. Я никогда не осознавал, как сложные они действительно являются, но все же они есть. Я не согласен с некоторыми из точек этой книги, но в целом я бы сказал, что это хороший инструмент для управления гневом."
"POSITIVE","Эта книга сделала меня в VI за столь короткое время, что я не мог поверить. Теперь я освободился от границ пико и вздутия макарон благодаря мисс Лэмб. Я еще не получил книги О'Райли, которая была не отличная. эта книга продолжает эту традицию!"
"POSITIVE","Эта книга отличная. Мне понравилась. Речь идет о мальчике, который заткнулся в зубы радиосвязью и получал радиопередачу из космоса!!!! Читайте эту книгу, чтобы узнать, что происходит с мальчиком. Я рекомендую эту книгу всем, кто любит детские книги."
"POSITIVE","Потенциальные читатели должны знать, что эта книга была написана в 1957 году... и автор был как морской пехотой, так и спортивным журналистом 40-х годов. Вы будете наслаждаться Лекки, он знал, как писать, и он был там для боя."
"POSITIVE","Эта книга прекрасно написана. Мне потребовалось несколько страниц, чтобы войти в нее, но потом я был поглощен. Финал, где Том иногда склонен оставлять меня подвешенным, все объединяет. Это утомительное путешествие!"
"NEGATIVE","Почему я так злюсь? Это, вероятно, потому что, несмотря на то, что мне пришлось сопротивляться желанию бросить ее против стены, я чувствовал себя обязанным закончить эту слишком длинную книгу (450 страниц), поскольку она была выбрана моим книжным клубом для обсуждения. Премиса невероятная, главные персонажи совершенно неприличные, попытка автора использовать язык периода раздражает (она напрягается ""как будто в стуле""), а конец сказки отвратителен. Там. Я чувствую себя немного лучше."
"NEGATIVE","Эта версия начинается плохо, упуская первые два раздела Мельвиля (Этимология и Экстракты). И даже получает неправильный заголовок (""Белый"" не принадлежит). Если вы ищете бесплатную версию, ваша лучшая ставка - скачать версиу Kindle из проекта Гутенберг и передать ее на свой Kindle."
"NEGATIVE","Я должен сказать, что тот, кто читает и редактирует эти романы в Pocket Books, должен знать английский как третий язык. Я потерял следы за неправильно написанными словами, неправильным использованием слов и предложениями, которые совершенно не имели никакого смысла. Думаю, они должны отправлять проверку за рубеж. Был ли история убедительной? Ну, нет, на самом деле. Она выглядит плохо эпизодом сериала, кроме клятвы, которую они не могут использовать на CBS."
"NEGATIVE","В этой книге говорится о трех вещах: 1. сражениях, в основном2. политика, 2. религия, 3. ничто не говорит о том, как жили люди или как они зарабатывали на жизнь. Ничего не говорят об общественных обычаях. Нет ничего и не сказано о том , как организовывались кланы или как их деятельность. О знаменитых шотландцах мало что известно, кроме того, что их жизни связаны с одной из основных тем, перечисленных выше. Основное впечатление от этой истории заключается в том, что шотландцы только воюют между собой или с англичанами."
"POSITIVE","""Un gran libro, emocionante"", оригинальная и очень интересная книга. Очень оригинальная, развлекательна и заставит вас читать ее на полный рабочий день."
"NEGATIVE","Я начну с того, что люблю классику, но Иванхо не подходит к моим стандартам. Моя главная проблема в этой книге заключается в том, что она должна быть приключением / романтикой с Уилфредом из Иванхова и его настоящей любовью Ровеней. Но после начала турнира были представлены большинство основных персонажей Иванхой ранен и полностью исчезает, за исключением нескольких коротких сцен, до конца книги."
"NEUTRAL","Это ужасная история Марлоу, британского моряка, который отправился в Африку для компании, но чуть не спаслись от смерти. На далеком иностранном континенте разделение между белыми людьми и местными жителями было острое. Даже при бурной жаре некоторые пересаженные англичане строго держались за свои цивилизованные пути, носив непорочные белые рукава с длинными руками футболки и тщательно связанные галстуки, а местные жители смотрели из толстой подстровки со удивительно белыми глазами."
"POSITIVE","Я просто хотел добавить, что это одна из тех книг, которые вы храните и снова собираете спустя много лет, а затем делиться любовью с сыном или дочерью в скучный дождливый день."
"NEUTRAL","Я хочу дать первой половине этой книги 5 звезд, но вторая половина сводит ее до 4. Мне нравится писание, оно остроумное и смешное. Эта книга не похожа на обычную историческую романтику: герой - это не ""делать лучше"", а героиня резко высказанная язык.Мне понравилось, как героин неохотно влюбился в героину, но к концу его действия немного отклонились от этого понятия, что было раздражительно. В конце героина была немного бледна.Спенс был действительно хороший."
"POSITIVE","Я прочитал их, когда они впервые вышли и это были мои мгновенные фавориты - номера включали некоторые из лучших писем Ли и искусства Buscema (всегда великолепно). Что еще можно было бы хотеть? Вы можете читать некоторые другие отзывы для резюме, но номер 5 получил ""Академическую премию"" за лучший комикс того года и он держится хорошо с течением времени. Когда я перечитала эти номера, я все равно была впечатлена всем, но я также могу понять, почему серия не длилась."
"NEUTRAL","Я постараюсь сохранить это короткое и сладкое, я оцениваю фильм-вязь в издании не сама история. Теперь с Джейн Эйр является моей любимой книгой всех времен, я очень рад новой адаптации выйдет на следующий месяц. Я думал, что этот фильм-включение изданию стоит взять, так как предполагается иметь тонну экстрас включая историю за рассказом, Джон Майнарда о сексуальном пробуждении Джейн, Джон Г."
"NEGATIVE","Это классическая литература. Просто постарайтесь не читать это на iPhone. Вы скоро будете скучать, и эта книга не получит внимания, которое она действительно заслуживает."
"POSITIVE","Я никогда раньше не был так любезно прокомментирован, что я ошибался в том, во что верил. Иренский дух доктора Уолстона показывает на каждой странице этой книги. Я еще не уверен, что ""конвертировал"" его мышление, но если бы когда-либо была книга, которая убедила меня изменить свою позицию, это будет эта книга. Я планирую очень внимательно перечитать ее с Библией в руке и моими предвзятыми идеями, которые держатся за рамки."
"POSITIVE","""Работа вместе"" освещает яркую линию групповых конфликтов и сотрудничества в фундаментальном, но недостаточно изученном моменте американской социальной жизни: рабочее место. Её исследование сочетает глубокие исследования и тщательные нюансы с блестящим пониманием и доступным стилем, который должен привлечь широкую аудиторию. По целому ряду причин американские социальные аналитики склонны минимизировать важность того, что происходит на работе."
"NEUTRAL","Книга очень проста в чтении. Она не повторяется и имеет логический порядок глав. В ней объясняется, что такое разница между системой улучшения и системой Кайзен-Тейан. В книге даются практические примеры того, как реализовать систему кайзен-Теян. Если вы заинтересованы в реализации т.е. ТПМ; Кизен-Тиань является хорошей основой для начала, а затем эта книга - обязательность."
"POSITIVE","Это такая замечательная книга!! Вы действительно можете почувствовать любовь между персонажами... великолепное развитие отношений !! Любил героиню и героину!!! Если вы планируете прочитать этот сериал, то должны начать с романа в ""Играть легко получить"", просто ради хронологии, хотя истории происходят одновременно в определенные моменты. Я не поклонник рассказов, но это ПОЛЬНО, есть полное развитие персонажей и вы не чувствуете себя обманутым как в большинстве коротких историй."
"POSITIVE","Эта книга была необычайно замечательна. Она была чрезвычайно яркой и описательной, и я просто не мог ее оставить на страницу. Я начал читать эту книгу, когда у меня не было книги для чтения в школе. Например, около 10 страниц в книге, я уже не смог её оставить. Пока я читала ее, мой ум всегда был как ""Нет! Не ходи туда!"" или ""Как ты можешь!"" или я был счастлив или грустен по поводу персонажа. Пулман написал эту книгу с огромной фантазией."
"NEUTRAL","Это книга о том, как получить больше от колледжа.Подобные предложения: писать для школьной газеты, добровольцем, посещать политические митинги, советы по летней занятости (он выступает за получение работы в области, которая вас интересует в качестве карьеры), и т.д. Есть также некоторые советы об изучении.У автора есть другая книга под названием ""Как стать прямой студентом"", которая очень хороша в обсуждении способов улучшить свои оценки и жить сбалансированной жизнью тоже."
"NEUTRAL","Это простое рассказ о католицизме, но будьте внимательны, если вы согрешили, эта книга заставит вас чувствовать себя как будто идете в ад."
"NEUTRAL","В первый, последний и единственный раз, когда я был в Новом Орлеане, я не встретил Поппи З. Брит. Я DJ'ing на Convergence, перипатетическое готовское собрание, которое безцельно проходит по Северной Америке. Когда я прибыл в этот довольно великолепный город, боюсь, что я был скорее турист, чем рок-звезда, но затем я была вынуждена справиться с моим страхом летать лекарственной дозой водки и я едва мог встать в влажности."
"POSITIVE","Книга удивительна. Ученый Харви и мозг обеспечивают контекст для интроспекции Патернити. Кстати, вы должны прочитать ""Последний обед"" Майкла Патернити в журнале Esquire от мая 1998 года. Это эссе о последнем еде президента Франции Фрэнсуа Миттерана. Длительный эссе (один из лучших, которые я когда-либо читал) и одна из причин, по которой я купила ""Драйвинг...&quot;"
"POSITIVE","Я прочитал трилогию пять или шесть раз и честно могу сказать, что это лучшая серия книг, которую я когда-либо читала. Кто-то задается вопросом, почему никогда не пытался сделать полнометражную киноверсию. Для тех, кто впервые попытается ее сделать, я бы порекомендовал пропустить интро и перейти прямо к главе 1. Как только вы прочте первую главу, вы будете привязаны, а затем есть хорошее время вернуться назад, чтобы узнать немного больше о ""Хоббит Лоре"". Я действительно завидую вам вашему первому чтению."
"NEUTRAL","В этой книге Барни отправляет детей в зоопарк, чтобы посетить несколько животных, которые прячутся за большими лапами. Барни задает простые вопросы, а потом ребенок может поднять лапанс, чтобы найти животное и ответ. Мои дети любят находить животных за лапамі, и поскольку они любят как Барни, так и зверей зоопара, это идеально подойдет. Предупреждение: лапансы тонкие - с детьми, которые склонны разрывать вещи, вам захочется следить за ними."
"NEGATIVE","Выше приведенная фотография - из издания World Publishers 1947 года. Она, несомненно, стала основой для выпуска Fine Books."
"NEUTRAL","Хорошая книга, хотя иногда немного сложная. Следует за потоком мыслей время от времени просто чтобы проиллюстрировать, что это тупик. Это слишком много для честности. Борьба с превращением внутреннего примата в высшее существо и все повороты и поводы, которые ведут людей в заблуждение. подавлять, отрицать, ненавидеть себя, страх принятия."
"NEUTRAL","Эта книга является ABC для детей. Изданная в 1960-х годах, она все еще предоставляет ценную учебную помощь для того, чтобы маленькие дети узнали свой алфавит. Каждая буква имеет связанный с ней ряд слов и истории. С такими персонажами как ""Аарон"" - аллигатор и Абигейл девочка, простые предложения передаются при помощи странных иллюстраций, которые помогут детям узнать различные понятия."
"NEGATIVE","Большие ожидания, должно быть, были тем, что читатели серийного издания Диккенса должны были иметь, когда они впервые прочитали его, и я должен спросить себя, были ли они так же разочарованы, как я был после того, как пробежал весь путь до искаженной, разобщенной и чрезвычайно выдуманной окончания. Это было написано как сериал, а не роман, и думаю, Дикэнс (и его читатели) могли бы извлечь пользу от переписки перед публикацией в романе форме."
"POSITIVE","Де Ла Гарза - ранчо, которое управляет Мама Елена. Тита, будучи младшей дочерью, должна оставаться незамужней, чтобы заботиться о маме Елене до самой смерти. Сестра Титы выходит замуж за человека, которого любит Тита Педро. Эскивель включает в себя много мексиканских традиций. Она использует пищу как фокусный пункт. Однако величайшим аспектом этого романа является использование магического реализма. Когда родится Тита , ребенок плачет так сильно, что слезы заливают кухню."
"POSITIVE","Я думал, что это хорошая загадочная история. Заключение было далеко от того, чего я ожидал."
"NEGATIVE","Эта книга ПОЛНА ошибок и фаз, которые вы никогда не услышите! Дайте любому корейцу красную ручку, и эта книга и половина книги будут перечеркнуты. И есть так много фаз которые грамматически правильны, но только написаны и никогда не говорят. Хуже всего когда-либо."
"NEGATIVE","Мне понравился персонаж Холли, и диалог был интересным, но после того как я ждал разумного конца это было огромное разочарование. Поскольку это была моя первая книга Вудса, я дам ему (возможно) еще один шанс, но это было крайне разочаровывающим после прочтения достаточно времени в книге ""последуй"", вам бы хотелось гораздо лучшего сознания."
"POSITIVE","Это обязательное сочинение, если у вас хронические проблемы, которые не входят ни в одну категорию."
"NEGATIVE","&quot;То, чему никогда не учил Будда&quot; - это невыносимо, особенно если читатель имеет какой-то интерес к жизни тайского монаха, но глянцевый характер автора предполагает, что он был более заинтересован в создании интересной истории, чем изучении того, чему действительно учил будда."
"NEUTRAL","Если (как я) вы цените Остин в первую очередь за ее остроумие, вы можете передать Persuasion.Persuasion немного скучно.Это все раздражающее и морализирующее, без всякого интеллекта и хорошего юмора, которые делают Гордость и предубеждение достойными.Глава актрисы Persuation, извратительная Энн Эллиот, является ковриком для своих взаимоотношений с самим собой, которых она не только терпит, но также извиняется.Курящая слабость Анны может прибавить к мелодроме (возможно, романтике), но это также поглощает всю сатирику из повествования."
"NEUTRAL","Иногда нужно просто быть ударенным по голове, чтобы понять что-то хорошее. Мило - такой человек. Книга доктора Сильверфиша делает именно это, падает на голову Майла. Милос просматривает книгу под названием ""Будь идеальным человеком всего за три дня""."
"NEGATIVE","Я не хочу быть суровым. Но рассказ разрушает аудиокнигу. Я был очень разочарован. Рассказатель не только монотонный (как предполагает другой обзор), но он говорит. Очень медленно. И. Сверху. Усиление A. Размеры. Каждый. Сильвируемый. Никакой шутки: он почти звучит как компьютерный голосовой синтезатор. Это отвлекает и трудно следовать прозе. Мне пришлось остановиться, я слушал лишь одну главу. У меня есть более двух десятков аудио книг, и мне нравится ходить и слушать."
"NEUTRAL","Интересно, почему никто не просматривал эту книгу. Я думаю, потому что ее не читали много лет. Это заставляет меня вспомнить популярную кукурузу."
"POSITIVE","Мой обзор касается только первой части книги ""Победа Мексики"". Какая радость, прочитав это после прочтения Попадания и падения Римской империи, я думаю, что только эта книга могла бы сделать мой переход от эфирической области великих книг к земной сфере хороших книг."
"NEUTRAL","Это самая ""ничего"" книга в серии. Не очень много действительно происходит. Читая ее и доходя до конца, я понял, что Джордан осознал, что у него есть фантастическая франшиза на руках и собирается молоть его за все, что это стоило. Не поймите меня неправильно Книга хорошо написана, есть некоторые напряженные моменты, которые вызовут вашу кровопролитие. Но нет такого большого монументального события, как первые три книги закончились с."
"NEGATIVE","Автору: Позвольте мне понять это прямо: вы подали заявление с слабым предлогом, чтобы пойти наблюдать за дельфинами, ""находить душу"" Амазонки. (Смешно, как никто не пишет о поиске души Нью-Джерси. Это всегда где-то повышает статус претендента в качестве переводчика."
"NEGATIVE","Когда я читал книги господина Памука, меня всегда удивляло его взгляд на историю своей страны. Похоже, что он никогда не считался членом турецкого общества. Как будто во всех своих книгах он пытается донести скрытое послание к Западу о том, что ""неудачно для природы отправить меня в Турцию вместо одной из западных стран! Я без сомнения с вами, пожалуйста, поверьте мне!!"
"NEUTRAL","Я заказал это для моей 90-летней свекровь, которая в последние несколько месяцев часто говорила: ""Помнишь Эрма Бомбек? Мне всегда нравилась она"". Она была чрезвычайно рада и удивлена большим печатным изданием любимых коротких статей Эрмы. Я вижу его на ее любимом стуле, и я знаю, что ей очень нравится. Книга отправлялась менее чем обещано, и в отличном состоянии, как ожидалось. Отличная память. Спасибо!"
"NEGATIVE","У меня есть руководство ""Золотой рассвет"", так сказать. Это отличная книга. Эта книга ""Ритуальная магия Золотого рассвета"" была плохо написана или редактирована. Однако, я смог получить несколько ножков знаний спорадически."
"NEGATIVE","Я много читал Набокова и закончил этот, ездив в московском метро. Это даже не близко к его лучшей работе. Возможно, это было намерением Набокова заставить читателя догадываться о том, что было и чего нет реальностью, но в конце концов это действительно не имело значения. Я тоже не верю тому, что говорится на задней обложке. Синнат не хочет отменивать своих исполнителей из существования. Его голова была удалена, и в конечном итоге это его дух переходит в другое существование."
"POSITIVE","Проведите 2 часа, чтобы прочитать книгу и насладиться своим жизненным временем в творческом путешествии. Джеймс Уэбб Юнг разделил творчество на 5 процессов, которые являются основой всего сущего."
"POSITIVE","В настоящее время 60% американцев с лишним весом, что-то еще не хватает, когда дело доходит до определения оптимального плана питания и доктор Шнур может иметь ключ к тому, что это такое. Представьте себе, что вы едите испанский кускус, шлем и сыровые яйцеклетки муффины, салаты для курьих макарон и все еще можете добиться хорошего, стабильного снижения веса. Я уверен, что для поклонников низкоуглеводов это будет шокирующим, но говоря как бывший низоуглеводный человек, я потерял больше веса на Реальности Диете, чувствую себя лучше и не жажду углеводы, как раньше."
"NEGATIVE","Хотя автор делает замечательную работу по представлению информации, необходимой для сдачи экзаменов, он делает это таким образом, что, вероятно, не то, что ищут большинство людей, изучающих экзамены. Эта книга - не специально учебный справочник для экзамена, скажем...это скорее ориентировочное руководство к ВСЕМ архитектурным технологиям."
"NEGATIVE","В этой книге не легко найти информацию - она дается Hodgepodge & helter skelter - и в большинстве случаев, вовсе нет. Вы думаете, что можете прочитать все о влиянии родной планеты вашего возлюбленного на вас, например, нахождение его в шестом доме - неправильно. Она приводит пример об одном из своих клиентов, у которого Близнецы на шестой доме, и это всё!"
"POSITIVE","Я нашел это в своем исследовании по Amazon. Я прочитал его сначала, чтобы увидеть, будет ли он привлекать внимание моей 6-й классной девочки. Мне показалось интересно и ей тоже. Это открыло дискуссию о вопросе мигрантов-фермерских рабочих, который особенно важен для нашего государства. Моя ученица с нетерпением ждет своего часа чтения. Я бы решительно рекомендовал эту книгу."
"NEUTRAL","PUP, продолжение ""Dog"" Дебора Самуэля, очень приятно смотреть, но не так хорошо, как его предшественник. Книга меньше по размерам и количеству фотографий. Кроме того, в отличие от ""Dogs"", нет ни одной из очаровательных студийных записей мисс Самуэлл. Некоторые фотографии не столь привлекательны, как другие, но кто может противостоять таким большому числу щенков? Это делает хорошую книгу для кофе-заказа, но если вы еще не взяли ""DOG"", я рекомендую вместо этого купить эту."
"NEGATIVE","Я нашел эту книгу немного скучной. Большая часть из нее просто хронологический список его матчей, с небольшим входом от Джона о матче. Он говорит немного об своих шутках, браках и других не связанных с матчем вещах, но недостаточно для меня. Если вы любили Джонни Мак еще в 80-е годы я думаю, что вам понравится это, но для остальных мы передадим эту книгу."
"NEGATIVE","Не как прыгать с дивана и забирать книгу..."
"POSITIVE","Любой, кто раньше занимался детским опекой, автоматически будет подключен к этой книге. Мой опыт в уходе за детьми даже не близко к тому авторов, но я все еще был связан с Нан и понял ее привязанность к Грейеру. Я не мог оставить эту книгу. У нее была хорошая смесь забавных и серьезных моментов, но самое главное, они создали персонажа, который можно действительно понять. Я настоятельно рекомендую его."
"NEUTRAL","Я думаю, что эта история отличается от всех других историй войны, где все боятся, но знают, что всё будет хорошо. Эта история на самом деле показывает правду. Что люди боятся и должны преодолевать боль и страх и утешать тех, кто не может этого сделать. Люди умирают, люди получают ранения, некоторые люди просто эмоционально ранены, а порой вещи просто не выходят из строя."
"NEUTRAL","Хотя я занимаюсь бизнесом (как крупным, так и малым) уже несколько лет и не являюсь новым в области получения прибыли, многие из того, что иллюстрировала книга, казалось мне... совсем не новым, по крайней мере, новому подходу. Я не окончил школу с степенью экономики или бизнеса (теоретическая лингвистика на самом деле), поэтому для тех из вас, кто сделал это, 23 модели прибыль, описанные здесь, могут быть старыми."
"NEGATIVE","Полное обман, что станет достаточно поэтов-поэтков, чтобы завалить свои деньги в эту пустую мусорность."
"NEUTRAL","Половина желтого солнца была лучшей книгой, которую я читала за долгое время, поэтому я с нетерпением ждала прочтения другого романа автора. Фиолетовый хибискус - хорошая книга, но это один из первых романов, который на самом деле не демонстрирует истинных способностей автора . Эта книга рассказывается Камбили, 15-летней девочкой, живущей в современной Нигерии."
"NEGATIVE","У меня всегда был талант к британской комедии, но эта книга - огромное разочарование. Я продолжала читать ее и ждала, пока она заставит меня смеяться, а после того как я прошла через полпути, я сдалась. Сохрани деньги... есть много других хороших книг для чтения, это не одна из них."
"POSITIVE","Отличная литература, увлекательная история, сельская английский мир настолько реальный, что кажется, будто ты ходишь по нему, чувствуешь запах каждой лужи и фермы, слышишь каждый стук ног и капли дождя, чувствуеш солнце и туман, видишь все цвета меняются с изменением света. Читатели, которым нравится Том Кланси, наверное, найдут Харди слишком медленным. Читчики, которые любят Джеймса Джойса, вероятно, найдутся Гарди слишком старомодным."
"NEGATIVE","Это не была книга, которую я ожидал. Она была слишком подробной и сложной. Я мог бы получить информацию легче в Google."
"NEGATIVE","Это разумная сказка, которая может помочь провести время в поезде. Однако она очень упрощена и вовсе не вдохновляет, так как это ничего, что вы не слышали миллион раз раньше. ""Внимание"" о жизни дается через мистического, сверхъестественного старого хиппи под названием Сократ - это делает историю слишком абстрактной и невозможно применить к реальной жизни. Дан Миллман сделал много денег из некоторых очень легковерных людей."
"POSITIVE","В этом отзыве упоминается ""В сердце моря"" Натаниэля ФилбрикаНатаниела Филбрикова в этой очень трагической и сложной, но правдивой истории об крушении и затоплении китобои Эссекс не осталось ничего неизменного."
"NEGATIVE","Я был очень разочарован этим продуктом, я не продвинутый пианист, но это действительно было для начинающих. Мне пришлось вернуться и купить более сложную версию - полный пугк."
"NEGATIVE","Очень хорошая цена за классическую книгу. ""Коляски богов"" приносят интересную мысль, но идеалы могли бы быть выражены на гораздо меньших страницах. Последние 4-6 глав - это резюме всей книги."
"POSITIVE","Норман Л. Гейслер (род. 1932) - христианский аполог (его доктор философии в философия была из иезуитского университета Лойола, поэтому он хорошо подготовлен к школьной философіи, а также евангельской). Эта книга первоначально написана в 1974 году и имеет четыре секции: Бог и опыт (например, ""Тестовая реальность религиозного опыта""); Бог и разум (напр., ""Космологический аргумент переоценился""); Бог и язык (нап., ""Проблема религиозных языков""); и Бог и зло (наб."
"POSITIVE","Эта работа по сути является переизданием ранней работы Прошлых Мастеров ""Будда"". Она предоставляет краткий, четкий обзор исторического Будды, его учений и их развития и распространения до наших дней."
"NEGATIVE","Если вы учились в классе, как я, но у вас были два разных преподавателя и один учитель ничего не научил вам, то добро пожаловать в мой мир. Истина в том, что эта книга - отстой. Она почти без информации, а если вы не гений, вы захотите рассмотреть эту книгу как быстрый обзор. Эта книга учит вас, как будто вы третий класс. Я сдаю экзамен AP за два дня и читал секцию молекулярной биологии, и она не охватывает работу ферментов; и тому подобное."
"NEUTRAL","Как член синдиката MIT в начале 80-х годов, я могу сказать, что эта книга получает много деталей правильно, но массово преувеличивает процентную ставку и абсолютные доллары. Предыдущий плакат затрагивает один важный момент - если бы у этой команды была преимущество, заявленное автором их шанс вернуться домой на выходные был отдаленным. Тем не менее, он имеет элементы истины и основные принципы подсчета и стратегии переменных ставок хорошо изложены."
"NEGATIVE","Я не смогла закончить книгу. Способ написания Зэна просто не мой стиль. Я купила эту книгу, думая, что в ней будет немного больше истории, но я думаю, мне не следовало бы заглядывать в это. Название - чистое определение того, что книга такое - всего лишь куча коротких эротических историй. Я чувствую, что не могу судить об этой книге или авторе в большом масштабе потому, что я ее не закончил. Книга меня не интересовала - я предпочитаю более рассказ с паровыми сценами."
"NEUTRAL","Хорошо, так что это не хорошее написание Оле Франк, но было бы слишком много для того, чтобы попросить. В целом преквел не был в соответствии со стандартом, но по мере развития серии он стал лучше, или я привыкла к письму Брайана и Кевина... Достаточно сказать, что это хороший финал этой трилогии, есть достаточно сюрпризов, чтобы удержать вас заинтересованными и книга хорошо развита. персонажи все еще не очень убедительные, иногда немного мультфильмовые."
"NEGATIVE","Не думайте, что название этой книги не говорит о расстройствах пищевого поведения. Книга не рассказывает о двух сестрах или матери, дочери или семье. Она затрагивает многие моменты этих вещей, но никогда их не завершает полностью. Ситуации, которые случаются с Фрэнни чувствуют себя вынужденными и просто нет смысла вообще."
"NEGATIVE","Послушай, ты умный человек. Ты знаешь что тебе нравится и чего не нравиться. Если только ты не скажешь, что тебе понравилась эта книга. В этом случае я отменяю свое первое заявление. Просто потому, что какой-то художественный придурок с жирной кожей и смешной шляпой говорит, что книга хороша, это не делает ее американской классикой. Из-за отсутствия лучшего слова эта книга была грязной."
"NEGATIVE","Я полагаю, что Гришэм пытался вернуться к своим зеленым дням как писатель, вытащив свою старую формулу: молодой наивный, но упорно работающий адвокат заходит в голову, но переворачивается с помощью своего свежеобразного изобретательности и маленького начинающего удача; в конце концов он не только получает девушку, но также убегает в рай, отвергая спину от запаха юридического мира навсегда. Только на этот раз это не работает."
"NEGATIVE","Я бросаю вызов любому так называемому критику, чтобы он читал Улисс громко в аудитории, полной слушателей и объяснял страницу за страницей без записей или обширных анонсов, что означают каждое предложение и слово. Те эфеты, которые провозглашают этот самый великий роман всех времен, шутят над собой и нами. Это не так."
"NEGATIVE","Я был действительно отвращен этой книгой.С самого начала я читал столько ложных вещей, что думал, что читаю National Enquirer.Как человек, который следил за Майкла Джорданом на протяжении всей его карьеры, я понимаю, что этот платок написал кто-то с ужасным поведением.Сэм Смит - первый 300 фунтов белый мужчина, разыскивающий золото, о котором я когда-либо слышал.Я была очень рада тому, как он выставлял мысли Джордана так, будто он не только читатель, но и писатель хака."
"NEUTRAL","История истории, рассказанная в параллельных историях начала XIX и середины до конца XX века, охватывающая шесть поколений. Исторический Бостон является ярким фоном для тщательно спланированной столичной охоты на сокровища, обреченной смертельным проклятием."
"POSITIVE","Канадская история любви, которая дает вам великолепие пейзажа и связи в романтике, семье, горе и вере. Не могу дождаться, чтобы получить руки на следующие две книги!"
"POSITIVE","""Владыка мух"" - это аллегория. Для тех из вас, кто не знает, что такое аллегорический роман, он имеет два значения: развлекать и преподавать или предлагать идеи о человеческой природе или обществе. Да, в книге ""Властелин мух"", рассказывается об обнаженных мальчиках, бегущих по округам и становятся дикими, но также речь идет о страхе и зле и том, как эти две вещи возникают в нашем обществе, а также о том, что мы можем делать с ними."
"NEGATIVE","У этой книги хорошая концепция истории, а Дикенс хорошо пишет... но история была бы намного лучше, если бы он не был оплачен словом. Его длинные описания обычных задач служат для того, чтобы разбить темп романа, который уже едва проходит дальше."
"POSITIVE","Я действительно леворучная женщина. Однако я узнала от многих опытных вязателей, что для того чтобы правильно вязать и чтобы ваши шаблоны проекта выходили правильно (мы слеваряне делаем все обратно на правую руку). Мой пастор научил меня вязать в стиле правой руки Континентальный и я абсолютно люблю это~! Эта книга имеет прекрасные фотографии и очень легко читать инструкции для изучения как вязать английский и континентальный стиль."
"NEGATIVE","Вот цитата, на некоторые вопросы в этой жизни мы никогда не сможем ответить должным образом."
"NEUTRAL","Это умная, умная и приятная книга! Две сильные личности вначале сталкиваются, но этот столкновение заставляет пламенить! Мне понравилась история и я мог увидеть ее действительно происходящей. Высокопоставленный руководитель, управляющий своей семьей как бизнесом, что там не поверить? Сильная учительница гимназии уверенная в своих собственных способностях человека и готовая вставать на защиту того, во что она верит, что это правда. Все нуждается в таком учителе! Я любил искры, которые летали и историю, которая последовала за ними."
"NEUTRAL","Мне очень понравилась эта книга. Я также заметила вербаль, которую мистер Кленси высказал о том, что это было совместное усилия с Ларри Бондом и т. Д. Через некоторое время после того как я прочитал ""Красный шторм"" (Red Storm Rising), я читала ""Красной феникс"", на обложке которого было имя Ларрия Бонда, а внутри он упомянул Пэта Ларкина в аналогичной форме, как выше."
"NEUTRAL","Когда она согласилась помочь другу обмануть свою девичью тету, притворившись его женой, Кит никогда не догадывалась о том, какие проблемы будут возникнуть. Кварентированная вместе с группой элиты общества, включая тётку ее друга и его бывшую жену из-за подвержения оспы, Китт вскоре оказывается посреди серии безумных событий, включающих несколько взломов, попытки бегства и множество загадочных случаев...с небольшим романтическим путаницей! Кто крадет у дома?"
"NEGATIVE","Это текст, который я использовал в прошлом семестре для моего урока линейной алгебры. Я не имел никакого образования по линейным алгебрам до того как принял этот курс. Тем более что это был один из самых тяжелых занятий, которые я когда-либо прошел только потому, что книга продолжала идти против зерна во всех возможных отношениях."
"POSITIVE","В этой классике мы читаем о скауте Финч, который является открытым, грамотным шестилетним мальчиком-томином, когда она начинает рассказывать о том, как вырос в маленьком городе Алабамы со своим братом и ее адвокатом отцом Аттикусом. Любопытство детей по поводу уединенного соседа затмевается попыткам Аттикаса защитить чернокожего человека против обвинений в изнасиловании белой женщины. Я рекомендую эту книгу для всех школьников средней школы и старших читателей. Это книга обязательное чтение."
"POSITIVE","Цифровые книги совершенны и просты в использовании! Они не занимают места на книжных полках и всегда с вами!!!"
"NEUTRAL","По какой-то причине, существующие теории о том, как наша Вселенная появилась и какова будет ее конечная судьба, кажется, запечатлели многих жестких практикующих SF в последние несколько лет. Эта книга, безусловно, является членом этой группы (до крайности!), но она также бросает обратно квантовые волны, квантовых нуггеттов, бейсианскую статистику и предстоящую катастрофу, которая буквально уничтожит человечество. Поэтому есть определенно достаточно `hard stuff' для удовлетворения любого энтузиаста науки."
"NEGATIVE","Так почему я заплатил хорошие деньги за книгу, которая не имеет абсолютно НИЧЕТО НОВО кроме переоформленных таблоидных статей? Я мог бы просто прочитать через архив газеты. Эта книга полна ""сообщаемо"", ""предположительно"", ""она была заявлена"", в то же время, Эндрю Мортон должен быть журналистом?? Не может ли он подтвердить или расследовать какие-либо из этих утверждений, отчетов и претензий? Это было худшее биография я читал в моей жизни."
"NEGATIVE","Я прошел французский I и II, и я думал, что они очень хороши. Я только начал III том, и не уверен, что смогу продолжить. У меня есть издание 1998 года, и мне нужно сказать, что вы выбрали худшие ораторы, которые могли найти. Женщина-говорящая (Карпентер) говорит как старушка в высоком звуке, будто она всегда кричит. Мужчина-говорятщик (Де Роберт) изменяет свою речь так, чтобы ты думаешь, он пытается переиграть пьесу или победить на конкурсе по чтению. Он иногда не полностью произносит слова."
"NEUTRAL","Я читала его летом прошлого года, мне нравится мой любимый персонаж Джо, мальчик-подросток она не любит ничего в том, чтобы быть девочкой все они скучают по отцу Жо мисс он ему кажется ужасно быть бедной"
"NEGATIVE","Я должен был прочитать эту книгу в последний год средней школы и мне она не понравилась ни на что, теперь прошло 25 лет, я читаю ее и все еще не люблю во второй раз. Это должно быть один из самых переоцененных романов когда-либо опубликованных и никоим образом не заслуживает названия так называемого ""классика современной литературы"". Сюжет касается матери, миссис Беннет, единственная цель которой в жизни - увидеть своих дочерей замужем. Вот это. Конец истории и все же мисс Бенетт."
"POSITIVE","Мифология Эдит Гамильтон - отличный обзор главных и малых персонажей, а также мифологических историй. Эта книга является замечательным чтением для тех, кто только начинает входить в мифологии и ищет легкое чтение. Гамиллион делает уже интересный материал еще более интересен в своих способностях рассказывать истории. Должен читать любой заинтересованный в митологии."
"NEGATIVE","Эта книга имеет тонны отличных идей и методов, но ужасно написана, организована и редактирована. Удивительно, что это вторая версия этого текста, а первая (""Нетоксичное Intaglio Printmaking"") намного превосходит. Эта версия должна быть полностью переработана, чтобы сделать ее читаемой и полезной для использования. Поищите первую версию или другую книгу..."
"POSITIVE","Я бы хотел, чтобы вы сделали что-то для меня. Это займет всего несколько часов, и вам будет нравиться каждая минута этого. Это относительно простая задача. Просто прочтите новый роман Дональда Уэстлейка ""Дорога разрушения"" и затем читайте два или три его предыдущих произведения. ""Дрога разрушений"" является частью мифа Джона Дортмундара у Вестелейка, но вам не нужно ограничиваться этой прекрасной серией. Если вы хотите погрузиться в один из его криминальных романов или отдельные комические преступные романы с целью данного упражнения, это хорошо."
"POSITIVE","Далтон Трумбо рассказывает о молодом человеке, который потерялся. Он невероятно увлекателен тем, как история строится и проходит через себя. Вы чувствуете всю боль персонажа чувствует, и многое другое. Это заставляет вас остановиться, подумать и переоценить свои мысли о войне, юности и самой жизни. Читайте это."
"POSITIVE","Я не мог это оставить! Я хотел знать, что будет с Фанни. К моему удивлению я подумал один путь, но ее результат был только счастливым сюрпризом для меня в конце концов. Прелюбодеяние мы знаем, что была не типичной темой Джейн Остин, однако это реальная жизнь как мы все знаем, чтобы быть. Кто знает, может быть она сама пережила в своей жизни так или иначе!!"
"NEUTRAL","Марли Свик написала захватывающее собрание рассказов в ""Моногамии"". Они арестовывают не из-за их великолепия или величия, а скорее из- за своей простоты и угловости; они имеют привлекательность перевернутого, разделившегося камня - грубого и притягательного способа, на который читатель может не уметь положить палец - сразу или никогда вовсе."
"POSITIVE","Книга рассказывает исторические истории методов романа и имеет несколько интересных подробностей о китайской религии, пути Тао, Инь и Ян, а также чтения из И-Чин. Вам не нужно верить в китайских богов, чтобы насладиться книжным набором."
"POSITIVE","Капитан П.Т. Дютерманн (Ret) снова сделал это. Он написал еще один продуманный военный триллер, который также имеет все ингредиенты хорошей загадки. С каждой выпущенной книгой он становится лучше и лучше. Летт Brian Holcomb - молодой офицер по поверхностной войне, пытающийся отремонтировать ущерб потенциально завершающего карьеру фитнеса отчет. Попытка сделать так, он берет задание на управляемый ракетный крейсер USS JOHN BELL HOOD ."
"NEUTRAL","Книга обладает большой энергией, и должна быть обязана читать любому, кто занимается образованием для детей. Автор получает немного ""проповеди"" порой, но все же с энергию, которая ведет читателя вперед. Мне очень понравилось, и для меня она попала в категорию ""Я не мог ее сложить""."
"NEGATIVE","В то время как я был очень разочарован его ""Under Fire"", особенно из-за несчастного, возможно даже не существующего, редактирования... ну, это прошло. Старый друг WEB вернулся в гарнизон и хорошее fettle, действительно. Есть пару бородавки, но они не в любой книге? Жаннетт Пристли из Чикаго Триб, является брюнеткой в ""Uunder Fire"" и сексуальной блондинкой в новой книге. Так что! Даже моя жена иногда известна использовать промышленную версию."
"NEGATIVE","Этот обзор направлен на католиков, а не искателей любопытства. ""Пильгримский путеводитель по Италии"" был написан парой практикующих индийской религии. Их выбор святых странный и часто смешно недостаточный. Один из примеров является их упущение Святой Бенедикт и Школастика. Многие великие святые просто оставляются без внимания в связи с абсурдными прихотями авторов и их биографии были уничтожены в попытке сделать их политически правильными."
"NEUTRAL","Хотя обе стороны спора о том, должен ли Джордан ждать до того момента, как серия будет закончена для того, чтобы преквиалы имели действительные точки, я нашел довольно освежающе читать что-то, что напоминает качество некоторых из ранних романов в серии. История идет на спад с 5 книги и я был приклеен к Новой весне так же, как я был к книгам в главной сюжете."
"NEUTRAL","Эта книга потрясающая с точки зрения фундаментальных. Бизнес - это игра, в которую игроки используют доллары и центы как ""точки"". Если вы не знаете счет, то проиграете. Основные предпосылки того, что вы не можете брать меньше, чем стоят для производства вашего продукта или обслуживания ваших клиентов, кажутся довольно очевидными, когда вы об этом думаете- проблема заключается в том, что слишком много людей занятыми, чтобы остановиться и подумать о нем."
"NEGATIVE","Я бы порекомендовал любую книгу, написанную Линдой Говард по этому поводу. Она давно была одной из моих любимых авторов, но это было просто... скучно."
"NEGATIVE","Когда писателю нужно столько прилагательных - персонажи не ходят с места на место, они ""намеренно ступают"" - мы знаем, что нам надо бросить корабль. Даже этот крутой воздушно-подземный корабль! Спасите себя! Защитите сейчас."
"NEUTRAL","Из последних трех книг это, безусловно, лучшее. Я ненавижу видеть серию в этой статье хотя учитывая я сгорел первые 8 книг примерно за столько же недель. В конце восьмой книги то, что я тоже ждал был Война Тауэр и чтобы Egwene быть не существует было разочарованием. Но он делает этот вид вещей с Перрин и Мэтт на протяжении веков так что я думаю, его пара для курса."
"NEGATIVE","Джон Кейнс, британский экономист того времени, написал свою работу в 1862 году, пытаясь объяснить, как рабская власть (плантационная аристократия Юга) заговорила за период 50 лет до Гражданской войны с целью продвижения рабства как защищенного ""особенного учреждения"" во всей Соединенных Штатах. Большая часть того, что говорит Кейнз, абсолютно правдива и исторически подтверждена. Некоторые из его утверждений субъективны и не могут быть доказаны фактами или историческим отражением."
"NEUTRAL","Эта книга дает основные ценности почти каждой комиксной коллекции, которую когда-либо делали. Я бы порекомендовал это, но теперь вы должны получить что-то лучшее."
"POSITIVE","Я прочитал эту книгу на основе рекомендации друга и был немного скептически настроен к ней. Книга не долго дотянула меня в себя. Это отличный подход к тому, как женщины жили во времена Библии (книга НЕ религиозна). Я не мог оставить эту книгу. Она немного длинная, но стоит ее читать."
"NEGATIVE","Я был большой поклонником ""Кинг"", поэтому решил начать читать серию ""Темная башня"". К сожалению, эта первая книга - это чистая глупость. Мне пришлось заставить себя прочитать дальше следующего слова. В то время как я надеялся на сагу на уровне The Stand, все, что существует в этой книге, является невероятной несовместимой серией историй, которые никуда не идут и настолько скучны, что их невозможно следовать. Эпическая провалка."
"NEUTRAL","Это о странном человеке по имени Артур Дент. Он из Земли. Земля взорвается Вогонсами. Так что его ""инопланетянин"" друг Форд Префект спасает его. Форд - это от космической планеты и отправился на Землю для бизнес-путешествия. К сожалению, он там застрял. Поэтому он знает, что будет с Землей. Итак, несколько секунд до того как Земля Вогона взрывается Ford спас Артура и они убегали на корабле Vogon."
"POSITIVE","Словарь и сюжет романа настолько удивительны, что химия Дарси/Элизабет потрясающая и отличная для любого романтического читателя."
"NEGATIVE","Первое, что Сэм пишет - это не главная история книги. Главная история - это любовь Дженнифер и письма никак не связаны с этой книгой. Если сравнить ""Дневник Сузанны для Николая"" с этой книгаю, посмотрим, что произойдет: 1= Дневник Сьюзанны к Николасу2= Письмы Сэма Дженифер любви История 1 Отличная 2 Хорошая чтение дневного/писем 1 Отличное 2 Пропущение времениСтория вне дневного / письмов 1 Отлеткая. 2 Отличные эмоции (плач, смех, ненависть и т.д.)"
"NEUTRAL","О'Брайан написал эту книгу под своим настоящим именем (он был англичанином, а не ирландцем) задолго до того, как начал писать свои романы ""Обри/Матурин"". &quot;Хусейн&quot; уже показывает свой талант рассказчика."
"POSITIVE","Как долгое время житель округа Юнион в ""Старым Северо-штате"", я часто смотрел на мемориал Конфедерации, расположенный на старом дворе суда в Монро."
"POSITIVE","Почему это больше не требуется для передового английского? Абсолютно невообразимо."
"NEUTRAL","Я прочитал эту книгу после того, как закончил и наслаждался его &#34;On the Beach.&#34; &#34]A Town Like Alice&#34. это так же хорошо, если не лучше. К сожалению, кажется, что многие из его названий вышли из печати."
"NEGATIVE","Однако любому, кто интересуется исторически обоснованным и точном пониманием Библии, придется искать другое место."
"POSITIVE","""Алиса в чудесах и через зеркало"" - одна из лучших книг. персонажи невероятны, я могу понять их каждый. Кароль очень умный человек знает, как сделать эту книгу еще более увлекательной и захватывающей, добавляя милые маленькие загадки и головоломки, которые абсолютно не имеют смысла, но все равно приятно пытаться разобраться."
"NEGATIVE","Я не мог преодолеть бесчисленные грамматические ошибки и плохой письменности в этой книге, и был отключен обсуждением современных эпизодов болезней, таких как кандидоз. Книга также наполнена самопродвижительными ссылками на другие произведения автора. Я могла бы придумать лучшие способы потратить свои деньги"
"POSITIVE","Эта книга помогла мне перейти от 0 до 60 и с $55,000 до $210,000 за один простой год после того, как я придерживался простых рекомендаций этой книги... Я никогда не задумывалась о том, чтобы вернуться назад и ожидать, что в 2009 году мой бизнес будет удвоиться снова... плохое экономическое положение aside, когда вы будете следовать советам этой книги, ваша жизнь резко изменится. Теперь даже конкуренция обращается ко мне за помощью!"
"NEGATIVE","Прочитав все романы Джона Гришэма, я должен сказать, что это была далеко самая худшая его книга на сегодняшний день.Я могу взять немного &quot;проповедь&quot; до тех пор пока она будет тканена в интересную историю. Я проведу свою следующую книгу Гришэм из местной библиотеки!"
"POSITIVE","Я люблю слушать Билла Брайсона читать его книги вслух. Его 10-дискный монолог о Австралии был, по очереди, увлекательным, LOL забавным, удивительным, информативным, добронамеренным и хорошим товарищем. Я не буду описывать содержание книги здесь - другие сделали отличную работу в своих отзывах. Мой фокус вместо этого на том, чтобы быть внимательными к Биллу Брайсону. Я регулярно слушаю книги на CD, когда я еду по северному штату Нью-Йорк для работы."
"POSITIVE","В ""Дайщике"" главный герой, Джонас, живет в идеальном организованном мире. Нет преступности, нищеты или предрассудков, и все счастливы, у каждого есть работа, даже контроль над погодой. И когда кто-то не мог функционировать в мире, он был &quot;освобожден&quot;. Все присваивается; супруги, работы и даже дети выделяются."
"POSITIVE","Если вы можете прочитать эту книгу с первой по шесть страниц и все же держитесь твердо и верно к своим убеждениям о пути Экканкара, то вы и этот путь заслуживаете друг друга. Но если вы ищете истину куда бы она ни вела вас, тогда вам нужно позволить этой книге освободить вас.Откровения в ""Свидетельствах"" одновременно болезненны, просвещают и духовно освобождают."
"NEUTRAL","Я все еще вижу в голове эти три могильных камня. Два покрыты травой, один только что обратился. Мне нужно изменить свою жизнь."
"NEGATIVE","Я большой поклонник романов Стефани Плум. Они так весело читать, поэтому я решил попробовать другие книги госпожи Эванович, начиная с Full House. Первая половина книги была довольно ванилиной, но не то же самое. Существует небольшой сюжет, персонажи были неувлекательны, и точка зрения была хадж-подъем всезнающего и субъективного третьего лица, который был настолько запутанным в некоторых случаях, что мне было трудно отличить правду / факт от мнения о персонаже."
"NEGATIVE","Это книга, которую можно было бы обобщить в предлог/введении. Она действительно движется медленно и к сожалению повторяется частично. Джордан ткает так много персонажей в свой образ, что он изо всех сил пытается их упомянуть, а порой пропускает главных героев. Эта книга кажется крахом, когда он попытался собрать некоторые из этих свободных концов вместе, но не удаётся. Я пересекал руки и вздыхал... но это не стоит усилий. По крайней мере у нас есть новый Джордж Р.Р."
"NEUTRAL","Грейс О'Мэлли - мини-материнская фигура после того, как ее семья потеряла свою настоящую маму. Ее младшая сестра Эми страдает диабетом и нуждается в постоянном напоминании о том, чтобы не есть слишком много сладостей для перегрузки своей системы. Отец Грейса приглашает родственника из Ирландии приехать с ними и заботиться о семье. Это, конечно же, создаёт проблемы, так как Грэйс была материнской фигурой, поскольку умерла собственная мама."
"NEGATIVE","Я был очень взволнован ""Животным на вокзале Виктории"" и не мог дождаться, чтобы начать. Однако я скоро разочаровался. Причина отсутствия Алана была очень выдуманной и я не могу представить себе, что кто-то спешит задержать встречу после своего опыта в поезде. В офисе было слишком много персонажей, которые нужно было следить за ними, особенно потому что они были мало релевантны для истории. Убийства и мотивы никогда не объясняются, но мы все же принимаем нас без конца (безплодный?"
"NEGATIVE","Хотя я нашел книгу достаточно интересной, чтобы хотеть закончить ее, я был серьезно разочарован содержанием.Для меня книга достигла двух вещей: 1) посадила семя (или возможно выросла существующее семя) социальной совести; и 2) Я обнаружил себя примерно 1/4 через понимание этого сценария к фильму, а не роман, и задаваясь вопросом, кто будет играть различные роли. Однако даже как киносценарий, это требует некоторого джаза."
"NEGATIVE","Эта книга была настолько монотонной, что я не могла закончить ее. так что она позволила многим парням трахаться с ней, ты можешь пойти в свой местный клуб и посмотреть это. ЗZZZZZZzzzzzz, засыпайте меня. сексуальная жизнь Кларры Боу была гораздо более подробной, дикой, рискованной, а в некоторых случаях преступной, коротко говоря, действительно стоит написать о ней."
"NEUTRAL","Доктор Золлер - мой профессор здесь в Хоутонском колледже, и эта прекрасная книга поэзии была очень описательной. Он говорил от души о нескольких различных темах, включая природу, которая является моим любимым языком. Его язык был красивым, но легко понять. Вы Рок Зольер!"
"POSITIVE","Это одна из самых крутых частей 20 века, которую я когда-либо читал. Есть много параллелей между главным героем Аль Маннхаймом и Ником Карравеем в ""Великому Гетсби"". Неудивительно, что Ф. Скотт Фицджеральду понравилось это произведение."
"NEGATIVE","Я не понял, что обсуждалось в этой книге. Возможно, это только начало книги, потому что я не прошла первые несколько глав о истории сахара и обобщениях его влияния на историю."
"NEGATIVE","Обложки этой книги слишком далеко друг от друга."
"POSITIVE","Я владела этой книгой много лет, прежде чем прочитала другую книгу Брайсона... Это была книга, которую я любила в первый раз, когда читала ее и каждый раз после этого. Я никогда не обращала внимания на имя автора, сначала, и по какой-то необъяснимой причине всегда имел некоторую неясность автор был женщиной. Много лет спустя приобретение книги мне было одолжено копии ""Краткая история почти всего""), который я закончил чтением за одну ночь)."
"NEGATIVE","Слава богу, эта книга вышла из печати, но это плохо, что страницы не были пустыми, чтобы они заполнились цветами, которые изменились с светом ~duh. Это ясно иллюстрирует, пока ты придерживаешься одной вещи; ты можешь быть успешным, даже если она бессмысленна и без смысла. Это - иллюстрация ""Рискратого слова"" Тома Вулфа. Или, можно так долго бить мертвую лошадь, но просто не пытаться ездить на ней."
"POSITIVE","Это моя любимая книга, которую я когда-либо писал! Когда учительница впервые прочитала ее классу, я сразу же полюбила её."
"NEUTRAL","Автобиография Бен Франклина начинается в 1771 году, как письмо своему сыну. Этот сын Уильям Франклин становился чем-то разочаровывающим. Он для кого-то родившийся ублюдком в 1770-х годах стал чем-нибудь аристократическим. Вильгельм поднимался на социальную лестницу до такой степени, что целовал кольцо короля Георга III. Не всегда так было, когда отец и сын были крайне близки, они были всего двадцать лет друг к другу в возрасте, и они разделяли многие общие интересы."
"NEUTRAL","Если вам нравится Жюль Верн, Иэн Флеминг или даже Клайв Куслер, вам должен понравиться этот роман. Он был создан для быстрого чтения в приключенческом порядке. Хотя я не видел фильм, роман был достаточно описательным, что мне кажется, что почти так и было. Светлосердечное предтехно-триллерное чтение."
"POSITIVE","Я рад сообщить, что ""В буре"" - это возвращение к лучшей письменности Сьюз. Он определенно побеждает ее последние пару выпусков на прикрытии и так же хорош, как некоторые из ее предыдущих прикрытий. В истории много персонажей из прошлых историй, но есть новые, которых ты любишь. Основный фокус сюжета находится в Дженк (морской SEAL) и Линдсей (бывший детектив по убийствам, работающий для Troubleshooters). У него серьезная любовь к старому другу средней школы, но он оказывается влюбленным в Линдси."
"NEGATIVE","Эфраим Хейли провел свою профессиональную карьеру в Моссаде (за исключением двух лет, которые он провёл как посол Израиля в ЕС). Он поднялся по рядам и стал директором Мосада в 1998 году. В 2002 году вышел на пенсию. В ""Человек - тень"" он пишет историю Ближнего Востока примерно с конца войны между Ираном и Ираком до наших дней.Хейли может быть экстраординарным шпионским мастером, но как писатель и как историк он просто адекватный. Не хороший, не плохой, только адеквативный."
"NEGATIVE","После того, как я пересмотрел первые 170 страниц этой книги, мне пришлось отказаться. Эта книга написана в стиле шизофренического потока сознания. Хотя идея истории на основе мифа Персефона / Хадеса имеет потенциал, чрезмерно описательный и несовместимый стиль письма затрудняет расшифровку этого романа, чем вступительный экзамен для колледжа. Есть слишком много персонажей, которые просто брошены в горшок, и ни один из них либо очень интересный или по-видимому релевантный."
"NEUTRAL","Олимпия не может быть счастливой финальной жизнью, а дело с многоженным мужчиной вызывает споры. Если бы это произошло за тот период времени, который он сделал, то общество навсегда избежало бы Олимпии и, вероятно, нужно было покинуть страну. Романтика Шрева отличная, но конец звучит как желание редактора к концу сказки."
"NEGATIVE","Я, возможно, не был стипендиатом Фулбрайтского университета, но мне кажется, что книга под названием ""Как читать книгу"" имеет серьезные проблемы с продажей."
"NEUTRAL","Я прочитал эту книгу снова, потому что она была выбранной книжным клубом. Не думаю, что это классика, которую некоторые считают, но ее всегда интересно читать."
"NEUTRAL","""Мышей и мужчин"" - одна из лучших книг, которую я когда-либо читала! Она о дружбе, расизме, сексизме и контрастах и т. Д. Это очень уникальная книга и не имеет конца счастья до конца жизни, она очень уникальна. Я ничего не испорчу, читайте ее!"
"NEGATIVE","Эта книга даже не заслуживает, чтобы на обложке было имя Агаты Кристи. Это самая разочаровывающая книга, которую когда-либо написал А.С. Я закончил книгу и все же я не могу найти в ней таинственности, она настолько очевидна с самого начала, что читая первые 30 страниц и последние 10, ты ничего не пропустишь и не теряешь времени, чтобы прочитать ее. Я очень разочарован этим и никому этого не рекомендовал бы. Поистине худшая страница Агаты Кристи."
"POSITIVE","Это одна из лучших книг, когда-либо написанных."
"POSITIVE","В этой книге есть два варианта чтения или просмотра, мы купили ее на второй раз, потрясающая графика / красивые цвета / крутое пространство. 100% DED. Люблю !!!!!!!"
"POSITIVE","Это хорошая книга для разговора с детьми по множеству тем."
"NEGATIVE","Я не могу сказать, что это было просто ""белый мусор"", но я начал перепутывать так много, как мог, чтобы мне не пришлось сосредоточиться на ложности прозы. Недавно я снова прочитала книгу Тери Виндлинга Woodwife, и работа мистера де Линта стала рекомендацией Amazon. Нет абсолютно никакого сравнения."
"NEGATIVE","У моего 8-летнего сына было трудно с этим, и у меня тоже. Все продолжало проскользнуть. Может быть, была лучше сделана прежняя версия, но эта едва использовалась. Детка для деталей мешает дороге, а части почти невозможно вставить обратно. Неудивительно, что люди сообщают о их потере. Я заказал старый спирограф от eBay."
"POSITIVE","Если вы серьезная девушка или парень, который любит свой алкоголь - это для вас. Здесь так много снимков, что вам захочется попробовать их, что не знаете с каких начать первым. Моя рекомендация? Начните сначала и пробуйте все!"
"POSITIVE","Эта книга - это сокровищница. Книга полна интересных сведений, которые приятно представлены и действительно дают вам понимание талантов и других членов Великой армии. Книги полны драгоценностей (моя любимая история о Августе Деме - Эльтин пытается рассказать свою историю объективно с таким подпольным потоком презрения и иронии я мог бы подумать, что он был англичанин!"
"NEGATIVE","Это примерный код, чем я ожидал от учебника. Я бы порекомендовал вместо него другую книгу."
"NEGATIVE","Не очень хорошие описания и эскизы, отсутствует много информации так что назвать его полным руководством по сравнению с старыми книгами. Это первый взгляд на вопрос для новичков."
"NEUTRAL","Я был поклонником Джеффри Арчера, и я ожидал насладиться этой книгой. Было несколько шоковых разделов и много прыжков от одного главного героя к другому. Мне трудно использовать Kindle, так как я не могу перевернуться в книгу, чтобы проверить некоторые детали, которые я не усвоил. Это один из недостатков с электронными читателями. Я была возненавижена печатным производством."
"NEUTRAL","В книге говорится, что если вы откажетесь от этой диеты, то легко наберете много веса. Я был в такой диете и скучал, бросил ее и быстро прибавлял. Я не хочу набирать больше веса, поэтому я бы не попробовал эту диету, пока ты не сможешь держаться за нее навсегда."
"NEUTRAL","Теннис для думисов дает ответы на большинство вопросов, которые у всех новых участников спорта будут перед тем, как принять свой первый урок или просто выйти забить несколько мячей через сетку с более опытным другом. Чтобы получить подробную презентацию правил игры, соответствующих пойманий, приёмов в землю, подачи и основных значений одиночных и двойных матчей, купите эту книгу."
"POSITIVE","Я очень любила эту книгу... она действительно дает вам представление о том, как тяжело было жить под апартидом в Южной Африке для чернокожих африканцев. Это очень детальная книга, может быть слишком детальная, но это не ошибка. В этой книге Марк Матхабэн действительно поместил вас в свою хижину в полночь, когда полиция обыграла его дом и избивала его. Эта была бы отличная книга для любого человека."
"NEUTRAL","В книге много хорошей информации, но рецепты обойдут вам целое состояние! Я выращиваю свои травы и овощи, поэтому рецепты отлично подходят летом, пока мой сад работает в полном объеме, а остальные годы они просто слишком дороги."
"POSITIVE","Это отличный дополнение к библиотеке, которая следует за началом и достижениями в комиксах и антимате."
"POSITIVE","Эта книга - отличная классическая история, которая была использована в качестве основы фильмов и пьес. Оригинальная версия Диккенса рассказала, что она хорошая, но имела большой словарный запас. Это заставило книгу читать. Книга ""Рождественская песня"" повествует о мальчике по имени Скрудж, который не очень дарит или обдумывает. Когда наступает время Рождества, которое Скруж вообще не любит, его посещают призраки. Эти призрака являются особыми призраками, которые приходят к нему ночью и пытаются изменить свои способы."
"NEGATIVE","Я заказал книгу, потому что это была книга, которую я хотел и она была правильной на картинке но когда я получил ее, то было более старое издание. та же самая книга, но вы должны были просто поставить фотографию книги вместо той, которая есть сейчас....Помимо этой цены был бог и доставка была быстрой."
"NEUTRAL","В целом, этот произведение литературы наполнено приключениями и драмой вместе с некоторым действием. Однако я не мог определить большую часть содержания из-за трудностей в понимании того, что я читал. Я не очень сильный читатель в первую очередь и стиль языка просто привел к путанице и разочарованию. Я понял, что есть разные версии фильмов, которые перепроизводили пьесу и как только я посмотрел через пьеса несколько раз фактический текст стал понятным."
"NEUTRAL","Не все юмористические романы Хайера, разворачивающиеся в Регентстве Англии следуют одной и той же схеме - есть особенно оригинальные исключения, такие как Гранд Софи - но, как любая успешная франшиза, большинство из них придерживаются более или менее предсказуемой основной формулы. Наиболее распространенный аспект этого заключается в том, что любого раздражающего и неприятно эгоистичного мужчину, с которым сначала столкнется героиня, он будет ее Принцем Очарованием."
"NEUTRAL","Все слышали об этом романе и все имеют что-то сказать, но мне кажется, что люди, которые кричат больше всего о нем, - это те, кто вряд ли даже прочитал его, а меньше понимает. Тем не менее Лолита достигла этого наименее редкого подвига, став еще более спорным сейчас, чем когда он был опубликован впервые в 1955 году."
"POSITIVE","И наконец, книга, в которой описывается то, во что всегда верила моя интуиция: что ДНК на самом деле имеет голос и способ диалога с телом. Как целительница я всегда видел это как голос высшего Я, голос, который содержит мудрость организмов целостности и потенциала. Эта книга научно отслеживает то, что исцеляющие чувствовали и следили за собой на протяжении столетий. Мне нравятся книги, которые объединяют науку и метафизику."
"NEGATIVE","Я думал, что эта книга была довольно формулируемой мужской клише-начало. Давайте начнем с жены, которая не делает ничего кроме покупки. Профессоры в производстве обычно имеют отвращение к таким идиотам, и я никогда не могу поверить, они бы собрались вместе в первую очередь. Во-вторых, девушка. Решает перестать быть актрисой потому, что она только так-то. Я никогда не встречал актера, который не играл, потому что он или она был фундаментально побужден к этому, никогда не встречался тот, кто ходил от него так легко также."
"POSITIVE","Эта книга рассказывает о мальчике по имени Джонас, который живет в футуристическом обществе, где цвета и эмоции не существуют, а людям назначаются работы, когда им исполнится 12 лет. Джонасу присваивается работа ""Приемника"". Это означает, что он хранит все воспоминания из прошлого. Это самая удивительная книга, которую я читал. Я никогда раньше не читал книгу более одного раза, и я также никогда бы не прочитал книгу за день до этого. Я читала эту книгу два года назад, когда была в восьмом классе."
"POSITIVE","Эта книга была довольно опытным. Это фактически учебник с самого начала. Методически строится из самых основных предпосылок, как тривиум развивается по мере чтения. Я постоянно удивлялся глубине уроков, которые сейчас используются в жизни."
"POSITIVE","Мне нравится эта книга!! Это действительно помогает вам узнать Линус за 24 часа!!!"
"NEGATIVE","Я никогда не читал ни одного из романов Джанет Эванович или Шарлотты Хьюз... поэтому я действительно не знал, что ожидать, когда взял эту книгу в аэропорту для чтения на 3-часовом рейсе. Я прочитал книгу за чуть более часа и полтора, главным образом потому, что книга полна интересных диалогов и она движется быстро. Характер был, в основном, безумный и интригующий и сохранил мой интерес. Основной сюжет заключается в том, Джейми Свифт владеет и управляет местной газетой в небольшом городке Бомонт, Южная Каролина."
"NEUTRAL","Это была первая книга о беременности, которую я купила. Я думала, что в ней много информации, но это не то, что я искал."
"NEGATIVE","Слово было слишком старомодным для моего удовольствия. Сюжет был хорошим, но я разочаровалась в этой книге."
"NEGATIVE","Репутация этой книги как классики не показывает о ней ничего больше, чем об поверхностности и посредственности многих критиков."
"POSITIVE","Рукопись для лучшего романа Джейн Остин, первоначально озаглавленного Первые впечатления, была отклонена и возвращена автору. После некоторых пересмотров роман был опубликован как Гордость и предрассудки. Он остался одним из самых популярных романов английской литературы. Гордости и предразсудки действительно имели свою долю критиков, возможно, одной из наиболее заметных таких критиков стала Шарлотта Бронте, автор Джейн Эйр, которая назвала роман Остина разочарованием. Я обернусь, многие люди искренне не согласятся."
"POSITIVE","Удобная версия старого классика, фантастическая и легко читаемая на моем смартфоне с приложением Kindle."
"NEGATIVE","После прочтения ""Поиски в ремне"" я пообещал себе, что никогда больше не буду тратить время на чтение истории с бесполезными дриблями."
"NEGATIVE","Я узнал о работе Маламуда, когда прочитал его рассказ в старинной бумажной пакете. Изучив что-то большее, я нашел этот роман и, после прочтения нескольких ""звездных"" отзывов, купил копию. Ну, сначала я почувствовал, что открытие книги сильно отличается от ""голоса"" короткой истории, которая заставила меня начать с нее, но приписала ее совершенно другому жанру и сюжету."
"NEGATIVE","Решение разделить трилогию и сделать ее 3a и 3b было, безусловно, худшим, что я когда-либо видел. сюжет истории не продвигается с такой же скоростью, как 1 и 2, а книга, как она сейчас просто скучна. Что еще хуже, хотя Мартин пообещал опубликовать 3b вскоре после выхода 3a, он даже не близко к завершению."
"POSITIVE","Эта книга отличная для чтения, если вы любите сплетни.В ней есть рассказы о некоторых самых больших именах Голливуда.Хотя я чувствую, что эти молодые женщины могут преувеличивать правду.Это все равно делает ее забавным читать."
"NEGATIVE","Я читала 2 книги Сьюзен, которые я любила (Сталкивай меня если ты можешь и это должно быть ты) и очень ждала этого. К сожалению, она очень разочаровывает. История идет туда-сюда, а не вполне ясно. У сюжета есть некоторые дыры, и я постоянно прыгал на целые страницы, что всегда очень расстраивало меня. Я думал, что не собираюсь закончить его. Начало книги - фактически первая половина - занимает вечность."
"NEUTRAL","Некоторые из них мне нравились, но не пробовал их читать."
"POSITIVE","Я всего 120 страниц в этом, но полностью перевернулся. Мой вопрос заключается в том - как кто-то мог создать это огромное произведение всего лишь в 31 году? Использование языка Мелвилла изначально немного беспокоит, но когда вы заходите в ритм вещей, оно поднимается как поэзия. Структурно Моби Дик легко усваивается. Да, почти 140 глав, но они в основном короткие и во многом самосодержательные. Наполненные... ну все, Моби Динк является потрясающей работой фантазии, интеллекта и проницательности."
"NEGATIVE","Я думаю, я должен был знать из названия: ""Мой мир"". Но для тех, кто активно пытается отговорить на мой и мой язык малыша, эта книга была катастрофой. Вся книга заполнена словами: ""Материнский стул. Мой стул"". ""Моя ложка. Татишка"" ""Bang Bang - Моя машина"". Вы понимаете точку зрения. Кроме того, я поддерживаю мнение предыдущего рецензента о том, что я боюсь каждый раз, когда моя дочь приносит мне эту книгу читать."
"NEGATIVE","Поскольку книга была скучной, и его мнения были предсказуемыми, я понял, что в ней нет оригинальности."
"NEUTRAL","Эта история привлекла меня с самого начала и я прочитал ее за один день. Я был побужден узнать больше о этих персонажах и как их жизнь будет развиваться. К сожалению, мне никогда не дали таких ответов. Эта история более или менее краткий взгляд на жизни группы людей, живущих в маленьком западном городе Колордо и как они в конечном итоге взаимосвязаны друг с другом. Очень мало говорится о их происхождении, кто они есть, почему они ведут себя так, и т.д."
"NEUTRAL","Социолитка Рев Соррелл возвращается в Чероки-Пойнт, штат Теннесси, чтобы узнать больше о своей семейной истории и убедиться, что местный владелец бара Джази Талбот - ее близнец, хотя оба выглядят идентичными за исключением незначительных материальных вещей. Джеззи задается вопросом, почему её любимая седьмолетняя тетя Салли солгала об одной сестре и возможно, ее матери, пока Рив борется с усыновлением. Между тем серийный убийца убивает краснолосых женщин, которые похожи на Рейва и Джэзи."
"NEUTRAL","В целом, я думал, что ""Out Of The Dust"" - выдающийся интригующий роман. Карен Хессе была отлична тем, как она написала книгу. Я думаю, это было то, что мне больше всего понравилось в ней - способ ее написания поэзией. Это было уникально для меня, потому что большинство других стихов, которые я читал, обычно были рифмами. Гесс использовал такое описательное письмо, когда она писала эту книгу. Например, в записи под названием ""Дюст-Сторм"" она использует метафоры и подобии, чтобы описать происшествие."
"NEGATIVE","Этот роман начинается с того, что автор объясняет, что она очарована романом ""Посланник Оперы"" и главным персонажем Эриком. Поверните страницу и вы начнете читать то же самое автора почти полностью перепишите этот роман. Оттуда мы прочитаем, как Эрик похитил Кристину и увез ее в Новый Орлеан. Тогда это повествование становится интересным."
"NEUTRAL","Дочь Фортуны (англ. Daughter of Fortune) - роман Изабель Альенде, написанный во времена Калифорнийской золотой бурки и повествующий о путешествии молодой женщины через Тихий океан. Элиза Сомерс была оставлена на пороге видной британской семьи в Чили и воспитывалась как ""леди""; Елиза должна выдержать все границы, установленные для женщин в XIX веке. Она вырастает с убеждением, что ее главной целью в жизни должно быть налаживание хорошего брака и угодовать будущему мужу."
"NEGATIVE","Мне не понравился этот роман, он пытается смешать дешевые приключения в стиле Индиана Джонс, романтический роман и научную фантастику все в одну книгу и провалится. если ты действительно хочешь хорошую книгу возьми ""Реликвы"" Дугласа Престона."
"NEUTRAL","Это единственный роман Набокова, который я читал, но он остается в моей памяти как чувственный и трагический... определенно напоминает Шекспира. ""Греадеант"" также приходит мне на ум. Описательная деталь Набокова помещает читателя в арендованную комнату племянника, где происходит первая сексуальная встреча. Он не романтизирует - он рассказывает все точно так же, как это &quot;is&quot; &amp; делает его чрезвычайно реальным."
"NEUTRAL","Если вы ищете ""пересчет"", это не то, что искали Кантвелл и Фрискикс-Варрен. На самом деле они заявляют: ""Выбор, который мы сделали, - это не обязательно лучшие синглы в стране (это сделало бы для совсем другой книги - две очень разные книги), хотя конечно же мы убеждены, что каждый запись здесь эмоционально мощна, музыкально привлекательная или оба."
"NEGATIVE","Это был, безусловно, худший научный фантастический роман, который я когда-либо смотрел. Хотя история двух влюбленных может показаться романтической для некоторых людей, использование космических кораблей и пришельских роботов было очень ненужным. Худнейшей частью этой пьесы должна была быть конец, где оба матрица объединились с Марти Макфлай, чтобы спасти вселенную."
"NEUTRAL","Я доволен медицинским словарем Мосби..Он используется, но все еще в хорошем состоянии и так дешево ..Я сэкономил свои деньги конечно..!! Я хотел бы рекомендовать его всем купить этот продукт."
"POSITIVE","Любой, кто не знал китайского языка и пытался узнать много о мифах и легендах раннего Китая - в отличие от обильного материала средневековья и позднего времени - наверняка столкнулся со многими препятствиями. Мифические и героические рассказы до династии Хан редки, часто неполноценны и обычно разочаровывают; а зачастую это не повествования, а применение частей предположительно известных историй для иллюстрации точки зрения."
"NEGATIVE","Время от времени гуру управления или академик пишет книгу, которая настолько идеалистична и проста в ее основной предпосылке, что она привлекает ученых и бизнесменов как только за присущую ей красоту в простоте. Как притягательность сказок или биографий. Нет шума, нет сложности, нет кривых линий."
"NEGATIVE","Я считаю, что термин ""родитель вертолета"" оскорбляет. Как врач и отец сына с дислексией и ЛД я уверен, что меня в учительских залах и офисах администрации называют ""родец-вертолетчиком"", но для всех учителей там попытайтесь представить себе, что бы Вы сделали, если бы ваш ребенок все больше отставал, а школа казалась неспособной или не желающей удовлетворить их потребности."
"NEGATIVE","Я не знал, что этот тип был свернут в сторону. я купил его как подарок, но не уверен, что дам ему. думаю, кому-то понравится формат, но мне это не нравится."
"NEUTRAL","""Анжела пепел"" - это удивительно хорошо написанная история о семье, для которой мало что идет легко. Человек может прочитать несколько страниц и затем пройтись по деревне или общаться с семейным собакой, чтобы обрести немного счастья. Я настоятельно рекомендую подробно обсудить ее с кем-то другим, кто читает его; старший ирландский родственник будет лучше всего."
"NEGATIVE","Я люблю классику, но не могу в этом погрузиться стиль письма - это не мой любимый. может быть я попробую снова позже"
"NEGATIVE","Прочитав эту книгу, я могу только сделать вывод о том, что женщина-автор и возможно ее мужской соавтор могут страдать от гистрионного расстройства личности, которое часто диагностируется у людей, которые неизменно некомфортно, когда они не в центре внимания. Есть стиль речи, который чрезмерно импрессионистический, если не прямо театральный и может проявиться в словах, привлеченных больше для их эмоционального цвета, чем для фактического содержания."
"POSITIVE","Это еще одна книга, которая направляет людей. Она вторая из четырех томов. Сущность, которую ведут через ""Ра"" шестой плотности сознания с народами Земли третьей плотностью. Ра намерен передавать ""ЗАКОН ОНОГО"", не нарушая искаженный ""Закон путаницы"" или того, что мы называем свободной волей."
"NEUTRAL","Я бы предложил не компостировать эту книгу? Потому что это тема моего обзора! Вы можете спросить, полезна ли эта книга, и я отвечу ""Она зависит"". От чего? Ну, ваше знание компостики - один из критериев, а еще одним критерием может быть то, какой интерес привлекает вас к этой книге. Это научиться компостить? Что ж, эта книга вероятно для вас, так как она в основном предназначена для начинающих. Опытные композиторы, скорее всего, здесь ничего земноручного значения не найдут."
"NEGATIVE","Эта книга содержит много иероглифов, а также ключи от перевода. Но...Позвольте мне предупредить людей о том, что настоящие археологи, настоящие египтологи больше не уважают автора этой книги. Многие традиции переводки в свое время продолжаются. В фильме ""Старгейт"" они немного высмеивают его. Они делают это потому, что в XXI веке люди уже не используют его произведения. Вам нужно быть очень внимательным к тому, что говорит Бэдж."
"POSITIVE","Я даже не могу поверить, что некоторые люди могут показать свою глупость так гордо и уверенно. Вы не можете отрицать, что эта книга изменила лицо американской литературы, к лучшему или худшему, она оказала такое большое влияние.Те из вас, кто считает эту книгу ""безглуздой"" и/или скучной, вообще не должны читать книги."
"NEUTRAL","Я тоже часто заношу и поворачиваю нос к любой фантастике, основанной на популярных фильмах, телевизионных программах или играх любого рода - особенно научно-фантастических. Некоторые из худших предположений и самых отвратительных писаний я когда-либо видел в литературе ""Звездный путь"", ""Звездовые войны"" и ""Диастрология"". Так что, как и вы, я с небольшим опасением подошел к Возрождению Гора."
"POSITIVE","Да, эта книга является отличным введением к реальной анализи и предполагает минимальную подготовку за пределами линейной алгебры и двух семестров расчета. Я везде искал четкое и ясное обращение с теоремой Banach фиксированные точки, и вот это он. В то время, когда большинство учебников по математике (даже бумажные) не могут быть получены менее чем за $ 50, Довер был дар богов для тех из нас, кто хочет собрать приличную библиотеку математики."
"NEGATIVE","Нет ничего хуже, чем неграмотный писатель."
"POSITIVE","Тринадцатилетняя Изабел Ли тихо оплакивает недавнюю внезапную смерть своего отца. Изабэлл, ее мать и младшая сестра Эйприл все отчаянно скучают по нему, но они не могут говорить о нем или даже признать боль, которую чувствуют после его смерти: ""Вы плачете в своей комнате. Я плачу в моей комнате; мама плачет в комнате мамы. И утром каждый делает вид, что никогда не плакал ни разу в жизни."
"NEGATIVE","Неплохая книга для пользователей биоинформатики, которые хотят увидеть что-то вокруг, но такая информация очень быстро дается.Не очень хорошая книга для людей, заинтересованных в разработке для биоинформ (хотя это может помешать вам переосмыслить колесо)"
"NEUTRAL","Да, здесь есть заявление о свободной воле и цене, которую общество должно заплатить за ее сохранение, но я думаю, что забавные части не были предназначены для того, чтобы избежать столько читателей, сколько они. Были времена, когда я читал эту историю о жестоком подростке (много моложе его в киноверсии), где я смеялся до тех пор, пока мои боки не болели."
"NEGATIVE","В книге, в которой написано: ""Однажды я увидел, что у меня есть несколько книг, которые не могут быть проданы. Я знаю, что это очень интересно"". И если учесть печальные книги из различных списков самых продаваемых книг - может быть, некоторые комические рельефы будут хорошими."
"NEUTRAL","Эта книга настолько отличная, что она посвящена двойственности человеческой природы. Доктор Джекиллл переживает постоянную борьбу между его нормальным я и мистером Хайдом его первобытным более животным я. В целом эта книга - это огонь чистого литературного гения и я буду рад прочитать ее снова."
"NEUTRAL","Это одна из лучших книг, которую я когда-либо читала. Она умна и разумная И провоцирует мысли. Она о завоевании сомнений в себе и реализации полного потенциала. ""Знак Каина"" - абсолютно блестящая мысль. Эта книга будет побуждать читателей полностью раскрывать глубочайшие страхи в самих себя и надеюсь дать им смелость принять слабости, таким образом, победив их......."
"POSITIVE","Смотреть фильм Практическая магия - моя традиция Хэллоуина, поэтому я был очень приятно удивлен тем, что это был роман в первую очередь. Я не могу поверить, что никогда не слышал о Алисе Хоффман, поскольку после поиска ее в Интернете все её книги выглядят абсолютно замечательно!В Практической Магии женщины Оуэнса из Масачусетса всегда были известны странными способностями и потому преимущественно отстранены (если кто-то не нуждается в заклинании!)."
"NEGATIVE","Как и все остальные, кто купил эту книгу и сделал ее бестселлером NYT я надеялся, что после важных событий в конце Зимнего сердца мы будем направляться к еще лучшей книге на этот раз. К сожалению, это не так. Большая часть этой книги заполнена теми же бесконечными диалогами и описаниями, которые мы видели тысячу раз в предыдущих книгах."
"NEGATIVE","В ходе исследований императорская армия была тщательно изучена, но ужасно проанализирована. Броуз обвиняет феодалистов, синиекровных, аристократических, реакционных технофобов и буржуазов среднего класса, которые прикрывали их тем, что они якобы игнорировали влияние технологий в стремлении к рыцарской славе (да, Броуз фактически использует квазимарксистскую терминологию до точки пародии)."
"NEUTRAL","Я был в восторге от понимания французской революции и использования словарного запаса Дикена."
"NEGATIVE","Выбор и разнообразие кафе широкий и интересный. Письмо в порядке, но кажется немного промоориентированным; каждое кафе великолепно, лучшее, и т. Д. Также просто задаваясь вопросом, какова демографическая характеристика этой книги, пенсионеры? Похоже, что она немного замерзла во времени; одностраничное интервью с ""Поэтом Beat Рут Вейс""? Битсы были интересны - возможно - в 60-х годах. Теперь это не интересно."
"NEGATIVE","Я работал педагогом 18 лет и всегда преподавал вблизи американского индейского заповедника. Я женат на корейском уроженце. Мне казалось, что его произведения были удивительно узкоумными. Хотя он расширял свой горизонт мысли по мере взросления, мне показалось очевидным, что он слишком обобщил белых и всех других рас. Белые не все богатые фанатики, а те из других расы - не все угнетённые бедные люди."
"NEUTRAL","В первую очередь, я не помню, что написал в книге. Я прочитала ее три дня назад и не могла вспомнить, о чем именно она рассказывала. На самом деле я поднялась к ней и не смогла вспомниться, закончила ли я её читать или нет. Но у меня была) Ребекка вела довольно хорошую жизнь и казалось слишком много жаловаться на нее. Поппи был моим любимым персонажем и мне действительно нравился старый парень. Мне всегда понравились герои Анны Тайлер и их странности. Она так хорошо пишет их, но я устал от Ребекки."
"POSITIVE","Я купила эту книгу более 8 лет назад и все еще считаю ее одной из моих любимых. Хотя я нашёл сюжетную линию, несколько похожую на ""Уитни, моя любовь"" Джудит Макнаут Это одна из моих самых любимых романских книг, которую я часто читаю. Мне нравится юмор, шутка и романтическая теплота между парой. Включая всех братьев - это отличный прикосновение. Я также написал автора после прочтения книги и она сказала, что работает над другой историей о Рори, младшей Баренкорте."
"POSITIVE","Я думал, что Hatchet - это отличная книга. Она развила реальные проблемы жизни, которые Брайан решал во многих уникальных способах. Если вам нравится на свежем воздухе, то эта книга действительно понравится. Это была лучшая книга, которую я когда-либо читала."
"NEGATIVE","Вчера утром в своей квартире в Вашингтоне был найден мертвый любимый вымышленный персонаж Дирк Питт. Причина смерти ожидается после проведения аутопсии коронора, но первоначальные сообщения предполагают, что знаменитый инженер НУМА был неуклюже кастрирован незадолго до его гибели. Полиция ищет двух подозреваемых, которые убежали на машине Дирка ""Крайслер"" 1958 года. По слухам, преступники - команда отца и сына."
"NEGATIVE","... не тратьте время на эту книгу. Она продается как книга, которая будет более полезна для сокол желающих получить представление о CF MX. Это общие книги о ColdFusion и она ""облагает"" все свои темы в очень неподробном способе. Я разочарован этой книгой. Я предпочел бы купить новый"
"NEGATIVE","Я должен быть единственным, кто был раздражен интроверсией Оуэна и мономаннией. Хотя хорошо написанный, постоянные избиения Ирвинга по политическим и религиозным взглядам стали утомительными., а ""дух"" книги было странным и депрессивным. Люди, чьи жизни меняются этой книгой, нуждаются в лучшем внимании к тому, как они ведут свою жизнь. Судьба не реальная, и особенно она не должна быть чем-то для жизни."
"NEUTRAL","Я не неоконсерватор. Однако я хотел узнать немного больше об этом движении, поскольку многие в администрации считаются неоконсерватами. Фукуяма говорит о том, что настоящие неоконзерваторы не хотели идти на войну в Ираке. Элемент неоконസർватного движения принял это решение для большинства ведущих членов. Он затем цитирует причины того, почему война с Ираком не была на повестке дня неоконцерватов. Я не уверен, что его различные оттенки политических движений имели смысл."
"NEUTRAL","Я думаю, что я купил эту книгу на гаражной продаже давно. Она действительно полезна, но как ссылка. Она настолько устарела, что читать ее было бы в основном бесполезным. Все стили и многие методы либо непопулярны или заброшены. Однако, как напоминание о концепциях это великолепно. Когда шаблоны не имеют смысла это очень помогает понять, что говорит шаблон. Если вы хотите что-то более обновленное, я предположил бы, Новый полный справочник по шиванию будет более полезен."
"NEGATIVE","Я Майк Такер, специалист по борьбе с терроризмом, автор книги ""Преверие и войны в Ираке"" и ветеран пехоты морской пехоти. Я был в Ираку 14 месяцев, солидный, и видел Паренти всего за пять дней в Фаллудже. Поэтому название этой книги уместно, так как Парэнти бросил очень маленькую тень на американские операции и коалиции после Саддама, постдиктатуры, и слава Богу он освободил Ирак."
"NEUTRAL","Салингер был, очевидно, отличным рассказчиком, но концы большинства его историй слишком гламурно шокируют, чтобы быть шокировающими вообще. Гораздо лучшей книгой коротких сказок была бы Девять рассказов минус все концы. Несмотря на конец, ""Тэди"" - это, пожалуй, самая лучшая история, которую я когда-либо читал."
"NEUTRAL","Я очень хорошо читал и лично смотрел на героя. Мне понравился ""Каменный Фокс"" Уина Блевинса, который был новализацией, намного лучше."
"POSITIVE","Я очень смеялся и наслаждался фильмом (и я думаю, что он хорошо сделан). История имеет огромный объем, поэтому я решил прочитать книгу. Мне предстоит большой сюрприз. Половина идей фильма пришла из прелюдия Брикхилля, и не связана с фактическим бегством (или лагерем!). Это только одно: история Брикхилла, как она толстая, должна быть полностью оригинальной и намного более удовлетворительной для читателя."
"NEGATIVE","Более чем в других книгах, эта работа страдает от некоторых слабых тенденций Стирлинга. Чрезвычайно длинные разделы книги не продвигают сюжет вперед или не удерживают персонажей или читателей очень заинтересованными в продолжении истории. Хотя она имеет некоторые сходства с серией Острова, это имело много интересного потенциала. К сожалению, многие из персонажей Стерлинга склонны падать по клише, что независимо от того, насколько девизивно или нереалистично, они будут в конечном итоге говорить &quot;Давайте сделаем это!"
"POSITIVE","Я прочитал обзор этой книги в химическом инженерном журнале, который я подписываю. После прочтения обзора я купил книгу и закончил ее примерно за 2 дня. После того как я закончил эту книгу, я пошел и приобрел другие книги, написанные этим увлекательным человеком. У меня есть интерес к Холокосту из-за степени истории, однако Примо ставит ""гуманистический"" прикосновение к опыту. Его книги провоцируют мысль и приятное чтение."
"NEUTRAL","Большинство романов относительно тесно следуют истории, и в целом сравнительно немногие персонажи имеют важное значение во всем сюжете. ""Омега"" не является таким романом. Есть две основные нити, слабо связанные. В далеком будущем разрушительный облак под названием ""Оmega"" будет наносить хаос на Земле. Первая нитка - это то, что большинство людей думает, что станет основной ницей, открытие того, что именно эти Омега-облаки являются."
"NEUTRAL","Эта книга, вероятно, может быть рассматривается как Chevy в флоте Макмиллана. С McMillan на опционах и опционах как стратегические инвестиции стоящие как Cadillac и Corvette соответственно. Это стоит добавления, но если вы новичок к Макмиллан, Вы, вероятно лучше обслуживать одним из его более известных работ."
"NEGATIVE","Я никогда не смеялась так сильно, пока не поняла, что она серьезно относится к своим странным идеям в этой книге. Не тратьте свои деньги, если вы не хотите очень хорошего смеха."
"POSITIVE","Я выбрала эту книгу, чтобы бросить вызов шестому классу и я рада, что сделала. Это отличная книга, полная чувств и эмоций. персонажи хорошо описаны, а сюжет действительно хороший. Она учит вас не судить людей по тому, что говорят другие люди, но познакомиться с кем-то, и вы узнаете, как они на самом деле похожи. У этой книги есть прекрасный конец, и я рекомендую вам прочитать его!"
"NEUTRAL","Это хорошая книга, но она могла быть написана немного лучше. Мне не нравится тема истории. Мой любимый персонаж - Капу. Он шуток, забавный для волка и хороший лидер. Действие происходит в тундре на Аляске. Девочка по имени Миякс заблудилась в тундере и живет с волками. Затем она выходит искать своего отца. Ее конфликт, найдя ее ""мершего"" отца, решен. Я никому не рекомендую эту книгу."
"POSITIVE","Эта книга описывает групповое путешествие по ""Европе и Святой Земле"", которое Сэмюэль Клемэнс пережил и сообщил примерно 100 лет назад. Он описывал, таким образом, как только Марк Твен может, людей, которых он встречает, и места, куда они отправляются с точки зрения американского Запада. Одним из запоминающихся примеров его американской перспективы является сравнение итальянских гор, озер и рек со своими любимыми Скалистыми горами, Тахой и Миссисипи."
"NEUTRAL","Отличная книга для подростков, но я не рекомендую эту книгу младшим детям из-за содержания. Это не то, как дети приходят в этот мир."
"POSITIVE","Эта книга - абсолютно лучшая часть нефантастики, которую я когда-либо читала. Я думаю, что мне очень нравится, потому что 4 главные главы (яблоко, тюльпан, каннабис и картофель) связаны с человеческими желаниями сладости (яблы), красоты (тулипан), изменения сознания (каннабиса) и контроля (картофа). Связывание этих человеческих желаний и выражение их через растения - это просто интеллектуальный способ заманить читателя."
"NEGATIVE","Автор и иезуиты, которые работали над преобразованием различных племен, неоднократно искажали изображения Вендата (Хурона) и других племён, встречавшихся с целью оправдать продолжающиеся усилия в Северной Америке. Постоянное нападение на прилагательные, такие как ""дикие, грязные, запахлые"" и т. д., продолжается ad nauseum. Они игнорируют то, что Америка была открыта не европейцами 1400-го года, а коренными американцами более чем 15 000 лет назад."
"NEGATIVE","Я был знаком с работой Роберта Клэри в сериале, особенно ДНЯ НАШИХ ЖИВОТ. Я читал несколько рассказов в различных журналах, упоминающих о его переживаниях в концентрационных лагерях и очень хотел прочитать свои собственные слова. Как рассказ об Холокосте он имеет ценность. Однако это была не простая книга для прохождения."
"NEGATIVE","По сравнению с большинством других книг Zep, доступных в этой книге, эта книга крайне не имеет деталей. Информация о некоторых песнях в этой книги может быть получена просто слушая тексты песни. Некоторые из песен Led Zeppelin были очень хорошо документированы на протяжении многих лет, и эта информация включена в эту книгу. Но если вы ищете значение за более загадочной песней (только те, что все и их собака уже знают значение), не смотрите здесь."
"NEGATIVE","Еще одна книга для любовников в кинобизнесе, написанная академиком с малого или никакого опыта в индустрии художественного фильма, которая имеет огромный потенциал ввести студентов в заблуждение и заставить их думать, что они могут проникнуть в самый сложный бизнес мира, зная все, кроме технических вопросов. Индекс книги говорит обо всем: ни слова об Arriflex или Панавизионных камерах, ничего не касается фактического создания фильма и ничего не относится к оборудованию, которое это включает."
"NEGATIVE","Первая книга была немного интересной, но Веитч действительно не понимает, что такое ""Звездные войны"". Это не создание все лучшего оружия и делают вещи выглядеть всё более безнадежными. Речь идет о людях, которые объединяются для преодоления рисков. То, как они изображают императора, крайне невероятно. Если бы он мог сделать Темных джедаев с помощью одного лишь прикосновения, то смог бы уничтожить восстание без мысли в первый раз."
"NEUTRAL","Есть мальчик в женской ванной комнате - это потрясающая книга!!Полно выхода и приключений(похоже) Если вам нравится читать, прочтите эту книгу. В начале она была очень скучной, но стала намного лучше! Так что читайте эту книгу!!!в женской туалете есть мальчик!"
"NEGATIVE","В книге содержатся много практических советов о том, как развивать желательное и приятное поведение у детей, что естественно способствует их успеху в жизни. Однако она имеет несколько фундаментальных недостатков в ее исполнении. Первый и самый большой из них заключается в том, что, как отметили многие другие рецензенты, вся книга - это немного больше чем пропагандистская работа для родительского воспитания. Из-за этого никогда не бывает момента в книге, когда он обращается к НЕКОЛКИЙ из вызовов, с которыми столкнулись его теории."
"POSITIVE","Я очень наслаждался этой книгой, хотя я читал ее несколько раз. Развитие персонажа происходит до того, как вы это понимаете. История вносит свой вклад в Том? и вообразительное."
"NEUTRAL","Я даю ей 4 звезды за то, что она является одной из единственных книг на тему микросимуляции/моделирования на основе агентов в финансах. Исследования автора очень интересные и перспективны. Книга рассматривает аналогичные попытки микросимиляции других людей. Однако нет никаких рекомендаций относительно осуществления исследований микросиmulaции в области финансов. Вопросы / модели финансирования легко найдены где-то еще .... но как вы превратите их в проект моделирования (?) ..."
"NEUTRAL","Почему бы не написать о телесериале? За исключением мыльных опера, телевизионный сериал, который продолжается в течение большей части десятилетия, не является чем-то, что можно легко отбросить, особенно в Великобритании, с его ограниченными бюджетами, субсидируемыми правительством. Вы будете обслуживаться? начался пилотным эпизодом в 1972 году, затем как серия сама по себе, длившийся с 1973 по 1985 год."
"NEUTRAL","Эта книга проходит через все аспекты движения, от нескольких основных до более сложной стратегии. Если у вас есть талант использовать движение, эта книга поможет вам использовать их таланты."
"NEUTRAL","Я не закончил вторую книгу, но пока она такая же хорошая как первая."
"NEUTRAL","Эти книги - драгоценные камни, хотя они не традиционные ""как"" учить детей. Есть несколько книг, которые я бы рекомендовал вместе с этими книгами."
"POSITIVE","Я читаю книги практически с тех пор, как родился, и ""Молитва Оуэна Мини"" - моя любимая. Она заменила мою предыдущую любимую книгу ""Сказка о двух городах"", и я верю, что любой знакомый с великими фантастическими талантами мистера Диккенса найдет его духовного преемника в мистере Ирвинг. истинный талант нашего времени."
"NEGATIVE","Я имел кошек с самого детства. Недавно мы с мужем привезли 6-недельного котята. Я никогда не воспитывал такого маленького домашнего котятя. Я хотел получить справку о том, как заманить нашего котята, чтобы он не был террором. Это не та книга. Я обычно читаю перед тем, как ложиться спать. У меня были кошмары. Если вы хотите узнать обо всех различных способах смерти вашего котята на примерах, вам может понравиться эта книга. Эта книга также плохо организована."
"NEUTRAL","Трудно поверить в столько утверждений, которые Джимми делает за всю свою тяжелую работу на ферме своего папы.Использование винтовки .22 с 8 лет и плуг один с 10 - это немного много для поглощения.Нет упоминания о каком-либо (естественном и нормальном) подростковом восстании против ""предложения отца, имевших силу приказа"" - и я нахожу это слишком сложным, чтобы поверить, если даже тогда Картер не сосредоточился на социальных выразительных проявлениях вместо честного самовыражения."
"NEGATIVE","Возможно, я прочитал неправильную книгу, но не думаю, что общий массовый рейтинг 4 является репрезентативным. Конечно, есть некоторые аспекты сюжета, которые были интересны, такие как волки или трансформирующиеся люди, но я ждал большого/важного момента, чтобы произойти, когда я пробовал эту книгу. Я нашел последнюю часть книги чрезвычайно комичной с детьми, использующими серьезный арсенал и сцены ""борьбы"" между Джеком и другими персонажами."
"NEUTRAL","Я прочитал книгу один раз. она действительно хорошая, не поймите меня неправильно. но все отзывы показывают, что это ** изменяющая жизнь недостающий звенье, которое вы искали всю свою жизнь для моментального раскрытия своего потенциала в певчеге. я думаю, книга отправляет вас в правильном направлении к развитию здорового и надеюсь красивого голоса. но вам, к сожалению, все равно придется быть терпеливым и прилагать некоторую тяжелую работу. так да, книга замечательна, но помните, что Мириям - не бог."
"POSITIVE","Просто я любила эту книгу и не могла ее оставить... для тех, кто любит коренных персонажей, раннюю историю Северной Америки... отличный чтение... Я хотела бы, чтобы было больше таких..."
"NEGATIVE","Эта книга содержит общую, основную информацию о рабочих ретриверах. Она склоняется больше к шоу-лабораториям, чем работающая / полевая собака и не имеет конкретных деталей. Есть другие книги, которые охватывают ту же информацию, и так многое другое. Для тех, кто интересуется полевыми испытаниями и рабочих собаками в отличие от шоу-лабораторий, я рекомендую ""The Working Retrievers"" Тома Куина."
"NEGATIVE","Я бы дал этой книге нулевые звезды, если бы мог. Эта клеветническая книга напоминает мне книги, которые можно было прочитать в 60-х годах, где утверждалось, что Мартин Лютер Кинг был советским агентом. Эта книга также безумна! я читала ее в библиотеке шведского парламента, которая имеет её, а также некоторые книги самого ЛаРуша. Книга Дениса Кингса безумна."
"POSITIVE","Ух ты, это была книга, которая меняет жизнь. Я ожидала больше книги типа самопомощи, но это было больше о том, как сообщества должны функционировать в помощи людям найти мудрость внутри себя для борьбы с жизнью. Больше общинная помощь, чем подход к самосовершенствованию. С этого момента я буду работать над тем, чтобы быть рядом с людьми, быть доступным и задавать продуманные, заботливые вопросы, а также избегать дачи советов."
"NEGATIVE","Когда я заказал эту книгу, ""Книга постели"" не была очень четко разъяснена или я пропустила точку зрения о том, что означает книга. Это сложная позиция для меня и может быть для другого, это будет пять звезд."
"NEUTRAL","Я обычно читала книгу первой, но я видела движение ""Практическая магия"" и думала, что это ужасно, поэтому у меня не было желания прочитать книгу. Однажды она упала мне на колени, хотя, и я подумала, что дам ей шанс. Так рад, что сделал! Писание Уолкера абсолютно красиво, и она действительно может создавать настроение и образ через ее использование слов. Нет ни одной из хёккейных, а-а-как милых вещей, которые так сильно испортили фильм, и мне казалось, персонажи гораздо более правдоподобны и человеческие."
"NEUTRAL","Хоторн мог бы описать персонажа, который выбирает свой нос и превращает его в что-то красивое и освещающее все человеческое состояние. Мне особенно нравится это: ""Жизнь состоит из мрамора и грязи. И без глубокого доверия к полноценной симпатии над нами мы можем быть подвергнуты подозрению оскорбления насмешки, а также неизменного брожения на железный облик судьбы."
"POSITIVE","Я думаю, моя жена купила его для нашей внучки потому что она и наша дочь любили это."
"NEGATIVE","Учитывая обычную тенденцию либеральных академиков отрицать свою очевидную предвзятость к умеренным и консервативным, было освежающим видеть Валянта признавать некоторые из своих предвъззятий (и предвзятия других либералцев). Он признает, что вопреки его ожиданиям, консерваторы не стареют хуже либералов."
"NEUTRAL","Я прочитал это, когда оно впервые вышло и понравилось. Я не знал, кто Терри Брукс, и я взял его потому что мне нравился милый собака на обложке. Я недавно купил для своей 13-летней дочери, думая, она будет любить ее так же, как я сделал. Она не сделала этого. После того, как она отказалась от около 15 страниц (""Я просто не думаю, что он очень хорошо написан"") я взяла его и закончила читать все к следующему вечеру. Часть из него может быть ностальгия по моему подростку самостоятельно, но я действительно насладилась этой книгой."
"NEUTRAL","Я случайно попал в эту книгу, когда искал книгу Кели Армстронга с тем же именем. Она лежала на моём столе несколько недель, пока я не поднял ее, когда искал короткое чтение для одиночного поезда в Рэйли, чтобы перевезти мою дочь обратно в колледж. Это превратило трехчасовую поездку в удовольствие, как я углубился в эту великую загадку. Мне нужно признаться, что я думал, что выяснил это несколько раз, но автор умело закручивал вокруг меня круги."
"NEGATIVE","Может быть, я не достаточно умна для того чтобы понять блестящее поведение Джона но мне все главы просто падали."
"NEGATIVE","... говорит, что люди счастливее всего после достижения ""потока""... ""поток"" кажется эквивалентным тому, что спортсмены ощущают при нахождении в зоне... сосредоточенные, все под контролем... ну, это хорошо... так как же добиться ""пота""?...ответ: найдите то, чем вы действительно заинтересованы и делайте это... э-э-э, но что насчет того времени, которое я провожу делая вещи, которые меня не особенно интересуют?... Как заработать на жизнь, убирать дом и т.д., и т..д."
"NEGATIVE","Альгернон Блэквуд, великий британский мастер короткой истории ужасов и член Ордена Золотой рассвета, опубликовал ""Кентавр"" в 1911 году. В отличие от американского писателя о ужасах Х. П. Лавкрафта, который защищал работу Блэкауда на протяжении всей своей жизни, Блэкууд любил, восхищался и уважал природу: Блэксвуд был романтиком, которым нравилась мистическая вера и философия относительно природного мира, вера, которая отражена почти во всех его рассказах."
"POSITIVE","Не подцените эту потрясающую книгу... ее полная отличных рецептов и даже лучших идей для планирования вашего следующего социального мероприятия. Отличное как для гостей, так и для хозяев, автору удается юмористически направить читателя по всему процессу создания приятной, уникальной вечер кулинарных развлечений. Я заметил, что у него также есть художественный титул, но я говорю: БРАВО BRUTHA: больше вечеринки! Читайте, наслаждайтесь & голод за большем."
"POSITIVE","Это небольшая книга, но это действительно красивое издание. С кожаной обложкой и золотой краской на страницах этот том - книга для сохранения и сокровища."
"NEGATIVE","Я поклонница Дебби Макомбер-&quot;натика&quot;. от много лет назад... поэтому я с нетерпением ждала выхода этой книги (в основном, чтобы узнать, что случилось с Дэном). Эта книга была очень трудно следовать. Это было почти так, как будто весь город сразу же начал разговаривать с Деббин и она спешила захватить все, что они говорили на 378 3/4 страниц у нее есть. Мне нужен был график потока для того, чтобы понять, кто были персонажи и обнаружил себя задаваясь вопросом, будет ли какая-либо из историй когда-нибудь двигаться вперед."
"POSITIVE","Если вы любите истории путешествий во времени, то эта книга должна быть в вашем списке обязательных к тому, чтобы иметь. История Дженнифер Блейк - моя любимая ВСЕМ Время!!!"
"NEUTRAL","В целом, эта книга - это то, чего вы ожидаете от руководства. Подробные списки персонажей-борьбы, которые включают каждый уникальный герой для каждой системы, полный список оружия и т. Д. В общем, если вам нужна помощь в освоении персонажей, это определенно путь к тому, чтобы пойти. Однако этот справочник не идет очень подробно о режиме ""Мастер вооружений"". Он также не предоставляет стратегий или советов для различных миссий."
"NEGATIVE","Сбереги деньги. Кто возьмет книгу, знает что происходит. Мы все видели персонажей и сюжетную линию раньше. Мне трудно поверить в то, что книга была опубликована и что серия еще существует. У Белла был бы лучший фильм, если бы он взял богатого героя и заставил его бороться с финансовыми преступлениями. Я просто нашел отвратительным, что автор хотел бы чтобы кто-то верил, что этот парень единственный человек, который может спасти Америку и мир. Какая жестокая шутка."
"NEGATIVE","Даже осознавая, что авторы все больше и более интегрируют в современные романсы сексуальные сцены, ""Легендарный любовник"" не прилагает усилий к сюжету, кроме сексуальных подвигов. Романтика была не темой....это был секс. И чтобы добавить оскорбление к травме... действия и язык кажутся несоответствующими времени изображенного в книге. Если бы были оценки для книг, этот фильм был бы оценен XX."
"NEGATIVE","Я не умею читать эту книгу хорошо. Она слишком медленная. Мне нравится лучшая книга. Мне нравятся рассказы из крипты. Я думаю, никто не должен читать. Я бы никогда больше не прочитал. Если вам нравится пытки читайте книгу. если вы умно потратите деньги на содовую лампу."
"NEUTRAL","Британский ученый, работающий в Советском Союзе, обнаруживает секрет значительного продления жизни. Чтобы не дать советским держать тайну для себя, профессор Макдональд бежит в Венецию. Местные власти, члены Коммунистической партии Италии, сотрудничают с Советами и закрывают доступ к или из Венеции и начинают массовое поиск профессора. Книги основной предпосылки (то есть ""Основная основа"" - ""Свобода"")."
"POSITIVE","Я сделаю это коротким и сладким Если ты любишь баскетбол, тебе понравится эта книга Майерса самый большой хит."
"POSITIVE","Я симпатичен к предыдущим двум читателям. Они, очевидно, не хотели узнать о религии. если бы они знали, то узнали бы больше, чем я. Первое, что следует отметить, это то, что эта книга входит в книги Далай-ламы. В ней он включает в себя переживания своей собственной жизни, чтобы изобразить, что даже если вы не станете официальным буддистом, вы все равно можете включить эти практики в свою жизнь. Книга дает вам полные подробные объяснения на каждом шаге пути."
"NEGATIVE","В конце книги героиня, если так можно назвать ее, имеет сисистое приспособление закончить все сисистые события. Мы прощаем её за это потому что она оказалась в такой ужасной ситуации. Однако на следующий день проблемы начинаются. Автор либо не понимает темп или даже не знает, сколько времени требуется для того, чтобы просто делать вещи в повседневной жизни. Её время было везде и это вытащило меня из истории."
"NEGATIVE","Ли Фиора, средняя периферическая девушка из Саут-Бенда (штат Индиана), получает стипендию в престижную школу Ault в Массачусетсе."
"NEGATIVE","Ух ты, этот парень написал книгу, которая ""занимает то место"", где осталась другая книга? Надеюсь, другие заметили явное попытку заработать на успехе других книг. Я смущен, так как он не написал первую книгу с самого начала. Я прочитал эту книгу и скажу просто, что она ничего для меня не сделала. Мне озадачено, что столько парней писали книги о женской перспективе, упускаю ли я здесь чего-то."
"POSITIVE","Терри Брукс опять превзошел себя. Эта книга должна считаться одной из величайших частей, которая может быть лучшей сериалом фантазии когда-либо написанной - извините, мистер Толкин. Эта конкретная книга завершает эпосу Шеннарры и не оставляет вопросов без ответов. Мне очень жаль видеть ее на конец."
"NEUTRAL","В книге есть несколько медленных отрывков, но в целом Мазуэр предлагает очень живой рассказ о Салоники с османских времен. Вы читаете не только о Салонике, но и об организации Османской империи, истории евреев Сефардми, дипломатических обычаях и современной балканской истории."
"NEGATIVE","Я дрожу головой в слабости. Старейшая книга - худшая книга, которую я когда-либо читала. Почему кто-то утверждает, что это хорошая книга? Это полный обед. О и попробуй вернуть свои деньги на этот клинкер. Это невозможно. стыдись себя ножом."
"POSITIVE","В этой книге представлены результаты работы Шредингера в Ирландии, в которой он исследовал множество возможностей для единых теорий поля по общим линиям, которые преследует Эйнштейн. Основным достижением было создание такой теории из просто соединения с метрикой, полученной как следствие, не используя никаких специальных предположений. Я расширил эту работу в своей магистерской диссертации 1977 года."
"NEUTRAL","Хотя Саид в своем жестком обвинительном отношении как израильской левой, так и правой стороны к оккупации палестинских территорий с 1967 года предлагает сравнительно умеренный взгляд на конфликт и его возможные решения, не давая никакого оправдания терроризму ни одной из сторон и без всяких оснований для жестокости."
"NEGATIVE","Любой, кто знает что-то о Милкену, знает, что этот парень создал миллионы рабочих мест и внес гораздо больше вклад в общество, чем люди вроде Джеймса Стюарта, которые часто действуют как паразиты за счет других. А что насчет жизни Милкена после всего этого дела? Я удивляюсь, о чём Сьюарт напишет в продолжении, так как Милкен взялся на жизнь филантропии, которая не имеет равных, и определенно способствует этой стране больше, чем большинство людей."
"POSITIVE","Это, возможно, самая большая книга, которую я когда-либо читала в жизни. Иногда она заставляла меня смеяться до тех пор, пока не болит и затем заставит кого-то плакать одновременно. Джоузеф Хеллер приводит юмористический взгляд на экскцентричный военный образ жизни Второй мировой войны."
"POSITIVE","Это еще один пример блестящего интеллекта и понимания Харли Ханна в отношении очень сложного вопроса - Интернета. Мой сын Ноа действительно извлекал пользу от чтения, прежде чем я купил ему первый компьютер. В последний раз мы читали книгу такого рода Дэвидом Брином ""Сила волшебника"". Как и Брин, стиль написания и мастерство английской грамматики оставляют читателя удовлетворенным и информированным. Жду следующего интернет-гида от Хана!"
"NEUTRAL","В предлог она рассказывает, что ее визит на Кубу произошел случайно - в страну, которую она хотела посетить, Эквадор, произошло два извержения вулкана, вызвавшее изменение планов. Первый визит Ашкена на Куба состоялся в бурное время - Куба и США воевали за Эли &aacute;н Гонсалеза."
"NEGATIVE","Я обычно очень люблю Гарвуда, но эта книга - три истории в одной книге - очень разочаровывает. Истории первых и последних братьев казались вынужденными."
"NEGATIVE","Среди них есть только Брайен и железные народные истории, которые мне были слегка привлекательны. Другие рассказы не служат другой цели, кроме как дать обратную информацию о происходящих в стране событиях. Истории Арьи и Сансы были занятиями скучной жизни."
"POSITIVE","Этот роман мог бы быть, должен был быть, на половину или треть длиннее. Это интересный и порой увлекательный портрет жизни на Марсе в ближайшем будущем, но история любви смешная и бессмысленна, а красное шелковое аспекты исчезновения старого учёного невероятно раздражает. Эта книга действительно нуждалась в серьезной подрезке, лучшей концентрации внимания и настоящей сюжете, которая куда-то пойдет."
"NEGATIVE","В книге отсутствует структура и представление. Она действительно содержит 2 влюбляющиеся пары. Но большая часть книги занимается вторичной парами, а не первичной. На самом деле главная героиня почти не присутствует в книге, и развитие персонажей двух главных героев откровенно отсутствует. И между ними очень мало разговоров."
"NEGATIVE","Я не знаю, почему кто-то захочет прочитать книгу о человеке, который скучает..."
"POSITIVE","Я не жалуюсь на его аудио-диски, я также купил силу формировать вашу судьбу и пробудить гиганта внутри. И оба отличных аудио CD не могут пойти неправильно. Я приобрел все 3 этих названия для моего мужа, который пошел на семинар Энтони Роббинс и слушал их в своих длинных поездках на машине до работы. он абсолютно любит их :)"
"NEUTRAL","Это новое издание книги, изданной в 1968 году. В связи с этим многие читатели уже знакомы с этой названием. Я, однако, никогда раньше не видел ее. Как христианин и поклонник Peanuts, я считаю, что это очень хорошая книга. Одна из причин, по которой мне нравится, заключается в том, что она была написана в 1968 г., потому что она не является одной из этих мечтательных книг о новой эпохе / духовности, которые стали настолько распространенными. Кто-то, кто ищет ""вдохновение"", должен искать где-нибудь еще."
"NEUTRAL","Я думаю, что история в этом графическом романе была исключительно хорошей. Она начинается в баре с Логан ест и женщина ходит в актерскую деятельность она как поклонница его и X-Men. Когда она выходит из закусочной он находится в тяжелой огонь и он серьезно ранен. Он затем идет к дому Питера Паркера и прячется там, пока не выздоровеет. он узнает, что люди от оружия x пытаются убить его новым оборудованием. есть также появлениями паука-човек и дерзкий девилл."
"NEGATIVE","Эта книга была ужасна. Не могу поверить, что кому-то понравилась. Она была медленной и предсказуемой, а мне было трудно ее прочитать. К счастью, это была короткая книга. Сделай себе одолжение в библиотеке или у друга. Не думайте об этом отзывах. Это даже не четверть того, чем кажется отзывы."
"NEUTRAL","Я бы хотел, чтобы в книге было больше страниц. Было бы лучше иметь с чем работать."
"NEGATIVE","Это единственная книга на SAPscript. Так что кто-то должен написать лучшую книгу. Конечно, есть спрос на такую книгу. Использование SAPscribe часто означает использование ABAP и этот аспект хорошо охвачен. Фактический бит SAPscripts является элементарным, не предоставляя намного больше, чем онлайн документация. В частности, я пропустил советы и трюки для проектирования более сложных макетов, различных размеров коробков, обновления и загрузки RTF документов и решений по необычно реализованным функциям (богам)."
