label,text,vader_neg,vader_neu,vader_pos,vader_compound,vader_sentiment,vader_score,flair_score,flair_sentiment,flair_confidence,rubert_raw_label,rubert_score,rubert_sentiment,rubert_confidence,roberta_raw_label,roberta_score,roberta_sentiment,roberta_confidence,distilbert_raw_label,distilbert_score,distilbert_sentiment,distilbert_confidence,logistic_regression_score,logistic_regression_sentiment,logistic_regression_confidence,svm_score,svm_sentiment,svm_confidence,random_forest_score,random_forest_sentiment,random_forest_confidence,ensemble_score_raw,ensemble_score,ensemble_sentiment,actual_sentiment,is_correct_vader,is_correct_flair,is_correct_rubert,is_correct_roberta,is_correct_distilbert,is_correct_logistic_regression,is_correct_svm,is_correct_random_forest,is_correct_ensemble,translated_text,translation_ok
NEGATIVE,"а попа подозревала давно,что ты с кавказа.перестану общаться с тобой",0.137,0.863,0.0,-0.2263,Negative,3,5,Positive,0.9748989939689636,neutral,3,Neutral,0.5253587365150452,neutral,3,Neutral,0.7682766914367676,Negative,1,Negative,0.5557683110237122,3,Neutral,0.4801527077905411,3,Neutral,0.0,1,Negative,0.5688497614133883,2.75,3,Neutral,Negative,True,False,False,False,True,False,False,True,False,And the pope suspected for a long time that you were from the Caucasus.,True
NEGATIVE,"блин, почему эта жизнь столь не справедлива ((((",0.444,0.556,0.0,-0.6113,Negative,1,1,Negative,0.9942635893821716,negative,1,Negative,0.7981365919113159,negative,1,Negative,0.7971251606941223,Negative,1,Negative,0.6135920882225037,3,Neutral,0.6396768346772927,3,Neutral,0.0,3,Neutral,0.4784132293272887,1.75,2,Negative,Negative,True,True,True,True,True,False,False,False,True,Why is this life so unfair?,True
NEUTRAL,решите уравнение мужских дел для жизни : домов - 3 деревьев - 5 сыновей - ?,0.0,0.847,0.153,0.2023,Positive,3,3,Neutral,0.9999494552612305,neutral,3,Neutral,0.9344799518585205,neutral,3,Neutral,0.9455517530441284,Neutral,3,Neutral,0.9350772500038147,3,Neutral,0.5298840322374212,3,Neutral,0.0,3,Neutral,0.47536645372567526,3.0,3,Neutral,Neutral,False,True,True,True,True,True,True,True,True,Solve the equation of men's affairs for life: houses - 3 trees - 5 sons - ?,True
POSITIVE,патамушта я крутая баба! ееее!,0.473,0.527,0.0,-0.2003,Negative,3,1,Negative,0.8649609088897705,positive,5,Positive,0.9874053597450256,positive,5,Positive,0.844725489616394,Very Positive,5,Positive,0.6491186022758484,1,Negative,0.6311039320374077,1,Negative,0.0,1,Negative,0.7502136228336563,2.75,3,Neutral,Positive,False,False,True,True,True,False,False,False,False,I'm a tough woman!,True
NEUTRAL,просто пост :),0.0,1.0,0.0,0.0,Neutral,3,3,Neutral,0.999963641166687,neutral,3,Neutral,0.6251463890075684,positive,5,Positive,0.5910211205482483,Neutral,3,Neutral,0.4376985430717468,3,Neutral,0.556826954411702,3,Neutral,0.0,3,Neutral,0.7849852434410074,3.25,3,Neutral,Neutral,True,True,True,False,True,True,True,True,True,just post :,True
POSITIVE,урря!я дождался этой овцыы),0.0,1.0,0.0,0.0,Neutral,3,1,Negative,0.9952419996261597,neutral,3,Neutral,0.48132726550102234,neutral,3,Neutral,0.5228091478347778,Very Negative,1,Negative,0.636542558670044,3,Neutral,0.5298840322374212,3,Neutral,0.0,3,Neutral,0.47536645372567526,2.5,2,Negative,Positive,False,False,False,False,False,False,False,False,False,I waited for this sheep!,True
POSITIVE,наша гордость !,0.0,0.271,0.729,0.4003,Positive,5,5,Positive,0.8215523362159729,positive,5,Positive,0.9780846834182739,positive,5,Positive,0.8203847408294678,Very Positive,5,Positive,0.587421178817749,3,Neutral,0.44534528675737173,3,Neutral,0.0,5,Positive,0.42569803822182956,4.5,4,Positive,Positive,True,True,True,True,True,False,False,True,True,Our pride!,True
NEGATIVE,"походу, первым кто поздравил меня с 1 апреля - это ржд, 40 мин жду электричку",0.0,1.0,0.0,0.0,Neutral,3,3,Neutral,0.9998780488967896,neutral,3,Neutral,0.6665956974029541,negative,1,Negative,0.7700868844985962,Very Negative,1,Negative,0.5123783946037292,1,Negative,0.47012956507327885,3,Neutral,0.0,3,Neutral,0.4812582595301558,2.25,2,Negative,Negative,False,False,False,True,True,True,False,False,True,"I think the first person who congratulated me since April 1 is Rzhd, 40 minutes waiting for the train.",True
NEUTRAL,познакомил свою девушку с ксюшей,0.0,1.0,0.0,0.0,Neutral,3,3,Neutral,0.9934290051460266,neutral,3,Neutral,0.8978767991065979,positive,5,Positive,0.9030345678329468,Positive,5,Positive,0.5960659980773926,3,Neutral,0.5298840322374212,3,Neutral,0.0,3,Neutral,0.47536645372567526,3.5,4,Positive,Neutral,True,True,True,False,False,True,True,True,False,introduced his girlfriend to Xusha,True
POSITIVE,ты мое маленькое счастье ! я тебя люблю очень сильно !,0.0,0.434,0.566,0.8322,Positive,5,5,Positive,0.9983626008033752,positive,5,Positive,0.9844473600387573,positive,5,Positive,0.9962627291679382,Very Positive,5,Positive,0.6161118745803833,3,Neutral,0.6166625505877191,3,Neutral,0.0,3,Neutral,0.8479105069497751,4.25,4,Positive,Positive,True,True,True,True,True,False,False,False,True,You're my little happiness! I love you so much!,True
POSITIVE,в этом ролике прекрасно абсолютно всё.,0.0,0.562,0.438,0.5994,Positive,5,3,Neutral,0.9896223545074463,positive,5,Positive,0.8262987732887268,positive,5,Positive,0.9531452059745789,Very Positive,5,Positive,0.6063084006309509,5,Positive,0.5409091235157706,5,Positive,0.0,3,Neutral,0.4097266459351866,4.5,4,Positive,Positive,True,False,True,True,True,True,True,False,True,Everything is beautiful in this video.,True
NEUTRAL,"рекомендую смотреть это видео, раскрыв на весь экран, указав хорошее качество hd в плеере youtube и в наушниках )) фоновый голос: флигинских александр.",0.0,0.795,0.205,0.6597,Positive,5,3,Neutral,0.9377263188362122,positive,5,Positive,0.6925868391990662,positive,5,Positive,0.9830873012542725,Neutral,3,Neutral,0.5748057961463928,3,Neutral,0.5781417692163392,3,Neutral,0.0,3,Neutral,0.66,3.75,4,Positive,Neutral,False,True,False,False,True,True,True,True,False,"I recommend watching this video, opening to the full screen, specifying good quality hd in the Youtube player and headphones ) background voice: Fligin Alexander.",True
POSITIVE,гопник на деревне. разбить бутылку монетой. а вам слабо?,0.293,0.707,0.0,-0.4404,Negative,1,1,Negative,0.9979094862937927,neutral,3,Neutral,0.5726879835128784,neutral,3,Neutral,0.9296595454216003,Very Negative,1,Negative,0.33307620882987976,3,Neutral,0.4838650833669792,1,Negative,0.0,3,Neutral,0.6337789523601886,2.0,2,Negative,Positive,False,False,False,False,False,False,False,False,False,"Break a bottle with a coin, and you feel weak?",True
NEUTRAL,"не позволяйте женщине быть сильной ведь силой наделен мужчина. позвольте ей быть слабой, беззащитной. прижаться робко к крепкому плечу. дарите ей тепло, любовь и верность. в ответ она вам даст уют и нежность. сиянье глаз влюбленных и счастливых. в природе не должно быть женщин сильных",0.1,0.452,0.447,0.9848,Positive,5,3,Neutral,0.9965071082115173,neutral,3,Neutral,0.5059146881103516,positive,5,Positive,0.833925724029541,Very Negative,1,Negative,0.4823276102542877,1,Negative,0.5109733174286205,1,Negative,0.0,1,Negative,0.5056119230554448,2.5,2,Negative,Neutral,False,True,True,False,False,False,False,False,False,"Do not allow a woman to be strong because a man is endowed with strength. Let her be weak, defenseless. snuggle timidly against a strong shoulder. give her warmth, love and loyalty. in return she will give you comfort and tenderness. the radiance of the eyes of lovers and happy. in nature there should not be strong women.",True
NEUTRAL,не по дням а по часам,0.0,1.0,0.0,0.0,Neutral,3,3,Neutral,0.9991098046302795,neutral,3,Neutral,0.8072343468666077,neutral,3,Neutral,0.643283486366272,Negative,1,Negative,0.6607780456542969,3,Neutral,0.5298840322374212,3,Neutral,0.0,3,Neutral,0.4753664537256753,2.75,3,Neutral,Neutral,True,True,True,True,False,True,True,True,True,clockwise,True
POSITIVE,ыыыы)))мне снова кто-то пополнил счёт))))),0.0,1.0,0.0,0.0,Neutral,3,3,Neutral,0.9998125433921814,positive,5,Positive,0.8584417104721069,negative,1,Negative,0.5532434582710266,Neutral,3,Neutral,0.22923123836517334,3,Neutral,0.5256428240100681,3,Neutral,0.0,3,Neutral,0.8,3.0,3,Neutral,Positive,False,False,True,False,False,False,False,False,False,I've had someone fill me up again.),True
NEGATIVE,"youtube ввел нововведение: теперь видеохостинг не отображает просмотры, собранный роликами на сторонних сайтах. мнененравится",0.0,0.86,0.14,0.3818,Positive,5,1,Negative,0.999914288520813,neutral,3,Neutral,0.78844153881073,positive,5,Positive,0.9874516129493713,Negative,1,Negative,0.7714999318122864,1,Negative,0.41117900666600604,1,Negative,0.0,3,Neutral,0.3854754008472792,2.5,2,Negative,Negative,False,True,False,False,True,True,True,False,True,YouTube introduced an innovation: now video hosting does not display views collected by videos on third-party sites.,True
NEUTRAL,"торт ""бильярдный стол""",0.0,1.0,0.0,0.0,Neutral,3,3,Neutral,0.999983549118042,neutral,3,Neutral,0.8218108415603638,neutral,3,Neutral,0.586260199546814,Neutral,3,Neutral,0.6999800205230713,3,Neutral,0.692669652998215,3,Neutral,0.0,3,Neutral,0.8348547741653773,3.0,3,Neutral,Neutral,True,True,True,True,True,True,True,True,True,billiard-table cake,True
POSITIVE,"финал ббешечки, красиво стильно",0.0,0.351,0.649,0.5719,Positive,5,5,Positive,0.998988687992096,positive,5,Positive,0.9731374979019165,positive,5,Positive,0.7818477749824524,Positive,5,Positive,0.7827267646789551,5,Positive,0.5118092298841832,5,Positive,0.0,5,Positive,0.5584583849311091,5.0,5,Positive,Positive,True,True,True,True,True,True,True,True,True,"finale, beautifully stylish",True
NEUTRAL,украину могла бы спасти федерализация,0.0,0.641,0.359,0.4215,Positive,5,3,Neutral,0.9999918937683105,neutral,3,Neutral,0.867156982421875,neutral,3,Neutral,0.6026000380516052,Negative,1,Negative,0.5594614148139954,5,Positive,0.4134017114550688,3,Neutral,0.0,3,Neutral,0.4107831502751408,3.25,3,Neutral,Neutral,False,True,True,True,False,False,True,True,True,Ukraine could be saved by federalization,True
NEUTRAL,написал колонку про жанну и смерть,0.438,0.562,0.0,-0.5994,Negative,1,3,Neutral,0.9992907047271729,neutral,3,Neutral,0.563694179058075,neutral,3,Neutral,0.8600929975509644,Neutral,3,Neutral,0.8533706665039062,3,Neutral,0.5737378122454017,3,Neutral,0.0,3,Neutral,0.9169514304862914,2.75,3,Neutral,Neutral,False,True,True,True,True,True,True,True,True,I wrote a column about jean and death.,True
NEUTRAL,переходи по ссылке и выбирай любую,0.0,1.0,0.0,0.0,Neutral,3,3,Neutral,0.9996147155761719,neutral,3,Neutral,0.9538280963897705,negative,1,Negative,0.5131882429122925,Neutral,3,Neutral,0.9357582926750183,3,Neutral,0.5298840322374212,3,Neutral,0.0,3,Neutral,0.4753664537256753,2.75,3,Neutral,Neutral,True,True,True,False,True,True,True,True,True,Follow the link and choose any,True
NEGATIVE,4 года без. помним,0.0,1.0,0.0,0.0,Neutral,3,1,Negative,0.9992319345474243,neutral,3,Neutral,0.8351052403450012,neutral,3,Neutral,0.9273701310157776,Neutral,3,Neutral,0.5818372368812561,3,Neutral,0.5298840322374212,3,Neutral,0.0,3,Neutral,0.47536645372567543,2.75,3,Neutral,Negative,False,True,False,False,False,False,False,False,False,4 years without. Remember?,True
NEUTRAL,сегодня получил студенческий ),0.0,1.0,0.0,0.0,Neutral,3,5,Positive,0.9695472121238708,neutral,3,Neutral,0.7737316489219666,neutral,3,Neutral,0.9117582440376282,Positive,5,Positive,0.506145715713501,3,Neutral,0.639906466371836,3,Neutral,0.0,3,Neutral,0.7102670405938188,3.5,4,Positive,Neutral,True,False,True,True,False,True,True,True,False,I got a student today.,True
NEUTRAL,это то шо я на вышке пел)),0.0,1.0,0.0,0.0,Neutral,3,3,Neutral,0.9667165875434875,neutral,3,Neutral,0.5024846792221069,neutral,3,Neutral,0.8573660850524902,Negative,1,Negative,0.480168879032135,1,Negative,0.47012956507327885,3,Neutral,0.0,3,Neutral,0.48125825953015583,2.5,2,Negative,Neutral,True,True,True,True,False,False,True,True,False,That's what I sang on the tower.,True
NEGATIVE,"соскучилась по тебе, дружище",0.524,0.476,0.0,-0.296,Negative,3,5,Positive,0.9360272884368896,positive,5,Positive,0.6220747232437134,neutral,3,Neutral,0.9843117594718933,Positive,5,Positive,0.6238177418708801,3,Neutral,0.5298840322374212,3,Neutral,0.0,3,Neutral,0.47536645372567543,3.75,4,Positive,Negative,True,False,False,False,False,False,False,False,False,"I missed you, buddy.",True
NEUTRAL,отдыхаем на родине,0.0,1.0,0.0,0.0,Neutral,3,3,Neutral,0.9999493360519409,neutral,3,Neutral,0.8752104043960571,neutral,3,Neutral,0.9288889765739441,Neutral,3,Neutral,0.49917155504226685,3,Neutral,0.5298840322374212,3,Neutral,0.0,3,Neutral,0.4753664537256753,3.0,3,Neutral,Neutral,True,True,True,True,True,True,True,True,True,holidaying,True
POSITIVE,я буду жить вечно),0.0,1.0,0.0,0.0,Neutral,3,3,Neutral,0.7645549774169922,positive,5,Positive,0.6476370692253113,positive,5,Positive,0.8691706657409668,Very Positive,5,Positive,0.4681227505207062,3,Neutral,0.4940625768990295,3,Neutral,0.0,3,Neutral,0.7340060611623808,3.75,4,Positive,Positive,False,False,True,True,True,False,False,False,True,I'll live forever.,True
NEUTRAL,"нужен активный человек, который бывает разных местах самары и может хорошо выражать своё мнение. вы такой? напишите",0.0,0.769,0.231,0.5859,Positive,5,3,Neutral,0.9979075193405151,neutral,3,Neutral,0.8719719052314758,negative,1,Negative,0.9465949535369873,Positive,5,Positive,0.9196760654449463,3,Neutral,0.48513221404038587,3,Neutral,0.0,3,Neutral,0.52,3.25,3,Neutral,Neutral,False,True,True,False,False,True,True,True,True,You need an active person who comes to different places of Samara and can express his opinion well.,True
NEGATIVE,"завязывай с тотализатором, пока все деньги не просадил.",0.252,0.748,0.0,-0.4019,Negative,1,3,Neutral,0.6431095600128174,neutral,3,Neutral,0.4861226975917816,neutral,3,Neutral,0.7015300989151001,Very Negative,1,Negative,0.6246258616447449,3,Neutral,0.6878086090427704,3,Neutral,0.0,3,Neutral,0.6646625975397888,2.5,2,Negative,Negative,True,False,False,False,True,False,False,False,True,Quit the sweepstakes before you lose all your money.,True
POSITIVE,"хомячуля, все для тебе",0.0,1.0,0.0,0.0,Neutral,3,5,Positive,0.9756292700767517,positive,5,Positive,0.4268624484539032,neutral,3,Neutral,0.612177848815918,Very Negative,1,Negative,0.6116057634353638,3,Neutral,0.5298840322374212,3,Neutral,0.0,3,Neutral,0.47536645372567526,3.25,3,Neutral,Positive,False,True,True,False,False,False,False,False,False,"hamster, everything for you",True
NEUTRAL,как называется это так сказать танец?,0.0,1.0,0.0,0.0,Neutral,3,3,Neutral,0.9999949932098389,neutral,3,Neutral,0.9161538481712341,neutral,3,Neutral,0.9910872578620911,Neutral,3,Neutral,0.7767857313156128,1,Negative,0.5488312536463735,1,Negative,0.0,1,Negative,0.34,2.25,2,Negative,Neutral,True,True,True,True,True,False,False,False,False,What do you call that dance?,True
NEGATIVE,кажется кому-то нужен директор по свежести,0.0,0.667,0.333,0.3612,Positive,5,3,Neutral,0.9893028140068054,neutral,3,Neutral,0.871408998966217,negative,1,Negative,0.950641393661499,Negative,1,Negative,0.4538470208644867,1,Negative,0.7963156408822613,1,Negative,0.0,3,Neutral,0.7798808234555834,2.25,2,Negative,Negative,False,False,False,True,True,True,True,False,True,Looks like someone needs a freshness director.,True
POSITIVE,на пляж по традициивыпускной prom,0.0,1.0,0.0,0.0,Neutral,3,5,Positive,0.8640753626823425,neutral,3,Neutral,0.8326143026351929,neutral,3,Neutral,0.9960018992424011,Neutral,3,Neutral,0.6192219853401184,3,Neutral,0.6659717709120059,3,Neutral,0.0,3,Neutral,0.5279469931786369,3.25,3,Neutral,Positive,False,True,False,False,False,False,False,False,False,on the beach according to the tradition of prom,True
NEUTRAL,) может ты и видела уже),0.0,1.0,0.0,0.0,Neutral,3,3,Neutral,0.9963122010231018,neutral,3,Neutral,0.8017407655715942,neutral,3,Neutral,0.8514459133148193,Positive,5,Positive,0.5763958692550659,3,Neutral,0.5298840322374212,3,Neutral,0.0,3,Neutral,0.47536645372567526,3.25,3,Neutral,Neutral,True,True,True,True,False,True,True,True,True,) maybe you've seen it before.,True
POSITIVE,я поссал на первый снег ddя собой теперь доволен dd пхахахаххаха)),0.264,0.503,0.233,-0.128,Neutral,3,5,Positive,0.9991368651390076,positive,5,Positive,0.9939795732498169,positive,5,Positive,0.7721839547157288,Positive,5,Positive,0.2839460074901581,3,Neutral,0.5721796461867216,3,Neutral,0.0,3,Neutral,0.8872528279662663,4.0,4,Positive,Positive,False,True,True,True,True,False,False,False,True,I pissed on the first snow (now I'm happy with myself),True
NEUTRAL,искусство моей сестренки!,0.0,1.0,0.0,0.0,Neutral,3,5,Positive,0.9958174824714661,neutral,3,Neutral,0.647191047668457,positive,5,Positive,0.8823113441467285,Very Positive,5,Positive,0.5132419466972351,5,Positive,0.45553960256227594,5,Positive,0.0,3,Neutral,0.48948836659393186,4.25,4,Positive,Neutral,True,False,True,False,False,False,False,True,False,My sister's art!,True
NEUTRAL,кто вечером на вейкборд компанию составит?,0.0,1.0,0.0,0.0,Neutral,3,3,Neutral,0.9999790191650391,neutral,3,Neutral,0.9426243305206299,positive,5,Positive,0.5941712260246277,Neutral,3,Neutral,0.9281848669052124,3,Neutral,0.4652211357931457,3,Neutral,0.0,3,Neutral,0.46948576207992315,3.25,3,Neutral,Neutral,True,True,True,False,True,True,True,True,True,Who's gonna be the wakeboard company tonight?,True
NEGATIVE,"дорогие товарищи! если после просмотра данной киноленты вы всё ещё будете хотеть мясца, колбасы и прочей дряни. мне вас жаль. мне жалко бедных и неразумных животных, но этот проклятый мир - тупая мясорубка, и пока с этим ничего не поделать. прошу слабонервным не смотреть(пусть за вас домыслит ваш серый биологический процессор). нет, я серьёзно, зачем вам, если вдруг что, блевота на клавиатурестолеодежде? посмотрели? ну как? ах да, и я о5 совсем забыл спросить: вот сейчас, вы всё ещё хотите пельмешек?",0.212,0.742,0.047,-0.8873,Negative,1,1,Negative,0.9999480247497559,negative,1,Negative,0.6925308108329773,negative,1,Negative,0.9747276902198792,Very Negative,1,Negative,0.8772972822189331,3,Neutral,0.5233788111539263,3,Neutral,0.0,3,Neutral,0.51,1.75,2,Negative,Negative,True,True,True,True,True,False,False,False,True,"Dear comrades, if after watching this film you still want meat, sausages and other rubbish. I'm sorry for you. I pity poor and unreasonable animals, but this damned world is a stupid meat grinder, and until nothing can be done about it. I ask the faint-hearted not to look (let your gray biological processor speculate for you).",True
NEGATIVE,"любви точка нет,любви нет и точка.",0.262,0.238,0.5,0.7184,Positive,5,1,Negative,0.9937660694122314,neutral,3,Neutral,0.5922573804855347,negative,1,Negative,0.7402927279472351,Negative,1,Negative,0.46627354621887207,1,Negative,0.41402544853159035,1,Negative,0.0,5,Positive,0.7486958767961939,2.25,2,Negative,Negative,False,True,False,True,True,True,True,False,True,"There is no love, there is no love.",True
POSITIVE,"просто быть рядом прижавшись чувствовать тепло, слышать трепет дыханья знакомый запах просто молчать счастье.",0.0,0.65,0.35,0.7184,Positive,5,5,Positive,0.9980307221412659,positive,5,Positive,0.8649483323097229,positive,5,Positive,0.9774984121322632,Positive,5,Positive,0.39650407433509827,3,Neutral,0.3445002846382024,1,Negative,0.0,1,Negative,0.43024375445425,3.75,4,Positive,Positive,True,True,True,True,True,False,False,False,True,"Just being close to feeling warm, hearing the flutter of breath a familiar smell just silent happiness.",True
NEUTRAL,по батуми гуляют чипованые дворняги,0.0,1.0,0.0,0.0,Neutral,3,3,Neutral,0.9039354920387268,neutral,3,Neutral,0.8850831985473633,neutral,3,Neutral,0.5719174146652222,Neutral,3,Neutral,0.816229522228241,3,Neutral,0.5298840322374212,3,Neutral,0.0,3,Neutral,0.4753664537256753,3.0,3,Neutral,Neutral,True,True,True,True,True,True,True,True,True,There are chipped mongrels walking along the batumi,True
NEUTRAL,никто не знает где стакан,0.0,1.0,0.0,0.0,Neutral,3,3,Neutral,0.9996684789657593,neutral,3,Neutral,0.8645045161247253,negative,1,Negative,0.7265671491622925,Very Negative,1,Negative,0.5665356516838074,1,Negative,0.6433340858585782,1,Negative,0.0,3,Neutral,0.6449463601645853,2.0,2,Negative,Neutral,True,True,True,False,False,False,False,True,False,Nobody knows where the glass is.,True
NEGATIVE,прости меня я ошибся!я не поверил тебе!,0.555,0.445,0.0,-0.6103,Negative,1,1,Negative,0.999537467956543,negative,1,Negative,0.7143519520759583,negative,1,Negative,0.4745394289493561,Very Positive,5,Positive,0.47586125135421753,3,Neutral,0.5298840322374212,3,Neutral,0.0,3,Neutral,0.47536645372567526,2.25,2,Negative,Negative,True,True,True,True,False,False,False,False,True,Sorry I was wrong! I didn't believe you!,True
POSITIVE,рождение - это великое чудо,0.0,0.202,0.798,0.836,Positive,5,3,Neutral,0.9995365142822266,positive,5,Positive,0.9542068243026733,positive,5,Positive,0.7814263701438904,Very Positive,5,Positive,0.6642499566078186,5,Positive,0.5250551190141606,5,Positive,0.0,5,Positive,0.92,4.75,5,Positive,Positive,True,False,True,True,True,True,True,True,True,Birth is a great miracle,True
NEGATIVE,"техническая поддержка nod32 на высоте. 4 дня ждал ответа от российской тп. ладно хоть сказали, какой файл стал причиной блокировки моего сайта их антивирусом. и их не волнует, что это текстовый файл, защищённый паролем. за подробностями отправили в англоязычную тп, которая молчит уже неделю, даже никакого письма о подтверждении получения моего письма не прислали.",0.094,0.809,0.097,0.0701,Neutral,3,1,Negative,0.9999681711196899,neutral,3,Neutral,0.4813275933265686,negative,1,Negative,0.9971144199371338,Negative,1,Negative,0.530616283416748,3,Neutral,0.585038267570717,3,Neutral,0.0,3,Neutral,0.6889410171290841,2.25,2,Negative,Negative,False,True,False,True,True,False,False,False,True,"Technical support for Nod32 at altitude. 4 days waiting for a response from the Russian tp. well, at least they said what file was the reason for blocking my site by their antivirus. and they do not care that it is a text file protected by a password. for details sent to the English-language tp, which has been silent for a week, even no letter of confirmation of receipt of my letter was not sent.",True
POSITIVE,вот тебе няшку:),0.0,1.0,0.0,0.0,Neutral,3,5,Positive,0.9735360741615295,neutral,3,Neutral,0.6220679879188538,negative,1,Negative,0.45414045453071594,Neutral,3,Neutral,0.5177305936813354,3,Neutral,0.5298840322374212,3,Neutral,0.0,3,Neutral,0.47536645372567526,3.0,3,Neutral,Positive,False,True,False,False,False,False,False,False,False,Here's your nose.,True
NEUTRAL,февраль пахнет весной,0.0,0.545,0.455,0.3612,Positive,5,3,Neutral,0.8653571605682373,neutral,3,Neutral,0.6981538534164429,neutral,3,Neutral,0.9990807771682739,Neutral,3,Neutral,0.863572359085083,3,Neutral,0.5873627699648031,3,Neutral,0.0,3,Neutral,0.743378752013327,3.25,3,Neutral,Neutral,False,True,True,True,True,True,True,True,True,February smells like spring,True
POSITIVE,"у нас тут в а2 саундчек гриши урганта и ребят из science slam. один из музыкантов, говорят, упал со сцены. наши ребята пока держатся;)",0.203,0.797,0.0,-0.6249,Negative,1,3,Neutral,0.5766794681549072,neutral,3,Neutral,0.7906513214111328,negative,1,Negative,0.7702333331108093,Very Negative,1,Negative,0.4561014473438263,3,Neutral,0.5252743221749558,3,Neutral,0.0,3,Neutral,0.87,2.25,2,Negative,Positive,False,False,False,False,False,False,False,False,False,We've got Urgant and the science slam guys at A2 Soundcheck. One of the musicians is said to have fallen off stage.,True
NEUTRAL,сезон любования сакурой и у нас тоже.,0.0,1.0,0.0,0.0,Neutral,3,3,Neutral,0.9995142221450806,neutral,3,Neutral,0.599598228931427,neutral,3,Neutral,0.6373676061630249,Positive,5,Positive,0.892892599105835,3,Neutral,0.548607328396779,3,Neutral,0.0,3,Neutral,0.8698217215391341,3.25,3,Neutral,Neutral,True,True,True,True,False,True,True,True,True,"It's cherry blossom season, too.",True
NEGATIVE,"минус одиночества в том, что через время начинаешь получать от этого кайф. и просто не пускаешь никого в свою жизнь.",0.203,0.797,0.0,-0.6808,Negative,1,5,Positive,0.999459445476532,negative,1,Negative,0.6119050979614258,negative,1,Negative,0.5246398448944092,Negative,1,Negative,0.45329418778419495,3,Neutral,0.4200025531120449,5,Positive,0.0,1,Negative,0.44871436048847463,2.25,2,Negative,Negative,True,False,True,True,True,False,False,True,True,"The disadvantage of loneliness is that after a while you begin to get high from this, and just do not let anyone into your life.",True
NEUTRAL,ты вроде кошачье любишь ;),0.0,0.644,0.356,0.2975,Positive,3,3,Neutral,0.9729213714599609,neutral,3,Neutral,0.7992029190063477,neutral,3,Neutral,0.9852322340011597,Very Positive,5,Positive,0.42594972252845764,3,Neutral,0.7959876433986266,3,Neutral,0.0,3,Neutral,0.5494067020380995,3.25,3,Neutral,Neutral,False,True,True,True,False,True,True,True,True,You kind of like cats ;,True
NEGATIVE,хочется обнять кого согреть любовью а самому скучно жить если было бы щястье я бы все сделал для любви и пусть которой она заслуживает,0.056,0.556,0.389,0.9118,Positive,5,1,Negative,0.9995273351669312,positive,5,Positive,0.5031096935272217,positive,5,Positive,0.6323981881141663,Very Negative,1,Negative,0.4135356545448303,1,Negative,0.5379026654703833,1,Negative,0.0,3,Neutral,0.6726918807408546,2.75,3,Neutral,Negative,False,True,False,False,True,True,True,False,False,I want to hug someone to warm with love and I'm bored to live if it was too much I would do everything for love and let it deserve.,True
POSITIVE,"приходи, тебе всё понравится!. ;)",0.0,0.543,0.457,0.6369,Positive,5,5,Positive,0.9992886781692505,positive,5,Positive,0.871711790561676,positive,5,Positive,0.9561766982078552,Positive,5,Positive,0.7459087371826172,3,Neutral,0.42302428191930724,3,Neutral,0.0,5,Positive,0.3911092555558559,4.5,4,Positive,Positive,True,True,True,True,True,False,False,True,True,"Come on, you're gonna love it. ;",True
POSITIVE,"хочу кран, из которого идет оливье.",0.0,0.822,0.178,0.0772,Neutral,3,5,Positive,0.9990150928497314,positive,5,Positive,0.9403899312019348,positive,5,Positive,0.6237021684646606,Neutral,3,Neutral,0.5713232159614563,3,Neutral,0.6018431285104185,3,Neutral,0.0,1,Negative,0.45354139140824373,3.5,4,Positive,Positive,False,True,True,True,False,False,False,False,True,I want the tap from which Olivier comes.,True
POSITIVE,"ващеее круууто)), супер, музыка и видос)",0.0,1.0,0.0,0.0,Neutral,3,5,Positive,0.9994131326675415,positive,5,Positive,0.9960921406745911,negative,1,Negative,0.7103894352912903,Neutral,3,Neutral,0.4944276511669159,5,Positive,0.6152188689989371,5,Positive,0.0,5,Positive,0.83,4.0,4,Positive,Positive,False,True,True,False,False,True,True,True,True,What's the big deal?,True
NEGATIVE,успешно проебали лето.,0.524,0.476,0.0,-0.6597,Negative,1,1,Negative,0.613021969795227,neutral,3,Neutral,0.4451330006122589,neutral,3,Neutral,0.7950029373168945,Positive,5,Positive,0.48288074135780334,5,Positive,0.41785485586642357,3,Neutral,0.0,3,Neutral,0.610612733317907,3.0,3,Neutral,Negative,True,True,False,False,False,False,False,False,False,We fucked up the summer.,True
POSITIVE,это тебе чтобы каждый день был сладким!:-):-):-):-),0.0,0.687,0.313,0.4926,Positive,5,5,Positive,0.9982505440711975,positive,5,Positive,0.9855008721351624,positive,5,Positive,0.8902114629745483,Very Positive,5,Positive,0.6744647026062012,3,Neutral,0.4595996247556272,3,Neutral,0.0,5,Positive,0.42136558954879305,4.5,4,Positive,Positive,True,True,True,True,True,False,False,True,True,It makes you feel good every day! ::-,True
NEUTRAL,"нет, я не за зож",0.471,0.529,0.0,-0.5358,Negative,1,1,Negative,0.757396936416626,negative,1,Negative,0.5413550734519958,negative,1,Negative,0.9761438369750977,Negative,1,Negative,0.6360683441162109,3,Neutral,0.5298840322374212,3,Neutral,0.0,3,Neutral,0.47536645372567526,1.75,2,Negative,Neutral,False,False,False,False,False,True,True,True,False,"No, I'm not in favor of Zoge.",True
NEUTRAL,моя мама .,0.0,1.0,0.0,0.0,Neutral,3,3,Neutral,0.974574625492096,positive,5,Positive,0.6711748838424683,positive,5,Positive,0.6174885034561157,Positive,5,Positive,0.39786919951438904,5,Positive,0.3973873115704416,3,Neutral,0.0,3,Neutral,0.9091611167637109,4.0,4,Positive,Neutral,True,True,False,False,False,False,True,True,False,My mom.,True
NEUTRAL,на чаки очень похож )))),0.0,1.0,0.0,0.0,Neutral,3,3,Neutral,0.9998469352722168,positive,5,Positive,0.5335642099380493,positive,5,Positive,0.4045535624027252,Very Negative,1,Negative,0.4888405203819275,3,Neutral,0.6896656062400399,3,Neutral,0.0,3,Neutral,0.5464574092258726,3.25,3,Neutral,Neutral,True,True,False,False,False,True,True,True,True,It's very similar to chucks.),True
POSITIVE,моя любимая фоточка),0.0,0.4,0.6,0.4588,Positive,5,5,Positive,0.9987450838088989,positive,5,Positive,0.9848553538322449,positive,5,Positive,0.8365134596824646,Positive,5,Positive,0.6355275511741638,3,Neutral,0.5298840322374212,3,Neutral,0.0,3,Neutral,0.47536645372567526,4.25,4,Positive,Positive,True,True,True,True,True,False,False,False,True,My favorite photo.,True
NEUTRAL,не забываем смотреть и комментить фотки,0.213,0.787,0.0,-0.2263,Negative,3,3,Neutral,0.9999561309814453,neutral,3,Neutral,0.9199727773666382,positive,5,Positive,0.6771575808525085,Negative,1,Negative,0.43255850672721863,3,Neutral,0.4754833483452874,3,Neutral,0.0,3,Neutral,0.7644754031025657,3.0,3,Neutral,Neutral,False,True,True,False,False,True,True,True,True,Don’t forget to look and comment on photos.,True
POSITIVE,а мы вот вчера под блюз тусили),0.0,1.0,0.0,0.0,Neutral,3,3,Neutral,0.937038242816925,positive,5,Positive,0.4843708276748657,neutral,3,Neutral,0.992313802242279,Positive,5,Positive,0.29323089122772217,1,Negative,0.5448500221830611,1,Negative,0.0,3,Neutral,0.9374942062787336,3.0,3,Neutral,Positive,False,False,True,False,True,False,False,False,False,We were hanging out with the blues yesterday.,True
NEUTRAL,"ну ,я подозревала это .",0.38,0.2,0.42,0.0516,Neutral,3,3,Neutral,0.9999078512191772,neutral,3,Neutral,0.8796725869178772,neutral,3,Neutral,0.9652162790298462,Negative,1,Negative,0.6341369152069092,1,Negative,0.47012956507327885,3,Neutral,0.0,3,Neutral,0.48125825953015583,2.5,2,Negative,Neutral,True,True,True,True,False,False,True,True,False,"Well, I suspected it.",True
POSITIVE,"как поет, как поет)",0.0,1.0,0.0,0.0,Neutral,3,3,Neutral,0.9844639897346497,positive,5,Positive,0.780931293964386,positive,5,Positive,0.8378632664680481,Neutral,3,Neutral,0.6471982002258301,3,Neutral,0.5298840322374212,3,Neutral,0.0,3,Neutral,0.4753664537256753,3.5,4,Positive,Positive,False,False,True,True,False,False,False,False,True,"how he sings, how he sings",True
POSITIVE,иихуу))) ещё на год постарел))),0.0,1.0,0.0,0.0,Neutral,3,5,Positive,0.9994145631790161,positive,5,Positive,0.9483497738838196,neutral,3,Neutral,0.9986459612846375,Neutral,3,Neutral,0.29980048537254333,5,Positive,0.45603502868425533,5,Positive,0.0,3,Neutral,0.5678117801332099,4.0,4,Positive,Positive,False,True,True,False,False,True,True,False,True,(ihuhu)) is another year old.,True
POSITIVE,"есть такие люди, которых стоит увидеть, и уже счастлив! анечка, рада нашей встрече! приезжай по-чаще! я тебя очень люблю и скучаю!",0.043,0.57,0.387,0.928,Positive,5,5,Positive,0.9781736731529236,positive,5,Positive,0.9883495569229126,positive,5,Positive,0.9421409368515015,Positive,5,Positive,0.549203097820282,3,Neutral,0.45775596708396865,3,Neutral,0.0,3,Neutral,0.47,4.25,4,Positive,Positive,True,True,True,True,True,False,False,False,True,"There are people who are worth seeing, and are already happy! Anechka, glad to meet us! come more often! I love you and miss you very much!",True
NEGATIVE,"раньше слово ""люблю"" было, как платье от коко шанель. теперь, как дешевая майка с вьетнамского рынка",0.0,0.773,0.227,0.6124,Positive,5,3,Neutral,0.5905226469039917,neutral,3,Neutral,0.7439406514167786,negative,1,Negative,0.8958810567855835,Negative,1,Negative,0.3670879006385803,1,Negative,0.472233750625876,1,Negative,0.0,3,Neutral,0.5659430858646828,2.25,2,Negative,Negative,False,False,False,True,True,True,True,False,True,"The word ""love"" used to be like a Coco Chanel dress, now it's like a cheap jersey from the Vietnamese market.",True
NEGATIVE,"прости, но я хочу вредной еды. .так хочется гамбургер из макдональдса будет мучить изжога и неприятный запах изо рта .но ,сука,как же порой хочется изваляться в этой луже .до поросячьего визга. она всегда будет хотеть гамбургер. чертов гамбургер!",0.34,0.536,0.124,-0.9331,Negative,1,1,Negative,0.9299357533454895,negative,1,Negative,0.6571995615959167,negative,1,Negative,0.9501949548721313,Very Negative,1,Negative,0.7881882786750793,3,Neutral,0.4913606376471531,3,Neutral,0.0,3,Neutral,0.4163628595683435,1.75,2,Negative,Negative,True,True,True,True,True,False,False,False,True,"I'm sorry, but I want junk food. .so I want a McDonald's hamburger to suffer heartburn and bad breath .but, bitch, how sometimes I want to lie in this puddle .to a pig's screech. she'll always want a hamburger.",True
POSITIVE,сегодня нас уже будет двое),0.0,1.0,0.0,0.0,Neutral,3,5,Positive,0.8999517560005188,neutral,3,Neutral,0.756696879863739,neutral,3,Neutral,0.9984480142593384,Negative,1,Negative,0.3377372622489929,1,Negative,0.42572919821589594,3,Neutral,0.0,3,Neutral,0.6655397293473223,2.75,3,Neutral,Positive,False,True,False,False,False,False,False,False,False,There will be two of us today.,True
NEGATIVE,"ну вот -флажок с американского перекрасили.ну а как все начиналось- а абхазии я сам лично видел последствия, и с многими абхазами говорил, которые в 90х бежали, и которые там выживали.и как грузины - беженцев при погрузке на корабли у уничтожали.мой знакомый выжил например -только по тому что грузинский автоматчик был его учеником. и жилые многоэтажки- все в пулевых и осколках",0.066,0.78,0.154,0.5106,Positive,5,1,Negative,0.9998757839202881,negative,1,Negative,0.8053637146949768,positive,5,Positive,0.6120344400405884,Negative,1,Negative,0.3036603033542633,3,Neutral,0.7131233346715055,3,Neutral,0.0,3,Neutral,0.8336696742315699,2.75,3,Neutral,Negative,False,True,True,False,True,False,False,False,False,"Well, the flag from the American repainted. well, how it all began - and Abkhazia I personally saw the consequences, and with many Abkhazians I spoke, who fled in the 90s, and who survived there. and as Georgians - refugees when loaded on ships were destroyed.",True
NEGATIVE,я вас блядь всех с ума сведу нахуй!,0.35,0.65,0.0,-0.4003,Negative,1,1,Negative,0.9996984004974365,negative,1,Negative,0.9113688468933105,positive,5,Positive,0.7282933592796326,Very Positive,5,Positive,0.7896026372909546,1,Negative,0.9639738229478229,1,Negative,0.0,1,Negative,0.8765623876472481,2.0,2,Negative,Negative,True,True,True,False,False,True,True,True,True,I'll fucking drive you all crazy!,True
NEGATIVE,"так хочется ночью тебе позвонить и сказать, что не спится услышать твой сонный разбуженный голос и в нем раствориться сказать мой родной, мне так грустно вдруг стало очень, и я позвонила сказать, что скучаю ну так между прочим что был, мол, тяжелый день проблемы другие заботы что на улице дождь и не балуют солнцем прогнозы погоды а вечером закуталась в плед и за комп и с лимоном чаю листала страницы инета но мысли к тебе все, любимый скучаю",0.114,0.813,0.073,-0.0644,Neutral,3,5,Positive,0.9940617680549622,negative,1,Negative,0.6321800351142883,positive,5,Positive,0.6276052594184875,Very Negative,1,Negative,0.6673450469970703,1,Negative,0.6807744560461189,1,Negative,0.0,5,Positive,0.42,2.75,3,Neutral,Negative,False,False,True,False,True,True,True,False,False,"So I want to call you at night and tell you that I can not sleep to hear your sleepy awakened voice and disappear in it to say my dear, I was so sad suddenly became very, and I called to say that I miss you so by the way that was, they say, a hard day of problems other worries that it rains outside and do not spoil the sun weather forecasts and in the evening wrapped in a blanket and behind a computer and with lemon tea leafing the pages of the Internet but thoughts to you all, beloved miss",True
NEUTRAL,артём дорохов предложил сфотографировать содержимое своих сумок,0.0,1.0,0.0,0.0,Neutral,3,3,Neutral,0.9999188184738159,neutral,3,Neutral,0.8543941974639893,neutral,3,Neutral,0.9868707060813904,Neutral,3,Neutral,0.9026100635528564,1,Negative,0.5874663798996435,1,Negative,0.0,3,Neutral,0.43316909664446035,2.5,2,Negative,Neutral,True,True,True,True,True,False,False,True,False,Artem Dorokhov offered to photograph the contents of their bags,True
NEUTRAL,"федь, спать не собираешься?",0.0,1.0,0.0,0.0,Neutral,3,1,Negative,0.9957566857337952,neutral,3,Neutral,0.8906762599945068,neutral,3,Neutral,0.6170816421508789,Very Negative,1,Negative,0.45568525791168213,3,Neutral,0.5915277481059402,3,Neutral,0.0,3,Neutral,0.7423135559179904,2.5,2,Negative,Neutral,True,False,True,True,False,True,True,True,False,"Fed, aren't you going to sleep?",True
NEUTRAL,"ещё афиши, если кто не видел",0.0,1.0,0.0,0.0,Neutral,3,3,Neutral,0.9892393350601196,neutral,3,Neutral,0.8778548240661621,negative,1,Negative,0.7387079000473022,Negative,1,Negative,0.6435758471488953,3,Neutral,0.46714109597500597,3,Neutral,0.0,3,Neutral,0.4215862472519563,2.5,2,Negative,Neutral,True,True,True,False,False,True,True,True,False,More posters if you haven't seen it.,True
NEUTRAL,ты станеш моей женой,0.0,1.0,0.0,0.0,Neutral,3,1,Negative,0.9128291010856628,neutral,3,Neutral,0.7838514447212219,positive,5,Positive,0.7266162037849426,Very Positive,5,Positive,0.5267249345779419,3,Neutral,0.5298840322374212,3,Neutral,0.0,3,Neutral,0.47536645372567526,3.25,3,Neutral,Neutral,True,False,True,False,False,True,True,True,True,You'll be my wife.,True
NEGATIVE,"одного люблю. другой нравится. с третьим гуляю. ахуенная девочка,бля",0.0,0.511,0.489,0.7717,Positive,5,5,Positive,0.9665318131446838,positive,5,Positive,0.9753806591033936,neutral,3,Neutral,0.5911616683006287,Very Negative,1,Negative,0.3685442805290222,3,Neutral,0.5298840322374212,3,Neutral,0.0,3,Neutral,0.47536645372567526,3.5,4,Positive,Negative,False,False,False,False,True,False,False,False,False,"I love one, I like the other, I walk with the third.",True
POSITIVE,я тоже)))) за то вчера было весело))) погоним сегодня))),0.0,1.0,0.0,0.0,Neutral,3,5,Positive,0.9958515167236328,positive,5,Positive,0.9850707054138184,positive,5,Positive,0.6218262910842896,Negative,1,Negative,0.2920752167701721,1,Negative,0.4526965619042522,1,Negative,0.0,5,Positive,0.8867665330724193,3.25,3,Neutral,Positive,False,True,True,True,False,False,False,True,False,) ) ) . . . . . . . . . . . . . . . . . . . . . . . . . . . . . . . . . . . . . . . . . . . . . . . . . . . . ). . . . . . . . . . . . . . . . . . . . . . . . . . . . . . . . . . . . . . . . . . . . . . . . . . . . . . . . . . . . . . . . . . . . . . . . .,True
NEGATIVE,а чего это ты в контакте сидишь?! лопату в руки и бегом на крышу!,0.0,1.0,0.0,0.0,Neutral,3,1,Negative,0.9999754428863525,negative,1,Negative,0.681681752204895,neutral,3,Neutral,0.9927819967269897,Very Negative,1,Negative,0.7799752950668335,1,Negative,0.47012956507327885,3,Neutral,0.0,3,Neutral,0.48125825953015583,2.0,2,Negative,Negative,False,True,True,False,True,True,False,False,True,Why are you sitting in contact?! shovel in your hands and running to the roof!,True
POSITIVE,"всегда буду ценить тех людей, которые в трудный момент скажут: ""я с тобой!""",0.135,0.703,0.162,0.126,Neutral,3,5,Positive,0.95020991563797,positive,5,Positive,0.5311861634254456,positive,5,Positive,0.9912651181221008,Positive,5,Positive,0.5025318264961243,3,Neutral,0.5657744295766126,3,Neutral,0.0,3,Neutral,0.7472309615837045,4.0,4,Positive,Positive,False,True,True,True,True,False,False,False,True,I will always appreciate those people who in a difficult moment will say: “I am with you!”,True
POSITIVE,"даааа,я научился ездить а лыжах)))",0.0,0.645,0.355,0.296,Positive,3,3,Neutral,0.9999417066574097,positive,5,Positive,0.8688424825668335,neutral,3,Neutral,0.9973896145820618,Neutral,3,Neutral,0.3260529041290283,3,Neutral,0.5275141679449716,3,Neutral,0.0,3,Neutral,0.9796792732720284,3.25,3,Neutral,Positive,True,False,True,False,False,False,False,False,False,"Yeah, I learned how to ski.",True
NEUTRAL,во всех летних альбомах страны,0.0,1.0,0.0,0.0,Neutral,3,3,Neutral,0.999994158744812,neutral,3,Neutral,0.8979324698448181,positive,5,Positive,0.7621792554855347,Neutral,3,Neutral,0.895982563495636,3,Neutral,0.5298840322374212,3,Neutral,0.0,3,Neutral,0.47536645372567526,3.25,3,Neutral,Neutral,True,True,True,False,True,True,True,True,True,on all the country's summer albums,True
NEGATIVE,"рив гош, или несколько слов о воровстве.",0.0,1.0,0.0,0.0,Neutral,3,3,Neutral,0.6597102880477905,negative,1,Negative,0.5489072203636169,negative,1,Negative,0.42045366764068604,Neutral,3,Neutral,0.9036762714385986,3,Neutral,0.6316593381098412,3,Neutral,0.0,5,Positive,0.6091634796551286,2.75,3,Neutral,Negative,False,False,True,True,False,False,False,False,False,Or a few words about theft.,True
NEUTRAL,выдохся совсем! по ссылке жмакни:,0.0,1.0,0.0,0.0,Neutral,3,3,Neutral,0.873650074005127,neutral,3,Neutral,0.6559792160987854,positive,5,Positive,0.4524812698364258,Positive,5,Positive,0.47704318165779114,3,Neutral,0.5298840322374212,3,Neutral,0.0,3,Neutral,0.47536645372567526,3.5,4,Positive,Neutral,True,True,True,False,False,True,True,True,False,It's all over! from the link:,True
POSITIVE,танцевальный дебют софии состоялся. медаль висит. радости по самые уши))),0.0,0.592,0.408,0.7845,Positive,5,5,Positive,0.9986788630485535,positive,5,Positive,0.9744037985801697,positive,5,Positive,0.5461474061012268,Neutral,3,Neutral,0.6631912589073181,3,Neutral,0.542484665286081,3,Neutral,0.0,3,Neutral,0.46551377061481913,4.0,4,Positive,Positive,True,True,True,True,False,False,False,False,True,Sophia's dance debut took place. medal hanging. joy up to the ears),True
POSITIVE,а за окном прекрасная весна.!,0.0,0.417,0.583,0.636,Positive,5,5,Positive,0.9983861446380615,positive,5,Positive,0.9841618537902832,positive,5,Positive,0.8627573847770691,Positive,5,Positive,0.850327730178833,5,Positive,0.5111781460681941,5,Positive,0.0,5,Positive,0.6146199028304307,5.0,5,Positive,Positive,True,True,True,True,True,True,True,True,True,It's a beautiful spring outside!,True
POSITIVE,еще к теме о безумии человеческом. они прекрасны)),0.294,0.397,0.31,0.0516,Neutral,3,5,Positive,0.9987977743148804,positive,5,Positive,0.9489679336547852,positive,5,Positive,0.8645196557044983,Positive,5,Positive,0.7747112512588501,3,Neutral,0.5298840322374212,3,Neutral,0.0,3,Neutral,0.4753664537256753,4.0,4,Positive,Positive,False,True,True,True,True,False,False,False,True,The subject of human insanity is beautiful.,True
NEUTRAL,"продаю мёд натуральный цветочный (подсолнечник) в розницу по оптовой цене: 3 литра (4,5 кг) - 650 руб, 1 литр (1,5 кг) - 250 руб., 0,5 литра - 130 руб. доставка по краснодару.",0.0,0.912,0.088,0.3612,Positive,5,3,Neutral,0.9978851675987244,neutral,3,Neutral,0.9264130592346191,neutral,3,Neutral,0.6253137588500977,Neutral,3,Neutral,0.9323920011520386,1,Negative,0.3892612363671497,1,Negative,0.0,3,Neutral,0.666864898268829,2.75,3,Neutral,Neutral,False,True,True,True,True,False,False,True,True,"I sell honey natural flower (sunflower) at retail at wholesale price: 3 liters (4.5 kg) - 650 rubles, 1 liter (1.5 kg) - 250 rubles, 0.5 liters - 130 rubles. delivery by Krasnodar.",True
NEUTRAL,меня почему-то всегда притягивали молчаливые люди.,0.0,0.682,0.318,0.4215,Positive,5,3,Neutral,0.7399473190307617,neutral,3,Neutral,0.7834550142288208,positive,5,Positive,0.6946595311164856,Negative,1,Negative,0.4624612033367157,3,Neutral,0.5298840322374212,3,Neutral,0.0,3,Neutral,0.4753664537256753,3.25,3,Neutral,Neutral,False,True,True,False,False,True,True,True,True,I have always been attracted to silent people.,True
POSITIVE,"господи, ну это идеально!",0.0,0.33,0.67,0.7263,Positive,5,5,Positive,0.998871386051178,positive,5,Positive,0.9402226209640503,positive,5,Positive,0.9931190013885498,Very Positive,5,Positive,0.6456769108772278,5,Positive,0.8614294788169335,5,Positive,0.0,5,Positive,0.7509137091506125,5.0,5,Positive,Positive,True,True,True,True,True,True,True,True,True,"Oh, my God, that's perfect!",True
NEUTRAL,"любимому человеку прощают то, что другим не прощают, и не прощают то, что прощают другим!",0.142,0.468,0.39,0.4915,Positive,5,5,Positive,0.9984709620475769,neutral,3,Neutral,0.44996699690818787,neutral,3,Neutral,0.559532880783081,Very Negative,1,Negative,0.5773211717605591,3,Neutral,0.5298840322374212,3,Neutral,0.0,3,Neutral,0.47536645372567543,3.25,3,Neutral,Neutral,False,False,True,True,False,True,True,True,True,Forgiveness is forgiving of what others do not forgive.,True
POSITIVE,о! кто-то новенький пришол! здрасьти!))) мы вам рады!))),0.0,0.59,0.41,0.6331,Positive,5,5,Positive,0.9989407658576965,positive,5,Positive,0.9084175229072571,positive,5,Positive,0.5881754159927368,Very Positive,5,Positive,0.6434319019317627,3,Neutral,0.6710053842054398,3,Neutral,0.0,3,Neutral,0.4618316161653986,4.25,4,Positive,Positive,True,True,True,True,True,False,False,False,True,Oh! someone new! Hello! ) We welcome you!,True
NEGATIVE,"и в будущем. ругается матом ps я всё ещё надеюсь, что это нелепая шутка :(",0.171,0.479,0.349,0.3818,Positive,5,1,Negative,0.7441747188568115,neutral,3,Neutral,0.5085204243659973,negative,1,Negative,0.9624447822570801,Very Negative,1,Negative,0.6451086401939392,3,Neutral,0.5888010104858631,3,Neutral,0.0,3,Neutral,0.6961101488475956,2.5,2,Negative,Negative,False,True,False,True,True,False,False,False,True,"And in the future, I still hope this is a ridiculous joke :",True
POSITIVE,сегодня мой лучший друг купил квартиру. и планировка и качество на отлично! ксск.,0.0,0.483,0.517,0.9151,Positive,5,5,Positive,0.9993665814399719,positive,5,Positive,0.9893747568130493,positive,5,Positive,0.9471516013145447,Very Positive,5,Positive,0.6501468420028687,5,Positive,0.45668859865698114,3,Neutral,0.0,5,Positive,0.8467549962586841,4.75,5,Positive,Positive,True,True,True,True,True,True,False,True,True,Today my best friend bought an apartment and the layout and quality are great!,True
POSITIVE,самый офигенный подарок на 14 февраля love is.,0.0,0.307,0.693,0.9062,Positive,5,5,Positive,0.9997276663780212,positive,5,Positive,0.9944593906402588,positive,5,Positive,0.8125005960464478,Positive,5,Positive,0.38762205839157104,5,Positive,0.8861358632788504,5,Positive,0.0,5,Positive,0.74,5.0,5,Positive,Positive,True,True,True,True,True,True,True,True,True,The best gift for February 14 is love.,True
NEUTRAL,ты похож на молодого дон кихота,0.0,0.667,0.333,0.3612,Positive,5,3,Neutral,0.9599742293357849,neutral,3,Neutral,0.9037336111068726,neutral,3,Neutral,0.946254551410675,Very Negative,1,Negative,0.44874200224876404,3,Neutral,0.5298840322374212,3,Neutral,0.0,3,Neutral,0.4753664537256753,3.0,3,Neutral,Neutral,False,True,True,True,False,True,True,True,True,You look like a young Don Quixote.,True
NEUTRAL,скидка всего 420руб за набор,0.0,1.0,0.0,0.0,Neutral,3,3,Neutral,0.9197616577148438,positive,5,Positive,0.7401509881019592,positive,5,Positive,0.9555416107177734,Neutral,3,Neutral,0.8695722818374634,3,Neutral,0.45468213800858426,3,Neutral,0.0,3,Neutral,0.9237240521042014,3.5,4,Positive,Neutral,True,True,False,False,True,True,True,True,False,discount of only 420 rubles per set,True
NEGATIVE,"просто за считанные минуты можно разрушить крепкие отношения,всего лишь из-за пару не правильно подобранных слов.",0.287,0.522,0.191,-0.4939,Negative,1,3,Neutral,0.9792478084564209,neutral,3,Neutral,0.6425530314445496,negative,1,Negative,0.9787614345550537,Negative,1,Negative,0.42761489748954773,3,Neutral,0.42599269123313616,3,Neutral,0.0,1,Negative,0.46875860666895497,2.0,2,Negative,Negative,True,False,False,True,True,False,False,True,True,"In a matter of minutes, you can destroy a strong relationship just because of a couple of wrong words.",True
NEGATIVE,"хватит уже гулять ,даха давай уроки делай",0.355,0.645,0.0,-0.296,Negative,3,3,Neutral,0.999981164932251,neutral,3,Neutral,0.5757784843444824,neutral,3,Neutral,0.9772137403488159,Positive,5,Positive,0.8435359001159668,3,Neutral,0.5151864736570196,3,Neutral,0.0,3,Neutral,0.8798558235209797,3.25,3,Neutral,Negative,True,False,False,False,False,False,False,False,False,"Stop walking, do your homework.",True
NEGATIVE,раймер сучка! не по катал меня сегодня! я обиделась! :(,0.0,0.815,0.185,0.1511,Positive,3,1,Negative,0.997884213924408,negative,1,Negative,0.7871568202972412,neutral,3,Neutral,0.6016156673431396,Very Positive,5,Positive,0.48087403178215027,1,Negative,0.40195916528928455,1,Negative,0.0,3,Neutral,0.4194192398231435,2.25,2,Negative,Negative,False,True,True,False,False,True,True,False,True,I don’t want to go to the park today! :,True
NEGATIVE,cadillac sixteen concept! моя мечта станет реальностью всего за 2 миллиона долларов.,0.0,0.663,0.337,0.6239,Positive,5,3,Neutral,0.9970647692680359,neutral,3,Neutral,0.606756865978241,positive,5,Positive,0.9267778396606445,Very Positive,5,Positive,0.43310481309890747,5,Positive,0.45145833248629913,5,Positive,0.0,5,Positive,0.8638848502361296,4.5,4,Positive,Negative,False,False,False,False,False,False,False,False,False,Cadillac sixteen concept! my dream will come true for just $2 million.,True
POSITIVE,"ахха,бахирева ты поймёшь)))",0.0,1.0,0.0,0.0,Neutral,3,5,Positive,0.9892219305038452,positive,5,Positive,0.9641178250312805,neutral,3,Neutral,0.48386356234550476,Negative,1,Negative,0.27939578890800476,3,Neutral,0.5298840322374212,3,Neutral,0.0,3,Neutral,0.47536645372567543,3.25,3,Neutral,Positive,False,True,True,False,False,False,False,False,False,"Ahha, you'll understand Bahireva.",True
NEGATIVE,ребята мы ведь можем по 4 часа в день трудиться. нас рабски используют.платят медный грош или совсем забывают заплатить.,0.217,0.783,0.0,-0.4576,Negative,1,1,Negative,0.9998286962509155,negative,1,Negative,0.5169653296470642,negative,1,Negative,0.9549296498298645,Neutral,3,Neutral,0.8293336033821106,1,Negative,0.6257148749571995,1,Negative,0.0,3,Neutral,0.48557903568967065,1.5,2,Negative,Negative,True,True,True,True,False,True,True,False,True,"After all, we can work for 4 hours a day, we are slavishly used, they pay a copper penny or completely forget to pay.",True
NEUTRAL,"андрей, один из минитестов показал следующий результат, смотри ниже. много других тестов здесь -",0.0,1.0,0.0,0.0,Neutral,3,3,Neutral,0.9999982118606567,neutral,3,Neutral,0.8674490451812744,neutral,3,Neutral,0.9853456020355225,Negative,1,Negative,0.7505950331687927,3,Neutral,0.3813282997695577,5,Positive,0.0,3,Neutral,0.5449136937153068,3.0,3,Neutral,Neutral,True,True,True,True,False,True,False,True,True,"Andrew, one of the minitests showed the following result, see below. many other tests here -",True
NEGATIVE,"вчерашнюю таблицу чемпионата распечатал и прибил на стене. кони первые, вы-вторые. нижегородцы-третьи, говно по руководством ""валерабляидисюда"" на 16-м. написал путину письмо, попросил закончить сегодня чемпионат с целью подготовки к лиге чемпионов. жду ответа. белый!",0.065,0.762,0.172,0.7088,Positive,5,1,Negative,0.9995575547218323,negative,1,Negative,0.6776293516159058,negative,1,Negative,0.8517424464225769,Neutral,3,Neutral,0.36903250217437744,1,Negative,0.7354175451448136,1,Negative,0.0,1,Negative,0.75,1.75,2,Negative,Negative,False,True,True,True,False,True,True,True,True,"Yesterday's championship table was printed out and nailed on the wall. horses first, second. Nizhny Novgorod-thirds, shit on the leadership of ""valerablyaidisyud"" on the 16th. wrote Putin a letter, asked to finish today's championship in order to prepare for the Champions League. waiting for the answer. white!",True
NEGATIVE,вот вы вреееедныеее с саньком!,0.0,1.0,0.0,0.0,Neutral,3,3,Neutral,0.8858537673950195,neutral,3,Neutral,0.5075355768203735,negative,1,Negative,0.7537084817886353,Very Positive,5,Positive,0.4854053854942322,3,Neutral,0.5298840322374212,3,Neutral,0.0,3,Neutral,0.47536645372567526,3.0,3,Neutral,Negative,False,False,False,True,False,False,False,False,False,You're a lot more sledged!,True
POSITIVE,моя бесконечная любовь,0.0,0.323,0.677,0.6369,Positive,5,1,Negative,0.9072193503379822,positive,5,Positive,0.9376326203346252,positive,5,Positive,0.9062131643295288,Very Negative,1,Negative,0.7207682132720947,3,Neutral,0.5438332089273248,3,Neutral,0.0,3,Neutral,0.37827150006380167,3.25,3,Neutral,Positive,True,False,True,True,False,False,False,False,False,my infinite love,True
NEUTRAL,голосуйте за кращого!,0.0,1.0,0.0,0.0,Neutral,3,3,Neutral,0.9999958276748657,neutral,3,Neutral,0.9370948672294617,neutral,3,Neutral,0.44400906562805176,Very Positive,5,Positive,0.6051577925682068,3,Neutral,0.5298840322374212,3,Neutral,0.0,3,Neutral,0.4753664537256752,3.25,3,Neutral,Neutral,True,True,True,True,False,True,True,True,True,Vote for the redhead!,True
NEGATIVE,"ты не бабник, нет - не льсти себе. ты - курицалюб",0.158,0.611,0.231,0.1511,Positive,3,1,Negative,0.8829025626182556,neutral,3,Neutral,0.5552867650985718,negative,1,Negative,0.7965419888496399,Very Negative,1,Negative,0.5038939714431763,3,Neutral,0.5298840322374212,3,Neutral,0.0,3,Neutral,0.47536645372567543,2.25,2,Negative,Negative,False,True,False,True,True,False,False,False,True,"You're not a womanizer, no, don't flatter yourself.",True
POSITIVE,"никому и никогда не позволю сказать хоть одно негативное слово в сторону моей сестры. вы можете думать всё что захотите! но оставляйте своё мнение при себе. она мой самый близкий человек,она мой лучик света,она моя сестра. и мне всё равно,что вы о ней думаете. пусть она не всегда поступает верно и вообще некоторые её поступки неадекватны, но для меня она есть и будет самой лучшей:",0.144,0.834,0.022,-0.7405,Negative,1,1,Negative,0.9911052584648132,neutral,3,Neutral,0.7658712863922119,positive,5,Positive,0.8185074925422668,Very Negative,1,Negative,0.5217973589897156,3,Neutral,0.43252321096517626,3,Neutral,0.0,1,Negative,0.45,2.25,2,Negative,Positive,False,False,False,True,False,False,False,False,False,"I will never allow anyone to say a negative word about my sister. you can think whatever you want! but keep your opinion to yourself. she is my closest person, she is my ray of light, she is my sister. and I do not care what you think of her.",True
NEUTRAL,mount show что там у москалей? или как хохлы парад смотрели,0.0,1.0,0.0,0.0,Neutral,3,3,Neutral,0.9525458216667175,neutral,3,Neutral,0.6043649911880493,neutral,3,Neutral,0.9830910563468933,Neutral,3,Neutral,0.8928240537643433,3,Neutral,0.5298840322374212,3,Neutral,0.0,3,Neutral,0.47536645372567526,3.0,3,Neutral,Neutral,True,True,True,True,True,True,True,True,True,"mount show, what are the Muscovites? or how the parade was watched",True
POSITIVE,моя прелесть! несси))),0.0,0.328,0.672,0.6239,Positive,5,5,Positive,0.9989500641822815,positive,5,Positive,0.9945923686027527,positive,5,Positive,0.5553220510482788,Positive,5,Positive,0.29720866680145264,5,Positive,0.6652185630124597,5,Positive,0.0,5,Positive,0.9448252771155365,5.0,5,Positive,Positive,True,True,True,True,True,True,True,True,True,"Oh, my darling!",True
NEUTRAL,резо миксы делает,0.0,1.0,0.0,0.0,Neutral,3,1,Negative,0.877929151058197,neutral,3,Neutral,0.8597157001495361,neutral,3,Neutral,0.6328761577606201,Negative,1,Negative,0.6934065818786621,3,Neutral,0.5298840322374212,3,Neutral,0.0,3,Neutral,0.4753664537256753,2.5,2,Negative,Neutral,True,False,True,True,False,True,True,True,False,reso mixes,True
NEUTRAL,акробатим на пляже,0.0,1.0,0.0,0.0,Neutral,3,5,Positive,0.9397599101066589,neutral,3,Neutral,0.83705735206604,negative,1,Negative,0.44136184453964233,Neutral,3,Neutral,0.5922915935516357,3,Neutral,0.5298840322374212,3,Neutral,0.0,3,Neutral,0.47536645372567543,3.0,3,Neutral,Neutral,True,False,True,False,True,True,True,True,True,acrobatim,True
NEUTRAL,на последгнем экзамене,0.0,1.0,0.0,0.0,Neutral,3,1,Negative,0.9336703419685364,neutral,3,Neutral,0.7236744165420532,neutral,3,Neutral,0.7874187231063843,Neutral,3,Neutral,0.8440940976142883,3,Neutral,0.5298840322374212,3,Neutral,0.0,3,Neutral,0.47536645372567526,2.75,3,Neutral,Neutral,True,False,True,True,True,True,True,True,True,final exam,True
POSITIVE,"я предпочитаю делать в своей жизни то, что я люблю. а не то, что модно, престижно или положено.",0.0,0.769,0.231,0.6369,Positive,5,5,Positive,0.9985713958740234,positive,5,Positive,0.6886069178581238,neutral,3,Neutral,0.9612115025520325,Neutral,3,Neutral,0.6184456944465637,3,Neutral,0.5702337475084633,3,Neutral,0.0,3,Neutral,0.7774776875607629,3.75,4,Positive,Positive,True,True,True,False,False,False,False,False,True,"I prefer to do in my life what I love, not what is fashionable, prestigious or proper.",True
NEUTRAL,"зашла в ""индийские специи"". купила кило фиников, горох в васаби, имбирь в сахаре, чечевиц, хата миту и печеньки. рот сгорел.",0.0,1.0,0.0,0.0,Neutral,3,3,Neutral,0.9946394562721252,neutral,3,Neutral,0.6986115574836731,neutral,3,Neutral,0.9618521332740784,Neutral,3,Neutral,0.3984329104423523,1,Negative,0.6852479076552239,1,Negative,0.0,1,Negative,0.8220125329701793,2.25,2,Negative,Neutral,True,True,True,True,True,False,False,False,False,"I went to Indian spices, bought a kilo of dates, peas in wasabi, ginger in sugar, lentils, hut mita and cookies.",True
NEUTRAL,варя ушла в поход!,0.0,1.0,0.0,0.0,Neutral,3,1,Negative,0.5748486518859863,neutral,3,Neutral,0.5629260540008545,neutral,3,Neutral,0.5623912215232849,Very Positive,5,Positive,0.4602730870246887,3,Neutral,0.6189191849729795,3,Neutral,0.0,1,Negative,0.6718109295934025,2.75,3,Neutral,Neutral,True,False,True,True,False,True,True,False,True,The cook went camping!,True
NEUTRAL,ты очень похож на джастина бибера! а на кого похож я? -,0.0,0.667,0.333,0.3612,Positive,5,3,Neutral,0.9999701976776123,neutral,3,Neutral,0.8337756991386414,neutral,3,Neutral,0.996980607509613,Very Negative,1,Negative,0.8047664165496826,3,Neutral,0.6896656062400399,3,Neutral,0.0,3,Neutral,0.5464574092258727,3.0,3,Neutral,Neutral,False,True,True,True,False,True,True,True,True,You look a lot like Justin Bieber. -,True
NEUTRAL,эй бум бум шо молчишь?:),0.0,1.0,0.0,0.0,Neutral,3,3,Neutral,0.9999790191650391,neutral,3,Neutral,0.6161481738090515,neutral,3,Neutral,0.5877695083618164,Neutral,3,Neutral,0.5653926730155945,3,Neutral,0.5298840322374212,3,Neutral,0.0,3,Neutral,0.4753664537256752,3.0,3,Neutral,Neutral,True,True,True,True,True,True,True,True,True,Hey boom boom sho shut up? :,True
NEGATIVE,кто-нибудь помогите избавится от вредной привычки. оч прошу.,0.273,0.397,0.331,-0.0323,Neutral,3,3,Neutral,0.999835729598999,neutral,3,Neutral,0.757688581943512,positive,5,Positive,0.7725868225097656,Neutral,3,Neutral,0.4135129153728485,3,Neutral,0.5298840322374212,3,Neutral,0.0,3,Neutral,0.47536645372567543,3.25,3,Neutral,Negative,False,False,False,False,False,False,False,False,False,Please help me get rid of this bad habit.,True
NEGATIVE,"остаться без друзей - самое горшее,после нищеты,несчастье (даниэль дефо )",0.525,0.475,0.0,-0.8736,Negative,1,1,Negative,0.9989578723907471,negative,1,Negative,0.675896942615509,neutral,3,Neutral,0.9889184832572937,Very Negative,1,Negative,0.5981476902961731,3,Neutral,0.5182524232880777,3,Neutral,0.0,1,Negative,0.4674667501056786,1.75,2,Negative,Negative,True,True,True,False,True,False,False,True,True,To be without friends is the worst misfortune after poverty. – Daniel Defoe,True
NEUTRAL,кому пофотографировать портерты на пленку?признавайтесь!,0.0,1.0,0.0,0.0,Neutral,3,3,Neutral,0.9999818801879883,neutral,3,Neutral,0.904590904712677,neutral,3,Neutral,0.980802059173584,Neutral,3,Neutral,0.6712087392807007,3,Neutral,0.5298840322374212,3,Neutral,0.0,3,Neutral,0.4753664537256753,3.0,3,Neutral,Neutral,True,True,True,True,True,True,True,True,True,Who is going to take pictures on film?,True
POSITIVE,"владик, я скучаааю : приезжай и пойдем гулять!",0.213,0.787,0.0,-0.2244,Negative,3,5,Positive,0.9982017278671265,positive,5,Positive,0.5046615600585938,neutral,3,Neutral,0.9975558519363403,Positive,5,Positive,0.5659055709838867,3,Neutral,0.5151864736570196,3,Neutral,0.0,3,Neutral,0.8798558235209797,3.75,4,Positive,Positive,False,True,True,False,True,False,False,False,True,"Lord, I miss you, come and go for a walk!",True
NEUTRAL,перманентный макияж бровей. теневая растушевка. первое фото - сразу после процедуры. второе фото - через 2 недели после процедуры.,0.0,1.0,0.0,0.0,Neutral,3,3,Neutral,0.7067142724990845,neutral,3,Neutral,0.7709462642669678,negative,1,Negative,0.7491776347160339,Neutral,3,Neutral,0.831061065196991,3,Neutral,0.5958813657435096,3,Neutral,0.0,3,Neutral,0.6111764782196958,2.75,3,Neutral,Neutral,True,True,True,False,True,True,True,True,True,"permanent makeup of the eyebrows, shadow shading, the first photo - immediately after the procedure, the second photo - 2 weeks after the procedure.",True
NEGATIVE,"вопросов много, мало ответов. ясно одно: слили ребят.",0.165,0.647,0.187,0.0772,Neutral,3,3,Neutral,0.9980202913284302,neutral,3,Neutral,0.817755937576294,negative,1,Negative,0.9915664792060852,Negative,1,Negative,0.5696476697921753,3,Neutral,0.6143215173079185,3,Neutral,0.0,3,Neutral,0.801130444369056,2.5,2,Negative,Negative,False,False,False,True,True,False,False,False,True,"Many questions, few answers, one thing is clear: the leaked guys.",True
POSITIVE,"с огромным удовольствием посмотрел выпуск! интересующимся этимологией, антропологией, лингвистикой-советую! так же, лишний раз убедился, что картавые ученые и православные херстианцы-глупые, злобные самодуры) ну конечно, не без юмора, сарказма, подколов))))))",0.176,0.454,0.37,0.8517,Positive,5,5,Positive,0.9930039048194885,positive,5,Positive,0.4644845128059387,positive,5,Positive,0.9012029767036438,Very Positive,5,Positive,0.5701626539230347,3,Neutral,0.5189882541925867,3,Neutral,0.0,3,Neutral,0.8601729028813442,4.25,4,Positive,Positive,True,True,True,True,True,False,False,False,True,"with great pleasure watched the issue! interested in etymology, anthropology, linguistics-council! as well, once again convinced that Kart scientists and Orthodox Herstians are stupid, evil smugs) well, of course, not without humor, sarcasm, hamstrings)",True
NEUTRAL,"говорят, у людей с холодными руками теплое сердце.",0.0,0.759,0.241,0.2263,Positive,3,3,Neutral,0.9999839067459106,neutral,3,Neutral,0.6024782657623291,neutral,3,Neutral,0.5035784840583801,Positive,5,Positive,0.6212226152420044,3,Neutral,0.5697449323744743,3,Neutral,0.0,3,Neutral,0.9234199594436967,3.25,3,Neutral,Neutral,False,True,True,True,False,True,True,True,True,People with cold hands have a warm heart.,True
NEUTRAL,о славянских девушках),0.0,1.0,0.0,0.0,Neutral,3,3,Neutral,0.742203414440155,neutral,3,Neutral,0.9163133502006531,negative,1,Negative,0.45482441782951355,Neutral,3,Neutral,0.7481163740158081,3,Neutral,0.5298840322374212,3,Neutral,0.0,3,Neutral,0.47536645372567526,2.75,3,Neutral,Neutral,True,True,True,False,True,True,True,True,True,about Slavic girls,True
NEUTRAL,я сделаю это.,0.0,1.0,0.0,0.0,Neutral,3,3,Neutral,0.9679805040359497,neutral,3,Neutral,0.8739783763885498,positive,5,Positive,0.6955998539924622,Positive,5,Positive,0.744079053401947,1,Negative,0.47012956507327885,3,Neutral,0.0,3,Neutral,0.48125825953015583,3.25,3,Neutral,Neutral,True,True,True,False,False,False,True,True,True,I'll do it.,True
NEUTRAL,"виктор, я подобрала тебе машину",0.0,1.0,0.0,0.0,Neutral,3,5,Positive,0.9995654225349426,neutral,3,Neutral,0.8163692355155945,neutral,3,Neutral,0.9723509550094604,Neutral,3,Neutral,0.5469878315925598,3,Neutral,0.7520435553887805,3,Neutral,0.0,3,Neutral,0.8777104017450553,3.25,3,Neutral,Neutral,True,False,True,True,True,True,True,True,True,"Victor, I got you a car.",True
NEUTRAL,"друзья! выручайте! есть среди вас дизайнеры проектировщики жилых помещений?срочно для разработки проекта детского сада нужен смелый альтруист, готовый помочь за символическое вознаграждение в сумме не выше 15 000 отечественных рублей",0.044,0.599,0.357,0.9401,Positive,5,3,Neutral,0.9991563558578491,neutral,3,Neutral,0.8987632989883423,negative,1,Negative,0.5155206322669983,Very Positive,5,Positive,0.4710579812526703,5,Positive,0.5571844749436624,5,Positive,0.0,3,Neutral,0.6716605758068925,3.75,4,Positive,Neutral,False,True,True,False,False,False,False,True,False,"Friends! help! there are among you designers of residential premises? urgently for the development of a kindergarten project need a bold altruist, ready to help for a symbolic reward in the amount of no more than 15 000 domestic rubles",True
POSITIVE,"как же греют слова однокласника ""да ладно , я тоже ни хя не учил"")",0.0,0.84,0.16,0.2263,Positive,3,1,Negative,0.9992413520812988,positive,5,Positive,0.4840821921825409,positive,5,Positive,0.9286820888519287,Very Negative,1,Negative,0.5000240802764893,3,Neutral,0.5298840322374212,3,Neutral,0.0,3,Neutral,0.47536645372567526,3.0,3,Neutral,Positive,True,False,True,True,False,False,False,False,False,"How warm the words of a classmate ""Come on, I didn't teach either""",True
NEUTRAL,"всероссийский народный сход против политики властей состоится, скорее всего, не 3 декабря, а 2.",0.0,1.0,0.0,0.0,Neutral,3,3,Neutral,0.999761164188385,neutral,3,Neutral,0.8483679294586182,negative,1,Negative,0.6278308629989624,Neutral,3,Neutral,0.9149318933486938,3,Neutral,0.7047308561682815,3,Neutral,0.0,3,Neutral,0.7881495994920776,2.75,3,Neutral,Neutral,True,True,True,False,True,True,True,True,True,"The all-Russian people’s gathering against the policy of the authorities will most likely take place not on December 3, but on December 2.",True
NEGATIVE,"если и они тебе не мелодичны, я уже и не знаю.",0.0,1.0,0.0,0.0,Neutral,3,3,Neutral,0.9998691082000732,neutral,3,Neutral,0.8303912281990051,negative,1,Negative,0.6381505131721497,Negative,1,Negative,0.7848483324050903,3,Neutral,0.5298840322374212,3,Neutral,0.0,3,Neutral,0.47536645372567526,2.5,2,Negative,Negative,False,False,False,True,True,False,False,False,True,"If they're not melodic, I don't know anymore.",True
POSITIVE,"я - девушка. нельзя меня ругать, нельзя мне bрать! . мeня надо любить, целовать и нежно-нeжно oбнимать.",0.0,0.373,0.627,0.9552,Positive,5,5,Positive,0.9893733859062195,negative,1,Negative,0.5288228392601013,negative,1,Negative,0.6743916869163513,Positive,5,Positive,0.47295448184013367,5,Positive,0.6427309223535416,5,Positive,0.0,5,Positive,0.9,4.0,4,Positive,Positive,True,True,False,False,True,True,True,True,True,"I'm a girl. You can't scold me, you can't fuck me! . . I have to love, kiss and gently hug.",True
NEGATIVE,"не жизнь, а не понятно что",0.0,1.0,0.0,0.0,Neutral,3,1,Negative,0.5651286840438843,neutral,3,Neutral,0.6223931312561035,negative,1,Negative,0.6592946648597717,Negative,1,Negative,0.8760510087013245,3,Neutral,0.6675359652992242,3,Neutral,0.0,1,Negative,0.46,2.0,2,Negative,Negative,False,True,False,True,True,False,False,True,True,It's not life.,True
POSITIVE,"и вот прошел он - слёт краеведов нашего города. грязь, жара, колючки, бла-бла-бла. зато фоток- немерено :)",0.167,0.833,0.0,-0.1531,Negative,3,5,Positive,0.9985257983207703,neutral,3,Neutral,0.5360203981399536,positive,5,Positive,0.7479488253593445,Very Negative,1,Negative,0.47392645478248596,3,Neutral,0.5118698938388668,3,Neutral,0.0,5,Positive,0.5981508723949116,3.5,4,Positive,Positive,False,True,False,True,False,False,False,True,True,"And here it was - a gathering of local historians of our city. mud, heat, thorns, blah blah blah, but the photo - immeasurable :",True
NEUTRAL,го на великах кататься?,0.0,1.0,0.0,0.0,Neutral,3,3,Neutral,0.9999713897705078,neutral,3,Neutral,0.9335476160049438,negative,1,Negative,0.6666560769081116,Neutral,3,Neutral,0.6736627817153931,3,Neutral,0.5487491426251809,3,Neutral,0.0,3,Neutral,0.802404086257955,2.75,3,Neutral,Neutral,True,True,True,False,True,True,True,True,True,Why ride bikes?,True
NEGATIVE,завтра самый ужасный день,0.506,0.494,0.0,-0.6249,Negative,1,1,Negative,0.9522270560264587,negative,1,Negative,0.5385832190513611,negative,1,Negative,0.8310783505439758,Very Negative,1,Negative,0.8149341940879822,1,Negative,0.9397690244227082,1,Negative,0.0,1,Negative,0.89,1.0,1,Negative,Negative,True,True,True,True,True,True,True,True,True,tomorrow is the worst day,True
POSITIVE,у меня новая ракетка! супер пинг-понг!,0.0,1.0,0.0,0.0,Neutral,3,5,Positive,0.9996417760848999,positive,5,Positive,0.9768622517585754,neutral,3,Neutral,0.9995648264884949,Very Positive,5,Positive,0.6133603453636169,5,Positive,0.955859618569101,5,Positive,0.0,5,Positive,1.0,4.5,4,Positive,Positive,False,True,True,False,True,True,True,True,True,I have a new racket!,True
NEUTRAL,сегодня встречал олимпийский огонь.,0.0,1.0,0.0,0.0,Neutral,3,5,Positive,0.9988780617713928,neutral,3,Neutral,0.593952476978302,neutral,3,Neutral,0.6339051127433777,Neutral,3,Neutral,0.8331623673439026,5,Positive,0.43022119937237235,5,Positive,0.0,3,Neutral,0.6306895255051362,3.75,4,Positive,Neutral,True,False,True,True,True,False,False,True,False,I met the Olympic flame today.,True
NEGATIVE,15 минут позора и все закончится,0.341,0.659,0.0,-0.4767,Negative,1,1,Negative,0.9971038699150085,negative,1,Negative,0.7136683464050293,negative,1,Negative,0.9780735373497009,Neutral,3,Neutral,0.5962072610855103,3,Neutral,0.5298840322374212,3,Neutral,0.0,3,Neutral,0.4753664537256753,2.0,2,Negative,Negative,True,True,True,True,False,False,False,False,True,15 minutes of shame and it's over.,True
NEUTRAL,добавляйте ее очень хорошая девушка.,0.0,0.564,0.436,0.4754,Positive,5,5,Positive,0.9144201874732971,positive,5,Positive,0.7172433137893677,neutral,3,Neutral,0.7366893291473389,Positive,5,Positive,0.8571516275405884,3,Neutral,0.7108586578984336,3,Neutral,0.0,3,Neutral,0.610804667247803,4.0,4,Positive,Neutral,False,False,False,True,False,True,True,True,False,Add her a very nice girl.,True
NEUTRAL,куплю 3 оконих стекла,0.0,1.0,0.0,0.0,Neutral,3,3,Neutral,0.9999874830245972,neutral,3,Neutral,0.9444505572319031,positive,5,Positive,0.8483291864395142,Neutral,3,Neutral,0.9104016423225403,3,Neutral,0.5298840322374212,3,Neutral,0.0,3,Neutral,0.4753664537256753,3.25,3,Neutral,Neutral,True,True,True,False,True,True,True,True,True,I'll buy 3 windows.,True
NEGATIVE,ебать мне тебя сейчас жалко. ))),0.206,0.794,0.0,-0.0772,Neutral,3,1,Negative,0.9209388494491577,negative,1,Negative,0.8793604373931885,neutral,3,Neutral,0.9766278266906738,Very Negative,1,Negative,0.4179733395576477,1,Negative,0.487971955334089,1,Negative,0.0,1,Negative,0.8445661204497997,1.5,2,Negative,Negative,False,True,True,False,True,True,True,True,True,I feel sorry for you right now. ),True
NEUTRAL,определение словарного запаса:,0.0,1.0,0.0,0.0,Neutral,3,3,Neutral,0.9996856451034546,neutral,3,Neutral,0.8963357210159302,negative,1,Negative,0.9510419964790344,Neutral,3,Neutral,0.9371311664581299,3,Neutral,0.5102234132687955,3,Neutral,0.0,3,Neutral,0.46149923960498007,2.75,3,Neutral,Neutral,True,True,True,False,True,True,True,True,True,definition of vocabulary:,True
NEUTRAL,я нашла парней для нашей подруги,0.0,0.556,0.444,0.4939,Positive,5,3,Neutral,0.9996476173400879,neutral,3,Neutral,0.7279550433158875,positive,5,Positive,0.9404746890068054,Positive,5,Positive,0.7163149118423462,3,Neutral,0.5298840322374212,3,Neutral,0.0,3,Neutral,0.47536645372567526,3.75,4,Positive,Neutral,False,True,True,False,False,True,True,True,False,I found guys for our friend.,True
NEGATIVE,почему мир так жесток!?,0.493,0.507,0.0,-0.7065,Negative,1,5,Positive,0.41643598675727844,negative,1,Negative,0.5686379671096802,negative,1,Negative,0.88907790184021,Very Negative,1,Negative,0.766309380531311,3,Neutral,0.6020186432229114,3,Neutral,0.0,1,Negative,0.5345763439860466,2.0,2,Negative,Negative,True,False,True,True,True,False,False,True,True,Why is the world so cruel?,True
NEGATIVE,"слышь бродяга, еще раз приедешь на историческую родину и не позвонишь- насру под двери, чтоб ты уезжая вспомнил!",0.175,0.825,0.0,-0.6239,Negative,1,1,Negative,0.999955415725708,negative,1,Negative,0.7173737287521362,negative,1,Negative,0.5209644436836243,Positive,5,Positive,0.4477164149284363,3,Neutral,0.5298840322374212,3,Neutral,0.0,3,Neutral,0.47536645372567543,2.25,2,Negative,Negative,True,True,True,True,False,False,False,False,True,You're going to come back to your historic homeland and you're not going to call a shit under the door so you can remember when you leave!,True
NEUTRAL,я на твиттере страницу завел. а в чем прикол? svetozarr87 если что,0.0,0.708,0.292,0.5106,Positive,5,3,Neutral,0.9995847344398499,neutral,3,Neutral,0.8865893483161926,positive,5,Positive,0.724735677242279,Neutral,3,Neutral,0.7512982487678528,3,Neutral,0.6516002278026315,3,Neutral,0.0,5,Positive,0.6790595576017769,3.75,4,Positive,Neutral,False,True,True,False,True,True,True,False,False,I started a Twitter page. What's the fun? Svetozarr87 if anything,True
NEUTRAL,"у настоящих друзей всегда появляются какие-то общие шутки, которые довольно сложно объяснить постороннему.",0.123,0.529,0.348,0.6258,Positive,5,3,Neutral,0.996842622756958,neutral,3,Neutral,0.8823129534721375,neutral,3,Neutral,0.9562700986862183,Negative,1,Negative,0.8808462619781494,3,Neutral,0.6847802020435585,3,Neutral,0.0,1,Negative,0.47156939184132507,2.75,3,Neutral,Neutral,False,True,True,True,False,True,True,False,True,True friends always have some common jokes that are quite difficult to explain to an outsider.,True
NEGATIVE,"мне одной кажется, что математика это не моё?what?",0.0,1.0,0.0,0.0,Neutral,3,3,Neutral,0.9992666840553284,neutral,3,Neutral,0.8913390040397644,negative,1,Negative,0.783047080039978,Very Negative,1,Negative,0.5424883365631104,1,Negative,0.47012956507327885,3,Neutral,0.0,3,Neutral,0.48125825953015583,2.25,2,Negative,Negative,False,False,False,True,True,True,False,False,True,I'm the only one who thinks math isn't my thing.,True
NEUTRAL,зёбрик точно как у тебя))),0.0,0.545,0.455,0.3612,Positive,5,3,Neutral,0.9982755184173584,neutral,3,Neutral,0.5816794633865356,neutral,3,Neutral,0.9244289994239807,Neutral,3,Neutral,0.5617201924324036,3,Neutral,0.655570717207109,3,Neutral,0.0,3,Neutral,0.8329152343533007,3.25,3,Neutral,Neutral,False,True,True,True,True,True,True,True,True,Just like your zebra.,True
NEGATIVE,"господа, у меня для вас плохие новости.",0.368,0.632,0.0,-0.5423,Negative,1,3,Neutral,0.9999628067016602,negative,1,Negative,0.5204511284828186,negative,1,Negative,0.9403716921806335,Very Negative,1,Negative,0.5080147385597229,3,Neutral,0.5298840322374212,3,Neutral,0.0,3,Neutral,0.47536645372567543,2.0,2,Negative,Negative,True,False,True,True,True,False,False,False,True,"Gentlemen, I have some bad news for you.",True
POSITIVE,"люблю тебя , и это тайна , в душе моей , это сикрет, тебя спросить теперь желаю? меня ты любишь , илинет",0.0,0.744,0.256,0.6705,Positive,5,3,Neutral,0.9392892122268677,positive,5,Positive,0.9357146620750427,positive,5,Positive,0.869564950466156,Very Positive,5,Positive,0.5146662592887878,3,Neutral,0.5566296529570789,3,Neutral,0.0,3,Neutral,0.7184915983320227,4.0,4,Positive,Positive,True,False,True,True,True,False,False,False,True,"I love you, and this is a secret in my soul, this is a secret, do I want to ask you now?",True
NEGATIVE,"блин, и все таки пунк(",0.545,0.455,0.0,-0.5574,Negative,1,1,Negative,0.9343326091766357,neutral,3,Neutral,0.5401760339736938,neutral,3,Neutral,0.5231046676635742,Positive,5,Positive,0.43440476059913635,3,Neutral,0.7273670742852157,3,Neutral,0.0,1,Negative,0.7817718036877889,2.5,2,Negative,Negative,True,True,False,False,False,False,False,True,True,"Shit, and still punk.",True
NEGATIVE,"черт,я вообще не делала дз по русскому с 7сентября!блин,мне еще 20стр. по биологии заполнять!( я вообще делаю уроки?",0.234,0.766,0.0,-0.7339,Negative,1,3,Neutral,0.9999934434890747,negative,1,Negative,0.8082555532455444,positive,5,Positive,0.344888299703598,Very Positive,5,Positive,0.3625996708869934,1,Negative,0.7707164296319334,1,Negative,0.0,1,Negative,0.7284443674232215,2.25,2,Negative,Negative,True,False,True,False,False,True,True,True,True,"Hell, I haven't done a DZ in Russian since September 7th! I still have 20 pages in biology to fill out!",True
NEGATIVE,а сами даже машинку стиральную включить не умеют))),0.0,1.0,0.0,0.0,Neutral,3,3,Neutral,0.9995461106300354,neutral,3,Neutral,0.8687715530395508,negative,1,Negative,0.9940789937973022,Very Negative,1,Negative,0.3669228255748749,3,Neutral,0.6941539348675863,3,Neutral,0.0,1,Negative,0.44277847510811,2.25,2,Negative,Negative,False,False,False,True,True,False,False,True,True,They can't even turn on the washing machine.,True
NEUTRAL,"ооо,вот ещё,слушайте пожалуйсто",0.0,0.685,0.315,0.3182,Positive,3,3,Neutral,0.999985933303833,neutral,3,Neutral,0.893104076385498,neutral,3,Neutral,0.9674248099327087,Very Negative,1,Negative,0.3931124210357666,3,Neutral,0.5298840322374212,3,Neutral,0.0,3,Neutral,0.47536645372567526,2.75,3,Neutral,Neutral,False,True,True,True,False,True,True,True,True,"Oh, there you go, listen, please.",True
NEUTRAL,баня.когда на работу выйдешь?,0.0,1.0,0.0,0.0,Neutral,3,3,Neutral,0.9997978806495667,neutral,3,Neutral,0.8405382633209229,neutral,3,Neutral,0.999360978603363,Neutral,3,Neutral,0.39490237832069397,3,Neutral,0.5298840322374212,3,Neutral,0.0,3,Neutral,0.47536645372567526,3.0,3,Neutral,Neutral,True,True,True,True,True,True,True,True,True,When are you going to work?,True
POSITIVE,"так то!ахаха, а а а а, девочки, мальчики, оближешь пальчики)классные ребята)",0.0,0.682,0.318,0.4215,Positive,5,5,Positive,0.9936003684997559,positive,5,Positive,0.9886725544929504,neutral,3,Neutral,0.9327642321586609,Positive,5,Positive,0.34541600942611694,1,Negative,0.4320980056606091,1,Negative,0.0,3,Neutral,0.97896364365431,3.5,4,Positive,Positive,True,True,True,False,True,False,False,False,True,"Ahahaha, and aah, girls, boys, nice fingers.",True
NEGATIVE,грустный кпишный ёжик,0.0,1.0,0.0,0.0,Neutral,3,1,Negative,0.9964321851730347,negative,1,Negative,0.4586275517940521,neutral,3,Neutral,0.6403852701187134,Very Negative,1,Negative,0.7440386414527893,3,Neutral,0.5570563546099483,3,Neutral,0.0,1,Negative,0.8846309651723644,2.0,2,Negative,Negative,False,True,True,False,True,False,False,True,True,scarlet,True
NEUTRAL,ето был твой парень?,0.0,1.0,0.0,0.0,Neutral,3,3,Neutral,0.9998233914375305,neutral,3,Neutral,0.8850374817848206,neutral,3,Neutral,0.9916785955429077,Neutral,3,Neutral,0.3356548547744751,3,Neutral,0.4728789376396472,3,Neutral,0.0,3,Neutral,0.8256531447973345,3.0,3,Neutral,Neutral,True,True,True,True,True,True,True,True,True,Was that your boyfriend?,True
POSITIVE,aaaaa! наконец-то!ждуу с нетерпением!,0.0,1.0,0.0,0.0,Neutral,3,5,Positive,0.9991768002510071,positive,5,Positive,0.9778353571891785,neutral,3,Neutral,0.8399097919464111,Very Positive,5,Positive,0.7205432653427124,3,Neutral,0.5298840322374212,3,Neutral,0.0,3,Neutral,0.47536645372567526,3.75,4,Positive,Positive,False,True,True,False,True,False,False,False,True,Aaaaaaaaaaaaaaaaaaaaaaaaaaaaaaaaaaaaaaaaaaaaaaaaaaaaaaaaaaaaaaaaaaaaaaaaaaaaaaaaaaaaaaaaaaaaaaaaaaaaaaaaaaaaaaaaaaaaaaaaaaaaaaaaaaaaaaaaaaaaaaaaaaaaaaaaaaaaaaaaaaaaaaaaaaaaaaaaaaaaaaaaaaaaaaaaaaaaaaaaaaaaaaaaaaaaaaaaaaaaaaaaaaaaaaaaaaaaaaaaaaaaaaaaaaaaaaaa,True
POSITIVE,"как же все таки приятно когда тебя любят, правда ведь?",0.0,0.427,0.573,0.7717,Positive,5,5,Positive,0.38095611333847046,positive,5,Positive,0.9440373182296753,positive,5,Positive,0.6955112814903259,Negative,1,Negative,0.5449544191360474,5,Positive,0.5453275689372762,5,Positive,0.0,5,Positive,0.71,4.5,4,Positive,Positive,True,True,True,True,False,True,True,True,True,"It's nice to be loved, isn't it?",True
POSITIVE,я на права сдал )))),0.0,1.0,0.0,0.0,Neutral,3,5,Positive,0.9501277804374695,positive,5,Positive,0.66380375623703,positive,5,Positive,0.6699066758155823,Negative,1,Negative,0.27382004261016846,3,Neutral,0.5298840322374212,3,Neutral,0.0,3,Neutral,0.47536645372567526,3.5,4,Positive,Positive,False,True,True,True,False,False,False,False,True,I passed the license.,True
NEGATIVE,"который день июль печально хмурится, пуская в ход холодные ветра. гуляет дождь по опустевшим улицам, стучит по плоским крышам до утра. нависло небо мрачное над городом, от серости не скрыться под зонтом. сейчас бы солнца, вот бы было здорово! а вместо этого опять грохочет гром который день в июле пахнет осенью, и настроение тому под стать. я чувствую себя случайной гостьею в чертогах сентября и не сбежать.",0.079,0.864,0.058,-0.0984,Neutral,3,5,Positive,0.9991241097450256,negative,1,Negative,0.8803406953811646,neutral,3,Neutral,0.5314413905143738,Very Negative,1,Negative,0.523637592792511,1,Negative,0.7554936433153218,1,Negative,0.0,1,Negative,0.43,2.0,2,Negative,Negative,False,False,True,False,True,True,True,True,True,"which day July is sadly frowning, setting in motion the cold winds. rain walks on the deserted streets, knocks on flat roofs until morning. the sky is gloomy over the city, from grayness can not hide under an umbrella. now the sun would be great! but instead again thunder thunders that day in July smells of autumn, and the mood to come.",True
NEGATIVE,"вот на сайте питомника vesmas karalius моя лолка- почему-то там ее зовут irma)))) и такая же фотка у и. лозанской в альбоме ""любуйтесь-хлоя""- это не правильно так делать- чужих котят выдавать за своих",0.0,0.936,0.064,0.4767,Positive,5,3,Neutral,0.9998915195465088,neutral,3,Neutral,0.7229225039482117,negative,1,Negative,0.987261176109314,Negative,1,Negative,0.7349969148635864,3,Neutral,0.6383017748658822,3,Neutral,0.0,1,Negative,0.59,2.5,2,Negative,Negative,False,False,False,True,True,False,False,True,True,"here on the site of the kennel vesmas karalius my lolka - for some reason there her name is irma)) and the same photo of I. Lausanne in the album ""Admire Chloe"" - it is not right to do so - stranger kittens to pass off as their own",True
NEUTRAL,мне это кого-то определенно напоминает!)))),0.0,0.626,0.374,0.4574,Positive,5,3,Neutral,0.9999939203262329,neutral,3,Neutral,0.8577958941459656,neutral,3,Neutral,0.9397225379943848,Positive,5,Positive,0.49975019693374634,1,Negative,0.47012956507327885,3,Neutral,0.0,3,Neutral,0.48125825953015583,3.25,3,Neutral,Neutral,False,True,True,True,False,False,True,True,True,This definitely reminds me of someone!,True
POSITIVE,хочу в париж.,0.0,0.435,0.565,0.0772,Neutral,3,5,Positive,0.9956743121147156,positive,5,Positive,0.9405049085617065,neutral,3,Neutral,0.9818784594535828,Neutral,3,Neutral,0.3824519217014313,3,Neutral,0.754931975925369,3,Neutral,0.0,3,Neutral,0.5184209982741905,3.5,4,Positive,Positive,False,True,True,False,False,False,False,False,True,I want Paris.,True
POSITIVE,моя ёлочка достигла 2 уровня!,0.0,0.78,0.22,0.1759,Positive,3,5,Positive,0.9552132487297058,positive,5,Positive,0.9553183913230896,neutral,3,Neutral,0.9996523857116699,Positive,5,Positive,0.49671363830566406,3,Neutral,0.5298840322374212,3,Neutral,0.0,3,Neutral,0.47536645372567526,3.75,4,Positive,Positive,True,True,True,False,True,False,False,False,True,My Christmas tree has reached level 2!,True
NEUTRAL,топ-10 самых странных фильмов.,0.304,0.435,0.261,-0.0754,Neutral,3,3,Neutral,0.9999345541000366,neutral,3,Neutral,0.9199591279029846,neutral,3,Neutral,0.9994592070579529,Neutral,3,Neutral,0.7777813076972961,5,Positive,0.48072724024123037,5,Positive,0.0,1,Negative,0.7621702230681774,3.25,3,Neutral,Neutral,True,True,True,True,True,False,False,False,True,Top 10 Most Strange Movies,True
NEUTRAL,умение прощать - свойство сильных. слабые никогда не прощают. махатма ганди,0.122,0.464,0.414,0.7096,Positive,5,5,Positive,0.9946385025978088,neutral,3,Neutral,0.7022591829299927,neutral,3,Neutral,0.9913114309310913,Very Negative,1,Negative,0.49495160579681396,3,Neutral,0.45660826268800814,3,Neutral,0.0,1,Negative,0.4058563817329817,3.0,3,Neutral,Neutral,False,False,True,True,False,True,True,False,True,The ability to forgive is the property of the strong; the weak never forgive. - Mahatma Gandhi,True
NEUTRAL,работай над собой - это важная цель в твоей жизни.,0.0,0.833,0.167,0.2023,Positive,3,3,Neutral,0.9991188645362854,neutral,3,Neutral,0.8650323748588562,positive,5,Positive,0.5319932699203491,Positive,5,Positive,0.5176018476486206,3,Neutral,0.5703967180012061,3,Neutral,0.0,3,Neutral,0.7784915983320227,3.5,4,Positive,Neutral,False,True,True,False,False,True,True,True,False,Working on yourself is an important goal in your life.,True
NEUTRAL,"антон, я указала какой ты по характеру, зайди по ссылке чтобы узнать",0.0,1.0,0.0,0.0,Neutral,3,3,Neutral,0.9999934434890747,neutral,3,Neutral,0.8863505721092224,neutral,3,Neutral,0.9985356330871582,Neutral,3,Neutral,0.6700650453567505,3,Neutral,0.7340616549134613,3,Neutral,0.0,3,Neutral,0.97,3.0,3,Neutral,Neutral,True,True,True,True,True,True,True,True,True,"Anton, I have indicated what kind of character you are, go to the link to find out",True
NEUTRAL,"очень давно интересует один вопрос,но в лицо боюсь спросить:в глаз получу уж точно. девушки с длинными наращенными(или нет) ногтями в 5 сантиметров,скажите,пожалуйста,только не обижайтесь,как вы ""подтираетесь""? сейчас меня закидают тапками,но жутко интересно!",0.078,0.703,0.219,0.7784,Positive,5,1,Negative,0.9526506066322327,neutral,3,Neutral,0.7354657649993896,positive,5,Positive,0.6030679941177368,Very Negative,1,Negative,0.7543532848358154,3,Neutral,0.6048973151523918,3,Neutral,0.0,3,Neutral,0.5416267180285638,3.0,3,Neutral,Neutral,False,False,True,False,False,True,True,True,True,"For a very long time I am interested in one question, but in the face I am afraid to ask: in the eye I will get for sure. girls with long overgrown (or not) nails in 5 centimeters, say, please, just do not be offended, how do you ""wipe""? now I throw slippers, but terribly interesting!",True
NEUTRAL,кто страшнее безумный бог или бог безумия?,0.5,0.272,0.228,-0.7184,Negative,1,5,Positive,0.8833488821983337,neutral,3,Neutral,0.698379635810852,negative,1,Negative,0.6999924778938293,Neutral,3,Neutral,0.684528648853302,3,Neutral,0.43755052788242327,3,Neutral,0.0,1,Negative,0.5855902166433997,2.5,2,Negative,Neutral,False,False,True,False,True,True,True,False,False,Who is worse than a mad god or a god of madness?,True
NEUTRAL,"к посту ниже - можете кидать свои треки в каменты, будем дополнять плейлист!",0.0,1.0,0.0,0.0,Neutral,3,3,Neutral,0.9999958276748657,neutral,3,Neutral,0.8910720944404602,positive,5,Positive,0.9765552878379822,Positive,5,Positive,0.4978993237018585,3,Neutral,0.512274451543099,5,Positive,0.0,1,Negative,0.5438974008093946,3.5,4,Positive,Neutral,True,True,True,False,False,True,False,False,False,"To the post below - you can throw your tracks into the stones, we will complement the playlist!",True
POSITIVE,я тоже всегда мордой вперед летал))) даже шрам до сих пор на бороде))) зато скорость и управление были превосходны))),0.0,0.798,0.202,0.7227,Positive,5,5,Positive,0.9868844747543335,positive,5,Positive,0.8862496018409729,positive,5,Positive,0.9829697608947754,Very Positive,5,Positive,0.7290154099464417,3,Neutral,0.657652621014552,3,Neutral,0.0,3,Neutral,0.48349373597303374,4.25,4,Positive,Positive,True,True,True,True,True,False,False,False,True,"I've always had a face-to-face flight, too) even the scar is still on my beard, but the speed and handling were excellent.",True
NEUTRAL,то что я отправлял было спамом полюбому )))))))),0.333,0.667,0.0,-0.3612,Negative,1,3,Neutral,0.9925343990325928,neutral,3,Neutral,0.853554368019104,neutral,3,Neutral,0.712309718132019,Neutral,3,Neutral,0.5454775094985962,3,Neutral,0.5298840322374212,3,Neutral,0.0,3,Neutral,0.47536645372567543,2.75,3,Neutral,Neutral,False,True,True,True,True,True,True,True,True,What I sent was spam to anyone. ),True
NEGATIVE,"вот блин.центр города, солнечное утро, клевое -сонное утро, купила по доброй традиции кофе.в ушах наушники.синие штаны,новенькие желтые кеды, вокруг цивильные люди.иду на любимую работу.метро.шесть дверей, три на вход и три на выход.подхожу.и тут мой мозг отказывается верить.из двери куда все заходят,вылетает женщина преклонного возраста, сшибает меня, кофе выливается на меня.она пролетает, не оглянувшись.сцуко.коня на скаку остановит.есть женщины в русских селениях, похожие больше на баб.",0.02,0.873,0.107,0.7902,Positive,5,1,Negative,0.9987142086029053,neutral,3,Neutral,0.7024311423301697,negative,1,Negative,0.9424134492874146,Very Negative,1,Negative,0.7267467975616455,3,Neutral,0.4735936021409228,3,Neutral,0.0,3,Neutral,0.6385971895994667,2.5,2,Negative,Negative,False,True,False,True,True,False,False,False,True,"Here's the pancake.center of the city, sunny morning, cool-sleepy morning, bought coffee in my ears headphones.blue pants, new yellow sneakers, civil people around.I'm going to my favorite job.Metro.six doors, three at the entrance and three at the exit.I'm suitable.and then my brain refuses to believe.From the door where everyone comes, an elderly woman flies me, coffee pours over me.She flies without looking back.Stuko.horse at the gallop stops in the village, more like a Russian woman.",True
POSITIVE,ха!теперь мне в старбаксе бесплатно латте делают!),0.0,0.661,0.339,0.5562,Positive,5,3,Neutral,0.5453716516494751,positive,5,Positive,0.8989237546920776,positive,5,Positive,0.4828566014766693,Positive,5,Positive,0.46306025981903076,5,Positive,0.4632280216416769,5,Positive,0.0,3,Neutral,0.523190931739194,4.5,4,Positive,Positive,True,False,True,True,True,True,True,False,True,Now they make me a free latte in Starbucks!,True
POSITIVE,"море, солнце, пляж!",0.0,1.0,0.0,0.0,Neutral,3,5,Positive,0.9977976083755493,positive,5,Positive,0.8371919393539429,neutral,3,Neutral,0.5954692959785461,Very Positive,5,Positive,0.425976037979126,3,Neutral,0.5654374618773005,3,Neutral,0.0,5,Positive,0.8367386927865611,4.0,4,Positive,Positive,False,True,True,False,True,False,False,True,True,"Sea, sun, beach!",True
POSITIVE,люблю тебя солнишко),0.0,0.323,0.677,0.6369,Positive,5,5,Positive,0.9974675178527832,positive,5,Positive,0.990911066532135,positive,5,Positive,0.8663381934165955,Neutral,3,Neutral,0.511117696762085,3,Neutral,0.5298840322374212,3,Neutral,0.0,3,Neutral,0.4753664537256753,4.0,4,Positive,Positive,True,True,True,True,False,False,False,False,True,"I love you, honey.",True
POSITIVE,"драконов не словили, но вот вагоны с сетками днк догнать нам удалось",0.0,1.0,0.0,0.0,Neutral,3,3,Neutral,0.9071849584579468,neutral,3,Neutral,0.6118828058242798,negative,1,Negative,0.4841472804546356,Negative,1,Negative,0.4866771101951599,3,Neutral,0.5298840322374212,3,Neutral,0.0,3,Neutral,0.4753664537256753,2.5,2,Negative,Positive,False,False,False,False,False,False,False,False,False,"We didn't catch dragons, but we managed to catch up with cars with DNC nets.",True
NEGATIVE,"витя, ты тряпка и кидала ((((",0.0,1.0,0.0,0.0,Neutral,3,3,Neutral,0.9709786772727966,negative,1,Negative,0.8848375082015991,negative,1,Negative,0.9289016723632812,Very Negative,1,Negative,0.30981019139289856,1,Negative,0.6974068406138662,1,Negative,0.0,1,Negative,0.8894103545564096,1.5,2,Negative,Negative,False,False,True,True,True,True,True,True,True,You're a rag and a rag.,True
POSITIVE,"ахах. это было незабываемое лето. люблю тебя: ""омега"" рулит.",0.0,0.682,0.318,0.6369,Positive,5,5,Positive,0.9991323351860046,positive,5,Positive,0.9928228855133057,positive,5,Positive,0.818557858467102,Very Negative,1,Negative,0.45931074023246765,3,Neutral,0.461782114878893,3,Neutral,0.0,3,Neutral,0.6648680783881941,3.75,4,Positive,Positive,True,True,True,True,False,False,False,False,True,"Oh, it's been an unforgettable summer. I love you. Omega rules.",True
POSITIVE,"подарите мне кто-нибудь пижаму, наконец! :)",0.0,0.607,0.393,0.3802,Positive,5,5,Positive,0.9992765784263611,positive,5,Positive,0.7317554354667664,neutral,3,Neutral,0.9871808886528015,Positive,5,Positive,0.46018892526626587,3,Neutral,0.5298840322374212,3,Neutral,0.0,3,Neutral,0.47536645372567526,4.0,4,Positive,Positive,True,True,True,False,True,False,False,False,True,"Give me some pajamas, please! :",True
NEUTRAL,александр владимирович. нашёл фото 2или3 года назад обещал вам )))),0.0,0.762,0.238,0.3612,Positive,5,3,Neutral,0.9487093091011047,neutral,3,Neutral,0.8321941494941711,neutral,3,Neutral,0.5127560496330261,Neutral,3,Neutral,0.684238076210022,5,Positive,0.48098560458638584,5,Positive,0.0,3,Neutral,0.8478139648308243,3.75,4,Positive,Neutral,False,True,True,True,True,False,False,True,False,Alexander Vladimirovich. found a photo 2li3 years ago promised you),True
NEGATIVE,удалила ферму - это стало похоже на зависимость,0.0,0.762,0.238,0.3612,Positive,5,1,Negative,0.9706456661224365,neutral,3,Neutral,0.7230892777442932,negative,1,Negative,0.7218305468559265,Very Negative,1,Negative,0.5288552045822144,3,Neutral,0.6283941482715161,3,Neutral,0.0,3,Neutral,0.6519462058466643,2.5,2,Negative,Negative,False,True,False,True,True,False,False,False,True,I removed the farm and it became like an addiction.,True
NEGATIVE,"что у тебя опять все плохо, влад? :)))))ты по-моему каким-то депрессивным становишься. эт на тебя так молодежная культура влияет? :)))",0.185,0.337,0.478,0.6369,Positive,5,3,Neutral,0.686357855796814,negative,1,Negative,0.4943084418773651,negative,1,Negative,0.9184337258338928,Very Negative,1,Negative,0.8240401744842529,3,Neutral,0.5348245346350328,3,Neutral,0.0,3,Neutral,0.5249788647548516,2.5,2,Negative,Negative,False,False,True,True,True,False,False,False,True,Do you feel like you’re getting depressed again? :) :),True
NEUTRAL,"инженер-конструктор,инструменталист и технолог anywalker андрейсмирнов",0.0,1.0,0.0,0.0,Neutral,3,3,Neutral,0.9989970326423645,neutral,3,Neutral,0.9178599715232849,positive,5,Positive,0.8209471702575684,Neutral,3,Neutral,0.782720148563385,3,Neutral,0.5298840322374212,3,Neutral,0.0,3,Neutral,0.4753664537256752,3.25,3,Neutral,Neutral,True,True,True,False,True,True,True,True,True,"Design engineer, instrumentalist and technologist anywalker Andreismirnov",True
POSITIVE,"чувак, ты же сейчас слушаешь anthrax! тебе когда нибудь говорили что ты пиздатый парень?",0.0,1.0,0.0,0.0,Neutral,3,1,Negative,0.9988788962364197,negative,1,Negative,0.7584362030029297,positive,5,Positive,0.45313453674316406,Very Negative,1,Negative,0.7376081943511963,3,Neutral,0.5540220156834028,3,Neutral,0.0,3,Neutral,0.666944129639846,2.5,2,Negative,Positive,False,False,False,True,False,False,False,False,False,"Dude, you're listening to anthrax right now! Have you ever been told you're a fucking guy?",True
NEUTRAL,прям про тебя )),0.0,1.0,0.0,0.0,Neutral,3,3,Neutral,0.9999144077301025,neutral,3,Neutral,0.7908208966255188,positive,5,Positive,0.5028569102287292,Neutral,3,Neutral,0.5026124715805054,3,Neutral,0.7095428921783474,3,Neutral,0.0,3,Neutral,0.7811568060463056,3.25,3,Neutral,Neutral,True,True,True,False,True,True,True,True,True,Just about you.,True
NEGATIVE,смауг - самовлюблённый напыщенный баран,0.0,1.0,0.0,0.0,Neutral,3,3,Neutral,0.9957597851753235,positive,5,Positive,0.5160149335861206,negative,1,Negative,0.9004738330841064,Very Negative,1,Negative,0.5744988322257996,3,Neutral,0.5298840322374212,3,Neutral,0.0,3,Neutral,0.47536645372567526,2.75,3,Neutral,Negative,False,False,False,True,True,False,False,False,False,Smaug is a narcissistic pompous ram,True
POSITIVE,бляя ну парни дают))) ахах)))),0.0,1.0,0.0,0.0,Neutral,3,5,Positive,0.985762357711792,positive,5,Positive,0.9547967910766602,positive,5,Positive,0.6133617162704468,Very Negative,1,Negative,0.38972705602645874,3,Neutral,0.5298840322374212,3,Neutral,0.0,3,Neutral,0.4753664537256753,3.5,4,Positive,Positive,False,True,True,True,False,False,False,False,True,Fucking guys give)) (ahah),True
NEUTRAL,я думал они уже вымерли.,0.0,1.0,0.0,0.0,Neutral,3,1,Negative,0.9095042943954468,neutral,3,Neutral,0.6927653551101685,neutral,3,Neutral,0.5005570650100708,Very Negative,1,Negative,0.5154983401298523,3,Neutral,0.5298840322374212,3,Neutral,0.0,3,Neutral,0.47536645372567543,2.5,2,Negative,Neutral,True,False,True,True,False,True,True,True,False,I thought they were extinct.,True
NEUTRAL,"у задержанных за беспорядки в москве изъято 16 травматических пистолетов, 208 ножей и еще 260 предметов для уличных боев, в том числе металлическая арматура, молотки, электрошокеры, кастеты, бейсбольные биты.",0.284,0.716,0.0,-0.8591,Negative,1,3,Neutral,0.999976396560669,neutral,3,Neutral,0.6695795059204102,negative,1,Negative,0.601265549659729,Neutral,3,Neutral,0.9277104139328003,3,Neutral,0.5298840322374212,3,Neutral,0.0,3,Neutral,0.4753664537256753,2.5,2,Negative,Neutral,False,True,True,False,True,True,True,True,False,"Detainees for riots in Moscow seized 16 traumatic pistols, 208 knives and another 260 items for street fighting, including metal reinforcements, hammers, stun guns, knuckles, baseball bats.",True
NEUTRAL,нужен напарник на постоянку),0.0,1.0,0.0,0.0,Neutral,3,5,Positive,0.976565957069397,neutral,3,Neutral,0.9302538633346558,negative,1,Negative,0.663608968257904,Neutral,3,Neutral,0.7950829863548279,3,Neutral,0.5298840322374212,3,Neutral,0.0,3,Neutral,0.4753664537256753,3.0,3,Neutral,Neutral,True,False,True,False,True,True,True,True,True,You need a regular partner.,True
NEUTRAL,белгут 2012 выпускной упп,0.0,1.0,0.0,0.0,Neutral,3,1,Negative,0.9921808242797852,neutral,3,Neutral,0.7161686420440674,positive,5,Positive,0.7901015877723694,Neutral,3,Neutral,0.6650928258895874,3,Neutral,0.5298840322374212,3,Neutral,0.0,3,Neutral,0.4753664537256753,3.0,3,Neutral,Neutral,True,False,True,False,True,True,True,True,True,Belgut 2012 graduation Upp,True
NEUTRAL,юг израиля переходит на военное положение,0.0,1.0,0.0,0.0,Neutral,3,3,Neutral,0.9963600039482117,neutral,3,Neutral,0.7754146456718445,neutral,3,Neutral,0.9724533557891846,Neutral,3,Neutral,0.9365471601486206,3,Neutral,0.5717909004489627,3,Neutral,0.0,3,Neutral,0.47156915234214,3.0,3,Neutral,Neutral,True,True,True,True,True,True,True,True,True,South Israel goes into martial law,True
POSITIVE,"шнур, сука, я взрослый мужик я не могу ходить и напевать - на лабутенах нах и в охуительных штанах",0.226,0.774,0.0,-0.5859,Negative,1,5,Positive,0.9989936947822571,negative,1,Negative,0.504406213760376,negative,1,Negative,0.9611659049987793,Very Negative,1,Negative,0.6668663620948792,3,Neutral,0.49663059841296975,3,Neutral,0.0,5,Positive,0.34752235873431736,2.5,2,Negative,Positive,False,True,False,False,False,False,False,True,False,"Cord, bitch, I'm a grown man I can't walk and hum on laboutins and fucking pants",True
NEUTRAL,если понравитса отпешысь!,0.0,0.589,0.411,0.4199,Positive,5,1,Negative,0.918778121471405,positive,5,Positive,0.5853807926177979,negative,1,Negative,0.5466116070747375,Negative,1,Negative,0.2673664093017578,3,Neutral,0.5298840322374212,3,Neutral,0.0,3,Neutral,0.47536645372567526,2.75,3,Neutral,Neutral,False,False,False,False,False,True,True,True,True,If you like to hurry!,True
NEGATIVE,"обидно, когда с людьми, которые раньше играли в твоей жизни огромную роль, перестаешь общаться так как раньше. еще обиднее осознавать,что, в принципе, их это не особо волнует.",0.259,0.635,0.107,-0.7731,Negative,1,1,Negative,0.9319800734519958,negative,1,Negative,0.6153892874717712,negative,1,Negative,0.9806290864944458,Negative,1,Negative,0.8525769114494324,3,Neutral,0.6063955261643499,3,Neutral,0.0,1,Negative,0.48,1.5,2,Negative,Negative,True,True,True,True,True,False,False,True,True,"It is a shame when people who used to play a huge role in your life, you stop communicating as before. it is even more insulting to realize that, in principle, they do not care much.",True
POSITIVE,"смотри чтобы с тобой такого не произошло,милый :3",0.0,0.504,0.496,0.7096,Positive,5,3,Neutral,0.9994439482688904,neutral,3,Neutral,0.5777890086174011,positive,5,Positive,0.7720502018928528,Negative,1,Negative,0.36470261216163635,3,Neutral,0.5298840322374212,3,Neutral,0.0,3,Neutral,0.4753664537256753,3.25,3,Neutral,Positive,True,False,False,True,False,False,False,False,False,"Don't let that happen to you, dear :3",True
NEUTRAL,и вторая партия.,0.0,1.0,0.0,0.0,Neutral,3,3,Neutral,0.9999771118164062,neutral,3,Neutral,0.9241270422935486,neutral,3,Neutral,0.9884633421897888,Neutral,3,Neutral,0.5161541700363159,3,Neutral,0.6988474922528821,3,Neutral,0.0,3,Neutral,0.6728202494820452,3.0,3,Neutral,Neutral,True,True,True,True,True,True,True,True,True,and the second batch.,True
NEUTRAL,вот так и живем.,0.0,1.0,0.0,0.0,Neutral,3,3,Neutral,0.9633963704109192,neutral,3,Neutral,0.8235710263252258,positive,5,Positive,0.8493999242782593,Neutral,3,Neutral,0.5676723718643188,3,Neutral,0.5298840322374212,3,Neutral,0.0,3,Neutral,0.47536645372567526,3.25,3,Neutral,Neutral,True,True,True,False,True,True,True,True,True,That's how we live.,True
POSITIVE,как это не будет добавки? нюша меня веселит академика губкина,0.0,0.787,0.213,0.4019,Positive,5,3,Neutral,0.8343605995178223,neutral,3,Neutral,0.8134153485298157,neutral,3,Neutral,0.97734135389328,Very Negative,1,Negative,0.5757392048835754,1,Negative,0.47012956507327885,3,Neutral,0.0,3,Neutral,0.48125825953015594,2.75,3,Neutral,Positive,True,False,False,False,False,False,False,False,False,How will it not be supplements? my nutrients amuse me academician,True
NEUTRAL,"залечь на дно в брюгге (in bruges, 2007)",0.259,0.741,0.0,-0.2732,Negative,3,3,Neutral,0.999985933303833,neutral,3,Neutral,0.8403194546699524,neutral,3,Neutral,0.9319673180580139,Neutral,3,Neutral,0.9145568609237671,3,Neutral,0.5259615127599335,3,Neutral,0.0,1,Negative,0.5513908130402817,2.75,3,Neutral,Neutral,False,True,True,True,True,True,True,False,True,"Laying low in Bruges (in bruges, 2007)",True
NEUTRAL,весьма интересный взгляд неправда ли?как вам?,0.382,0.618,0.0,-0.3559,Negative,1,3,Neutral,0.9925014972686768,neutral,3,Neutral,0.9248605370521545,positive,5,Positive,0.37714728713035583,Neutral,3,Neutral,0.33047524094581604,3,Neutral,0.6725411058155658,3,Neutral,0.0,3,Neutral,0.94,3.0,3,Neutral,Neutral,False,True,True,False,True,True,True,True,True,Isn't that a very interesting look?,True
NEUTRAL,"вот этот бит стоит 4600, цени",0.0,1.0,0.0,0.0,Neutral,3,5,Positive,0.5902049541473389,neutral,3,Neutral,0.5576608180999756,negative,1,Negative,0.679632306098938,Neutral,3,Neutral,0.8568751215934753,3,Neutral,0.5298840322374212,3,Neutral,0.0,3,Neutral,0.47536645372567526,3.0,3,Neutral,Neutral,True,False,True,False,True,True,True,True,True,"This bit costs 4,600.",True
POSITIVE,спокойная хорошая песенка))) обожаю её))),0.0,0.297,0.703,0.7964,Positive,5,5,Positive,0.9988743662834167,positive,5,Positive,0.9940614104270935,positive,5,Positive,0.9878223538398743,Positive,5,Positive,0.8234232664108276,3,Neutral,0.5298840322374212,3,Neutral,0.0,3,Neutral,0.47536645372567526,4.25,4,Positive,Positive,True,True,True,True,True,False,False,False,True,"It's a good song, I love it.",True
NEUTRAL,"мы порой сами поражаемся нашей плодовитости. справедливо посчитав, что арт-хаус как жанр наиболее целостно способен выразить наше видение композиции, следуя неизменным и священным для нас принципам diy, мы рады представить вам новую работу ""повстанческой студии партизанской самодеятельности"" - клип на одну из наших старых песен. всю биомассу - в бой!",0.07,0.844,0.086,0.2481,Positive,3,5,Positive,0.9808533191680908,neutral,3,Neutral,0.5116387009620667,positive,5,Positive,0.7263903021812439,Very Positive,5,Positive,0.5525712370872498,3,Neutral,0.7245460998836079,3,Neutral,0.0,3,Neutral,0.44951149355835385,3.75,4,Positive,Neutral,False,False,True,False,False,True,True,True,False,"Having rightly considered that art house as a genre is most holistically able to express our vision of composition, following the unchanged and sacred principles of diy for us, we are pleased to present you a new work of the ""rebel studio of guerrilla amateur activity"" - a clip for one of our old songs. all biomass - in battle!",True
NEGATIVE,"закончился первый этап моего лечения, меня выписали со стационара. напоследок уже другой врач сказал: может перелом сростется, а может и нет. если нет, то через месяц мне вырвут нижний передний зуб и с шинами придется ходить еще месяц. обнадеживающе и оптимистично, хуле. )",0.048,0.952,0.0,-0.296,Negative,3,1,Negative,0.7656965255737305,neutral,3,Neutral,0.6249393224716187,negative,1,Negative,0.6163463592529297,Neutral,3,Neutral,0.7297689318656921,5,Positive,0.5460742258737568,5,Positive,0.0,1,Negative,0.8225158850072134,2.75,3,Neutral,Negative,True,True,False,True,False,False,False,True,False,"The first stage of my treatment ended, I was discharged from the hospital. finally another doctor said: maybe the fracture will grow, or maybe not. if not, then in a month I will tear out my lower front tooth and have to walk with tires for another month.",True
NEGATIVE,гипс(( месяц без турника!((((,0.0,1.0,0.0,0.0,Neutral,3,3,Neutral,0.9920676946640015,neutral,3,Neutral,0.6683849096298218,neutral,3,Neutral,0.9992660880088806,Neutral,3,Neutral,0.3372851014137268,1,Negative,0.4452469711290349,1,Negative,0.0,1,Negative,0.60841995907092,2.25,2,Negative,Negative,False,False,False,False,False,True,True,True,True,(a month without a barbecue!),True
POSITIVE,клевое видео)аж душа порадовалась))надо футболку такую замутить типа:обнимемся?)),0.0,0.597,0.403,0.6597,Positive,5,1,Negative,0.8357764482498169,positive,5,Positive,0.9089024662971497,neutral,3,Neutral,0.9277604818344116,Very Negative,1,Negative,0.6422857642173767,3,Neutral,0.436638058759443,3,Neutral,0.0,5,Positive,0.6550591335995564,3.25,3,Neutral,Positive,True,False,True,False,False,False,False,True,False,"It’s a good idea to wear a T-shirt like, ‘Shall we hug?’",True
POSITIVE,"знакомые появляются и исчезают, а лучшие друзья это навсегда. потому что даже тогда, когда ты не знаешь, куда идешь, они помогают осознать, что ты идешь туда не один.",0.0,0.586,0.414,0.9305,Positive,5,3,Neutral,0.7099484205245972,neutral,3,Neutral,0.645233154296875,positive,5,Positive,0.9360380172729492,Positive,5,Positive,0.6678852438926697,1,Negative,0.49795184730754005,1,Negative,0.0,3,Neutral,0.63,3.25,3,Neutral,Positive,True,False,False,True,True,False,False,False,False,"Friends come and go, and best friends are forever, because even when you don't know where you're going, they help you realize you're not going alone.",True
NEUTRAL,так завязывай с психоделиком )),0.0,1.0,0.0,0.0,Neutral,3,3,Neutral,0.8283394575119019,neutral,3,Neutral,0.8818153738975525,neutral,3,Neutral,0.9829534292221069,Negative,1,Negative,0.5435823798179626,3,Neutral,0.5298840322374212,3,Neutral,0.0,3,Neutral,0.47536645372567526,2.75,3,Neutral,Neutral,True,True,True,True,False,True,True,True,True,So quit the psychedelic.,True
POSITIVE,воо.то точно сказано.!))))))),0.0,1.0,0.0,0.0,Neutral,3,5,Positive,0.9233323335647583,neutral,3,Neutral,0.8808826208114624,positive,5,Positive,0.987835705280304,Neutral,3,Neutral,0.3850959539413452,3,Neutral,0.655570717207109,3,Neutral,0.0,3,Neutral,0.8329152343533007,3.5,4,Positive,Positive,False,True,False,True,False,False,False,False,True,That's exactly what it says!),True
NEGATIVE,да где ж там дно уже в этом болоте?,0.0,1.0,0.0,0.0,Neutral,3,1,Negative,0.9997877478599548,neutral,3,Neutral,0.5231608152389526,negative,1,Negative,0.8577101230621338,Neutral,3,Neutral,0.7051964402198792,3,Neutral,0.5259615127599335,3,Neutral,0.0,1,Negative,0.5513908130402817,2.25,2,Negative,Negative,False,True,False,True,False,False,False,True,True,Where is the bottom already in this swamp?,True
POSITIVE,"второй вечер подряд со мной гарри поттер!:3 oh, my god! i'm happy!",0.0,0.439,0.561,0.7494,Positive,5,5,Positive,0.4175246059894562,positive,5,Positive,0.9609268307685852,positive,5,Positive,0.9646170735359192,Positive,5,Positive,0.5363714694976807,3,Neutral,0.4998116098847509,3,Neutral,0.0,5,Positive,0.8319336836071096,4.5,4,Positive,Positive,True,True,True,True,True,False,False,True,True,"Harry Potter: 3 oh, my god! i'm happy!",True
POSITIVE,испанцы в финале!,0.0,1.0,0.0,0.0,Neutral,3,5,Positive,0.9672943949699402,neutral,3,Neutral,0.5046749114990234,neutral,3,Neutral,0.9754638671875,Very Positive,5,Positive,0.5124936103820801,3,Neutral,0.5298840322374212,3,Neutral,0.0,3,Neutral,0.47536645372567543,3.5,4,Positive,Positive,False,True,False,False,True,False,False,False,True,Spaniards in the final!,True
NEUTRAL,"id55782182наталия, стринги поверх колготок как вариант одеваются сверху.",0.0,0.859,0.141,0.2023,Positive,3,3,Neutral,0.9764724373817444,neutral,3,Neutral,0.8029041290283203,neutral,3,Neutral,0.9327045679092407,Neutral,3,Neutral,0.9415119886398315,3,Neutral,0.7671878795390648,3,Neutral,0.0,3,Neutral,0.6253583314149098,3.0,3,Neutral,Neutral,False,True,True,True,True,True,True,True,True,"id55782182 natalia, thongs over tights as an option are dressed on top.",True
POSITIVE,новый зал для школы танцев!,0.0,1.0,0.0,0.0,Neutral,3,3,Neutral,0.9999966621398926,positive,5,Positive,0.4894958436489105,neutral,3,Neutral,0.9175866842269897,Positive,5,Positive,0.5787549018859863,3,Neutral,0.6636549566098562,3,Neutral,0.0,3,Neutral,0.63,3.5,4,Positive,Positive,False,False,True,False,True,False,False,False,True,A new dance school hall!,True
NEGATIVE,я уже так то скучаю.,0.286,0.714,0.0,-0.1531,Negative,3,1,Negative,0.9956972599029541,positive,5,Positive,0.5894201993942261,neutral,3,Neutral,0.8271255493164062,Negative,1,Negative,0.8110449314117432,3,Neutral,0.5298840322374212,3,Neutral,0.0,3,Neutral,0.4753664537256753,2.75,3,Neutral,Negative,True,True,False,False,True,False,False,False,False,I miss you so much already.,True
POSITIVE,"радует, что парни выходят на турник в это время и в такую погоду!",0.0,0.82,0.18,0.5093,Positive,5,5,Positive,0.9210795760154724,positive,5,Positive,0.9220137000083923,neutral,3,Neutral,0.543491780757904,Positive,5,Positive,0.8955898880958557,3,Neutral,0.4976960461802012,3,Neutral,0.0,3,Neutral,0.6648406310112064,4.0,4,Positive,Positive,True,True,True,False,True,False,False,False,True,I'm glad the guys go out on the bar at this time and in this weather!,True
POSITIVE,эта прогулка в памяти останется надолго,0.0,1.0,0.0,0.0,Neutral,3,3,Neutral,0.9999786615371704,neutral,3,Neutral,0.8410300612449646,positive,5,Positive,0.8753914833068848,Negative,1,Negative,0.5021724700927734,3,Neutral,0.6026593760288815,3,Neutral,0.0,3,Neutral,0.4778424413277408,3.0,3,Neutral,Positive,False,False,False,True,False,False,False,False,False,This walk in memory will stay for a long time.,True
NEUTRAL,юля и ярослав.,0.0,1.0,0.0,0.0,Neutral,3,3,Neutral,0.9636309742927551,neutral,3,Neutral,0.7551097869873047,neutral,3,Neutral,0.6951351761817932,Neutral,3,Neutral,0.8598484992980957,3,Neutral,0.5298840322374212,3,Neutral,0.0,3,Neutral,0.4753664537256752,3.0,3,Neutral,Neutral,True,True,True,True,True,True,True,True,True,Yulya and Yaroslav.,True
NEGATIVE,внимание!внимание! сбежал маньяк-зоофил по кличке лютый! если кто увидит пусть вломит пизды!,0.515,0.485,0.0,-0.9131,Negative,1,1,Negative,0.9998601675033569,negative,1,Negative,0.8549669981002808,negative,1,Negative,0.6324334740638733,Very Positive,5,Positive,0.42450934648513794,3,Neutral,0.5305888974255871,3,Neutral,0.0,3,Neutral,0.5983481474352006,2.25,2,Negative,Negative,True,True,True,True,False,False,False,False,True,Attention! escaped maniac zoophile nicknamed cruel! if anyone sees let him break the cunts!,True
NEUTRAL,кто помнит это.смайл:),0.0,0.526,0.474,0.4019,Positive,5,3,Neutral,0.9999815225601196,neutral,3,Neutral,0.9456885457038879,neutral,3,Neutral,0.5671180486679077,Neutral,3,Neutral,0.8489736914634705,3,Neutral,0.5298840322374212,3,Neutral,0.0,3,Neutral,0.47536645372567526,3.25,3,Neutral,Neutral,False,True,True,True,True,True,True,True,True,Who remembers that. Smiley:,True
NEUTRAL,обезьяна с усами(с),0.0,1.0,0.0,0.0,Neutral,3,3,Neutral,0.9996969699859619,neutral,3,Neutral,0.8977870345115662,neutral,3,Neutral,0.3721018433570862,Neutral,3,Neutral,0.7451279759407043,3,Neutral,0.5298840322374212,3,Neutral,0.0,3,Neutral,0.47536645372567543,3.0,3,Neutral,Neutral,True,True,True,True,True,True,True,True,True,mustache monkey,True
POSITIVE,"подруга - это та, которая всегда рассмешит подруга - это та, которая когда смеется то и ты смеешься или наоборот подруга - это та, которая тебе всегда рада подруга - это та, которая подхватит твою мысль подруга - это та, которая звонит тебе подруга - это та, которую я люблю",0.0,0.64,0.36,0.984,Positive,5,5,Positive,0.5617051720619202,positive,5,Positive,0.9274688363075256,positive,5,Positive,0.991800844669342,Very Positive,5,Positive,0.3976048231124878,5,Positive,0.3791521413669823,5,Positive,0.0,3,Neutral,0.5804797477903852,4.75,5,Positive,Positive,True,True,True,True,True,True,True,False,True,A friend is the one who will always make a friend laugh - this is the one who laughs and you laugh or vice versa - this is the one who is always glad to you - this is the one who will pick up your thought - this is the one who calls you a friend - this is the one who calls you a friend - this is the one I love.,True
NEUTRAL,"как по-английски ""я объелся"" ?))",0.0,1.0,0.0,0.0,Neutral,3,5,Positive,0.5995519757270813,neutral,3,Neutral,0.8964980840682983,negative,1,Negative,0.6986140012741089,Neutral,3,Neutral,0.4221435487270355,3,Neutral,0.49541942081073553,3,Neutral,0.0,3,Neutral,0.8098955184091534,3.0,3,Neutral,Neutral,True,False,True,False,True,True,True,True,True,"How do you say ""I've eaten"" in English?",True
NEUTRAL,"кто знает, iq 132 это много или мало?",0.0,1.0,0.0,0.0,Neutral,3,3,Neutral,0.9998989105224609,neutral,3,Neutral,0.9236687421798706,neutral,3,Neutral,0.8153541684150696,Neutral,3,Neutral,0.9136410355567932,3,Neutral,0.6768956764593247,3,Neutral,0.0,3,Neutral,0.7594284225878982,3.0,3,Neutral,Neutral,True,True,True,True,True,True,True,True,True,Who knows if an iq 132 is much or little?,True
NEGATIVE,"а я думала,что ошибалась.((( ну простите меня за то что я такая наивная.((( мне очень жаль,я ведь верила.(((",0.307,0.693,0.0,-0.4767,Negative,1,1,Negative,0.996161937713623,negative,1,Negative,0.6778324842453003,neutral,3,Neutral,0.9469397664070129,Very Negative,1,Negative,0.8691855669021606,3,Neutral,0.6896656062400399,3,Neutral,0.0,3,Neutral,0.5464574092258726,2.0,2,Negative,Negative,True,True,True,False,True,False,False,False,True,I thought I was wrong. (sorry for being so naive.),True
POSITIVE,12-ть кг карасика!))),0.0,1.0,0.0,0.0,Neutral,3,5,Positive,0.9987367987632751,positive,5,Positive,0.5726150870323181,positive,5,Positive,0.5004433989524841,Neutral,3,Neutral,0.407654732465744,3,Neutral,0.5298840322374212,3,Neutral,0.0,3,Neutral,0.47536645372567526,3.75,4,Positive,Positive,False,True,True,True,False,False,False,False,True,12kg caracasica!),True
POSITIVE,"старенькая песня, но тем не менее.)",0.0,1.0,0.0,0.0,Neutral,3,3,Neutral,0.9964593052864075,positive,5,Positive,0.6200265884399414,positive,5,Positive,0.7497738599777222,Negative,1,Negative,0.46943220496177673,3,Neutral,0.7149296887266283,3,Neutral,0.0,3,Neutral,0.4676554420754765,3.25,3,Neutral,Positive,False,False,True,True,False,False,False,False,False,"It's an old song, but still.",True
NEUTRAL,православие по македонски,0.0,1.0,0.0,0.0,Neutral,3,3,Neutral,0.8826865553855896,neutral,3,Neutral,0.869640588760376,neutral,3,Neutral,0.9748950004577637,Neutral,3,Neutral,0.7322453856468201,3,Neutral,0.5298840322374212,3,Neutral,0.0,3,Neutral,0.4753664537256753,3.0,3,Neutral,Neutral,True,True,True,True,True,True,True,True,True,Macedonian Orthodoxy,True
NEUTRAL,club cash back презентация! заработок без вложений абсолютно для всех!,0.0,1.0,0.0,0.0,Neutral,3,3,Neutral,0.999639630317688,neutral,3,Neutral,0.5195567011833191,positive,5,Positive,0.6785845756530762,Very Positive,5,Positive,0.7728612422943115,1,Negative,0.4681977128757233,3,Neutral,0.0,1,Negative,0.6511792290944013,3.0,3,Neutral,Neutral,True,True,True,False,False,False,True,False,True,Club cash back presentation! earnings without investment absolutely for everyone!,True
POSITIVE,группа пикник! новый альбом!,0.0,1.0,0.0,0.0,Neutral,3,3,Neutral,0.9999964237213135,neutral,3,Neutral,0.7041152715682983,neutral,3,Neutral,0.9964823722839355,Positive,5,Positive,0.5629342198371887,3,Neutral,0.5959999958341328,3,Neutral,0.0,5,Positive,0.64,3.5,4,Positive,Positive,False,False,False,False,True,False,False,True,True,"picnic band, new album!",True
NEGATIVE,"- спаммеры под благое дело ""возвращения стены"" впаривают софт для угона акков. будьте осторожны. не проебывайте свои пароли сами.",0.249,0.558,0.193,-0.3182,Negative,3,1,Negative,0.9477928280830383,neutral,3,Neutral,0.669865608215332,negative,1,Negative,0.6569525599479675,Neutral,3,Neutral,0.7200288772583008,3,Neutral,0.5907166011758651,3,Neutral,0.0,3,Neutral,0.5807783459562588,2.5,2,Negative,Negative,True,True,False,True,False,False,False,False,True,"- spammers under the good cause of ""returning the wall"" are selling software to steal accs. Be careful.",True
NEUTRAL,тут образцы проц.актов по кпрф есть))),0.0,1.0,0.0,0.0,Neutral,3,3,Neutral,0.9999936819076538,neutral,3,Neutral,0.9082545638084412,neutral,3,Neutral,0.727986752986908,Neutral,3,Neutral,0.5121668577194214,3,Neutral,0.5298840322374212,3,Neutral,0.0,3,Neutral,0.47536645372567526,3.0,3,Neutral,Neutral,True,True,True,True,True,True,True,True,True,Here are samples of proc.acts on CPF.),True
NEUTRAL,аналоги размер39-45 цена680 грн под заказ,0.0,1.0,0.0,0.0,Neutral,3,3,Neutral,0.993983805179596,neutral,3,Neutral,0.7167521715164185,negative,1,Negative,0.5832624435424805,Neutral,3,Neutral,0.9358908534049988,3,Neutral,0.4735875790961667,3,Neutral,0.0,3,Neutral,0.41340475829632206,2.75,3,Neutral,Neutral,True,True,True,False,True,True,True,True,True,analogues size 39-45 price 680 UAH to order,True
NEUTRAL,"""скажем так, мне нравится , когда у жизни большие сиськи. но во мне не вызывает ни малейшего волнения так называемая кантовская сиська в себе, сколько бы молока в ней ни плескалось . и в этом мое отличие от бескорыстных идеалистов вроде гайдара . в гробу я видел любую кантовскую сиську в себе со всеми ее категорическими императивами . на рынке сисек нежность во мне вызывает только фейербаховская сиська для нас. такое у меня видение ситуации."" (с)",0.036,0.768,0.195,0.8807,Positive,5,1,Negative,0.9980269074440002,negative,1,Negative,0.5457210540771484,positive,5,Positive,0.7473079562187195,Very Positive,5,Positive,0.5382198095321655,3,Neutral,0.8208286658797229,3,Neutral,0.0,3,Neutral,0.7899182568415201,3.25,3,Neutral,Neutral,False,False,False,False,False,True,True,True,True,"""let's just say I like it when life has big boobs, but I don't get the slightest excited about the so-called Kant boob in me, no matter how much milk there is in it."" And that's my difference from selfless idealists like Gaidar. In the coffin, I saw every Kantian boob in me with all its categorical imperatives. In the boob market, only Feuerbach's titty evokes tenderness in me.",True
NEUTRAL,"кто сколько может, кому сколько не жалко, денису в подарок на новый год. номер карты скину в личку!спасибо:)",0.0,0.748,0.252,0.5739,Positive,5,3,Neutral,0.9693515300750732,neutral,3,Neutral,0.7622007727622986,positive,5,Positive,0.704797089099884,Very Negative,1,Negative,0.43322503566741943,3,Neutral,0.5416638498194777,3,Neutral,0.0,3,Neutral,0.67,3.25,3,Neutral,Neutral,False,True,True,False,False,True,True,True,True,"Who can, who is not sorry for how much, Denis as a gift for the new year. card number in person!",True
NEUTRAL,с кем то просто строишь отношения а за кого просто замуж выходишь)))))))),0.0,0.843,0.157,0.0772,Neutral,3,3,Neutral,0.999966025352478,neutral,3,Neutral,0.8318586349487305,positive,5,Positive,0.6901053190231323,Positive,5,Positive,0.248165100812912,1,Negative,0.5413603439784933,1,Negative,0.0,1,Negative,0.6274771396653459,2.75,3,Neutral,Neutral,True,True,True,False,False,False,False,False,True,Someone you just want to get married to.),True
NEUTRAL,"id17077юрий, для того, чтобы корова мало ела и давала больше молока - её нужно меньше кормить и больше доить. по-моему этот тезис тоже подойдет для иллюстрации ситуации.",0.0,1.0,0.0,0.0,Neutral,3,3,Neutral,0.9999082088470459,neutral,3,Neutral,0.864224374294281,neutral,3,Neutral,0.991557240486145,Negative,1,Negative,0.6980006694793701,3,Neutral,0.518716926760474,3,Neutral,0.0,3,Neutral,0.6862941039809478,2.75,3,Neutral,Neutral,True,True,True,True,False,True,True,True,True,"id17077, in order for the cow to eat less and give more milk, it needs to be fed less and milked more.",True
NEUTRAL,"послушай,если не слышал.",0.0,1.0,0.0,0.0,Neutral,3,3,Neutral,0.9994118213653564,neutral,3,Neutral,0.945822536945343,positive,5,Positive,0.9863504767417908,Positive,5,Positive,0.6861903667449951,3,Neutral,0.5298840322374212,3,Neutral,0.0,3,Neutral,0.4753664537256753,3.5,4,Positive,Neutral,True,True,True,False,False,True,True,True,False,"Listen, if you haven't heard.",True
NEUTRAL,подушки (печать с двух сторон)!,0.0,1.0,0.0,0.0,Neutral,3,3,Neutral,0.9999353885650635,neutral,3,Neutral,0.9110215306282043,neutral,3,Neutral,0.7988727688789368,Neutral,3,Neutral,0.8161666989326477,3,Neutral,0.5289312503449809,3,Neutral,0.0,3,Neutral,0.552005473302381,3.0,3,Neutral,Neutral,True,True,True,True,True,True,True,True,True,Pillows (print on both sides)!,True
NEUTRAL,"155 грн., в наличии в киеве",0.0,1.0,0.0,0.0,Neutral,3,3,Neutral,0.9999885559082031,neutral,3,Neutral,0.8077037930488586,positive,5,Positive,0.4987848699092865,Neutral,3,Neutral,0.8696316480636597,3,Neutral,0.5298840322374212,3,Neutral,0.0,3,Neutral,0.47536645372567526,3.25,3,Neutral,Neutral,True,True,True,False,True,True,True,True,True,"155 UAH, available in Kiev",True
NEUTRAL,человек из песка,0.0,1.0,0.0,0.0,Neutral,3,3,Neutral,0.9998898506164551,neutral,3,Neutral,0.9123351573944092,neutral,3,Neutral,0.8043832182884216,Neutral,3,Neutral,0.5276575088500977,1,Negative,0.47631503313033496,1,Negative,0.0,1,Negative,0.91,2.25,2,Negative,Neutral,True,True,True,True,True,False,False,False,False,sandman,True
POSITIVE,"когда-нибудь я хочу встретиться с робертом паттинсоном и перед кучей кричащих фанаток ""сумерек"" закричать: ""боже мой! это седрик диггори!""",0.2,0.679,0.121,-0.4926,Negative,1,1,Negative,0.9997292160987854,negative,1,Negative,0.45550358295440674,positive,5,Positive,0.8042715191841125,Very Negative,1,Negative,0.627909243106842,1,Negative,0.4144773755245803,1,Negative,0.0,3,Neutral,0.7948582071215055,1.75,2,Negative,Positive,False,False,False,True,False,False,False,False,False,"when - or I want to meet Robert Pattinson and scream in front of a bunch of screaming ""twilight"" fans, ""Oh my God, that's Cedric Diggory!""",True
NEUTRAL,"друзья, кто не так давно делал дома ремонт , подскажите, пожалуйста, у какой фирмы можно заказать хорошую входную железную дверь? желательно с деревянной обивкой (надеюсь, понятно описала).",0.0,0.623,0.377,0.9169,Positive,5,3,Neutral,0.9995556473731995,neutral,3,Neutral,0.9001461863517761,neutral,3,Neutral,0.7740622162818909,Negative,1,Negative,0.6078754663467407,3,Neutral,0.7934969851255302,3,Neutral,0.0,3,Neutral,0.4548016325408542,3.0,3,Neutral,Neutral,False,True,True,True,False,True,True,True,True,"Friends, who not so long ago did house repairs, please tell me, which company can order a good front iron door? preferably with wooden upholstery (I hope, clearly described).",True
NEUTRAL,"не могу написать в личку ,ты добавил меня в союзники у меня 15 молоточков если надо можешь попросить о помощи !",0.0,0.864,0.136,0.4574,Positive,5,3,Neutral,0.9998996257781982,negative,1,Negative,0.5107246041297913,positive,5,Positive,0.9276707172393799,Negative,1,Negative,0.32399752736091614,3,Neutral,0.5179189440082413,3,Neutral,0.0,3,Neutral,0.57,3.0,3,Neutral,Neutral,False,True,False,False,False,True,True,True,True,"I can't write in person, you added me as an ally I have 15 hammers if you need to ask for help!",True
NEUTRAL,остальная часть здесь,0.0,1.0,0.0,0.0,Neutral,3,3,Neutral,0.9617753028869629,neutral,3,Neutral,0.8555439114570618,neutral,3,Neutral,0.7904059886932373,Neutral,3,Neutral,0.7902864813804626,3,Neutral,0.6463363894609653,3,Neutral,0.0,3,Neutral,0.9179103103013173,3.0,3,Neutral,Neutral,True,True,True,True,True,True,True,True,True,rest here,True
NEUTRAL,шиманская не накрашена а детков свой))),0.0,1.0,0.0,0.0,Neutral,3,3,Neutral,0.6026726961135864,neutral,3,Neutral,0.6284493803977966,neutral,3,Neutral,0.6088330745697021,Negative,1,Negative,0.43830668926239014,1,Negative,0.44273194030924,1,Negative,0.0,1,Negative,0.6151032268958202,2.0,2,Negative,Neutral,True,True,True,True,False,False,False,False,False,Shimanskaya is not made up but her children),True
NEUTRAL,"слова, запрещённые на тв с 1 сентября",0.375,0.625,0.0,-0.4588,Negative,1,3,Neutral,0.9999943971633911,neutral,3,Neutral,0.7047259211540222,negative,1,Negative,0.9059194922447205,Neutral,3,Neutral,0.8681373596191406,3,Neutral,0.5298840322374212,3,Neutral,0.0,3,Neutral,0.4753664537256753,2.5,2,Negative,Neutral,False,True,True,False,True,True,True,True,False,Words banned on TV from September 1,True
NEUTRAL,научить кого то петь ?,0.0,1.0,0.0,0.0,Neutral,3,3,Neutral,0.9999825954437256,neutral,3,Neutral,0.9596824049949646,neutral,3,Neutral,0.9994958639144897,Neutral,3,Neutral,0.9120333194732666,3,Neutral,0.6662497600194331,3,Neutral,0.0,3,Neutral,0.7210041979230626,3.0,3,Neutral,Neutral,True,True,True,True,True,True,True,True,True,teach someone to sing?,True
NEUTRAL,ничего на ум не приходит?)),0.0,1.0,0.0,0.0,Neutral,3,3,Neutral,0.9135271906852722,neutral,3,Neutral,0.8708301782608032,neutral,3,Neutral,0.9852736592292786,Negative,1,Negative,0.39223015308380127,3,Neutral,0.5298840322374212,3,Neutral,0.0,3,Neutral,0.47536645372567526,2.75,3,Neutral,Neutral,True,True,True,True,False,True,True,True,True,Nothing comes to mind?,True
NEGATIVE,"ненавидите ли вы утренние пробежки так, как ненавижу их я?",0.481,0.519,0.0,-0.8126,Negative,1,1,Negative,0.9995439648628235,negative,1,Negative,0.5238986015319824,neutral,3,Neutral,0.9993257522583008,Very Negative,1,Negative,0.5158303380012512,3,Neutral,0.5298840322374212,3,Neutral,0.0,3,Neutral,0.4753664537256753,2.0,2,Negative,Negative,True,True,True,False,True,False,False,False,True,Do you hate morning jogging as much as I hate it?,True
NEUTRAL,ничего не напоминает?,0.0,0.615,0.385,0.3612,Positive,5,3,Neutral,0.999599039554596,neutral,3,Neutral,0.8833214640617371,negative,1,Negative,0.6038252711296082,Neutral,3,Neutral,0.742064356803894,3,Neutral,0.5298840322374212,3,Neutral,0.0,3,Neutral,0.4753664537256753,3.0,3,Neutral,Neutral,False,True,True,False,True,True,True,True,True,Does it sound like anything?,True
NEUTRAL,приключения мишеля и тэда в россии :)),0.0,0.526,0.474,0.6597,Positive,5,3,Neutral,0.9993809461593628,positive,5,Positive,0.7012979984283447,neutral,3,Neutral,0.5447685122489929,Neutral,3,Neutral,0.741970956325531,3,Neutral,0.5298840322374212,3,Neutral,0.0,3,Neutral,0.47536645372567526,3.5,4,Positive,Neutral,False,True,False,True,True,True,True,True,False,Adventures of Michel and Ted in Russia :),True
NEGATIVE,"господи, зачем все это творится? зачем повсюду в мире искать врагов и их козни? зачем потом искать друзей, чтобы одолеть недругов? зачем искать врагов среди этих друзей? а после, искать друзей среди врагов, чтобы одолеть вргов? остались лишь одни враги и одни козни. неужели нельзя уже жить? написал думскои дьяк василий(?)",0.214,0.644,0.141,-0.7757,Negative,1,1,Negative,0.9998430013656616,negative,1,Negative,0.807291567325592,positive,5,Positive,0.8778172135353088,Very Negative,1,Negative,0.6642996668815613,3,Neutral,0.5263068594087896,3,Neutral,0.0,3,Neutral,0.65,2.25,2,Negative,Negative,True,True,True,False,True,False,False,False,True,"Lord, why is all this happening? why everywhere in the world to look for enemies and their machinations? why then to look for friends to overcome enemies? why to look for enemies among these friends? and then to look for friends among the enemies to overcome the vrgs? there are only enemies and only intrigues. Is it impossible to live?",True
NEGATIVE,"если человек не пьёт и не курит, неволей начинаешь задумываться, а не сука ли он. а.п. чехов ?",0.257,0.743,0.0,-0.5859,Negative,1,1,Negative,0.994066596031189,neutral,3,Neutral,0.5504169464111328,negative,1,Negative,0.9439093470573425,Negative,1,Negative,0.49921363592147827,3,Neutral,0.4607562880754655,5,Positive,0.0,3,Neutral,0.7,2.25,2,Negative,Negative,True,True,False,True,True,False,False,False,True,"If you don't drink or smoke, you wonder if you're a bitch. Czechs?",True
NEGATIVE,"вчера нашла в почтовом ящике пустую упаковку из-под жвачки и использованный презерватив в упаковке. могли бы хоть ""резинку"" не портить, гады.",0.114,0.886,0.0,-0.2023,Negative,3,1,Negative,0.9999603033065796,negative,1,Negative,0.8507589101791382,negative,1,Negative,0.95201575756073,Negative,1,Negative,0.44565752148628235,3,Neutral,0.6285740978030032,3,Neutral,0.0,3,Neutral,0.5683393600942883,2.0,2,Negative,Negative,True,True,True,True,True,False,False,False,True,Yesterday I found an empty gum package in the mailbox and a used condom in the package.,True
NEUTRAL,решил поплотнее заняться музыкой,0.0,1.0,0.0,0.0,Neutral,3,3,Neutral,0.912445604801178,neutral,3,Neutral,0.7769665122032166,positive,5,Positive,0.9858638644218445,Negative,1,Negative,0.6519346237182617,3,Neutral,0.5258174511854042,3,Neutral,0.0,3,Neutral,0.8437122864932948,3.0,3,Neutral,Neutral,True,True,True,False,False,True,True,True,True,I decided to do more music.,True
POSITIVE,в отрыв друзья,0.0,1.0,0.0,0.0,Neutral,3,1,Negative,0.9306445717811584,neutral,3,Neutral,0.9291874766349792,positive,5,Positive,0.4708084166049957,Neutral,3,Neutral,0.8063819408416748,3,Neutral,0.5298840322374212,3,Neutral,0.0,3,Neutral,0.47536645372567526,3.0,3,Neutral,Positive,False,False,False,True,False,False,False,False,False,sideways,True
NEUTRAL,97 взрослых не могут пройти этот тест по школьной программе,0.0,1.0,0.0,0.0,Neutral,3,3,Neutral,0.9999574422836304,neutral,3,Neutral,0.8495236039161682,neutral,3,Neutral,0.9683969616889954,Negative,1,Negative,0.3478038012981415,3,Neutral,0.7698193306669159,3,Neutral,0.0,3,Neutral,0.94,2.75,3,Neutral,Neutral,True,True,True,True,False,True,True,True,True,97 Adults Can't Pass This School Test,True
NEUTRAL,в среду пригласили в кремль на встречу с дважды героем советского союза космонавтом алексеем архиповичем леоновым.,0.0,0.825,0.175,0.5574,Positive,5,3,Neutral,0.9999426603317261,neutral,3,Neutral,0.9356885552406311,neutral,3,Neutral,0.9568302035331726,Neutral,3,Neutral,0.8883255124092102,3,Neutral,0.5643702420365098,3,Neutral,0.0,5,Positive,0.3845096467412948,3.5,4,Positive,Neutral,False,True,True,True,True,True,True,False,False,Wednesday invited to the Kremlin to meet twice the hero of the Soviet Union cosmonaut Alexei Archipovich Leonov.,True
POSITIVE,вот она красавица),0.0,0.204,0.796,0.5994,Positive,5,5,Positive,0.983859121799469,positive,5,Positive,0.951137125492096,positive,5,Positive,0.878097653388977,Very Positive,5,Positive,0.5169676542282104,3,Neutral,0.5228282860184169,3,Neutral,0.0,3,Neutral,0.5555729325475255,4.25,4,Positive,Positive,True,True,True,True,True,False,False,False,True,She's beautiful.,True
POSITIVE,"опаздываешь на работу?! да не, бред) для всякой херни всегда есть время )))",0.302,0.698,0.0,-0.5983,Negative,1,1,Negative,0.9996414184570312,neutral,3,Neutral,0.5582653880119324,neutral,3,Neutral,0.8154239654541016,Neutral,3,Neutral,0.23376162350177765,1,Negative,0.7620964097256904,1,Negative,0.0,1,Negative,0.81,1.75,2,Negative,Positive,False,False,False,False,False,False,False,False,False,Are you late for work?! there’s always time for shit.,True
POSITIVE,лабрадор просто мечта всей жизни,0.0,0.714,0.286,0.25,Positive,3,5,Positive,0.7774325609207153,positive,5,Positive,0.4842032492160797,positive,5,Positive,0.8475437760353088,Very Positive,5,Positive,0.7061249613761902,5,Positive,0.4359913960524187,5,Positive,0.0,1,Negative,0.4346931290248609,4.25,4,Positive,Positive,True,True,True,True,True,True,True,False,True,Labrador is the dream of a lifetime.,True
NEUTRAL,с каким ударом курантов наступает новый год?,0.0,1.0,0.0,0.0,Neutral,3,1,Negative,0.881243884563446,neutral,3,Neutral,0.7777668833732605,neutral,3,Neutral,0.9852755069732666,Neutral,3,Neutral,0.8953584432601929,3,Neutral,0.542072040892185,3,Neutral,0.0,3,Neutral,0.666158893747248,2.75,3,Neutral,Neutral,True,False,True,True,True,True,True,True,True,With what chimes comes the new year?,True
NEUTRAL,никаких кукол! только хардкор!,0.454,0.546,0.0,-0.3595,Negative,1,3,Neutral,0.9990577101707458,neutral,3,Neutral,0.5145142078399658,neutral,3,Neutral,0.49294692277908325,Very Positive,5,Positive,0.5334265828132629,3,Neutral,0.5298840322374212,3,Neutral,0.0,3,Neutral,0.47536645372567526,3.0,3,Neutral,Neutral,False,True,True,True,False,True,True,True,True,"No dolls, just hardcore!",True
NEGATIVE,"никогда не думал, что будет так тяжело расставаться. впереди ещё 8 месяцев.",0.135,0.865,0.0,-0.2183,Negative,3,5,Positive,0.917967677116394,negative,1,Negative,0.7098991870880127,neutral,3,Neutral,0.6496737003326416,Very Negative,1,Negative,0.7605351209640503,3,Neutral,0.42706178106014625,3,Neutral,0.0,1,Negative,0.7231380376629969,2.5,2,Negative,Negative,True,False,True,False,True,False,False,True,True,I never thought it would be so hard to break up with another 8 months.,True
NEUTRAL,о пользе перепостов,0.0,1.0,0.0,0.0,Neutral,3,5,Positive,0.766802966594696,neutral,3,Neutral,0.8778413534164429,neutral,3,Neutral,0.8421210050582886,Neutral,3,Neutral,0.8633745312690735,3,Neutral,0.5298840322374212,3,Neutral,0.0,3,Neutral,0.47536645372567543,3.25,3,Neutral,Neutral,True,False,True,True,True,True,True,True,True,posting,True
POSITIVE,а вот эта еще лучше,0.0,0.508,0.492,0.4404,Positive,5,3,Neutral,0.7037355899810791,neutral,3,Neutral,0.6901535987854004,positive,5,Positive,0.9799264073371887,Negative,1,Negative,0.6322689056396484,3,Neutral,0.5298840322374212,3,Neutral,0.0,3,Neutral,0.47536645372567543,3.25,3,Neutral,Positive,True,False,False,True,False,False,False,False,False,This one's even better.,True
POSITIVE,к р а с у н я,0.0,1.0,0.0,0.0,Neutral,3,5,Positive,0.5151851177215576,neutral,3,Neutral,0.6180865168571472,positive,5,Positive,0.6470311880111694,Neutral,3,Neutral,0.8258456587791443,3,Neutral,0.0,3,Neutral,0.0,3,Neutral,0.0,3.5,4,Positive,Positive,False,True,False,True,False,False,False,False,True,I don't know.,True
NEGATIVE,"солнышко мое,к сожалению лето уже закончилось.пора менять статус))))))))))",0.0,1.0,0.0,0.0,Neutral,3,3,Neutral,0.7504284381866455,positive,5,Positive,0.5200265049934387,positive,5,Positive,0.8667759895324707,Negative,1,Negative,0.3337927460670471,3,Neutral,0.5254855225396008,3,Neutral,0.0,3,Neutral,0.6200529989405704,3.25,3,Neutral,Negative,False,False,False,False,True,False,False,False,False,The summer is over. it’s time to change the status.),True
NEUTRAL,скучно как то! бабу что ли резиновую распечатать?! ее насосом можно накачать? никто не знает?,0.287,0.713,0.0,-0.6832,Negative,1,1,Negative,0.9999535083770752,negative,1,Negative,0.7351929545402527,neutral,3,Neutral,0.9085741639137268,Very Negative,1,Negative,0.7391054034233093,1,Negative,0.7872208956059946,1,Negative,0.0,3,Neutral,0.7536332118701381,1.5,2,Negative,Neutral,False,False,False,True,False,False,False,True,False,Is it boring how! a woman can print rubber?! her pump can be pumped? no one knows?,True
POSITIVE,а вот и всеми нами любимый илюшаа! ахахахха,0.0,0.582,0.418,0.5562,Positive,5,5,Positive,0.5553476810455322,positive,5,Positive,0.9857612252235413,positive,5,Positive,0.84766685962677,Very Positive,5,Positive,0.8068801164627075,5,Positive,0.9283639822071155,5,Positive,0.0,5,Positive,1.0,5.0,5,Positive,Positive,True,True,True,True,True,True,True,True,True,And here is our beloved Ilushaa!,True
POSITIVE,уиии ))) начали получаться розочки! всего раз 50 повторить и вуаля.,0.0,1.0,0.0,0.0,Neutral,3,3,Neutral,0.9991338849067688,positive,5,Positive,0.7865450978279114,neutral,3,Neutral,0.9982835054397583,Neutral,3,Neutral,0.5829830765724182,3,Neutral,0.5512782362724975,3,Neutral,0.0,3,Neutral,0.8795531165860893,3.25,3,Neutral,Positive,False,False,True,False,False,False,False,False,False,) began to turn roses! just 50 times and voila.,True
POSITIVE,обычный солнечный денек в лесу!,0.0,0.618,0.382,0.4753,Positive,5,5,Positive,0.6249443888664246,positive,5,Positive,0.6536638736724854,neutral,3,Neutral,0.9948856234550476,Very Positive,5,Positive,0.5061291456222534,3,Neutral,0.5198727315765319,5,Positive,0.0,5,Positive,0.59,4.5,4,Positive,Positive,True,True,True,False,True,False,True,True,True,A typical sunny day in the woods!,True
POSITIVE,мечта женщины-быть женщиной мечты праздничные приятности дня. любимый красный зинашамоян включениеженственности,0.0,0.564,0.436,0.9169,Positive,5,5,Positive,0.999792754650116,positive,5,Positive,0.8702943325042725,positive,5,Positive,0.9468936920166016,Positive,5,Positive,0.5522909164428711,5,Positive,0.7915390096629924,5,Positive,0.0,5,Positive,0.88,5.0,5,Positive,Positive,True,True,True,True,True,True,True,True,True,The dream of a woman is to be a woman of dreams of festive pleasures of the day. beloved red Zinashamoyan of inclusion of women,True
NEUTRAL,"и еще знаю, что ты любишь кареглазых",0.0,0.615,0.385,0.3612,Positive,5,3,Neutral,0.99998939037323,neutral,3,Neutral,0.5136634111404419,neutral,3,Neutral,0.9968603849411011,Positive,5,Positive,0.5468969941139221,3,Neutral,0.5298840322374212,3,Neutral,0.0,3,Neutral,0.47536645372567526,3.5,4,Positive,Neutral,False,True,True,True,False,True,True,True,False,And I know you like brown-eyed.,True
NEGATIVE,"выходные прошли пора мечтаний, планов, целей самовольно втягиваюсь в рутину мда.",0.0,0.856,0.144,0.4019,Positive,5,1,Negative,0.9999843835830688,negative,1,Negative,0.5464271903038025,neutral,3,Neutral,0.5461127758026123,Neutral,3,Neutral,0.7063167691230774,3,Neutral,0.6192192012210217,3,Neutral,0.0,3,Neutral,0.8493266162072645,2.75,3,Neutral,Negative,False,True,True,False,False,False,False,False,False,"The weekend has passed the time of dreams, plans, goals arbitrarily drawn into the routine of mda.",True
NEUTRAL,смари как по мужски обьяснил)),0.0,1.0,0.0,0.0,Neutral,3,3,Neutral,0.9899543523788452,neutral,3,Neutral,0.7972008585929871,positive,5,Positive,0.7537588477134705,Negative,1,Negative,0.3379499316215515,3,Neutral,0.5298840322374212,3,Neutral,0.0,3,Neutral,0.4753664537256753,3.0,3,Neutral,Neutral,True,True,True,False,False,True,True,True,True,smari as a man explained),True
NEUTRAL,сидел в своей зимней норе. зачитывался оноре. (с),0.0,0.738,0.262,0.4939,Positive,5,3,Neutral,0.9999531507492065,neutral,3,Neutral,0.7961947917938232,neutral,3,Neutral,0.9231178164482117,Neutral,3,Neutral,0.5441805124282837,3,Neutral,0.5298840322374212,3,Neutral,0.0,3,Neutral,0.47536645372567526,3.25,3,Neutral,Neutral,False,True,True,True,True,True,True,True,True,"He was sitting in his winter hole, reading honor. (c)",True
NEGATIVE,"ага, вот тебе. за баян. пошла щит искать, на всякий случай.",0.0,0.82,0.18,0.296,Positive,3,3,Neutral,0.8307899832725525,neutral,3,Neutral,0.7376205325126648,neutral,3,Neutral,0.6942740082740784,Very Negative,1,Negative,0.663169801235199,3,Neutral,0.5284094854380645,3,Neutral,0.0,1,Negative,0.4931219734903089,2.5,2,Negative,Negative,False,False,False,False,True,False,False,True,True,"Yeah, here's the bayan. I went looking for a shield, just in case.",True
POSITIVE,"омг! я написал хорошую заметку на кпк но вк решил обновиться и всё стерлось!((( поэтому я просто оставлю тут 4 панорамы с одного из самых больших небоскрёбов в мире-empire state building (на статую свободы билеты заняты до 27ого числа) а вы полюбуйтесь одним из самых захватывающих видов которые мне только довелось посмотреть! зы фото выкладываю как есть, ибо оценить сам что получилось не могу ( приятного просмотра,а я пойду допью свой лимонад -р",0.019,0.747,0.234,0.9518,Positive,5,1,Negative,0.9874115586280823,positive,5,Positive,0.5715057849884033,positive,5,Positive,0.6622685790061951,Very Positive,5,Positive,0.7793741226196289,3,Neutral,0.5109321912530078,3,Neutral,0.0,3,Neutral,0.41,3.75,4,Positive,Positive,True,False,True,True,True,False,False,False,True,omg! I wrote a good note on the PC but VK decided to update and everything was erased!((so I'll just leave here 4 panoramas from one of the largest skyscrapers in the world-empire state building (on the Statue of Liberty tickets are occupied until the 27th) and you admire one of the most exciting views that I just had to see!,True
NEUTRAL,мозг на вынос.,0.0,1.0,0.0,0.0,Neutral,3,3,Neutral,0.9402234554290771,neutral,3,Neutral,0.8075089454650879,neutral,3,Neutral,0.6668801307678223,Neutral,3,Neutral,0.6615557670593262,3,Neutral,0.5498579130174812,3,Neutral,0.0,3,Neutral,0.8676567279740668,3.0,3,Neutral,Neutral,True,True,True,True,True,True,True,True,True,Take it out.,True
NEUTRAL,"11 взвод,1 отделение! понеслась!",0.0,1.0,0.0,0.0,Neutral,3,3,Neutral,0.9990590214729309,negative,1,Negative,0.4832312762737274,neutral,3,Neutral,0.9032926559448242,Neutral,3,Neutral,0.5134611129760742,5,Positive,0.6113746926219782,5,Positive,0.0,1,Negative,0.8162408957758939,3.0,3,Neutral,Neutral,True,True,False,True,True,False,False,False,True,"11 platoon, 1 squad!",True
POSITIVE,ухуууу я востановив страницу)))) !,0.0,0.423,0.577,0.6239,Positive,5,5,Positive,0.9992855191230774,positive,5,Positive,0.9053285717964172,neutral,3,Neutral,0.9119306802749634,Positive,5,Positive,0.3540995419025421,3,Neutral,0.5298840322374212,3,Neutral,0.0,3,Neutral,0.47536645372567526,4.0,4,Positive,Positive,True,True,True,False,True,False,False,False,True,"Wow, I reset the page!)",True
NEUTRAL,"ребят, я в это сама до конца не верю, но факт. я и сережа написали на haveyoursaybbc.co.uk и высказали свое мнение. спустя час сереже позвонили с bbc. они три раза звонили по телефону и, наверное, в общей сложности говорили по телефону в районе 30 мин. сейчас он на связи с ними в skype. друзья, у них информационный голод и отсутствие достоверной информации от жителей украины. я призываю всех, кто знает английский, написать им и высказать свое мнение. они могут нас услышать!",0.084,0.872,0.045,-0.3903,Negative,1,1,Negative,0.8889922499656677,neutral,3,Neutral,0.8029505014419556,negative,1,Negative,0.5964627861976624,Very Negative,1,Negative,0.6794461011886597,3,Neutral,0.5183390144493957,3,Neutral,0.0,1,Negative,0.52,1.75,2,Negative,Neutral,False,False,True,False,False,True,True,False,False,"guys, I do not believe it to the end, but the fact. me and Seryozha wrote on haveyoursaybbc.co.uk and expressed their opinion. an hour later seriously called bbc. they called three times on the phone and, probably, in total spoke on the phone in about 30 minutes. now he is in touch with them in skype. friends, they have information hunger and lack of reliable information from the residents of Ukraine. I urge everyone who knows English, write them and express their opinion. they can hear us!",True
NEUTRAL,и это 1991год! тинто брасс-отдыхает!,0.0,1.0,0.0,0.0,Neutral,3,3,Neutral,0.999991774559021,positive,5,Positive,0.7012121677398682,negative,1,Negative,0.5321813225746155,Very Positive,5,Positive,0.6364004611968994,3,Neutral,0.560740110819567,3,Neutral,0.0,3,Neutral,0.8427412706325815,3.25,3,Neutral,Neutral,True,True,False,False,False,True,True,True,True,And it's 1991! Tinto brass rests!,True
POSITIVE,"хочу веселиться, гулять и дарить счастье людям:)",0.0,0.42,0.58,0.8074,Positive,5,5,Positive,0.9993910789489746,positive,5,Positive,0.9844849109649658,positive,5,Positive,0.6403485536575317,Neutral,3,Neutral,0.4817996025085449,3,Neutral,0.5957213078281163,3,Neutral,0.0,3,Neutral,0.38911430560408483,4.0,4,Positive,Positive,True,True,True,True,False,False,False,False,True,"I want to have fun, walk and make people happy.",True
NEUTRAL,святые мощи надо мной,0.0,1.0,0.0,0.0,Neutral,3,3,Neutral,0.9908856749534607,neutral,3,Neutral,0.5499552488327026,positive,5,Positive,0.46772709488868713,Very Positive,5,Positive,0.4514386057853699,3,Neutral,0.5298840322374212,3,Neutral,0.0,3,Neutral,0.47536645372567543,3.5,4,Positive,Neutral,True,True,True,False,False,True,True,True,False,holy relics above me,True
NEGATIVE,"ненавижу писать первым, просто потому, что никогда не знаешь, хочет ли этот человек с тобой общения или нет.",0.188,0.812,0.0,-0.5719,Negative,1,1,Negative,0.9999666213989258,negative,1,Negative,0.7291408777236938,neutral,3,Neutral,0.9001821279525757,Very Negative,1,Negative,0.6213423013687134,1,Negative,0.6316468903462308,1,Negative,0.0,1,Negative,0.48214372410305695,1.25,1,Negative,Negative,True,True,True,False,True,True,True,True,True,I hate writing first because you never know if that person wants to talk to you or not.,True
NEUTRAL,"id125937619артём, но ты нас не выиграешь",0.451,0.549,0.0,-0.6259,Negative,1,3,Neutral,0.9996144771575928,neutral,3,Neutral,0.6419745087623596,negative,1,Negative,0.8892539143562317,Neutral,3,Neutral,0.830122709274292,3,Neutral,0.5298840322374212,3,Neutral,0.0,3,Neutral,0.4753664537256753,2.5,2,Negative,Neutral,False,True,True,False,True,True,True,True,False,"id125937619, but you won't win us",True
NEUTRAL,"пускай лучше будет стыдно утром, чем скучно вечером.",0.323,0.497,0.18,-0.3182,Negative,3,3,Neutral,0.9999525547027588,neutral,3,Neutral,0.7230606079101562,neutral,3,Neutral,0.5073671340942383,Negative,1,Negative,0.5044121742248535,1,Negative,0.6658758387125445,1,Negative,0.0,3,Neutral,0.8582675389388577,2.25,2,Negative,Neutral,False,True,True,True,False,False,False,True,False,Better be ashamed in the morning than bored in the evening.,True
NEUTRAL,"после отношений можно остаться друзьями только для того, чтобы периодически ностальгически трахаться.",0.224,0.577,0.199,-0.1027,Neutral,3,3,Neutral,0.9998538494110107,neutral,3,Neutral,0.7451201677322388,neutral,3,Neutral,0.6399475932121277,Neutral,3,Neutral,0.7461587190628052,3,Neutral,0.4790211385779215,3,Neutral,0.0,3,Neutral,0.7033532854109427,3.0,3,Neutral,Neutral,True,True,True,True,True,True,True,True,True,"After a relationship, you can remain friends only to periodically nostalgic fuck.",True
NEUTRAL,"привет, christmas! здесь ты можешь получить уроки стилиста - мастер классы профессионалов из области красоты. создайте свой неповторимый стиль!",0.0,0.712,0.288,0.7568,Positive,5,3,Neutral,0.999983549118042,positive,5,Positive,0.7389287948608398,positive,5,Positive,0.6763405203819275,Very Positive,5,Positive,0.5711493492126465,3,Neutral,0.4187102495319614,5,Positive,0.0,1,Negative,0.45201356095057676,4.0,4,Positive,Neutral,False,True,False,False,False,True,False,False,False,"Hi, christmas! here you can get stylist lessons - master classes of beauty professionals. create your own unique style!",True
NEGATIVE,"да хуй с тобой любовь моя, таких как ты здесь до хуя, таких как я ты хуй найдешь, хоть ты весь мир перевернешь.",0.11,0.599,0.29,0.6908,Positive,5,1,Negative,0.9999665021896362,negative,1,Negative,0.8902580738067627,positive,5,Positive,0.622830331325531,Very Positive,5,Positive,0.4394574463367462,1,Negative,0.7578348019784249,1,Negative,0.0,1,Negative,0.6,2.5,2,Negative,Negative,False,True,True,False,False,True,True,True,True,"Fuck you, my love, people like you're here fuckin', people like me, you'll fucking find me, even if you turn the world around.",True
NEUTRAL,срочно дайте водки!,0.0,1.0,0.0,0.0,Neutral,3,3,Neutral,0.9999850988388062,neutral,3,Neutral,0.8080418705940247,neutral,3,Neutral,0.7159569263458252,Positive,5,Positive,0.5914881229400635,3,Neutral,0.6377516386395198,3,Neutral,0.0,1,Negative,0.6257165361577091,3.0,3,Neutral,Neutral,True,True,True,True,False,True,True,False,True,Give me vodka now!,True
NEUTRAL,"быть ксенией: плюсы: множество форм (ксенья, ксюша, ксеня, ксюнька, аксинья, оксана). ксения растёт послушным ребёнком. хорошо учится в школе, не ленива, аккуратна и исполнительна. ксения общительная, понимающая, весёлая. очень приятно, когда тебя называют ксюшей. в переводе означает ""гостеприимная"". если ксюша ещё и стрелец - цены ей нет. она так же очаровательна, как и её любимый цветок роза. она превосходная и, главное, очень запасливая хозяйка. денисы без ума от ксений. всегда рада помочь ближнему в беде. минусы: - ксюшка-плюшка - ксения чересчур чувствительна и обидчива. - ей определенно не хватает уравновешенности и стабильности. - ксюша, ксюша, юбочка из плюша. - вас бесит, когда вас называют оксаной.",0.027,0.646,0.327,0.9797,Positive,5,3,Neutral,0.9999176263809204,positive,5,Positive,0.8234688639640808,positive,5,Positive,0.9933156371116638,Positive,5,Positive,0.7309234738349915,5,Positive,0.6387426624133293,5,Positive,0.0,5,Positive,0.8344209643103294,4.75,5,Positive,Neutral,False,True,False,False,False,False,False,False,False,"be xenia: pros: many forms (xenia, xyusha, xenya, xyunka, axinya, oxana). Xenia grows up obedient child. learns well at school, is not lazy, neat and executive. xenia is sociable, understanding, cheerful. it is very pleasant when you are called xyusha. in translation means ""hospitable."" if Xyusha is also a strelk - she is as charming as her favorite flower rose. she is excellent and, most importantly, she is very helpful from your neighbor.",True
NEUTRAL,да да сейчас прийдём))))) а чего это у иры не получиться?,0.152,0.693,0.156,0.0186,Neutral,3,3,Neutral,0.9999755620956421,neutral,3,Neutral,0.8372405767440796,neutral,3,Neutral,0.966229259967804,Very Negative,1,Negative,0.42818087339401245,3,Neutral,0.5507981793483805,3,Neutral,0.0,3,Neutral,0.8303690757558833,2.75,3,Neutral,Neutral,True,True,True,True,False,True,True,True,True,"Yes, we are coming now)) and why is it that Ira does not succeed?",True
NEUTRAL,физика или математика?,0.0,1.0,0.0,0.0,Neutral,3,3,Neutral,0.9999533891677856,neutral,3,Neutral,0.9538736343383789,neutral,3,Neutral,0.9203571081161499,Neutral,3,Neutral,0.9245746731758118,3,Neutral,0.7429902137631381,3,Neutral,0.0,3,Neutral,0.9837092414745857,3.0,3,Neutral,Neutral,True,True,True,True,True,True,True,True,True,Physics or mathematics?,True
NEUTRAL,свадебный клип - антон и лида,0.0,1.0,0.0,0.0,Neutral,3,3,Neutral,0.9978746175765991,neutral,3,Neutral,0.8516747355461121,neutral,3,Neutral,0.8762057423591614,Neutral,3,Neutral,0.7482576966285706,3,Neutral,0.8196236861453785,3,Neutral,0.0,3,Neutral,0.6584907697460123,3.0,3,Neutral,Neutral,True,True,True,True,True,True,True,True,True,wedding clip - Anton and Lida,True
POSITIVE,"четкий фотостатус)) что правда, то правда!) самый лучший!))",0.0,0.48,0.52,0.8217,Positive,5,5,Positive,0.9897569417953491,positive,5,Positive,0.9774011373519897,positive,5,Positive,0.9532166719436646,Very Positive,5,Positive,0.6914795637130737,5,Positive,0.6175137560917944,5,Positive,0.0,5,Positive,0.55,5.0,5,Positive,Positive,True,True,True,True,True,True,True,True,True,"What is true, what is true!) is the best!",True
POSITIVE,очень люблю helenshapoval прекрасный человек с которым я счаслива,0.0,0.301,0.699,0.9118,Positive,5,5,Positive,0.9995643496513367,positive,5,Positive,0.9947130084037781,positive,5,Positive,0.9612975120544434,Positive,5,Positive,0.7642984390258789,5,Positive,0.8751701022160182,5,Positive,0.0,5,Positive,0.7316851311496585,5.0,5,Positive,Positive,True,True,True,True,True,True,True,True,True,"I love Helenshapoval, a wonderful man with whom I am happy.",True
NEGATIVE,"индивидуалку мне запили, блеать!",0.35,0.65,0.0,-0.4003,Negative,1,3,Neutral,0.9996017813682556,negative,1,Negative,0.6027241349220276,negative,1,Negative,0.9448236227035522,Very Negative,1,Negative,0.6645196080207825,3,Neutral,0.5298840322374212,3,Neutral,0.0,3,Neutral,0.47536645372567526,2.0,2,Negative,Negative,True,False,True,True,True,False,False,False,True,"I've had an individual drunk, vomit!",True
NEUTRAL,"план действий на сегодняшний день) в 23 ,00 идем в бильярд,дальше по плану ожидаются 2 порции роллов на холяву и по пивку ""рис"" за мой счет) ты как?)))так же фото отчет)",0.0,1.0,0.0,0.0,Neutral,3,3,Neutral,0.9999850988388062,neutral,3,Neutral,0.8949897885322571,neutral,3,Neutral,0.9102655649185181,Neutral,3,Neutral,0.8697993755340576,3,Neutral,0.4676092830313457,3,Neutral,0.0,3,Neutral,0.8091342138131061,3.0,3,Neutral,Neutral,True,True,True,True,True,True,True,True,True,"action plan for today) at 23.00 go to billiards, further on the plan are expected 2 portions of rolls for barbecue and beer ""rice"" at my expense - how are you?)",True
NEUTRAL,тут мой одногруппник,0.0,1.0,0.0,0.0,Neutral,3,3,Neutral,0.9999898672103882,neutral,3,Neutral,0.7949000597000122,negative,1,Negative,0.5734584927558899,Very Negative,1,Negative,0.4628757834434509,3,Neutral,0.5298840322374212,3,Neutral,0.0,3,Neutral,0.47536645372567526,2.5,2,Negative,Neutral,True,True,True,False,False,True,True,True,False,This is my classmate.,True
NEGATIVE,"они вырастут и убьют тебя! так что или ты их, или они тебя!",0.239,0.761,0.0,-0.6908,Negative,1,1,Negative,0.5316480398178101,neutral,3,Neutral,0.6488648653030396,positive,5,Positive,0.6588155031204224,Very Positive,5,Positive,0.31385064125061035,3,Neutral,0.5298840322374212,3,Neutral,0.0,3,Neutral,0.4753664537256753,3.0,3,Neutral,Negative,True,True,False,False,False,False,False,False,False,"They will grow up and kill you, so either you are them or they are you.",True
POSITIVE,мои панкейки .для моих любимых друзяшек,0.0,0.33,0.67,0.7269,Positive,5,5,Positive,0.9988452196121216,positive,5,Positive,0.9281472563743591,neutral,3,Neutral,0.8159599304199219,Neutral,3,Neutral,0.3699025511741638,3,Neutral,0.5298840322374212,3,Neutral,0.0,3,Neutral,0.47536645372567526,3.75,4,Positive,Positive,True,True,True,False,False,False,False,False,True,Punkcakes for my favorite friends,True
POSITIVE,"я видел флэшмоб, для которого были нарисованы твои персонажи. они очень круто вписались. мне даже самому захотелось в этом поучаствовать, так круто. хd",0.0,0.722,0.278,0.7708,Positive,5,3,Neutral,0.8735925555229187,positive,5,Positive,0.9887098670005798,positive,5,Positive,0.9097459316253662,Positive,5,Positive,0.8129690289497375,5,Positive,0.7429056813498701,5,Positive,0.0,5,Positive,0.92,4.75,5,Positive,Positive,True,False,True,True,True,True,True,True,True,"I saw the flash mob that your characters were drawn for, they fit in really cool. I even wanted to participate in it, so cool.",True
NEGATIVE,тебя ценят пока ты выгодень или нужен.тебе плохо? - всем пох.! (((,0.164,0.563,0.272,0.3182,Positive,3,1,Negative,0.9999258518218994,negative,1,Negative,0.6513614654541016,negative,1,Negative,0.5145800113677979,Very Negative,1,Negative,0.6135923862457275,3,Neutral,0.7725979674212021,3,Neutral,0.0,3,Neutral,0.5569680400285927,2.0,2,Negative,Negative,False,True,True,True,True,False,False,False,True,"Are you valued as long as you are profitable or needed, are you bad? (c)",True
NEUTRAL,"нужен второй человек, чтоб снимать вместе комнату!",0.0,1.0,0.0,0.0,Neutral,3,3,Neutral,0.9999947547912598,neutral,3,Neutral,0.8934140205383301,negative,1,Negative,0.5941187143325806,Positive,5,Positive,0.6771451234817505,3,Neutral,0.6242015005760768,3,Neutral,0.0,3,Neutral,0.67,3.0,3,Neutral,Neutral,True,True,True,False,False,True,True,True,True,You need a second person to rent a room together!,True
NEUTRAL,"осень очень даже неплоха, если тепло и солнечно",0.0,0.47,0.53,0.7841,Positive,5,3,Neutral,0.66963791847229,positive,5,Positive,0.878714919090271,positive,5,Positive,0.564041793346405,Positive,5,Positive,0.8374081254005432,3,Neutral,0.5905309949536618,3,Neutral,0.0,3,Neutral,0.67,4.0,4,Positive,Neutral,False,True,False,False,False,True,True,True,False,Autumn is very good if it is warm and sunny.,True
NEGATIVE,"id169963515вообще охуела я не пойму, кто тебе разрешал! а ну вернись сучка",0.0,1.0,0.0,0.0,Neutral,3,3,Neutral,0.995636522769928,negative,1,Negative,0.658833384513855,negative,1,Negative,0.961158275604248,Very Negative,1,Negative,0.554348349571228,1,Negative,0.8367806674934416,1,Negative,0.0,1,Negative,0.7246882974632265,1.5,2,Negative,Negative,False,False,True,True,True,True,True,True,True,id169963515 I don't know who gave you permission!,True
NEGATIVE,"есть сутки, чтобы сделать курсовую. титульный лист и кофе готовы",0.0,0.783,0.217,0.3612,Positive,5,1,Negative,0.9989010095596313,positive,5,Positive,0.6411295533180237,neutral,3,Neutral,0.9996700286865234,Positive,5,Positive,0.7744042873382568,3,Neutral,0.4990054762083037,3,Neutral,0.0,1,Negative,0.5133521467262878,3.25,3,Neutral,Negative,False,True,False,False,False,False,False,True,False,Have a day to make coursework. title page and coffee ready,True
POSITIVE,"кстати, раз уж с контактом такая фигня вышла. сервис гугломузыки весьма неплох, хоть и умеренно платен.",0.0,0.862,0.138,0.4927,Positive,5,3,Neutral,0.9975739121437073,neutral,3,Neutral,0.5651239156723022,positive,5,Positive,0.8900134563446045,Negative,1,Negative,0.6796035766601562,3,Neutral,0.5082065084799574,5,Positive,0.0,1,Negative,0.5294753851215068,3.25,3,Neutral,Positive,True,False,False,True,False,False,True,False,False,"By the way, since with contact such a thing came out. the service of Google music is very good, although moderately paid.",True
NEGATIVE,"сидишь себе тихо спокойно дома, никого не трогаешь. и вдруг! оказывается, что нужно идти и кататься. и главное попробуй возрази. в общем, ищем знакомые э-э-э зспины.",0.0,0.902,0.098,0.3804,Positive,5,3,Neutral,0.9996765851974487,neutral,3,Neutral,0.7168782353401184,neutral,3,Neutral,0.46649685502052307,Positive,5,Positive,0.8160465359687805,3,Neutral,0.5238645284860545,3,Neutral,0.0,3,Neutral,0.5429153170064361,3.5,4,Positive,Negative,False,False,False,False,False,False,False,False,False,"You sit quietly at home, you don't touch anyone, and all of a sudden, you have to go and skate, and most importantly, try to object.",True
NEUTRAL,в ереване тепло в иллюминаторе 1500m,0.0,1.0,0.0,0.0,Neutral,3,3,Neutral,0.9996070265769958,neutral,3,Neutral,0.7983753681182861,negative,1,Negative,0.7600270509719849,Neutral,3,Neutral,0.849788248538971,3,Neutral,0.5360272238043501,3,Neutral,0.0,3,Neutral,0.7059422275059346,2.75,3,Neutral,Neutral,True,True,True,False,True,True,True,True,True,in Yerevan heat in the window 1500m,True
NEUTRAL,"боян, конечно. но пусть будет!)",0.0,0.737,0.263,0.2828,Positive,3,3,Neutral,0.9626357555389404,neutral,3,Neutral,0.5605921745300293,neutral,3,Neutral,0.7876921892166138,Very Negative,1,Negative,0.3558788597583771,3,Neutral,0.5595789568405779,3,Neutral,0.0,3,Neutral,0.9174345067474813,2.75,3,Neutral,Neutral,False,True,True,True,False,True,True,True,True,"Yes, of course, but let it be!",True
NEGATIVE,блин! единственное фото со мной с behance meet up - и то ужас какой то),0.205,0.795,0.0,-0.4767,Negative,1,3,Neutral,0.9861435890197754,positive,5,Positive,0.40375563502311707,negative,1,Negative,0.8552559018135071,Very Negative,1,Negative,0.5770326256752014,1,Negative,0.7743758873959756,1,Negative,0.0,1,Negative,0.9132815568420289,1.75,2,Negative,Negative,True,False,False,True,True,True,True,True,True,"Man, the only photo of me with a behance meet up - and that's terrible.",True
NEUTRAL,а как насчет рыбки?,0.0,1.0,0.0,0.0,Neutral,3,3,Neutral,0.9997239708900452,neutral,3,Neutral,0.9441922307014465,negative,1,Negative,0.5497564673423767,Neutral,3,Neutral,0.8850958347320557,3,Neutral,0.5298840322374212,3,Neutral,0.0,3,Neutral,0.47536645372567526,2.75,3,Neutral,Neutral,True,True,True,False,True,True,True,True,True,What about the fish?,True
NEUTRAL,посмотри на всех своих поклонников из числа парней за все время :),0.0,1.0,0.0,0.0,Neutral,3,3,Neutral,0.9999957084655762,neutral,3,Neutral,0.8715327382087708,neutral,3,Neutral,0.9355573058128357,Neutral,3,Neutral,0.8059755563735962,3,Neutral,0.5175585356330085,3,Neutral,0.0,3,Neutral,0.98,3.0,3,Neutral,Neutral,True,True,True,True,True,True,True,True,True,Take a look at all your fans all the time :,True
POSITIVE,неведомая няшно розовая фигня хочет чтобы ты исполнила его желание!:3,0.15,0.584,0.266,0.3382,Positive,5,5,Positive,0.9897145628929138,neutral,3,Neutral,0.5407674908638,neutral,3,Neutral,0.8228487372398376,Very Negative,1,Negative,0.42482003569602966,1,Negative,0.5003644209350202,1,Negative,0.0,1,Negative,0.5544409027371581,2.5,2,Negative,Positive,True,True,False,False,False,False,False,False,False,A strange pink thing wants you to fulfill his wish!:3,True
NEUTRAL,отправлено через огромныеоткрытки,0.0,0.566,0.434,0.3182,Positive,3,3,Neutral,0.9996575117111206,neutral,3,Neutral,0.6028759479522705,negative,1,Negative,0.8178339600563049,Neutral,3,Neutral,0.896703839302063,3,Neutral,0.5298840322374212,3,Neutral,0.0,3,Neutral,0.4753664537256753,2.75,3,Neutral,Neutral,False,True,True,False,True,True,True,True,True,sent through huge postcards,True
POSITIVE,от души зачитал.,0.0,1.0,0.0,0.0,Neutral,3,3,Neutral,0.9983370304107666,neutral,3,Neutral,0.4738152027130127,positive,5,Positive,0.9383897185325623,Neutral,3,Neutral,0.4648840129375458,3,Neutral,0.5298840322374212,3,Neutral,0.0,3,Neutral,0.47536645372567515,3.25,3,Neutral,Positive,False,False,False,True,False,False,False,False,False,I read it from my heart.,True
NEUTRAL,праздничная акция от nivea здесь!:,0.0,1.0,0.0,0.0,Neutral,3,5,Positive,0.9790546894073486,positive,5,Positive,0.7586539387702942,positive,5,Positive,0.9679282307624817,Neutral,3,Neutral,0.5512887835502625,3,Neutral,0.497350044307755,3,Neutral,0.0,1,Negative,0.925696953518903,3.5,4,Positive,Neutral,True,False,False,False,True,True,True,False,False,Celebration from Nivea is here! :,True
NEUTRAL,что любите слушать за работой тред го. постить исполнителя и название(чтоб в поиске найти потом). иль же сразу ссыль.,0.0,0.839,0.161,0.3612,Positive,5,1,Negative,0.9923534989356995,neutral,3,Neutral,0.8141341805458069,positive,5,Positive,0.5732865929603577,Negative,1,Negative,0.4847554564476013,3,Neutral,0.5313663814723848,3,Neutral,0.0,3,Neutral,0.5404072696319898,3.0,3,Neutral,Neutral,False,False,True,False,False,True,True,True,True,"You like to listen to them and listen to them, or listen to them.",True
POSITIVE,это можно смотреть безконечно),0.0,1.0,0.0,0.0,Neutral,3,3,Neutral,0.9788413643836975,neutral,3,Neutral,0.6247514486312866,positive,5,Positive,0.9114122986793518,Neutral,3,Neutral,0.5009199380874634,1,Negative,0.7099127851737354,1,Negative,0.0,3,Neutral,0.730246784317639,2.75,3,Neutral,Positive,False,False,False,True,False,False,False,False,False,You can watch it endlessly.,True
POSITIVE,а я вчера открывал шампанское и попал пробкой в пролетавшего мимо грача и он упал в сугроб и там было много крови короче и мне все телки потом дали (с) ахахах,0.0,0.936,0.064,0.296,Positive,3,1,Negative,0.932746171951294,neutral,3,Neutral,0.3970816135406494,negative,1,Negative,0.9383485317230225,Very Negative,1,Negative,0.7327856421470642,3,Neutral,0.5854865071695293,3,Neutral,0.0,3,Neutral,0.5738222624967537,2.25,2,Negative,Positive,True,False,False,False,False,False,False,False,False,I opened the champagne yesterday and got a cork into a rook that was flying by and it fell into a snowdrift and there was a lot of blood shorter and all the chicks were given to me.,True
NEUTRAL,порекомендуйте крутую книгу по seo.,0.0,0.385,0.615,0.5859,Positive,5,3,Neutral,0.9366615414619446,positive,5,Positive,0.8279308676719666,neutral,3,Neutral,0.514820396900177,Positive,5,Positive,0.6786872744560242,3,Neutral,0.5298840322374212,3,Neutral,0.0,3,Neutral,0.4753664537256753,3.75,4,Positive,Neutral,False,True,False,True,False,True,True,True,False,Recommend a cool book on SEO.,True
NEUTRAL,"обнова в четверг, 21 апреля в 12:00. в анонсе не все вещи ! все цены и размеры во время обновы. обнову смогут видеть только друзья. скорее всего будет перебив цены . делайте репост себе на стену, так как не успеваю всем напомнить . вступайте в мою группу, скоро обновы будут здесь",0.0,0.901,0.099,0.68,Positive,5,3,Neutral,0.799017608165741,neutral,3,Neutral,0.9036716818809509,positive,5,Positive,0.5994434356689453,Very Negative,1,Negative,0.5030616521835327,3,Neutral,0.772237818157698,3,Neutral,0.0,3,Neutral,0.860965740941699,3.25,3,Neutral,Neutral,False,True,True,False,False,True,True,True,True,"New on Thursday, April 21 at 12:00. in the announcement not all things! All prices and sizes during the update, only friends will be able to see the update. Make a repost to yourself on the wall, because I do not have time to remind everyone. Join my group, the updates will be here soon.",True
NEUTRAL,"интересно как реализован самозарядный режим и додумаются ли до этого наши рукожопы на молоте. и вообще, перествол ппш и ппс под 9мм - очень богатая идея ввиду массовой доступности 9мм пар в магазинах, в отличии от 7,62х25",0.0,0.87,0.13,0.7645,Positive,5,3,Neutral,0.9978675842285156,neutral,3,Neutral,0.6773943305015564,positive,5,Positive,0.7254155278205872,Positive,5,Positive,0.45225995779037476,3,Neutral,0.4788853971327801,3,Neutral,0.0,1,Negative,0.7,3.5,4,Positive,Neutral,False,True,True,False,False,True,True,False,False,"It is interesting how the self-loading mode is implemented and whether our hammered hands will think up to this. and in general, the psh and pps under 9 mm is a very rich idea due to the mass availability of 9 mm pairs in stores, in contrast to 7.62×25",True
NEGATIVE,"а чего ты хотел, солнышко? обидел девушку, значит учись теперь собирать сломанной рукой выбитые зубы;)",0.284,0.45,0.266,-0.128,Neutral,3,1,Negative,0.9039992690086365,neutral,3,Neutral,0.6024891138076782,negative,1,Negative,0.5015193819999695,Very Negative,1,Negative,0.6960039734840393,3,Neutral,0.7192117083992634,3,Neutral,0.0,1,Negative,0.4419652448468667,2.0,2,Negative,Negative,False,True,False,True,True,False,False,True,True,"And what did you want, sunshine? offended the girl, then learn now to collect broken teeth with a broken hand;",True
NEUTRAL,"ярик, хочу познакомить тебя со своей подругой! она тебе понравится. узнай кто это:",0.0,0.552,0.448,0.7424,Positive,5,3,Neutral,0.999995231628418,neutral,3,Neutral,0.7298842072486877,positive,5,Positive,0.7919938564300537,Positive,5,Positive,0.7294785976409912,1,Negative,0.47012956507327885,3,Neutral,0.0,3,Neutral,0.48125825953015583,3.5,4,Positive,Neutral,False,True,True,False,False,False,True,True,False,"Yarik, I want to introduce you to my friend! you will like her.",True
NEGATIVE,а я в бпльнице;(,0.0,1.0,0.0,0.0,Neutral,3,3,Neutral,0.9893801212310791,negative,1,Negative,0.5761213302612305,positive,5,Positive,0.35545220971107483,Very Negative,1,Negative,0.7149106860160828,3,Neutral,0.5298840322374212,3,Neutral,0.0,3,Neutral,0.47536645372567526,2.75,3,Neutral,Negative,False,False,True,False,True,False,False,False,False,I'm wearing a buffet.,True
NEUTRAL,сегодняшнее партсобрание постановило:убрать гипно-видео со страницы. выполняю.,0.0,0.787,0.213,0.4019,Positive,5,3,Neutral,0.99988853931427,neutral,3,Neutral,0.9211032390594482,negative,1,Negative,0.7998991012573242,Neutral,3,Neutral,0.8863494396209717,3,Neutral,0.5298840322374212,3,Neutral,0.0,3,Neutral,0.47536645372567526,3.0,3,Neutral,Neutral,False,True,True,False,True,True,True,True,True,Today's party meeting decided to remove the hypno-video from the page.,True
NEUTRAL,"1-му человеку который прокомментирует это ,я поставлю его фамилию на неделю 2-му человеку я поставлю статус ""я люблю тебя ."" 3-му человеку я посвящу сп ""влюблен(а) в ."" на 2 дня 4-му человеку я поставлю его фото себе на аву на 1 день 5-го человека поцелую в губы(щёчку). 6-го человека я буду неделю называть солнышко моё. 7-му человеку я отвечу на любой вопос(связанный со мной) не ну я 1 написал некто спроить не будет!",0.018,0.865,0.117,0.8928,Positive,5,1,Negative,0.7425656318664551,neutral,3,Neutral,0.5898299217224121,positive,5,Positive,0.9817357659339905,Neutral,3,Neutral,0.435213178396225,1,Negative,0.42137972424343634,1,Negative,0.0,3,Neutral,0.49,2.75,3,Neutral,Neutral,False,False,True,False,True,False,False,True,True,"The 1st person to comment on this, I'll give his last name to the 2nd person for the week I'll give the status of ""I love you."" To the 3rd person I will dedicate the SP ""in love"" (a) in. for 2 days to the 4th person I will put his photo on the ava on the 1st day of the 5th person kiss on the lips (cheek). 6th man I shall call my sun for a week. 7th person I will answer to any post (related to me) not well I 1 wrote someone will not!",True
NEUTRAL,почему у меня нет видео?,0.0,1.0,0.0,0.0,Neutral,3,3,Neutral,0.9999828338623047,neutral,3,Neutral,0.9086627960205078,negative,1,Negative,0.5897829532623291,Neutral,3,Neutral,0.49666526913642883,3,Neutral,0.7543626772866505,3,Neutral,0.0,3,Neutral,0.9397136651767631,2.75,3,Neutral,Neutral,True,True,True,False,True,True,True,True,True,Why don't I have a video?,True
POSITIVE,"- сегодня я увидел город в красках осени , пускай хоть на нас и падал снег , осень все еще с нами. одна полезная очевидность, если ты идешь и держишь фотоаппарат в руках, то люди сами так и прыгают в кадр. они даже не собираются стесняться, клик фотоаппарата для них как улыбка или просто незамысловатое ""привет, как дела?""",0.043,0.847,0.11,0.5859,Positive,5,3,Neutral,0.9998244643211365,neutral,3,Neutral,0.7608014941215515,positive,5,Positive,0.6107708811759949,Very Negative,1,Negative,0.5048512816429138,3,Neutral,0.6294563958432073,3,Neutral,0.0,1,Negative,0.37,3.0,3,Neutral,Positive,True,False,False,True,False,False,False,False,False,"- today I saw the city in the colors of autumn , even though the snow fell on us , autumn is still with us. one useful evidence, if you go and hold the camera in your hands, then people themselves jump into the frame. they are not even going to be ashamed, the click of the camera for them like a smile or just plain ""Hi, how are you?""",True
NEUTRAL,появились подробности массовой драки россиян и украинцев в турции,0.191,0.809,0.0,-0.3818,Negative,1,3,Neutral,0.9992637038230896,neutral,3,Neutral,0.7814452052116394,neutral,3,Neutral,0.9833418130874634,Positive,5,Positive,0.610736608505249,3,Neutral,0.5298840322374212,3,Neutral,0.0,3,Neutral,0.47536645372567526,3.0,3,Neutral,Neutral,False,True,True,True,False,True,True,True,True,The details of the mass fight between Russians and Ukrainians in Turkey,True
NEUTRAL,"сразу после того, как сообщение отправлено, в голову приходят умные мысли)",0.0,0.769,0.231,0.4588,Positive,5,3,Neutral,0.9988963603973389,neutral,3,Neutral,0.7820767760276794,positive,5,Positive,0.9270877838134766,Positive,5,Positive,0.5091985464096069,3,Neutral,0.5325834266442874,3,Neutral,0.0,1,Negative,0.49,3.5,4,Positive,Neutral,False,True,True,False,False,True,True,False,False,"Immediately after the message is sent, intelligent thoughts come to mind.",True
POSITIVE,"жень, крутая аваторка))) хава нагила)",0.0,0.635,0.365,0.3182,Positive,3,3,Neutral,0.9792469143867493,positive,5,Positive,0.9871298670768738,positive,5,Positive,0.9204362034797668,Neutral,3,Neutral,0.29599234461784363,3,Neutral,0.5298840322374212,3,Neutral,0.0,3,Neutral,0.47536645372567526,3.5,4,Positive,Positive,True,False,True,True,False,False,False,False,True,"wife, cool avatorka)) hawa nagila",True
NEUTRAL,вот это норма))),0.0,1.0,0.0,0.0,Neutral,3,3,Neutral,0.9986328482627869,neutral,3,Neutral,0.793757438659668,neutral,3,Neutral,0.625493586063385,Neutral,3,Neutral,0.557010293006897,3,Neutral,0.50459435642883,3,Neutral,0.0,3,Neutral,0.88,3.0,3,Neutral,Neutral,True,True,True,True,True,True,True,True,True,This is the norm.,True
NEUTRAL,я тоже буду ждать!,0.0,1.0,0.0,0.0,Neutral,3,1,Negative,0.8616476058959961,neutral,3,Neutral,0.7606166005134583,positive,5,Positive,0.6861997246742249,Positive,5,Positive,0.38255229592323303,1,Negative,0.5701025675284477,1,Negative,0.0,3,Neutral,0.6465256064868206,2.75,3,Neutral,Neutral,True,False,True,False,False,False,False,True,True,"I'll wait, too!",True
POSITIVE,с улыбкой на лице сломаем все эти системы.,0.0,0.783,0.217,0.3612,Positive,5,5,Positive,0.42427751421928406,neutral,3,Neutral,0.5035487413406372,positive,5,Positive,0.8078859448432922,Negative,1,Negative,0.4361436367034912,3,Neutral,0.5298840322374212,3,Neutral,0.0,3,Neutral,0.4753664537256753,3.5,4,Positive,Positive,True,True,False,True,False,False,False,False,True,"With a smile on your face, we break all these systems.",True
NEUTRAL,а это мой котофей год назад,0.0,1.0,0.0,0.0,Neutral,3,3,Neutral,0.9993138313293457,neutral,3,Neutral,0.7483618259429932,neutral,3,Neutral,0.9529311060905457,Very Negative,1,Negative,0.6608479022979736,3,Neutral,0.7055381733503134,3,Neutral,0.0,3,Neutral,0.5889944060153455,2.75,3,Neutral,Neutral,True,True,True,True,False,True,True,True,True,And this is my cat a year ago.,True
NEGATIVE,бли у нево опять комп сламалса (((((((((( бедняшка.,0.0,1.0,0.0,0.0,Neutral,3,1,Negative,0.8060042858123779,negative,1,Negative,0.8837482333183289,neutral,3,Neutral,0.591127336025238,Very Negative,1,Negative,0.3773481547832489,3,Neutral,0.6503246224559176,3,Neutral,0.0,1,Negative,0.8665549661174989,2.0,2,Negative,Negative,False,True,True,False,True,False,False,True,True,"If you have a slapdog, you will have a slapdog.",True
NEUTRAL,брать или нет?))) голову сломал,0.0,1.0,0.0,0.0,Neutral,3,1,Negative,0.999775230884552,neutral,3,Neutral,0.7294538021087646,neutral,3,Neutral,0.5391552448272705,Neutral,3,Neutral,0.39996427297592163,5,Positive,0.4627976556517608,5,Positive,0.0,1,Negative,0.5227497678483335,3.0,3,Neutral,Neutral,True,False,True,True,True,False,False,False,True,Take it or not? . . .,True
NEUTRAL,"танец - единственный вид искусства, в котором мы сами являемся инструментом.",0.0,1.0,0.0,0.0,Neutral,3,3,Neutral,0.7718985676765442,neutral,3,Neutral,0.7491391897201538,positive,5,Positive,0.5069746971130371,Neutral,3,Neutral,0.8366925120353699,1,Negative,0.39378622175118283,1,Negative,0.0,3,Neutral,0.5348234095645491,2.75,3,Neutral,Neutral,True,True,True,False,True,False,False,True,True,Dance is the only art form in which we are an instrument.,True
NEUTRAL,"если бог существует,то атеизм, безусловно, оскорбляет его меньше, чем религия. (с)",0.207,0.483,0.31,0.128,Neutral,3,1,Negative,0.9998756647109985,neutral,3,Neutral,0.7664707899093628,neutral,3,Neutral,0.7478524446487427,Negative,1,Negative,0.6804181337356567,3,Neutral,0.5786309012804732,3,Neutral,0.0,3,Neutral,0.673941027181608,2.5,2,Negative,Neutral,True,False,True,True,False,True,True,True,False,"If God exists, atheism certainly offends him less than religion.",True
POSITIVE,"не знаю почему, но я даже вслух засмеялся ))) обычно просто улыбаюсь :)",0.0,0.491,0.509,0.8047,Positive,5,5,Positive,0.9769659638404846,positive,5,Positive,0.9686034917831421,positive,5,Positive,0.855156660079956,Negative,1,Negative,0.30813953280448914,3,Neutral,0.5618260489674053,3,Neutral,0.0,1,Negative,0.49251938197464473,3.5,4,Positive,Positive,True,True,True,True,False,False,False,False,True,"I don’t know why, but I laughed aloud . . . usually just smile :",True
NEGATIVE,(((не хочу я ничего(((,0.289,0.711,0.0,-0.0572,Neutral,3,3,Neutral,0.5594452619552612,negative,1,Negative,0.7367371916770935,positive,5,Positive,0.5127338171005249,Neutral,3,Neutral,0.2766295373439789,3,Neutral,0.5298840322374212,3,Neutral,0.0,3,Neutral,0.47536645372567526,3.0,3,Neutral,Negative,False,False,True,False,False,False,False,False,False,(I don't want anything),True
NEGATIVE,"тоска по дому это не всегда то смутное, ностальгическое и даже прекрасное чувство, каким мы его себе привыкли представлять. оно может быть острым, как нож, и превращаться в болезнь не в переносном, а в прямом смысле. оно может изменить взгляды человека на жизнь. лица на улице становятся для него не безразличными, а отталкивающими и даже злорадными. тоска по дому это настоящая болезнь, боль вырванного с корнем растения. как же мне плохо.((((((",0.165,0.723,0.112,-0.7943,Negative,1,1,Negative,0.9992398023605347,neutral,3,Neutral,0.559971809387207,positive,5,Positive,0.5548891425132751,Very Negative,1,Negative,0.4400424361228943,1,Negative,0.5417222489757383,1,Negative,0.0,1,Negative,0.49,1.75,2,Negative,Negative,True,True,False,False,True,True,True,True,True,"homesickness is not always that vague, nostalgic and even beautiful feeling, as we used to imagine it. it can be sharp, like a knife, and turn into a disease not figuratively, but literally. it can change a person's views on life. faces on the street become for him not indifferent, but repulsive and even malignant. homesickness is a real disease, the pain of a plant torn from the root.",True
POSITIVE,"все в тренажерный зал.скажем ""нет"" целлюлиту)))",0.239,0.761,0.0,-0.296,Negative,3,5,Positive,0.988497257232666,neutral,3,Neutral,0.6765318512916565,neutral,3,Neutral,0.9763581156730652,Negative,1,Negative,0.33697137236595154,3,Neutral,0.5298840322374212,3,Neutral,0.0,3,Neutral,0.47536645372567526,3.0,3,Neutral,Positive,False,True,False,False,False,False,False,False,False,Everyone in the gym. say no to cellulite.,True
NEGATIVE,"бля мих я не знаю че у тебя в голове произошло,но ты реально за это время службы ты жестоким стал,раньше был нормальный спокойный парень,ты когда на пост заступаеш гастеры не знают куда от тебя спрятаться бля че с тобой происходит?",0.203,0.737,0.06,-0.7886,Negative,1,1,Negative,0.9999042749404907,negative,1,Negative,0.5769217014312744,negative,1,Negative,0.9590778350830078,Very Negative,1,Negative,0.7710214853286743,3,Neutral,0.5209159203378242,3,Neutral,0.0,3,Neutral,0.63,1.75,2,Negative,Negative,True,True,True,True,True,False,False,False,True,"I don't know what the fuck happened in your head, but you've really become cruel during this time of service, you used to be a normal calm guy, you don't know where to hide from you when you step on the post.",True
NEUTRAL,"муз щит - рома жёлудь, анжела лондон",0.0,1.0,0.0,0.0,Neutral,3,1,Negative,0.9925145506858826,neutral,3,Neutral,0.7415693402290344,neutral,3,Neutral,0.9936074018478394,Very Negative,1,Negative,0.38083699345588684,3,Neutral,0.6313576313576212,3,Neutral,0.0,3,Neutral,0.48832513830170676,2.5,2,Negative,Neutral,True,False,True,True,False,True,True,True,False,"Muses Shield - Roma Acorn, Angela London",True
POSITIVE,заебись что я мужик!,0.558,0.442,0.0,-0.5848,Negative,1,1,Negative,0.9781267642974854,negative,1,Negative,0.39512497186660767,negative,1,Negative,0.5564581155776978,Very Negative,1,Negative,0.48496463894844055,3,Neutral,0.48917490896648985,3,Neutral,0.0,3,Neutral,0.6710618432782574,1.75,2,Negative,Positive,False,False,False,False,False,False,False,False,False,Fuck that I'm a man!,True
NEUTRAL,вот что-то такого рода : ),0.0,0.545,0.455,0.3612,Positive,5,3,Neutral,0.9974020719528198,neutral,3,Neutral,0.9163441061973572,neutral,3,Neutral,0.8705286979675293,Neutral,3,Neutral,0.5369026064872742,3,Neutral,0.5298840322374212,3,Neutral,0.0,3,Neutral,0.47536645372567526,3.25,3,Neutral,Neutral,False,True,True,True,True,True,True,True,True,Here's something like that :,True
NEUTRAL,вот где начало передовых технологий.,0.0,1.0,0.0,0.0,Neutral,3,3,Neutral,0.9998539686203003,neutral,3,Neutral,0.8812735676765442,positive,5,Positive,0.6781783699989319,Neutral,3,Neutral,0.8544738292694092,3,Neutral,0.48312725379421545,3,Neutral,0.0,3,Neutral,0.5415360145261672,3.25,3,Neutral,Neutral,True,True,True,False,True,True,True,True,True,That's where the cutting-edge technology started.,True
NEGATIVE,"все время думаю о тебе дай мне второй шанс,умоляю",0.0,0.778,0.222,0.25,Positive,3,3,Neutral,0.9999943971633911,neutral,3,Neutral,0.8031970858573914,neutral,3,Neutral,0.9691219329833984,Positive,5,Positive,0.8236814141273499,3,Neutral,0.6440524659631968,3,Neutral,0.0,3,Neutral,0.69,3.25,3,Neutral,Negative,False,False,False,False,False,False,False,False,False,I keep thinking about you. Give me a second chance.,True
POSITIVE,зацените мое исскуство)))),0.0,1.0,0.0,0.0,Neutral,3,3,Neutral,0.9928497076034546,neutral,3,Neutral,0.7304509282112122,neutral,3,Neutral,0.5817528367042542,Neutral,3,Neutral,0.5704411864280701,3,Neutral,0.5298840322374212,3,Neutral,0.0,3,Neutral,0.47536645372567526,3.0,3,Neutral,Positive,False,False,False,False,False,False,False,False,False,Check out my art),True
NEUTRAL,"жизнь это коробка с печеньем. в коробке с печеньем есть печенюшки любимые, а есть не очень. съешь первым делом самые вкусные останутся лишь те, что особо не любишь. когда мне горько, я всегда думаю об этой коробке. потерпишь сейчас проще будет потом. вот и выходит, что жизнь коробка с печеньем. fekt vut brno",0.1,0.757,0.143,0.4737,Positive,5,1,Negative,0.9998317956924438,negative,1,Negative,0.5272472500801086,negative,1,Negative,0.8328185081481934,Very Negative,1,Negative,0.5278638005256653,3,Neutral,0.5867543338110207,3,Neutral,0.0,3,Neutral,0.58,2.25,2,Negative,Neutral,False,False,False,False,False,True,True,True,False,"life is a box of cookies. in a box of cookies there are favorite cookies, and there are not very. eat the first thing the most delicious will remain only those that do not like. When I feel bitter, I always think about this box.",True
NEUTRAL,"китаец выжил, получив два удара молнии подряд (видео)",0.263,0.737,0.0,-0.3612,Negative,1,3,Neutral,0.9999662637710571,neutral,3,Neutral,0.8750755190849304,neutral,3,Neutral,0.9893627762794495,Neutral,3,Neutral,0.840703547000885,3,Neutral,0.6583406596810845,3,Neutral,0.0,3,Neutral,0.83,2.75,3,Neutral,Neutral,False,True,True,True,True,True,True,True,True,Chinese man survives two consecutive lightning strikes (video),True
NEUTRAL,мегатест: какой iphone подойдёт тебе? узнай какой iphone у тебя уже будет сегодня! тест тут,0.0,1.0,0.0,0.0,Neutral,3,3,Neutral,0.9999972581863403,neutral,3,Neutral,0.9189721941947937,neutral,3,Neutral,0.9556354284286499,Very Positive,5,Positive,0.33720216155052185,3,Neutral,0.7799761829265202,3,Neutral,0.0,3,Neutral,0.866166023346853,3.25,3,Neutral,Neutral,True,True,True,True,False,True,True,True,True,Megatest: which iPhone is right for you? find out which iPhone you will have today!,True
POSITIVE,наконецто я стал дядей,0.0,1.0,0.0,0.0,Neutral,3,5,Positive,0.9424416422843933,positive,5,Positive,0.8141116499900818,neutral,3,Neutral,0.8439218997955322,Very Positive,5,Positive,0.47202226519584656,3,Neutral,0.5298840322374212,3,Neutral,0.0,3,Neutral,0.47536645372567526,3.75,4,Positive,Positive,False,True,True,False,True,False,False,False,True,I finally became an uncle.,True
POSITIVE,мммм ава суперова !,0.0,1.0,0.0,0.0,Neutral,3,5,Positive,0.9917373061180115,positive,5,Positive,0.9923610091209412,positive,5,Positive,0.5125692486763,Very Positive,5,Positive,0.4323973059654236,3,Neutral,0.5298840322374212,3,Neutral,0.0,3,Neutral,0.4753664537256753,4.0,4,Positive,Positive,False,True,True,True,True,False,False,False,True,"Mmm, ava supernova!",True
NEUTRAL,уже 351 группа))не забудьте также дать своим руководителям на подпись и отчет!он должен быть обязательно подписан!,0.166,0.834,0.0,-0.2942,Negative,3,3,Neutral,0.746084451675415,neutral,3,Neutral,0.6771950721740723,positive,5,Positive,0.6858072876930237,Positive,5,Positive,0.4801274240016937,5,Positive,0.5533722278994988,5,Positive,0.0,3,Neutral,0.4244895997988158,4.0,4,Positive,Neutral,False,True,True,False,False,False,False,True,False,"351 groups already), don’t forget to give your supervisors a signature and report!",True
NEGATIVE,"температура 38,3 :((",0.0,1.0,0.0,0.0,Neutral,3,1,Negative,0.9865356087684631,neutral,3,Neutral,0.8257610201835632,neutral,3,Neutral,0.7173641920089722,Neutral,3,Neutral,0.8782232999801636,1,Negative,0.6812003487129445,1,Negative,0.0,1,Negative,0.9490645164582189,2.0,2,Negative,Negative,False,True,False,False,False,True,True,True,True,temperature 38.3:((),True
NEUTRAL,19 июля!))))время будет позже,0.0,1.0,0.0,0.0,Neutral,3,5,Positive,0.9985398054122925,neutral,3,Neutral,0.6222332119941711,neutral,3,Neutral,0.9804195761680603,Neutral,3,Neutral,0.4793941080570221,3,Neutral,0.5298840322374212,3,Neutral,0.0,3,Neutral,0.47536645372567526,3.25,3,Neutral,Neutral,True,False,True,True,True,True,True,True,True,July 19!))) will be later,True
NEUTRAL,вот твои кравчегыыы!,0.0,1.0,0.0,0.0,Neutral,3,5,Positive,0.9835926294326782,neutral,3,Neutral,0.4464140832424164,positive,5,Positive,0.4574834704399109,Very Positive,5,Positive,0.5480402112007141,3,Neutral,0.5298840322374212,3,Neutral,0.0,3,Neutral,0.47536645372567526,3.75,4,Positive,Neutral,True,False,True,False,False,True,True,True,False,Here's your gravy!,True
POSITIVE,раскачаем вичиринку в субботу!,0.0,1.0,0.0,0.0,Neutral,3,3,Neutral,0.9999649524688721,positive,5,Positive,0.5231369137763977,positive,5,Positive,0.7993824481964111,Very Negative,1,Negative,0.5969756245613098,3,Neutral,0.5298840322374212,3,Neutral,0.0,3,Neutral,0.47536645372567543,3.25,3,Neutral,Positive,False,False,True,True,False,False,False,False,False,Let's rock the vichirinka on Saturday!,True
NEGATIVE,.дамы и господа блять!.,0.0,1.0,0.0,0.0,Neutral,3,1,Negative,0.9995095729827881,negative,1,Negative,0.9241656064987183,neutral,3,Neutral,0.4069693982601166,Positive,5,Positive,0.4299558997154236,3,Neutral,0.5298840322374212,3,Neutral,0.0,3,Neutral,0.47536645372567526,2.75,3,Neutral,Negative,False,True,True,False,False,False,False,False,False,Ladies and gentlemen!,True
POSITIVE,вот что нам надо было замутить :d,0.0,0.645,0.355,0.5106,Positive,5,3,Neutral,0.9357684254646301,neutral,3,Neutral,0.6970477104187012,negative,1,Negative,0.4207887351512909,Neutral,3,Neutral,0.34463661909103394,3,Neutral,0.5298840322374212,3,Neutral,0.0,3,Neutral,0.47536645372567543,3.0,3,Neutral,Positive,True,False,False,False,False,False,False,False,False,Here's what we had to do :d,True
NEGATIVE,"россию погубит ""поколение жесть"" - жизнь",0.314,0.686,0.0,-0.4939,Negative,1,1,Negative,0.9997382760047913,neutral,3,Neutral,0.7062919735908508,negative,1,Negative,0.9550982713699341,Very Negative,1,Negative,0.5913957357406616,1,Negative,0.5210099124593252,1,Negative,0.0,1,Negative,0.7680088138943839,1.25,1,Negative,Negative,True,True,False,True,True,True,True,True,True,Russia will be destroyed by the “generation” – life,True
NEUTRAL,свадьба в малиновке - 2 !,0.0,1.0,0.0,0.0,Neutral,3,3,Neutral,0.9991439580917358,neutral,3,Neutral,0.8889807462692261,neutral,3,Neutral,0.9800474047660828,Neutral,3,Neutral,0.7495229244232178,1,Negative,0.9680153712168209,1,Negative,0.0,3,Neutral,0.7688999986617386,2.5,2,Negative,Neutral,True,True,True,True,True,False,False,True,False,Wedding in a robin - 2!,True
NEGATIVE,"карапуз мой сладкий, скучаю;((",0.242,0.303,0.455,0.34,Positive,5,1,Negative,0.939727246761322,positive,5,Positive,0.5927725434303284,positive,5,Positive,0.7423049807548523,Negative,1,Negative,0.4458278715610504,3,Neutral,0.49307340176360953,3,Neutral,0.0,3,Neutral,0.9106214683625657,3.25,3,Neutral,Negative,False,True,False,False,True,False,False,False,False,"It's sweet, I miss it.",True
NEGATIVE,алииииииииин.ну когда же мы увидимся уже?(((( соскучилась ведь я,0.0,1.0,0.0,0.0,Neutral,3,1,Negative,0.9989297986030579,negative,1,Negative,0.8723185658454895,neutral,3,Neutral,0.9902509450912476,Neutral,3,Neutral,0.2993043065071106,3,Neutral,0.5298840322374212,3,Neutral,0.0,3,Neutral,0.4753664537256753,2.5,2,Negative,Negative,False,True,True,False,False,False,False,False,True,And when will we see each other again?,True
NEUTRAL,сделали колоночки для дачи :) очень древняя модель microlab и очень качественная для своего уровня. красили акриловыми красками и акриловым лаком.,0.0,0.795,0.205,0.6597,Positive,5,5,Positive,0.998084306716919,positive,5,Positive,0.6481606364250183,positive,5,Positive,0.9761073589324951,Positive,5,Positive,0.8999646306037903,3,Neutral,0.7080847439516157,3,Neutral,0.0,3,Neutral,0.5025189112354648,4.25,4,Positive,Neutral,False,False,False,False,False,True,True,True,False,made columns for giving :) a very ancient model of microlab and very high-quality for its level. painted with acrylic paints and acrylic varnish.,True
NEUTRAL,как вы ощущаете себя после встречи нового года?,0.0,1.0,0.0,0.0,Neutral,3,1,Negative,0.8207207918167114,neutral,3,Neutral,0.9098448157310486,neutral,3,Neutral,0.9848842620849609,Neutral,3,Neutral,0.9368813633918762,3,Neutral,0.5298840322374212,3,Neutral,0.0,3,Neutral,0.4753664537256752,2.75,3,Neutral,Neutral,True,False,True,True,True,True,True,True,True,How do you feel after the New Year?,True
NEGATIVE,"новогоднее настроение, где ты!?",0.0,1.0,0.0,0.0,Neutral,3,5,Positive,0.5015377402305603,neutral,3,Neutral,0.5439110398292542,neutral,3,Neutral,0.9440271258354187,Neutral,3,Neutral,0.4473930895328522,3,Neutral,0.5205610114424375,3,Neutral,0.0,3,Neutral,0.4398674134788936,3.25,3,Neutral,Negative,False,False,False,False,False,False,False,False,False,"New Year's mood, where are you?",True
NEUTRAL,я не понял мы одессу к россии присоединиться будем или как ?,0.0,0.804,0.196,0.296,Positive,3,3,Neutral,0.999900221824646,neutral,3,Neutral,0.8803417086601257,negative,1,Negative,0.5804319977760315,Neutral,3,Neutral,0.5762279033660889,3,Neutral,0.519325466592026,3,Neutral,0.0,3,Neutral,0.4703974906829915,2.75,3,Neutral,Neutral,False,True,True,False,True,True,True,True,True,I don't know if we're going to join Russia or what?,True
NEUTRAL,вот так мы начнем работу в понедльник:)))),0.0,1.0,0.0,0.0,Neutral,3,3,Neutral,0.9999276399612427,neutral,3,Neutral,0.9000158905982971,positive,5,Positive,0.8985609412193298,Positive,5,Positive,0.33871495723724365,3,Neutral,0.5298840322374212,3,Neutral,0.0,3,Neutral,0.47536645372567526,3.5,4,Positive,Neutral,True,True,True,False,False,True,True,True,False,That's how we'll start on Monday:),True
NEUTRAL,не важно что у тебя будет гораздо важнее кем ты станешь.,0.097,0.903,0.0,-0.0191,Neutral,3,3,Neutral,0.999995231628418,neutral,3,Neutral,0.8887163400650024,positive,5,Positive,0.5229594111442566,Negative,1,Negative,0.8885326981544495,3,Neutral,0.6317905958037311,3,Neutral,0.0,3,Neutral,0.7113373758905513,3.0,3,Neutral,Neutral,True,True,True,False,False,True,True,True,True,It doesn't matter if you have more than who you become.,True
NEGATIVE,главно не встретить новый год как позапрошлый)),0.187,0.813,0.0,-0.4585,Negative,1,3,Neutral,0.9917467832565308,neutral,3,Neutral,0.7960813641548157,negative,1,Negative,0.4993598461151123,Negative,1,Negative,0.7546584010124207,3,Neutral,0.34878320413681707,5,Positive,0.0,3,Neutral,0.5124795613235298,2.5,2,Negative,Negative,True,False,False,True,True,False,False,False,True,The main thing is not to celebrate the new year as the year before.,True
POSITIVE,"хи-хи-хи :) для тех, кто давно меня не видел, можно это сделать сейчас немножечко :) p.s. с 5 минуты, минут 5 :) привет всем :) мы тут с id43784982инна гелевера и id7215198дарья бескоровайная :) весело сниматься с подружками :)",0.047,0.679,0.274,0.894,Positive,5,3,Neutral,0.9999849796295166,positive,5,Positive,0.8996464014053345,positive,5,Positive,0.9915053248405457,Neutral,3,Neutral,0.6129907965660095,1,Negative,0.5532027871813971,1,Negative,0.0,3,Neutral,0.71,3.25,3,Neutral,Positive,True,False,True,True,False,False,False,False,False,"for those who have not seen me for a long time, you can do it now a little :) p.s. from 5 minutes, minutes 5 :) hello to everyone :) we are here with id43784982inna gelevera and id7215198darya cowless :) fun to shoot with girlfriends :",True
POSITIVE,"завидуйте, кто на работе, я в раю!",0.196,0.468,0.336,0.3595,Positive,5,5,Positive,0.9944717884063721,neutral,3,Neutral,0.5572245121002197,positive,5,Positive,0.8230845928192139,Positive,5,Positive,0.4421520531177521,3,Neutral,0.5298840322374212,3,Neutral,0.0,3,Neutral,0.4753664537256753,4.0,4,Positive,Positive,True,True,False,True,True,False,False,False,True,"Envy who's at work, I'm in heaven!",True
POSITIVE,"ну вот и прошла неделька))) надеюсь пройдёт ещё одна, а потом ещё и ещё одна))",0.0,0.707,0.293,0.4404,Positive,5,5,Positive,0.8902771472930908,positive,5,Positive,0.6392759680747986,positive,5,Positive,0.8093796372413635,Negative,1,Negative,0.4179893732070923,3,Neutral,0.46714109597500597,3,Neutral,0.0,3,Neutral,0.4215862472519561,3.75,4,Positive,Positive,True,True,True,True,False,False,False,False,True,"I hope there's another one, and then another one.",True
POSITIVE,аааааааааа у меня вчера родился сыночек)))),0.0,1.0,0.0,0.0,Neutral,3,5,Positive,0.9998515844345093,positive,5,Positive,0.9671841859817505,neutral,3,Neutral,0.8269928097724915,Neutral,3,Neutral,0.41156005859375,5,Positive,0.3899055583582732,5,Positive,0.0,5,Positive,0.5880791206748053,4.25,4,Positive,Positive,False,True,True,False,False,True,True,True,True,I had a baby boy yesterday.),True
NEUTRAL,"зрачки автоматически расширяются, когда мы смотрим на того, кто нам нравится. это одна из причин, почему люди говорят, что глаза никогда не обманывают.",0.0,0.815,0.185,0.6098,Positive,5,3,Neutral,0.9999608993530273,neutral,3,Neutral,0.775964617729187,neutral,3,Neutral,0.9217334985733032,Neutral,3,Neutral,0.5960145592689514,1,Negative,0.5126794355958536,1,Negative,0.0,3,Neutral,0.6738114861512026,2.75,3,Neutral,Neutral,False,True,True,True,True,False,False,True,True,"The pupils automatically dilate when we look at someone we like, which is one of the reasons why people say the eyes never cheat.",True
POSITIVE,вот такое ведро покорили!,0.0,1.0,0.0,0.0,Neutral,3,3,Neutral,0.9939126372337341,positive,5,Positive,0.49791601300239563,positive,5,Positive,0.7300472855567932,Very Positive,5,Positive,0.5350512862205505,3,Neutral,0.5139844251869227,3,Neutral,0.0,3,Neutral,0.8557250815304418,3.75,4,Positive,Positive,False,False,True,True,True,False,False,False,True,That's the bucket you've conquered!,True
NEUTRAL,косметология. инъекционная мезотерапия лица и тела биоревитализация контурная пластика увеличение губ инъекции botox и dysport лечение гипергидроза.,0.0,1.0,0.0,0.0,Neutral,3,3,Neutral,0.9995214939117432,neutral,3,Neutral,0.889415442943573,positive,5,Positive,0.5282039642333984,Neutral,3,Neutral,0.9290907382965088,5,Positive,0.49838406649711314,5,Positive,0.0,3,Neutral,0.43161187410581375,3.75,4,Positive,Neutral,True,True,True,False,True,False,False,True,False,Cosmetology. injection mesotherapy of the face and body biorevitalization contour plastic augmentation of lip botox injection and dysport treatment of hyperhidrosis.,True
NEGATIVE,"будь ты проклята, калорадка, ты будешь гореть в аду вместе с путлером и гитлером!",0.273,0.727,0.0,-0.7088,Negative,1,1,Negative,0.9997242093086243,negative,1,Negative,0.862260639667511,negative,1,Negative,0.9376406073570251,Very Positive,5,Positive,0.48177751898765564,3,Neutral,0.5319290366195218,3,Neutral,0.0,1,Negative,0.3959593124792095,2.0,2,Negative,Negative,True,True,True,True,False,False,False,True,True,"If you are cursed, you will burn in hell with the putler and Hitler!",True
NEUTRAL,"мысль улетает на волю, к создателю рвётся душа, не, я никому не позволю, в рабство причислить себя",0.222,0.616,0.162,0.1114,Neutral,3,1,Negative,0.8680521845817566,negative,1,Negative,0.7602529525756836,positive,5,Positive,0.9160953164100647,Very Negative,1,Negative,0.5879263281822205,3,Neutral,0.3855917857495788,3,Neutral,0.0,5,Positive,0.48965161804617024,2.75,3,Neutral,Neutral,True,False,False,False,False,True,True,False,True,"Thought flies away to freedom, the soul tears to the creator, no, I will not allow anyone to consider myself a slave.",True
POSITIVE,сходила в театр эстрады,0.0,1.0,0.0,0.0,Neutral,3,3,Neutral,0.998683750629425,neutral,3,Neutral,0.8986209630966187,neutral,3,Neutral,0.9962869882583618,Neutral,3,Neutral,0.8436567187309265,3,Neutral,0.5640276479936694,3,Neutral,0.0,5,Positive,0.684145707096173,3.25,3,Neutral,Positive,False,False,False,False,False,False,False,True,False,went to the stage,True
POSITIVE,надеяться только на себя отличный способ перестать разочаровываться в людях и жить с отличным настроением.,0.187,0.423,0.391,0.7783,Positive,5,3,Neutral,0.9946877956390381,positive,5,Positive,0.6328161954879761,positive,5,Positive,0.9555773138999939,Very Negative,1,Negative,0.4099232852458954,5,Positive,0.6642533388070643,5,Positive,0.0,5,Positive,0.89,4.25,4,Positive,Positive,True,False,True,True,False,True,True,True,True,Hope only for yourself a great way to stop being disappointed in people and live with a great mood.,True
NEUTRAL,требуются ответственные люди на работу терминальщиком в кафе встреча ( м. бульвар д.д.) механика : помощь людям заполнить информацию для опл,0.0,0.824,0.176,0.5423,Positive,5,3,Neutral,0.9998408555984497,neutral,3,Neutral,0.8967799544334412,negative,1,Negative,0.6388214826583862,Neutral,3,Neutral,0.8855334520339966,1,Negative,0.4831427237661297,1,Negative,0.0,3,Neutral,0.7669847856668887,2.5,2,Negative,Neutral,False,True,True,False,True,False,False,True,False,Responsible people are required to work as a terminal worker in a café meeting (m. boulevard d.e.) mechanic : helping people fill in information for a flattening,True
POSITIVE,"давно не баловал вас этой естественной, уж точно не земной красотой! горячие бэйбы в купальниках)",0.165,0.537,0.299,0.3601,Positive,5,5,Positive,0.6671943068504333,positive,5,Positive,0.7941505908966064,positive,5,Positive,0.9225977063179016,Very Negative,1,Negative,0.45117953419685364,3,Neutral,0.5141612822327782,3,Neutral,0.0,3,Neutral,0.7226565012805674,3.75,4,Positive,Positive,True,True,True,True,False,False,False,False,True,"Haven't spoiled you for a long time with this natural, certainly not earthly beauty!",True
POSITIVE,урааааааа! сегодня сдал последний экзамен и получил статус от microsoft: mcsa следующая цель - статус эксперта ms bi! :),0.0,1.0,0.0,0.0,Neutral,3,5,Positive,0.9998703002929688,positive,5,Positive,0.7893691658973694,positive,5,Positive,0.8688086271286011,Neutral,3,Neutral,0.45957234501838684,3,Neutral,0.6110220760909197,3,Neutral,0.0,3,Neutral,0.7626368420127079,3.75,4,Positive,Positive,False,True,True,True,False,False,False,False,True,Today I passed the final exam and received the status from microsoft: mcsa next goal - expert status ms bi! :,True
NEUTRAL,"ура, я подстрелил зайца!. собрав их 20 штук, можно обменять на1 рейтинга!",0.0,1.0,0.0,0.0,Neutral,3,5,Positive,0.9996042847633362,positive,5,Positive,0.9222931861877441,positive,5,Positive,0.5337620973587036,Neutral,3,Neutral,0.33954474329948425,5,Positive,0.8947352098892075,5,Positive,0.0,5,Positive,0.96,4.5,4,Positive,Neutral,True,False,False,False,True,False,False,False,False,"I shot a rabbit! Having collected 20 pieces, you can exchange them for 1 rating!",True
NEUTRAL,"всё проходит. и первое что у нас прошло, это детство.",0.0,1.0,0.0,0.0,Neutral,3,3,Neutral,0.9939340949058533,neutral,3,Neutral,0.5776181817054749,positive,5,Positive,0.4683237373828888,Positive,5,Positive,0.5303144454956055,3,Neutral,0.5341471983742211,3,Neutral,0.0,3,Neutral,0.5560295028157529,3.5,4,Positive,Neutral,True,True,True,False,False,True,True,True,False,"Everything goes away, and the first thing we've had is childhood.",True
NEGATIVE,лето хочу.и тепло.((,0.0,0.385,0.615,0.296,Positive,3,5,Positive,0.9036892056465149,positive,5,Positive,0.9087216854095459,neutral,3,Neutral,0.9980657696723938,Positive,5,Positive,0.8222448229789734,3,Neutral,0.4620562691464505,3,Neutral,0.0,3,Neutral,0.5725294033740597,3.75,4,Positive,Negative,False,False,False,False,False,False,False,False,False,I want summer and warm.,True
POSITIVE,"моя мама вдохновилась и создала такую вот прекрасную вещь!) ексклюзивная сумочка вышитая бисером и гладью. авторская идея, все ручная работа. она очень кропотливо работала, так что сделано все супер качественно. может стать отличным подаоком к новому году! если хотите такую - пишите )",0.0,0.637,0.363,0.9611,Positive,5,5,Positive,0.9989784955978394,positive,5,Positive,0.9919636249542236,positive,5,Positive,0.9953005313873291,Positive,5,Positive,0.4895282983779907,5,Positive,0.8251231372882141,5,Positive,0.0,5,Positive,0.7513680358894755,5.0,5,Positive,Positive,True,True,True,True,True,True,True,True,True,"my mother was inspired and created such a beautiful thing!) Exclusive handbag embroidered with beads and iron. author's idea, all handmade. she worked very painstakingly, so everything was done super high-quality. can be a great goat for the new year! if you want one - write )",True
NEGATIVE,"столько аварий, как сегодня, в городе я не видел никогда. будем считать, что так украсили обнаженно-новогодний город. здравствуй, попа, новый год! страховщики, с наступающим вас! (и смайлик такой, с подъёбушкой)",0.063,0.847,0.09,0.2462,Positive,3,1,Negative,0.999909520149231,negative,1,Negative,0.8935451507568359,negative,1,Negative,0.8306810855865479,Very Positive,5,Positive,0.588134229183197,3,Neutral,0.5464016503450566,3,Neutral,0.0,3,Neutral,0.662398255327152,2.5,2,Negative,Negative,False,True,True,True,False,False,False,False,True,"As many accidents as today, in the city I have never seen. let's consider that so decorated the nude New Year's city. Hello, priest, new year! insurers, coming you! (and smiley face, with a fuck)",True
NEUTRAL,спёрла у тебя вопрос!,0.0,1.0,0.0,0.0,Neutral,3,3,Neutral,0.9988289475440979,neutral,3,Neutral,0.7747348546981812,negative,1,Negative,0.5896995067596436,Very Negative,1,Negative,0.37670662999153137,3,Neutral,0.6737835698080696,3,Neutral,0.0,3,Neutral,0.7214447544710818,2.5,2,Negative,Neutral,True,True,True,False,False,True,True,True,False,I stole your question!,True
NEUTRAL,если заменить слово политолог на культуролог очень даже похоже (:,0.0,1.0,0.0,0.0,Neutral,3,3,Neutral,0.9997263550758362,neutral,3,Neutral,0.8494774103164673,negative,1,Negative,0.9389810562133789,Negative,1,Negative,0.6327913403511047,1,Negative,0.5097627062602567,3,Neutral,0.0,3,Neutral,0.94,2.25,2,Negative,Neutral,True,True,True,False,False,False,True,True,False,"If you replace the word ""political scientist"" with ""cultural scientist"" it is very similar:",True
NEGATIVE,"юра, мы всё просрали.",0.595,0.405,0.0,-0.6597,Negative,1,3,Neutral,0.9947049021720886,negative,1,Negative,0.6804264187812805,negative,1,Negative,0.505358099937439,Very Negative,1,Negative,0.2882988750934601,3,Neutral,0.42302428191930724,3,Neutral,0.0,5,Positive,0.3911092555558559,2.25,2,Negative,Negative,True,False,True,True,True,False,False,False,True,"Jurass, we fucked up.",True
NEUTRAL,платье madonna в наличии в нашем салоне,0.0,1.0,0.0,0.0,Neutral,3,3,Neutral,0.9997205138206482,neutral,3,Neutral,0.8056999444961548,positive,5,Positive,0.5109707117080688,Neutral,3,Neutral,0.8493043780326843,3,Neutral,0.4252662010934988,3,Neutral,0.0,3,Neutral,0.9567775718136187,3.25,3,Neutral,Neutral,True,True,True,False,True,True,True,True,True,Madonna dress is available in our salon,True
NEUTRAL,"провожу эксперимент. ""дозреть"" хурму можно 4ма способами: 1. положить на 12 часов в морозильник 2. проткнуть во многих местах и залить горячей водой. оставить на 12 часов 3ю положить по соседству с бананами 4. оставить в покое на 2 недели.",0.115,0.885,0.0,-0.34,Negative,1,3,Neutral,0.9999876022338867,neutral,3,Neutral,0.8812307119369507,neutral,3,Neutral,0.9988996982574463,Neutral,3,Neutral,0.9273501038551331,3,Neutral,0.47234663162165386,3,Neutral,0.0,1,Negative,0.5331906751674103,2.5,2,Negative,Neutral,False,True,True,True,True,True,True,False,False,"Persimmon can be ""ripened"" in 4 ways: 1. put for 12 hours in the freezer 2. pierce in many places and pour hot water. leave for 12 hours 3 to put next to bananas 4. leave alone for 2 weeks.",True
NEGATIVE,"завтра соревнования, я волнуюсь",0.423,0.577,0.0,-0.296,Negative,3,3,Neutral,0.9750067591667175,neutral,3,Neutral,0.904250979423523,negative,1,Negative,0.9842340350151062,Positive,5,Positive,0.7720603346824646,3,Neutral,0.7107602881738427,3,Neutral,0.0,3,Neutral,0.5795109340201777,3.0,3,Neutral,Negative,True,False,False,True,False,False,False,False,False,"tomorrow's competition, I'm worried.",True
POSITIVE,muse - боги! полтора часа непрерывного оргазма!,0.0,1.0,0.0,0.0,Neutral,3,5,Positive,0.8992702960968018,positive,5,Positive,0.6225590109825134,positive,5,Positive,0.9239170551300049,Very Positive,5,Positive,0.6747922897338867,3,Neutral,0.4267309157392829,3,Neutral,0.0,3,Neutral,0.4880989745312588,4.0,4,Positive,Positive,False,True,True,True,True,False,False,False,True,Gods! an hour and a half of continuous orgasm!,True
NEUTRAL,"жан, огонёчки пусти )))))))",0.0,0.75,0.25,0.1695,Positive,3,3,Neutral,0.9999430179595947,neutral,3,Neutral,0.4719434678554535,positive,5,Positive,0.8412822484970093,Very Negative,1,Negative,0.48111072182655334,3,Neutral,0.5298840322374212,3,Neutral,0.0,3,Neutral,0.47536645372567526,3.0,3,Neutral,Neutral,False,True,True,False,False,True,True,True,True,Don't forget to light up )),True
NEUTRAL,фотограф ольга покровская букет от натальи жуковой,0.0,1.0,0.0,0.0,Neutral,3,3,Neutral,0.999990701675415,neutral,3,Neutral,0.8931560516357422,positive,5,Positive,0.9338961243629456,Neutral,3,Neutral,0.7899655103683472,1,Negative,0.35718046600217057,3,Neutral,0.0,3,Neutral,0.45689130765678554,3.0,3,Neutral,Neutral,True,True,True,False,True,False,True,True,True,Olga Pokrovka bouquet from Natalia Beetle,True
NEGATIVE,"ппц, зуб мудрости рости начал оо",0.0,0.4,0.6,0.7184,Positive,5,5,Positive,0.85550856590271,neutral,3,Neutral,0.6418620944023132,neutral,3,Neutral,0.999686598777771,Positive,5,Positive,0.5304005146026611,5,Positive,0.45217364403056115,5,Positive,0.0,3,Neutral,0.5797116203312678,4.25,4,Positive,Negative,False,False,False,False,False,False,False,False,False,"Pz, wisdom tooth growth started ooh",True
NEGATIVE,"ювентус уже гонку за скудетто закончил,милан выйграл,ебаните хоть вы шейхов,хоть душа порадуется",0.116,0.664,0.219,0.4767,Positive,5,5,Positive,0.9985063672065735,negative,1,Negative,0.5981546640396118,positive,5,Positive,0.8013481497764587,Negative,1,Negative,0.3606469929218292,3,Neutral,0.436638058759443,3,Neutral,0.0,5,Positive,0.6550591335995564,3.5,4,Positive,Negative,False,False,True,False,True,False,False,False,False,"Juventus has already finished the race for the Scudetto, Milan won, even if you fuck the sheikhs, even though the soul will rejoice.",True
NEUTRAL,"а ну быро отвечай,в чем это ты меня разоблачила ?))",0.211,0.789,0.0,-0.1531,Negative,3,3,Neutral,0.9999920129776001,neutral,3,Neutral,0.5587128400802612,neutral,3,Neutral,0.9742180705070496,Negative,1,Negative,0.3358553946018219,1,Negative,0.47012956507327885,3,Neutral,0.0,3,Neutral,0.48125825953015583,2.5,2,Negative,Neutral,False,True,True,True,False,False,True,True,False,"Tell me, how did you expose me?",True
NEUTRAL,"часто самое откровенное мы говорим в шутку, чтобы никто не понял, что это правда.",0.116,0.752,0.132,0.0828,Neutral,3,3,Neutral,0.6730300784111023,neutral,3,Neutral,0.6672564148902893,neutral,3,Neutral,0.9513389468193054,Negative,1,Negative,0.7781368494033813,3,Neutral,0.48528701934786095,3,Neutral,0.0,3,Neutral,0.52,2.75,3,Neutral,Neutral,True,True,True,True,False,True,True,True,True,We often say the most frank things in jest so that no one realizes that they are true.,True
NEUTRAL,"""бог не может изменить прошлое, но историки могут."" - сэмюэль батлер",0.0,1.0,0.0,0.0,Neutral,3,3,Neutral,0.9977589845657349,neutral,3,Neutral,0.8655210733413696,neutral,3,Neutral,0.9193020462989807,Neutral,3,Neutral,0.3938051760196686,3,Neutral,0.6191485538902733,3,Neutral,0.0,1,Negative,0.5323053593817799,2.75,3,Neutral,Neutral,True,True,True,True,True,True,True,False,True,"“God cannot change the past, but historians can.” – Samuel Butler",True
POSITIVE,"люблю ли я свой класс? конечно, люблю. я могу говорить, что они тупые идиоты, и мне за них стыдно, но когда видишь эти лица каждый день в течении многих лет, они становятся родными. и пусть они ведут себя как ненормальные, но я их очень люблю",0.15,0.85,0.0,-0.5023,Negative,1,5,Positive,0.9474906921386719,positive,5,Positive,0.89970862865448,negative,1,Negative,0.6319587826728821,Very Positive,5,Positive,0.40368789434432983,5,Positive,0.46403617347012843,5,Positive,0.0,3,Neutral,0.41,3.75,4,Positive,Positive,False,True,True,False,True,True,True,False,True,"I can say that they are stupid idiots and I am ashamed of them, but when you see these faces every day for many years, they become relatives.",True
NEUTRAL,а вот сюда мы дооолжны попасть!,0.0,1.0,0.0,0.0,Neutral,3,1,Negative,0.9188175797462463,neutral,3,Neutral,0.7575438022613525,neutral,3,Neutral,0.42786192893981934,Very Positive,5,Positive,0.46542537212371826,1,Negative,0.462024749480123,1,Negative,0.0,3,Neutral,0.8000991254038788,2.5,2,Negative,Neutral,True,False,True,True,False,False,False,True,False,This is where we have to get in!,True
NEUTRAL,слушаем и комментируем новый трек. ставим лайки и рассказываем друзьям. звукозапись - сведение - дизайн - исполнение -,0.0,0.741,0.259,0.6808,Positive,5,3,Neutral,0.999997615814209,neutral,3,Neutral,0.8833359479904175,positive,5,Positive,0.9863255620002747,Positive,5,Positive,0.5733196139335632,3,Neutral,0.7830565090516003,3,Neutral,0.0,3,Neutral,0.8945902522680609,3.75,4,Positive,Neutral,False,True,True,False,False,True,True,True,False,We listen to and comment on the new track. like and tell friends. sound recording - mixing - design - performance -,True
NEGATIVE,- просто картинка. просто пизец),0.0,1.0,0.0,0.0,Neutral,3,1,Negative,0.9994193315505981,negative,1,Negative,0.5043322443962097,neutral,3,Neutral,0.8303342461585999,Very Positive,5,Positive,0.4526868462562561,1,Negative,0.5035629567040321,1,Negative,0.0,1,Negative,0.49159258306021153,2.0,2,Negative,Negative,False,True,True,False,False,True,True,True,True,- just a picture. Just a pizza.,True
NEUTRAL,второе место v открытый чемпионат днепропетровска по айкидо ёсинкан 14.11.15,0.0,0.756,0.244,0.4404,Positive,5,5,Positive,0.8980238437652588,neutral,3,Neutral,0.8737456202507019,positive,5,Positive,0.9940246939659119,Neutral,3,Neutral,0.9055938124656677,3,Neutral,0.6122682864127573,3,Neutral,0.0,3,Neutral,0.7666478532737122,3.75,4,Positive,Neutral,False,False,True,False,True,True,True,True,False,second place v open championship of Dnipropetrovsk in aikido Yoshinkan 14.11.15,True
NEUTRAL,"друзья и приятели! я так впечатлилась ноябрьской поездкой в столицу руси и в ближайшие выходные хотела бы повторить сие впечатление, но уже при благоприятной погоде. собираю народ, а точнее пунковчан, на удивительную поездку. пишите сообщения. и конечно немного великого новгорода.",0.0,0.617,0.383,0.9535,Positive,5,5,Positive,0.9939610958099365,positive,5,Positive,0.6521921753883362,positive,5,Positive,0.9905722737312317,Positive,5,Positive,0.8247140645980835,3,Neutral,0.616215307003878,3,Neutral,0.0,3,Neutral,0.548744867770155,4.25,4,Positive,Neutral,False,False,False,False,False,True,True,True,False,"Friends and friends! I was so impressed with the November trip to the capital of Russia and next weekend I would like to repeat this impression, but already in favorable weather. I gather people, or rather Punkivsk, on an amazing trip.",True
NEUTRAL,"""затерянный мир"" - сплав, июль 2013год.",0.315,0.685,0.0,-0.3182,Negative,3,1,Negative,0.9073575735092163,neutral,3,Neutral,0.8054593801498413,neutral,3,Neutral,0.9961158037185669,Neutral,3,Neutral,0.6262035965919495,1,Negative,0.3526939138985933,1,Negative,0.0,3,Neutral,0.8255790356896706,2.25,2,Negative,Neutral,False,False,True,True,True,False,False,True,False,"""The Lost World"" - Alloy, July 2013",True
NEGATIVE,что-то все заебало очень?!,0.412,0.588,0.0,-0.5423,Negative,1,1,Negative,0.9964761137962341,negative,1,Negative,0.8474823832511902,negative,1,Negative,0.9723514318466187,Very Negative,1,Negative,0.5996848940849304,3,Neutral,0.6896656062400399,3,Neutral,0.0,3,Neutral,0.5464574092258726,1.75,2,Negative,Negative,True,True,True,True,True,False,False,False,True,what What the fuck is this?,True
NEGATIVE,я уже не знаю что и сказать! мы россияне такой доверчивый народ даже и здесь как на войне! а что наши спецслужбы там хоть как то работают или нет?,0.202,0.676,0.122,-0.4184,Negative,1,5,Positive,0.859563410282135,negative,1,Negative,0.7715819478034973,positive,5,Positive,0.996791660785675,Very Positive,5,Positive,0.8741365671157837,3,Neutral,0.5008461526823264,3,Neutral,0.0,3,Neutral,0.7353507751329883,3.25,3,Neutral,Negative,True,False,True,False,False,False,False,False,False,I don’t know what to say anymore! we Russians are such a trusting people even here as in a war!,True
NEUTRAL,фотогерой коллажи в стиле iphone,0.0,1.0,0.0,0.0,Neutral,3,3,Neutral,0.9998805522918701,neutral,3,Neutral,0.8040093779563904,negative,1,Negative,0.8096882104873657,Neutral,3,Neutral,0.8908964395523071,3,Neutral,0.5298840322374212,3,Neutral,0.0,3,Neutral,0.47536645372567526,2.75,3,Neutral,Neutral,True,True,True,False,True,True,True,True,True,iPhone-style collage,True
POSITIVE,"праздник: вчера родился двоюродный брат! летом планируем семьей навестить его, свежеиспеченный папа с семьей живет на кавказе.",0.0,1.0,0.0,0.0,Neutral,3,5,Positive,0.999954342842102,positive,5,Positive,0.8165037631988525,neutral,3,Neutral,0.9895079135894775,Positive,5,Positive,0.45871713757514954,1,Negative,0.469637080330374,1,Negative,0.0,5,Positive,0.3653413973172938,3.5,4,Positive,Positive,False,True,True,False,True,False,False,True,True,"A cousin was born yesterday! in the summer we plan to visit him, a freshly baked father and his family live in the Caucasus.",True
NEGATIVE,судья - пидарас! капец а какой был гол красивый.,0.359,0.36,0.281,-0.2695,Negative,3,3,Neutral,0.974140465259552,neutral,3,Neutral,0.5092955827713013,negative,1,Negative,0.8103796243667603,Positive,5,Positive,0.45813342928886414,1,Negative,0.40902086720285574,1,Negative,0.0,5,Positive,0.486778623063338,2.75,3,Neutral,Negative,True,False,False,True,False,True,True,False,False,The judge is a faggot! what a beautiful goal!,True
NEGATIVE,"товарищи страйкболисты, всем кто думает брать механы фирмы mag, предлагаю хорошенько подумать. так как достоинства этих механ сегодня стали для меня настоящей головной болью. да они подают отменно, довольно мощные, и выносливые. но! главный их минус - неразборность! сегодня в одно из механ заклинило подпирающий зуб. вытащить который вместе с пружиной не удалось, вырвав со злости пружину, обнаружил что зуб остался внутри. пришлось курочить корпус механы, так как склеена на писец как хорошо. китайцы клея не пожалели, но блин как всегда палку слегка перегнули. итог зуб я достал, раскурочив пол механы и ушатав напрочь пружину. буду сидеть думать как с этим счастьем теперь поступить.",0.141,0.757,0.102,-0.8583,Negative,1,3,Neutral,0.9992276430130005,neutral,3,Neutral,0.6267512440681458,negative,1,Negative,0.6112678050994873,Very Negative,1,Negative,0.6464188098907471,3,Neutral,0.4628847507132242,3,Neutral,0.0,1,Negative,0.62,2.0,2,Negative,Negative,True,False,False,True,True,False,False,True,True,"comrades strikeball players, everyone who thinks to take the mechans of the company mag, I suggest you think carefully. since the merits of these machines today have become a real headache for me. Yes, they serve excellently, quite powerful, and hardy. but! their main disadvantage is indistinctness! today in one of the mechans jammed propping tooth. pull out which along with the spring failed, having pulled out the spring from anger, I found that the tooth remained inside. I had to smoke the mechanic body, as glued to the scribe as the Chinese did not sit well on this tooth.",True
NEUTRAL,а вы так делали?)),0.0,1.0,0.0,0.0,Neutral,3,3,Neutral,0.9737082719802856,neutral,3,Neutral,0.9109492301940918,neutral,3,Neutral,0.9960024952888489,Neutral,3,Neutral,0.37686043977737427,3,Neutral,0.5298840322374212,3,Neutral,0.0,3,Neutral,0.47536645372567526,3.0,3,Neutral,Neutral,True,True,True,True,True,True,True,True,True,Did you do that?,True
NEGATIVE,"жара невозможная, какой тут к сессии готовиться, пойду лучше поплаваю.",0.0,1.0,0.0,0.0,Neutral,3,3,Neutral,0.9982353448867798,neutral,3,Neutral,0.832494854927063,negative,1,Negative,0.8623310327529907,Negative,1,Negative,0.5453545451164246,3,Neutral,0.4751694564690277,3,Neutral,0.0,5,Positive,0.6579599127962217,2.75,3,Neutral,Negative,False,False,False,True,True,False,False,False,False,"The heat is impossible, what here to prepare for the session, I'd rather go swimming.",True
NEUTRAL,"я пою хорошо, но танцую лучше (с) иван дорн цитаты великих людей.",0.0,0.481,0.519,0.6597,Positive,5,3,Neutral,0.8317655324935913,positive,5,Positive,0.6227587461471558,neutral,3,Neutral,0.9947062134742737,Negative,1,Negative,0.4046870768070221,3,Neutral,0.5191983684948653,3,Neutral,0.0,3,Neutral,0.45757869115843336,3.25,3,Neutral,Neutral,False,True,False,True,False,True,True,True,True,"I sing well, but I dance better. – Ivan Dorn",True
POSITIVE,"каждому желаю найти свою пристань. найти мисс ту самую и на ней виснуть, ту, что будет любить твои привычки и бороду. с ней постоянно с ней за руку по городу! (с)",0.059,0.738,0.203,0.5994,Positive,5,3,Neutral,0.995500385761261,positive,5,Positive,0.6392086148262024,neutral,3,Neutral,0.8828528523445129,Positive,5,Positive,0.45431506633758545,5,Positive,0.4876951766237791,5,Positive,0.0,5,Positive,0.7540542731159714,4.5,4,Positive,Positive,True,False,True,False,True,True,True,True,True,"I want everyone to find their pier, find the Miss and hang on her, the one who will love your habits and beard. (c)",True
NEUTRAL,поставь на аву фотку.,0.0,1.0,0.0,0.0,Neutral,3,3,Neutral,0.6996394395828247,neutral,3,Neutral,0.9096102118492126,negative,1,Negative,0.6993105411529541,Neutral,3,Neutral,0.8930943012237549,3,Neutral,0.5298840322374212,3,Neutral,0.0,3,Neutral,0.4753664537256753,2.75,3,Neutral,Neutral,True,True,True,False,True,True,True,True,True,Put a picture on the ava.,True
NEUTRAL,поедьте поболеть за нас(команду квн)кто хочет приходите завтра и здавайте татьяне олександровне 15 грн за билет и возмите на проезд!),0.0,0.854,0.146,0.5562,Positive,5,1,Negative,0.8433287739753723,neutral,3,Neutral,0.9154502153396606,positive,5,Positive,0.981086790561676,Very Positive,5,Positive,0.3638935685157776,3,Neutral,0.6651924956771292,3,Neutral,0.0,3,Neutral,0.9080832697020496,3.5,4,Positive,Neutral,False,False,True,False,False,True,True,True,False,Come cheer for us (team KVN) who wants to come tomorrow and build Tatiana Oleksandrovna 15 UAH for a ticket and take a ride!,True
NEUTRAL,помнишь придурка ?)))),0.0,1.0,0.0,0.0,Neutral,3,3,Neutral,0.9999915361404419,neutral,3,Neutral,0.9531370997428894,neutral,3,Neutral,0.8748725652694702,Neutral,3,Neutral,0.6104336380958557,3,Neutral,0.5298840322374212,3,Neutral,0.0,3,Neutral,0.47536645372567526,3.0,3,Neutral,Neutral,True,True,True,True,True,True,True,True,True,Remember the jerk?),True
NEGATIVE,вот зацени)))))это пизда полнейшая))))не ну я бы их уработал конеч но же))))),0.0,1.0,0.0,0.0,Neutral,3,1,Negative,0.9733136892318726,negative,1,Negative,0.4581316113471985,neutral,3,Neutral,0.49168458580970764,Very Negative,1,Negative,0.6361304521560669,3,Neutral,0.5298840322374212,3,Neutral,0.0,3,Neutral,0.47536645372567526,2.25,2,Negative,Negative,False,True,True,False,True,False,False,False,True,) ) ) ) . . . . . not that I would have done it . . .,True
NEUTRAL,кто будет вторым? :)),0.0,0.4,0.6,0.4588,Positive,5,3,Neutral,0.9999732971191406,neutral,3,Neutral,0.9569664597511292,positive,5,Positive,0.8913309574127197,Neutral,3,Neutral,0.6692124605178833,3,Neutral,0.5298840322374212,3,Neutral,0.0,3,Neutral,0.47536645372567526,3.5,4,Positive,Neutral,False,True,True,False,True,True,True,True,False,Who's second? :),True
NEUTRAL,рассвет в космосе наступает шестнадцать раз в день.,0.0,1.0,0.0,0.0,Neutral,3,3,Neutral,0.9854053854942322,neutral,3,Neutral,0.8322132229804993,neutral,3,Neutral,0.9991057515144348,Neutral,3,Neutral,0.9275102019309998,3,Neutral,0.4954958277300984,3,Neutral,0.0,3,Neutral,0.3623719777143063,3.0,3,Neutral,Neutral,True,True,True,True,True,True,True,True,True,Sunrise in space occurs sixteen times a day.,True
NEGATIVE,"они не понимают что ""борцы с нацизмом"" с лицом вот такого ""шпигеля"" будут лишь пиарить правых радикалов? в годы второй мировой погибло много людей. это были представители разных национальностей. и выделять самых обиженных и святых - кощунство. мой двоюродный дед по матери был танкистом ркка, участвовал в обороне ленинграда и сгорел в танке, это был 41 или 42 год. а один из прадедов по отцовской линиии погиб при переправе через реку одер. я не думаю что они заслуживают меньшего внимания и меньшей памяти чем изя рабинович ""пострадавший от гоев"". не будем забывать что больше всего пострадали славянские народы а также германские, ибо они воевали. я считаю что гражданин шпигель разжигает 282 по отношению ко мне, ставя свой ""особый"" народ выше других.",0.074,0.892,0.034,-0.8008,Negative,1,1,Negative,0.9481341242790222,negative,1,Negative,0.7185249924659729,negative,1,Negative,0.9768715500831604,Very Negative,1,Negative,0.5488064289093018,3,Neutral,0.46210320609976674,3,Neutral,0.0,3,Neutral,0.45,1.75,2,Negative,Negative,True,True,True,True,True,False,False,False,True,"They do not understand that ""fighters against Nazism"" with the face of such a ""spiregel"" will only PR right-wing radicals? in the years of the second world died many people. it was representatives of different nationalities. and to single out the most offended and saints - blasphemy. my maternal cousin was a tanker of the krk, participated in the defense of Leningrad and burned in a tank, it was 41 or 42 years. and one of the great-grandfathers on the paternal line died during the crossing of the river Oder. I do not think that they deserve less attention than the Germanic people, and I do not forget that they are the Germanic people in relation to me. ""28 they are more than the Slavic people.",True
NEGATIVE,"бесит чувство, когда дохера дел, а нихера не делаешь, и так противно сразу на душе. и все равно не делаешь нихера.",0.471,0.529,0.0,-0.9621,Negative,1,1,Negative,0.9997443556785583,negative,1,Negative,0.8476462960243225,negative,1,Negative,0.9389364123344421,Very Negative,1,Negative,0.5920506119728088,1,Negative,0.6064039547044102,1,Negative,0.0,3,Neutral,0.48,1.25,1,Negative,Negative,True,True,True,True,True,True,True,False,True,"It makes you feel bad when you do shit and you don't do shit, and it's so disgusting right away, and you still don't do shit.",True
NEGATIVE,"мы с тобой как розы с шипами любим телом, раним губами.",0.178,0.471,0.351,0.5106,Positive,5,1,Negative,0.9998384714126587,neutral,3,Neutral,0.392270565032959,neutral,3,Neutral,0.935300886631012,Very Negative,1,Negative,0.7310831546783447,5,Positive,0.6617317757578267,5,Positive,0.0,5,Positive,0.8842700065022876,3.5,4,Positive,Negative,False,True,False,False,True,False,False,False,False,"We love the body like roses with thorns, we hurt our lips.",True
NEUTRAL,какой жанр песни спеть?,0.0,1.0,0.0,0.0,Neutral,3,3,Neutral,0.9998847246170044,neutral,3,Neutral,0.8948132991790771,neutral,3,Neutral,0.8997472524642944,Neutral,3,Neutral,0.9332379102706909,1,Negative,0.373364262656696,1,Negative,0.0,3,Neutral,0.49230560445183535,2.5,2,Negative,Neutral,True,True,True,True,True,False,False,True,False,What kind of song do you sing?,True
NEUTRAL,"id55670693александр, у кого эт ""у нас""?",0.0,1.0,0.0,0.0,Neutral,3,3,Neutral,0.9999916553497314,neutral,3,Neutral,0.7963240146636963,negative,1,Negative,0.5965907573699951,Neutral,3,Neutral,0.9308717250823975,3,Neutral,0.5129652589437662,3,Neutral,0.0,3,Neutral,0.5423958604411258,2.75,3,Neutral,Neutral,True,True,True,False,True,True,True,True,True,"id55670693Alexander, who has this ""we have""?",True
NEUTRAL,"все на выборы! не будь лохом, голосуй!",0.0,0.527,0.473,0.4015,Positive,5,3,Neutral,0.9999399185180664,neutral,3,Neutral,0.7080433964729309,positive,5,Positive,0.7854682803153992,Very Positive,5,Positive,0.5175808072090149,3,Neutral,0.5239138912440569,3,Neutral,0.0,3,Neutral,0.8077356970190318,3.75,4,Positive,Neutral,False,True,True,False,False,True,True,True,False,"Don't be a fool, vote!",True
NEUTRAL,кому гейм бой пасаны?),0.0,1.0,0.0,0.0,Neutral,3,3,Neutral,0.9999830722808838,neutral,3,Neutral,0.9431013464927673,negative,1,Negative,0.5101642608642578,Neutral,3,Neutral,0.771577000617981,3,Neutral,0.4907806297393088,3,Neutral,0.0,5,Positive,0.6378847308288083,3.0,3,Neutral,Neutral,True,True,True,False,True,True,True,False,True,Who's the game-fighter?,True
POSITIVE,я- гений композиции! вd фак еа)),0.0,1.0,0.0,0.0,Neutral,3,5,Positive,0.9848698377609253,positive,5,Positive,0.9332281947135925,positive,5,Positive,0.940519392490387,Positive,5,Positive,0.5128329396247864,3,Neutral,0.39961781979476146,3,Neutral,0.0,1,Negative,0.6015269923738213,3.75,4,Positive,Positive,False,True,True,True,True,False,False,False,True,I'm the genius of composition!,True
NEUTRAL,"света была права, ты не активный пользователь)))))))",0.22,0.78,0.0,-0.3089,Negative,3,3,Neutral,0.8672209978103638,neutral,3,Neutral,0.5566052794456482,neutral,3,Neutral,0.9478343725204468,Negative,1,Negative,0.3112730085849762,3,Neutral,0.6657478806776913,3,Neutral,0.0,3,Neutral,0.4632032096242885,2.75,3,Neutral,Neutral,False,True,True,True,False,True,True,True,True,"You are right, you are not an active user.)",True
NEGATIVE,ну а зайти в аську сложно?(,0.263,0.737,0.0,-0.3612,Negative,1,1,Negative,0.9975661039352417,neutral,3,Neutral,0.7944154143333435,negative,1,Negative,0.9043931365013123,Neutral,3,Neutral,0.6035786867141724,3,Neutral,0.6053407419176067,3,Neutral,0.0,1,Negative,0.87,2.0,2,Negative,Negative,True,True,False,True,False,False,False,True,True,Is it difficult to go to the ISS?,True
POSITIVE,муж-то у меня молодец))),0.0,0.408,0.592,0.4404,Positive,5,5,Positive,0.9976173043251038,positive,5,Positive,0.9821228384971619,positive,5,Positive,0.9157348871231079,Positive,5,Positive,0.35470327734947205,5,Positive,0.5519257048192185,5,Positive,0.0,5,Positive,0.9919592987019444,5.0,5,Positive,Positive,True,True,True,True,True,True,True,True,True,I have a good husband.,True
NEUTRAL,перезвоны на билах. олег фомин-шахов при участии проектов злыдота и сарматский карильон,0.0,1.0,0.0,0.0,Neutral,3,3,Neutral,0.9999942779541016,neutral,3,Neutral,0.8503531813621521,neutral,3,Neutral,0.9921084046363831,Neutral,3,Neutral,0.9080342054367065,1,Negative,0.5777052613166731,1,Negative,0.0,3,Neutral,0.6969223818783559,2.5,2,Negative,Neutral,True,True,True,True,True,False,False,True,False,Oleg Fomin Shahs with the participation of the projects of the Zladydot and the Sarmatian carillon,True
POSITIVE,"очевидно, что это невероятно! самэц!",0.0,0.489,0.511,0.2714,Positive,3,1,Negative,0.44081151485443115,positive,5,Positive,0.8980004191398621,positive,5,Positive,0.5572345852851868,Very Positive,5,Positive,0.8425007462501526,1,Negative,0.39497607564727355,1,Negative,0.0,3,Neutral,0.7103168196667423,3.0,3,Neutral,Positive,True,False,True,True,True,False,False,False,False,It's obviously unbelievable!,True
POSITIVE,мне должно хоть раз повезти!),0.0,0.564,0.436,0.4753,Positive,5,3,Neutral,0.506309986114502,neutral,3,Neutral,0.7126966714859009,neutral,3,Neutral,0.8396934270858765,Negative,1,Negative,0.2625468969345093,3,Neutral,0.7705747426333597,3,Neutral,0.0,3,Neutral,0.4605251171559884,3.0,3,Neutral,Positive,True,False,False,False,False,False,False,False,False,I should be lucky for once!,True
NEUTRAL,закат в алании.,0.0,1.0,0.0,0.0,Neutral,3,1,Negative,0.9638727903366089,neutral,3,Neutral,0.8294475078582764,neutral,3,Neutral,0.9993603825569153,Neutral,3,Neutral,0.9110563397407532,3,Neutral,0.4911794473850402,3,Neutral,0.0,3,Neutral,0.7900770957820376,2.75,3,Neutral,Neutral,True,False,True,True,True,True,True,True,True,sunset in Alania.,True
NEUTRAL,как можно это не любить?,0.402,0.598,0.0,-0.5216,Negative,1,3,Neutral,0.6722316741943359,neutral,3,Neutral,0.7739710807800293,positive,5,Positive,0.9588677883148193,Neutral,3,Neutral,0.35639017820358276,5,Positive,0.6441422191177126,5,Positive,0.0,5,Positive,0.45556452135318587,3.75,4,Positive,Neutral,False,True,True,False,True,False,False,False,False,How can you not love it?,True
POSITIVE,"приятно, когда человек разговаривает с тобой и ты чувствуешь, что он тебе доверяет и ничего не скрывает,говорит так, как есть на самом деле",0.0,0.748,0.252,0.752,Positive,5,5,Positive,0.9972767233848572,positive,5,Positive,0.7464790940284729,positive,5,Positive,0.9986477494239807,Positive,5,Positive,0.9223213791847229,5,Positive,0.5602763753764729,5,Positive,0.0,5,Positive,0.7,5.0,5,Positive,Positive,True,True,True,True,True,True,True,True,True,"It is nice when a person talks to you and you feel that he trusts you and does not hide anything, talks as it really is.",True
NEUTRAL,я сейчас!)вырабатываю силу воли!,0.0,1.0,0.0,0.0,Neutral,3,3,Neutral,0.6196665167808533,neutral,3,Neutral,0.49214813113212585,positive,5,Positive,0.9639750123023987,Very Positive,5,Positive,0.4682683050632477,3,Neutral,0.5298840322374212,3,Neutral,0.0,3,Neutral,0.47536645372567526,3.5,4,Positive,Neutral,True,True,True,False,False,True,True,True,False,I'm now! - I'm developing willpower!,True
NEGATIVE,"karpin: ""о том, как продали быстрова - в свое время быстров ушел в ""zenit"" не из-за денег. сверху сказали, что продавать надо."" какой-то полный ахтунг творится в стране и футболе. spartak",0.0,1.0,0.0,0.0,Neutral,3,1,Negative,0.9999303817749023,negative,1,Negative,0.6052584052085876,neutral,3,Neutral,0.6262367367744446,Negative,1,Negative,0.5201979279518127,1,Negative,0.6516426518152086,1,Negative,0.0,1,Negative,0.5110079628350492,1.5,2,Negative,Negative,False,True,True,False,True,True,True,True,True,"karpin: ""about how fastov was sold - at one time fastov went to ""zenit"" not because of money. they said from above that it is necessary to sell.""",True
POSITIVE,маленькая.но удаленькая.) и моя) не отдам),0.0,1.0,0.0,0.0,Neutral,3,1,Negative,0.968007504940033,neutral,3,Neutral,0.6079894304275513,negative,1,Negative,0.7681016325950623,Negative,1,Negative,0.8030194044113159,3,Neutral,0.5298840322374212,3,Neutral,0.0,3,Neutral,0.4753664537256753,2.25,2,Negative,Positive,False,False,False,False,False,False,False,False,False,Small. but remote.) and mine won't.,True
NEUTRAL,"храм смоленскои иконы божиеи матери. история. храм смоленской иконы божией матери построен в 1786-1790 гг. (архитектор профессор а. иванов). 27 октября 1790 г. освящен главный алтарь - во имя смоленской иконы божией матери. в сентябре 1940 г. храм был закрыт; возвращен верующим и вновь освящен 8 февраля 1947 г. в 1987-1988 гг. полностью реставрирован. сегодня храм имеет три алтаря: главный, во имя смоленской иконы божией матери (престольный праздник 10 августа); иконы божией матери милующая (24 июня); св. блж. ксении (6 февраля).",0.0,0.889,0.111,0.8805,Positive,5,1,Negative,0.4552120268344879,neutral,3,Neutral,0.689638614654541,positive,5,Positive,0.8802667856216431,Neutral,3,Neutral,0.9221459627151489,5,Positive,0.4078030859864737,5,Positive,0.0,3,Neutral,0.5650094239366912,3.75,4,Positive,Neutral,False,False,True,False,True,False,False,True,False,"Church of the Smolensk Icon of the Mother of God. history. the temple of the Smolensk Icon of the Mother of God was built in 1786-1790 (architect Professor A. Ivanov). On October 27, 1790, the main altar was consecrated - in the name of the Smolensk Icon of the Mother of God. in September 1940, the temple was closed; returned to believers and re-consecrated on February 8, 1947, in 1987-1988. completely restored. today the temple has three altars: the main one, in the name of the Smolensk Icon of the Mother of God (the holy feast of August 10); the icon of the Holy Mother of God (June 24); St. Xenia (6 February).",True
POSITIVE,"очень терпеливый кот щенята по имени storm и shadow, которым всего 6 недель очень рады знакомству с котиком по имени финн.",0.0,0.818,0.182,0.6115,Positive,5,3,Neutral,0.5760045647621155,neutral,3,Neutral,0.5415297150611877,positive,5,Positive,0.8128154277801514,Positive,5,Positive,0.8599491715431213,3,Neutral,0.5667159864097511,5,Positive,0.0,3,Neutral,0.5374452617095509,4.0,4,Positive,Positive,True,False,False,True,True,False,True,False,True,"A very patient puppy cat named storm and shadow, which is only 6 weeks very happy to meet a cat named Finn.",True
NEUTRAL,я вижу некое сходство :),0.0,1.0,0.0,0.0,Neutral,3,3,Neutral,0.9996066689491272,neutral,3,Neutral,0.9093486666679382,neutral,3,Neutral,0.6462570428848267,Neutral,3,Neutral,0.4036009609699249,3,Neutral,0.5298840322374212,3,Neutral,0.0,3,Neutral,0.47536645372567526,3.0,3,Neutral,Neutral,True,True,True,True,True,True,True,True,True,I see some similarities :,True
NEGATIVE,id15118301влад добрый да ты же спиздил идею для авы у меня ах ты сука плагиатор хуев травля ололо набигаем позорник своего придумать не смог фу лахан!111,0.208,0.759,0.034,-0.92,Negative,1,1,Negative,0.9999711513519287,negative,1,Negative,0.856483519077301,negative,1,Negative,0.702633261680603,Very Negative,1,Negative,0.739399254322052,3,Neutral,0.5403209204949848,3,Neutral,0.0,3,Neutral,0.5375466935411649,1.75,2,Negative,Negative,True,True,True,True,True,False,False,False,True,"id15118301 Vlad good, but you've stirred up the idea for ava I've got oh you bitch plagiarist baiting ololo lo lo lo lo lo lo lo lo lo lo lo lo lo lo lo lo lo lo lo lobbied his shamer couldn't come up with fu lahan!111",True
NEGATIVE,внимай.вникай.вслушивайся в этот пиздец и представляй. аааааа,0.459,0.541,0.0,-0.6428,Negative,1,5,Positive,0.97015780210495,negative,1,Negative,0.8295613527297974,negative,1,Negative,0.5868311524391174,Positive,5,Positive,0.528685986995697,3,Neutral,0.5298840322374212,3,Neutral,0.0,3,Neutral,0.47536645372567526,2.75,3,Neutral,Negative,True,False,True,True,False,False,False,False,False,Listen to this shit and imagine.,True
POSITIVE,я тебя люблю: сегодня уже 4 месяца. ты самая-самая:,0.0,0.543,0.457,0.6369,Positive,5,5,Positive,0.9993002414703369,positive,5,Positive,0.993084192276001,positive,5,Positive,0.8063608407974243,Positive,5,Positive,0.5121574997901917,1,Negative,0.40195916528928455,1,Negative,0.0,3,Neutral,0.4194192398231435,3.75,4,Positive,Positive,True,True,True,True,True,False,False,False,True,"I love you, it's been 4 months now.",True
NEGATIVE,"хочется исчезнуть - чтоб по тебе скучали.хочется пропасть - чтоб о тебе не знали.хочется вернуться - туда, где ждут.хочется проснуться-с тем кто любит.",0.141,0.724,0.134,-0.296,Negative,3,1,Negative,0.996954083442688,neutral,3,Neutral,0.37074825167655945,positive,5,Positive,0.3972303867340088,Very Negative,1,Negative,0.6256024241447449,1,Negative,0.3580299067757053,5,Positive,0.0,1,Negative,0.5557237277259222,2.5,2,Negative,Negative,True,True,False,False,True,True,False,True,True,I want to disappear - to be missed. I want to abyss - so that they do not know about you. I want to go back to where they are waiting.,True
NEUTRAL,небольшой backstage) качество 720,0.0,1.0,0.0,0.0,Neutral,3,5,Positive,0.9934033751487732,positive,5,Positive,0.5489712357521057,negative,1,Negative,0.5740948915481567,Negative,1,Negative,0.7378544807434082,3,Neutral,0.7815784931169096,3,Neutral,0.0,3,Neutral,0.8780803384013205,3.0,3,Neutral,Neutral,True,False,False,False,False,True,True,True,True,small backstage quality 720,True
NEGATIVE,некоторых людей придётся оставить в старом году.,0.118,0.882,0.0,-0.0516,Neutral,3,3,Neutral,0.9991908669471741,neutral,3,Neutral,0.9023472666740417,neutral,3,Neutral,0.7364424467086792,Negative,1,Negative,0.7659303545951843,3,Neutral,0.5264843966672689,3,Neutral,0.0,3,Neutral,0.7975916112080408,2.75,3,Neutral,Negative,False,False,False,False,True,False,False,False,False,Some people will have to leave in the old year.,True
POSITIVE,"ты мне нужен любой - с миллионом и с дыркой в кармане, с огоньками в глазах и устало вдыхающий дым. одержавший победу и осажденный врагами, ты мне нужен любой, потому что ты мною любим. ты мне нужен любой - в идеально отглаженных брюках, и небритый, от света укрытый под тяжестью век, раздражительный, ласковый, легкий, улыбчивый, трудный. ты мне нужен любой, потому что ты мой человек.",0.146,0.614,0.24,0.8442,Positive,5,5,Positive,0.9979662895202637,positive,5,Positive,0.6664458513259888,positive,5,Positive,0.6401912569999695,Very Positive,5,Positive,0.7206519842147827,5,Positive,0.9108172989758677,5,Positive,0.0,5,Positive,0.74,5.0,5,Positive,Positive,True,True,True,True,True,True,True,True,True,"I need anyone - with a million and a hole in my pocket, with lights in my eyes and weary of inhaling smoke. who won and besieged by enemies, I need anyone, because you are my love. I need anyone - in perfectly ironed trousers, and unshaven, hidden from the light under the weight of the eyelids, irritable, affectionate, light, smiling, difficult.",True
NEGATIVE,"неоднократно встречалась с такой системой проката велосипедов в других странах, даже пользовалась. теперь есть и в москве, конкретно на бульварном кольце. при условии, что будет охвачен весь город, одобряю. тогда можно будет, например, с работы домой добраться. а пока. где по бульварному кольцу можно проехать на велосипеде? выделенных дорожек нет, а пешеходы есть, и в большом количестве. остается только проезжая часть, но этот вариант для желающих поскорее расстаться с жизнью под колёсами автомобилятрамвая. бульварное кольцо и пешком без проблем преодолевается, коротковат маршрут для велосипедного способа перемещения. ps а липы на цветном здорово подросли за 10 лет.",0.013,0.897,0.09,0.8586,Positive,5,5,Positive,0.9999579191207886,neutral,3,Neutral,0.7381829023361206,negative,1,Negative,0.941989004611969,Neutral,3,Neutral,0.715635359287262,3,Neutral,0.44403279879732993,3,Neutral,0.0,3,Neutral,0.56,3.25,3,Neutral,Negative,False,False,False,True,False,False,False,False,False,"I have repeatedly met with such a system of bicycle rental in other countries, even used it. now there are in Moscow, specifically on the Boulevard Ring. provided that the whole city will be covered, I approve. then it will be possible, for example, to get home from work. and while. where on the Boulevard Ring you can ride a bicycle? there are no dedicated paths, and there are pedestrians, and in large numbers. there is only the carriageway, but this option for those who wish to quickly part with life under the wheels of a car tram. a boulevard ring and on foot without a problem route, a short way to overcome. Ps and lindens on color have grown well over 10 years.",True
NEUTRAL,насос больше не нужен.,0.306,0.694,0.0,-0.296,Negative,3,3,Neutral,0.8526023626327515,neutral,3,Neutral,0.7747206091880798,positive,5,Positive,0.6636945605278015,Negative,1,Negative,0.7974783778190613,3,Neutral,0.5298840322374212,3,Neutral,0.0,3,Neutral,0.47536645372567526,3.0,3,Neutral,Neutral,False,True,True,False,False,True,True,True,True,The pump is no longer needed.,True
NEUTRAL,а вот ето видал.,0.0,1.0,0.0,0.0,Neutral,3,1,Negative,0.9826807379722595,neutral,3,Neutral,0.687030553817749,neutral,3,Neutral,0.4522421061992645,Negative,1,Negative,0.35597681999206543,3,Neutral,0.5298840322374212,3,Neutral,0.0,3,Neutral,0.4753664537256753,2.5,2,Negative,Neutral,True,False,True,True,False,True,True,True,False,I've seen it.,True
NEUTRAL,"мирабелла, узнай всю правду о себе здесь:",0.0,0.753,0.247,0.3182,Positive,3,3,Neutral,0.9999797344207764,neutral,3,Neutral,0.9181410670280457,neutral,3,Neutral,0.47009655833244324,Positive,5,Positive,0.46973350644111633,3,Neutral,0.5298840322374212,3,Neutral,0.0,3,Neutral,0.47536645372567526,3.25,3,Neutral,Neutral,False,True,True,True,False,True,True,True,True,"Mirabella, find out the truth about yourself here:",True
NEUTRAL,у мечты нет срока годности.,0.268,0.488,0.244,-0.0516,Neutral,3,1,Negative,0.8128541707992554,neutral,3,Neutral,0.8506090641021729,neutral,3,Neutral,0.9795380234718323,Negative,1,Negative,0.5513939261436462,3,Neutral,0.5298840322374212,3,Neutral,0.0,3,Neutral,0.47536645372567526,2.5,2,Negative,Neutral,True,False,True,True,False,True,True,True,False,The dream has no expiration date.,True
POSITIVE,"ты влюбилась? -не, у него просто глаза прикольные.и голос.и улыбка.и.да, влюбилась.)",0.083,0.491,0.426,0.8779,Positive,5,5,Positive,0.9905891418457031,positive,5,Positive,0.9849480986595154,positive,5,Positive,0.5754308104515076,Positive,5,Positive,0.8595420718193054,1,Negative,0.5413603439784933,1,Negative,0.0,1,Negative,0.6274771396653459,3.5,4,Positive,Positive,True,True,True,True,True,False,False,False,True,"Are you in love? - No, he just has funny eyes. And voice. And smile.I.E., fell in love.",True
POSITIVE,"18 марта в рамках проекта всемирной организации здравоохранения по проблемам сна и здоровья проходит всемирный день сна.(с) я хорошо его отметил, проспал все что можно)",0.0,0.928,0.072,0.2732,Positive,3,3,Neutral,0.9998852014541626,positive,5,Positive,0.7932371497154236,neutral,3,Neutral,0.8344223499298096,Neutral,3,Neutral,0.6331363916397095,3,Neutral,0.8157157980875887,3,Neutral,0.0,3,Neutral,0.85,3.25,3,Neutral,Positive,True,False,True,False,False,False,False,False,False,"March 18, as part of the World Health Organization’s Sleep and Health Project, World Sleep Day is being held. (c) I have noted it well, I have slept all I can.",True
NEGATIVE,вот так всегда :,0.0,1.0,0.0,0.0,Neutral,3,3,Neutral,0.8817083239555359,neutral,3,Neutral,0.7163376212120056,positive,5,Positive,0.5845407843589783,Neutral,3,Neutral,0.3094918429851532,3,Neutral,0.0,3,Neutral,0.0,3,Neutral,0.0,3.25,3,Neutral,Negative,False,False,False,False,False,False,False,False,False,That's how it always is.,True
NEUTRAL,доделываем квартиру в питере. выкладываю новый вариант цветового решения детской.,0.0,0.874,0.126,0.3182,Positive,3,3,Neutral,0.9999749660491943,neutral,3,Neutral,0.801763653755188,neutral,3,Neutral,0.9894519448280334,Neutral,3,Neutral,0.8480058908462524,3,Neutral,0.7263176383653125,3,Neutral,0.0,3,Neutral,0.75,3.0,3,Neutral,Neutral,False,True,True,True,True,True,True,True,True,We finish the apartment in St. Petersburg. I lay out a new version of the color solution for children.,True
NEGATIVE,подустал что-то я.,0.492,0.508,0.0,-0.4404,Negative,1,1,Negative,0.9877113699913025,neutral,3,Neutral,0.650779128074646,negative,1,Negative,0.8532580137252808,Negative,1,Negative,0.7172929048538208,3,Neutral,0.5298840322374212,3,Neutral,0.0,3,Neutral,0.47536645372567543,2.0,2,Negative,Negative,True,True,False,True,True,False,False,False,True,I'm tired of something.,True
NEUTRAL,трансляция с участка в восьмой школе,0.0,1.0,0.0,0.0,Neutral,3,3,Neutral,0.9999916553497314,neutral,3,Neutral,0.9384449124336243,neutral,3,Neutral,0.9982272982597351,Neutral,3,Neutral,0.9360383152961731,3,Neutral,0.5298840322374212,3,Neutral,0.0,3,Neutral,0.4753664537256753,3.0,3,Neutral,Neutral,True,True,True,True,True,True,True,True,True,broadcasting,True
NEUTRAL,"отправка эшелона 716 сегодня 09.11.2011, новосибирск-уссурийск",0.0,1.0,0.0,0.0,Neutral,3,3,Neutral,0.9999934434890747,neutral,3,Neutral,0.7746293544769287,neutral,3,Neutral,0.9993289709091187,Neutral,3,Neutral,0.918179452419281,1,Negative,0.5456821753631209,1,Negative,0.0,3,Neutral,0.8012173617949742,2.5,2,Negative,Neutral,True,True,True,True,True,False,False,True,False,"dispatch of train 716 today 09.11.2011, Novosibirsk-Ussuriysk",True
NEUTRAL,"ты в курсе, что в ac3 за тебя играют? у дезмонда щщи идентичны твоим)",0.0,0.791,0.209,0.4019,Positive,5,3,Neutral,0.9999967813491821,neutral,3,Neutral,0.8029510378837585,neutral,3,Neutral,0.46480560302734375,Neutral,3,Neutral,0.8011574745178223,3,Neutral,0.5298840322374212,3,Neutral,0.0,3,Neutral,0.47536645372567526,3.25,3,Neutral,Neutral,False,True,True,True,True,True,True,True,True,Are you aware that you're being played in ac3? Desmond's got the same number as yours.,True
NEUTRAL,результат обмена сувенирами на межнаре),0.0,1.0,0.0,0.0,Neutral,3,3,Neutral,0.9998260140419006,neutral,3,Neutral,0.8841208815574646,negative,1,Negative,0.42577245831489563,Neutral,3,Neutral,0.890933096408844,1,Negative,0.4499595637039265,1,Negative,0.0,3,Neutral,0.7693691594958096,2.25,2,Negative,Neutral,True,True,True,False,True,False,False,True,False,result of the exchange of souvenirs at the intern,True
NEUTRAL,после работы посидел,0.0,1.0,0.0,0.0,Neutral,3,3,Neutral,0.9999115467071533,neutral,3,Neutral,0.8073534369468689,neutral,3,Neutral,0.9986599683761597,Neutral,3,Neutral,0.5734333395957947,3,Neutral,0.5298840322374212,3,Neutral,0.0,3,Neutral,0.47536645372567526,3.0,3,Neutral,Neutral,True,True,True,True,True,True,True,True,True,sat down after work,True
NEUTRAL,"середа, поменяй мне палки на опиум",0.0,1.0,0.0,0.0,Neutral,3,3,Neutral,0.9999926090240479,neutral,3,Neutral,0.8592503070831299,neutral,3,Neutral,0.8946531414985657,Neutral,3,Neutral,0.48981574177742004,3,Neutral,0.5298840322374212,3,Neutral,0.0,3,Neutral,0.4753664537256753,3.0,3,Neutral,Neutral,True,True,True,True,True,True,True,True,True,"Sereda, change my sticks for opium.",True
NEUTRAL,"vlad, у меня есть подруга, с которой вы хорошо смотрелись бы вместе! узнай, кто она:",0.0,0.556,0.444,0.75,Positive,5,5,Positive,0.8414434194564819,neutral,3,Neutral,0.5170239210128784,positive,5,Positive,0.7419246435165405,Positive,5,Positive,0.7556233406066895,3,Neutral,0.5097077154595977,3,Neutral,0.0,5,Positive,0.6077224226110283,4.25,4,Positive,Neutral,False,False,True,False,False,True,True,False,False,"Vlad, I have a friend with whom you would look good together!",True
POSITIVE,"хахаххахахаха сегодня иду и навстречу мне молодая мать и ребенок, на вид лет 5, не больше и он в шапке 228 fffff xaxaxaxaa",0.095,0.905,0.0,-0.296,Negative,3,3,Neutral,0.999609649181366,positive,5,Positive,0.9765070676803589,neutral,3,Neutral,0.7155432105064392,Very Negative,1,Negative,0.3037576675415039,3,Neutral,0.37265970465518805,5,Positive,0.0,3,Neutral,0.48560036343418916,3.25,3,Neutral,Positive,False,False,True,False,False,False,True,False,False,"Hahahahahahaha today I go and meet a young mother and child, apparently 5 years old, no more and he is wearing a hat 228 fffff xaxaxaaa",True
POSITIVE,вечерняя гроза ) приятный бонус,0.0,0.241,0.759,0.743,Positive,5,5,Positive,0.9115851521492004,positive,5,Positive,0.980338454246521,neutral,3,Neutral,0.7155662775039673,Positive,5,Positive,0.878065288066864,5,Positive,0.6260704345286481,5,Positive,0.0,5,Positive,0.7938040633800302,4.75,5,Positive,Positive,True,True,True,False,True,True,True,True,True,evening thunderstorm ) a nice bonus,True
NEUTRAL,"ссылка для тех, чей мозг еще не скис",0.0,1.0,0.0,0.0,Neutral,3,3,Neutral,0.9998593330383301,neutral,3,Neutral,0.8660456538200378,neutral,3,Neutral,0.8087360858917236,Negative,1,Negative,0.45822760462760925,3,Neutral,0.5819662750687786,3,Neutral,0.0,3,Neutral,0.7800356344351361,2.75,3,Neutral,Neutral,True,True,True,True,False,True,True,True,True,link for those whose brain is not yet skinny,True
NEUTRAL,сми: в египте потерпел крушение российский гражданский самолет,0.0,1.0,0.0,0.0,Neutral,3,1,Negative,0.9994889497756958,negative,1,Negative,0.7049033641815186,neutral,3,Neutral,0.9887286424636841,Neutral,3,Neutral,0.6565133333206177,3,Neutral,0.6022585799352579,3,Neutral,0.0,3,Neutral,0.6346823066325582,2.5,2,Negative,Neutral,True,False,False,True,True,True,True,True,False,Media: in Egypt crashed Russian civilian plane,True
NEUTRAL,всегда есть такой человек который испортит фото),0.322,0.678,0.0,-0.5859,Negative,1,3,Neutral,0.9516313076019287,neutral,3,Neutral,0.8889716863632202,negative,1,Negative,0.9752033948898315,Positive,5,Positive,0.5014225840568542,3,Neutral,0.5546061616962193,3,Neutral,0.0,3,Neutral,0.6986897420422001,2.75,3,Neutral,Neutral,False,True,True,False,False,True,True,True,True,There is always someone who will ruin the photo.,True
NEUTRAL,смотри лучшие шутки или создавай свои,0.0,0.376,0.624,0.8074,Positive,5,3,Neutral,0.8256515264511108,neutral,3,Neutral,0.8657914996147156,positive,5,Positive,0.49898117780685425,Neutral,3,Neutral,0.7987840175628662,3,Neutral,0.5298840322374212,3,Neutral,0.0,3,Neutral,0.47536645372567543,3.5,4,Positive,Neutral,False,True,True,False,True,True,True,True,False,Watch the best jokes or create your own.,True
NEUTRAL,"кроме права на знание, у человека есть и право на не-знание. но давайте не будем превращать ни то ни другое в обязанность.",0.0,1.0,0.0,0.0,Neutral,3,3,Neutral,0.9998719692230225,neutral,3,Neutral,0.8062902092933655,negative,1,Negative,0.6357689499855042,Neutral,3,Neutral,0.5115110278129578,1,Negative,0.4922349882914337,1,Negative,0.0,3,Neutral,0.649772429347759,2.25,2,Negative,Neutral,True,True,True,False,True,False,False,True,False,"Besides the right to know, man has the right to not know, but let us not make either of them an obligation.",True
POSITIVE,"мне не надо пуд муки, мне не надо сито - меня милый поцелует - я неделю сыта! (c)",0.0,0.738,0.262,0.69,Positive,5,1,Negative,0.9021764397621155,positive,5,Positive,0.9429466724395752,positive,5,Positive,0.4592369794845581,Very Negative,1,Negative,0.5854207277297974,3,Neutral,0.6741199065622183,3,Neutral,0.0,3,Neutral,0.505238592209817,3.25,3,Neutral,Positive,True,False,True,True,False,False,False,False,False,"I don't need a pood of flour, I don't need a sieve - my dear will kiss me - I'm full for a week! (c)",True
NEUTRAL,под чем можно много метала нарыть?,0.0,1.0,0.0,0.0,Neutral,3,3,Neutral,0.9985058307647705,neutral,3,Neutral,0.8596523404121399,neutral,3,Neutral,0.9643974900245667,Neutral,3,Neutral,0.8830514550209045,3,Neutral,0.5298840322374212,3,Neutral,0.0,3,Neutral,0.4753664537256753,3.0,3,Neutral,Neutral,True,True,True,True,True,True,True,True,True,What can you dig a lot of metal under?,True
POSITIVE,сестра оне лов),0.0,1.0,0.0,0.0,Neutral,3,5,Positive,0.9530424475669861,neutral,3,Neutral,0.8677788376808167,neutral,3,Neutral,0.9103949069976807,Very Negative,1,Negative,0.5786665081977844,5,Positive,0.4561127752824046,5,Positive,0.0,5,Positive,0.8434678764489173,3.75,4,Positive,Positive,False,True,False,False,False,True,True,True,True,sister one catch,True
NEUTRAL,прям как мы с тобой))),0.0,0.615,0.385,0.3612,Positive,5,3,Neutral,0.7676512598991394,positive,5,Positive,0.8205811977386475,neutral,3,Neutral,0.9013484716415405,Neutral,3,Neutral,0.471405029296875,3,Neutral,0.7095428921783474,3,Neutral,0.0,3,Neutral,0.7811568060463056,3.5,4,Positive,Neutral,False,True,False,True,True,True,True,True,False,Just like you and me.,True
POSITIVE,"моя любимая мамуля, папа, любимый мужчина и конечно же плод нашей любви, дочечка я вас больше жизни. вы моё все!",0.0,0.597,0.403,0.8957,Positive,5,5,Positive,0.9996054768562317,positive,5,Positive,0.9891529083251953,positive,5,Positive,0.9853352308273315,Very Positive,5,Positive,0.8436459302902222,5,Positive,0.587108930158619,5,Positive,0.0,5,Positive,0.81,5.0,5,Positive,Positive,True,True,True,True,True,True,True,True,True,"My beloved mother, father, beloved man and, of course, the fruit of our love, daughter I you more than life.",True
NEUTRAL,"с голода точно не умру, если только еда кусаться не начнет!",0.0,0.589,0.411,0.5975,Positive,5,1,Negative,0.9962891340255737,negative,1,Negative,0.6010611653327942,negative,1,Negative,0.6019087433815002,Very Negative,1,Negative,0.5914080739021301,3,Neutral,0.7305786499760949,3,Neutral,0.0,3,Neutral,0.7389461081580327,2.25,2,Negative,Neutral,False,False,False,False,False,True,True,True,False,I will not die of hunger unless the food bites.,True
NEGATIVE,"телефону пришла смерть, а я как из жизни выпал.",0.281,0.719,0.0,-0.5994,Negative,1,3,Neutral,0.8381648063659668,negative,1,Negative,0.8092668652534485,negative,1,Negative,0.7287349104881287,Very Negative,1,Negative,0.651112973690033,3,Neutral,0.5737378122454017,3,Neutral,0.0,3,Neutral,0.9169514304862914,2.0,2,Negative,Negative,True,False,True,True,True,False,False,False,True,"Death came on the phone, and I fell out of my life.",True
NEUTRAL,"интересно, куда же мы в итоге попадем ;)",0.0,1.0,0.0,0.0,Neutral,3,3,Neutral,0.9999425411224365,neutral,3,Neutral,0.8791033625602722,neutral,3,Neutral,0.9568021893501282,Positive,5,Positive,0.8815830945968628,3,Neutral,0.6114118292751488,3,Neutral,0.0,3,Neutral,0.6560315311899388,3.25,3,Neutral,Neutral,True,True,True,True,False,True,True,True,True,I wonder where we will end up ;,True
NEUTRAL,озн. лечение содой.,0.0,1.0,0.0,0.0,Neutral,3,1,Negative,0.9997318387031555,neutral,3,Neutral,0.7546459436416626,negative,1,Negative,0.6023960709571838,Neutral,3,Neutral,0.3987104594707489,1,Negative,0.49818080895435285,5,Positive,0.0,3,Neutral,0.6339724648966795,2.5,2,Negative,Neutral,True,False,True,False,True,False,False,True,False,Soda treatment.,True
POSITIVE,"))))))))))))я у бога просила счастья, я у бога любви просила. и одной теплой летней ночью судьба счастье мне подарила. и теперь я прошу так мало: чтобы счастье всегда смеялось, чтобы счастье мое не болело, и попозже чуть-чуть просыпалось.",0.0,0.477,0.523,0.9829,Positive,5,5,Positive,0.9878045320510864,positive,5,Positive,0.9866312146186829,positive,5,Positive,0.8739708065986633,Very Negative,1,Negative,0.3839200735092163,3,Neutral,0.47438011240097555,3,Neutral,0.0,3,Neutral,0.6092790434457114,3.75,4,Positive,Positive,True,True,True,True,False,False,False,False,True,"())))) I asked God for happiness, I asked God for love, and one warm summer night fate gave me happiness, and now I ask so little: that happiness always laughs, that my happiness does not hurt, and later a little wake up.",True
POSITIVE,"я не ищу лучших, они и так меня окружают - это мои друзья!",0.0,0.682,0.318,0.6369,Positive,5,5,Positive,0.9927985668182373,positive,5,Positive,0.627224326133728,positive,5,Positive,0.5096515417098999,Very Positive,5,Positive,0.49980100989341736,1,Negative,0.47012956507327885,3,Neutral,0.0,3,Neutral,0.48125825953015583,4.0,4,Positive,Positive,True,True,True,True,True,False,False,False,True,"I'm not looking for the best, they're all around me.",True
NEGATIVE,ненавижу время после 21:00.сразу начинают всплывать какие-то проблемы.или я скучаю по ком-то.или не хватает чего-то.,0.421,0.579,0.0,-0.7906,Negative,1,1,Negative,0.9998131394386292,negative,1,Negative,0.6930673122406006,negative,1,Negative,0.8339346051216125,Negative,1,Negative,0.5474457740783691,3,Neutral,0.4206746905822831,3,Neutral,0.0,3,Neutral,0.78,1.75,2,Negative,Negative,True,True,True,True,True,False,False,False,True,I hate the time after 21:00. immediately start to surface some problems. or I miss someone.,True
NEUTRAL,легкомысленная девушка как воробей постоянно прыгает с палки на палку),0.0,0.783,0.217,0.3612,Positive,5,3,Neutral,0.9562152028083801,neutral,3,Neutral,0.5358643531799316,negative,1,Negative,0.8468897938728333,Neutral,3,Neutral,0.5066775679588318,1,Negative,0.461571664888123,3,Neutral,0.0,3,Neutral,0.8899590403320893,2.75,3,Neutral,Neutral,False,True,True,False,True,False,True,True,True,frivolous girl like a sparrow constantly jumps from stick to stick,True
NEGATIVE,"нет ну почему, если болеть то в выходные?вылечите меня блин!",0.0,0.722,0.278,0.4023,Positive,5,1,Negative,0.9996187686920166,negative,1,Negative,0.8341567516326904,negative,1,Negative,0.5266841053962708,Positive,5,Positive,0.46412843465805054,1,Negative,0.48316767578853637,3,Neutral,0.0,3,Neutral,0.48466802838175,2.5,2,Negative,Negative,False,True,True,True,False,True,False,False,True,Why don't you get sick on the weekends?,True
NEUTRAL,репертуар на предстоящий год лошади!)),0.0,1.0,0.0,0.0,Neutral,3,3,Neutral,0.999983549118042,neutral,3,Neutral,0.8299211263656616,neutral,3,Neutral,0.8857869505882263,Neutral,3,Neutral,0.3013237416744232,3,Neutral,0.575064777603593,3,Neutral,0.0,3,Neutral,0.9027412706325815,3.0,3,Neutral,Neutral,True,True,True,True,True,True,True,True,True,Repertoire for the upcoming Year of the Horse!,True
POSITIVE,"хахахах темыч))) это было шикарно, так много в течение 3 часов, я давно не смеялся) последняя твоя аж до слез, про римский легион)0ахахаха",0.141,0.626,0.233,0.3859,Positive,5,5,Positive,0.9969021081924438,positive,5,Positive,0.9934816360473633,positive,5,Positive,0.5826749205589294,Very Negative,1,Negative,0.502083957195282,5,Positive,0.6655213059570224,5,Positive,0.0,3,Neutral,0.55,4.25,4,Positive,Positive,True,True,True,True,False,True,True,False,True,"Hahahaha Temich) was great, so much for 3 hours, I haven't laughed in a long time.",True
POSITIVE,"хахахха мы теперь все товарищи , и еще и на связи)))) вот контакт жёт!",0.0,0.544,0.456,0.7717,Positive,5,3,Neutral,0.9973194003105164,positive,5,Positive,0.9880099892616272,positive,5,Positive,0.7644022107124329,Very Positive,5,Positive,0.4897877275943756,3,Neutral,0.5608074523335103,3,Neutral,0.0,3,Neutral,0.9327227825388291,4.0,4,Positive,Positive,True,False,True,True,True,False,False,False,True,"Hahaha we are all friends now , and also in contact ) ) .",True
POSITIVE,люблю тя родной!самый любимый в мире человек,0.0,0.473,0.527,0.8313,Positive,5,5,Positive,0.9997015595436096,positive,5,Positive,0.9918994903564453,positive,5,Positive,0.9488052129745483,Very Positive,5,Positive,0.8493460416793823,5,Positive,0.8741378142333224,5,Positive,0.0,5,Positive,0.92,5.0,5,Positive,Positive,True,True,True,True,True,True,True,True,True,"I love you, the most beloved person in the world.",True
POSITIVE,эх давненько я не был на концертах))было классно)),0.0,0.661,0.339,0.6249,Positive,5,5,Positive,0.9988911747932434,positive,5,Positive,0.9902804493904114,positive,5,Positive,0.8701854944229126,Negative,1,Negative,0.4192769527435303,5,Positive,0.4801028809188952,5,Positive,0.0,5,Positive,0.9078944787433626,4.5,4,Positive,Positive,True,True,True,True,False,True,True,True,True,I haven’t been to a concert in a while. . . . that was great.,True
NEUTRAL,"в свете грядущего тридцатилетия)))с id4587211яна тайлашева ""у вас есть два актива, потерю которых вам не восполнить: ваше тело и ваш разум. большинство перестает развиваться и работать над собой после 20. большинство тридцатилетних слишком заняты, чтобы волноваться о саморазвитии. но если вы один из тех немногих, кто продолжает учиться, развивать своё мышление и заботиться о своем умственном и физическом здоровье, к 40 годам вы будете на световые годы опережать своих ровесников"".",0.045,0.885,0.069,0.4503,Positive,5,3,Neutral,0.9866278767585754,neutral,3,Neutral,0.8519654870033264,positive,5,Positive,0.9134355187416077,Neutral,3,Neutral,0.407650887966156,5,Positive,0.4324971744420403,5,Positive,0.0,3,Neutral,0.468561045264086,4.0,4,Positive,Neutral,False,True,True,False,True,False,False,True,False,"In light of the coming thirtieth anniversary), with id4587211yan Tailasheva ""you have two assets that you cannot replace: your body and your mind. most stop developing and working on themselves after 20. most thirty-year-olds are too busy to worry about self-development. but if you are one of the few who continues to learn, develop their thinking and take care of their mental and physical health, by 40 you will be light years ahead of their peers.""",True
POSITIVE,"все супер,падругому неможет быть )))",0.198,0.45,0.351,0.4019,Positive,5,5,Positive,0.999313235282898,positive,5,Positive,0.9859880805015564,positive,5,Positive,0.9767483472824097,Very Positive,5,Positive,0.3990270793437958,3,Neutral,0.5298840322374212,3,Neutral,0.0,3,Neutral,0.4753664537256753,4.25,4,Positive,Positive,True,True,True,True,True,False,False,False,True,"It's all super, there's no other way.",True
POSITIVE,"как же классно, позвонить своим пацанам, собраться, посидеть душевно, вспомнить прошлое.",0.0,0.834,0.166,0.3804,Positive,5,5,Positive,0.991705060005188,positive,5,Positive,0.9668721556663513,positive,5,Positive,0.9872385263442993,Positive,5,Positive,0.49077409505844116,5,Positive,0.5046168662620073,5,Positive,0.0,5,Positive,0.40623914009843487,5.0,5,Positive,Positive,True,True,True,True,True,True,True,True,True,"It's so cool to call your kids, get together, sit down, remember the past.",True
NEUTRAL,"в ночь с субботы на воскресенье ночевал в лесу. высунулся из палатки покурить и вдруг увидел - справа от палатки горит зелёный светодиод!. не поленился, проверил - не светодиод горит, это светлячёк себе пару ищет.",0.0,0.949,0.051,0.3404,Positive,5,1,Negative,0.9568960070610046,neutral,3,Neutral,0.898953914642334,negative,1,Negative,0.45700907707214355,Very Negative,1,Negative,0.6552202105522156,3,Neutral,0.47008444727557525,3,Neutral,0.0,3,Neutral,0.8155790356896706,2.5,2,Negative,Neutral,False,False,True,False,False,True,True,True,False,"On the night from Saturday to Sunday, I slept in the woods. I leaned out of the tent to smoke and suddenly saw - to the right of the tent a green LED is burning!. I was not lazy, I checked - the LED is not burning, this firefly is looking for a mate.",True
NEGATIVE,"окраины, провинции души. где низость наша, мерзость и потемки годами ждут момента и потомки, потом гадают, как возник фашизм!",0.084,0.916,0.0,-0.3164,Negative,3,1,Negative,0.999313235282898,negative,1,Negative,0.9231380224227905,negative,1,Negative,0.7978866100311279,Very Negative,1,Negative,0.8204432725906372,3,Neutral,0.5298840322374212,3,Neutral,0.0,3,Neutral,0.47536645372567526,2.0,2,Negative,Negative,True,True,True,True,True,False,False,False,True,"The suburbs, the provinces of the soul, where our baseness, abomination and darkness wait for years for the moment and descendants, then guess how fascism arose!",True
NEUTRAL,думаю ты оценишь),0.0,0.526,0.474,0.4019,Positive,5,3,Neutral,0.999852180480957,neutral,3,Neutral,0.8873444199562073,positive,5,Positive,0.9477555155754089,Positive,5,Positive,0.5048545598983765,3,Neutral,0.5298840322374212,3,Neutral,0.0,3,Neutral,0.47536645372567526,3.75,4,Positive,Neutral,False,True,True,False,False,True,True,True,False,I think you'll appreciate it.,True
NEUTRAL,когда есть свободное время и вдохновение,0.0,0.427,0.573,0.7717,Positive,5,3,Neutral,0.999935507774353,positive,5,Positive,0.6279619932174683,positive,5,Positive,0.9885155558586121,Neutral,3,Neutral,0.8952990174293518,3,Neutral,0.5175585356330085,3,Neutral,0.0,3,Neutral,0.98,3.75,4,Positive,Neutral,False,True,False,False,True,True,True,True,False,When you have free time and inspiration,True
NEUTRAL,"noize mc- ты не считаешь.live at главclub ,спб. 6.03.2010.",0.0,1.0,0.0,0.0,Neutral,3,1,Negative,0.9998180270195007,neutral,3,Neutral,0.787731409072876,neutral,3,Neutral,0.8961150050163269,Very Negative,1,Negative,0.49935710430145264,5,Positive,0.49121575597640993,5,Positive,0.0,3,Neutral,0.5727463711402954,3.0,3,Neutral,Neutral,True,False,True,True,False,False,False,True,True,"noize mc- you do not think.live at the chapterclub, SPb. 6.03.2010.",True
POSITIVE,вы сумасшедшие! но стали такими родными и любимыми!,0.071,0.334,0.595,0.9482,Positive,5,3,Neutral,0.8423290252685547,positive,5,Positive,0.7351424098014832,positive,5,Positive,0.9240460395812988,Very Positive,5,Positive,0.7113186717033386,3,Neutral,0.5298840322374212,3,Neutral,0.0,3,Neutral,0.47536645372567526,4.0,4,Positive,Positive,True,False,True,True,True,False,False,False,True,"You are crazy, but you have become so loved and loved!",True
POSITIVE,"сегодня, хороший повод украсить свою жизнь романтикой.))",0.0,0.556,0.444,0.6808,Positive,5,5,Positive,0.9985626339912415,positive,5,Positive,0.9852554798126221,positive,5,Positive,0.9058498740196228,Positive,5,Positive,0.7771306037902832,5,Positive,0.5868053901785154,5,Positive,0.0,5,Positive,0.88,5.0,5,Positive,Positive,True,True,True,True,True,True,True,True,True,This is a good time to make your life romantic.,True
NEUTRAL,"марта ткачик, минитест кто ты из кухни на стс? показал результат ниже. много других тестов здесь -",0.0,1.0,0.0,0.0,Neutral,3,3,Neutral,0.9999957084655762,neutral,3,Neutral,0.8496164083480835,neutral,3,Neutral,0.9894054532051086,Negative,1,Negative,0.7730212211608887,1,Negative,0.4299933345308018,3,Neutral,0.0,3,Neutral,0.679538484492381,2.5,2,Negative,Neutral,True,True,True,True,False,False,True,True,False,"March weaver, mini-test who are you from the kitchen on STS? showed the result below.",True
POSITIVE,такой забавный :d,0.0,0.129,0.871,0.7764,Positive,5,1,Negative,0.9865662455558777,positive,5,Positive,0.6762662529945374,positive,5,Positive,0.9667665362358093,Neutral,3,Neutral,0.7084254026412964,3,Neutral,0.6622413911066428,3,Neutral,0.0,3,Neutral,0.531373948429337,3.5,4,Positive,Positive,True,False,True,True,False,False,False,False,True,so funny :d,True
NEGATIVE,"сказал ""зво'нит а не ""звони'т""? на костёр тебя необразованный плебей",0.194,0.806,0.0,-0.34,Negative,1,3,Neutral,0.8569470047950745,negative,1,Negative,0.7462772727012634,negative,1,Negative,0.9792643785476685,Very Negative,1,Negative,0.49200889468193054,3,Neutral,0.5298840322374212,3,Neutral,0.0,3,Neutral,0.4753664537256753,2.0,2,Negative,Negative,True,False,True,True,True,False,False,False,True,"He said, ""Calling, not ""Calling""? On the fire you uneducated plebeian.",True
POSITIVE,ахаха:) классно было:),0.0,0.423,0.577,0.6249,Positive,5,5,Positive,0.994848370552063,positive,5,Positive,0.9953719973564148,neutral,3,Neutral,0.8502373099327087,Positive,5,Positive,0.37403884530067444,5,Positive,0.4801028809188952,5,Positive,0.0,5,Positive,0.9078944787433626,4.75,5,Positive,Positive,True,True,True,False,True,True,True,True,True,Ahaha:) that was great.,True
POSITIVE,победила! в этот раз! ахахахахахаха! )),0.0,0.483,0.517,0.6467,Positive,5,5,Positive,0.9988522529602051,positive,5,Positive,0.995806097984314,positive,5,Positive,0.9295257925987244,Very Positive,5,Positive,0.6909167170524597,3,Neutral,0.5298840322374212,3,Neutral,0.0,3,Neutral,0.4753664537256753,4.25,4,Positive,Positive,True,True,True,True,True,False,False,False,True,This time it won! ahahahahahahaha!,True
NEUTRAL,детский лагерь для взрослых.,0.0,1.0,0.0,0.0,Neutral,3,3,Neutral,0.9873884916305542,neutral,3,Neutral,0.8977003693580627,neutral,3,Neutral,0.4709615409374237,Neutral,3,Neutral,0.9111669063568115,3,Neutral,0.5686225110759269,3,Neutral,0.0,3,Neutral,0.9338101245978493,3.0,3,Neutral,Neutral,True,True,True,True,True,True,True,True,True,Children's camp for adults.,True
NEUTRAL,слушать в наушниках))) или с сабом))))))),0.0,1.0,0.0,0.0,Neutral,3,3,Neutral,0.999993085861206,neutral,3,Neutral,0.9154567718505859,positive,5,Positive,0.5451050400733948,Neutral,3,Neutral,0.7699335217475891,3,Neutral,0.5900227720371459,3,Neutral,0.0,3,Neutral,0.8423469106899322,3.25,3,Neutral,Neutral,True,True,True,False,True,True,True,True,True,listen with headphones)) or with a sab ()),True
NEUTRAL,"-люди делятся на хороших и плохих, а ты не на кого не делись, ладно?)",0.181,0.57,0.249,0.0772,Neutral,3,3,Neutral,0.9951855540275574,neutral,3,Neutral,0.7947975993156433,neutral,3,Neutral,0.9401465654373169,Neutral,3,Neutral,0.5458322167396545,3,Neutral,0.5298840322374212,3,Neutral,0.0,3,Neutral,0.4753664537256753,3.0,3,Neutral,Neutral,True,True,True,True,True,True,True,True,True,"- People are divided into good and bad, and you don't fall for anyone, okay?",True
NEGATIVE,"накипело , сейчас бы в воду и смыть все проблемы волной.маломалины",0.162,0.838,0.0,-0.4019,Negative,1,5,Positive,0.9244343042373657,negative,1,Negative,0.5186513066291809,neutral,3,Neutral,0.9941419959068298,Negative,1,Negative,0.5204838514328003,3,Neutral,0.5298840322374212,3,Neutral,0.0,3,Neutral,0.4753664537256753,2.5,2,Negative,Negative,True,False,True,False,True,False,False,False,True,Now it would be in the water and wash away all the problems with a wave.,True
NEUTRAL,"оказывается, я в душе охотник! я всегда предельно внимателен и целеустремлен! а какой герой живет внутри тебя? пройдите и вы психологический тест от discovery channel и станьте участником розыгрыша камеры go pro!",0.0,0.899,0.101,0.6679,Positive,5,3,Neutral,0.999995231628418,neutral,3,Neutral,0.8466821312904358,positive,5,Positive,0.8348594903945923,Very Positive,5,Positive,0.7547388672828674,3,Neutral,0.6067307112873319,3,Neutral,0.0,3,Neutral,0.82,3.75,4,Positive,Neutral,False,True,True,False,False,True,True,True,False,It turns out that I am a hunter at heart! I am always extremely attentive and purposeful! and what hero lives inside you? pass and you are a psychological test from the discovery channel and become a participant in the prank of the camera go pro!,True
NEUTRAL,стилист я уже работает! такие машины- лучшее украшение любой страницы! а чтоб ты ездил на таких.,0.0,0.697,0.303,0.6988,Positive,5,5,Positive,0.9515719413757324,neutral,3,Neutral,0.570733904838562,positive,5,Positive,0.9786280989646912,Very Positive,5,Positive,0.5978874564170837,3,Neutral,0.37596965858817605,3,Neutral,0.0,3,Neutral,0.7077222675203342,4.0,4,Positive,Neutral,False,False,True,False,False,True,True,True,False,Stylist I already work! Such cars are the best decoration of any page!,True
POSITIVE,кто хочет отдаться натурой ей в подарок на др пишите ей лично))это мой подарок.ахах не кисни слелка.ща все будет)),0.0,0.62,0.38,0.8481,Positive,5,3,Neutral,0.9998286962509155,neutral,3,Neutral,0.472090482711792,neutral,3,Neutral,0.6433290839195251,Very Negative,1,Negative,0.46866700053215027,5,Positive,0.4839587452976445,5,Positive,0.0,3,Neutral,0.8801067601311678,3.5,4,Positive,Positive,True,False,False,False,False,True,True,False,True,Who wants to give in kind to her as a gift on d write her personally) this is my gift.,True
NEUTRAL,пойти спрыгнуть со стула чтоли,0.0,1.0,0.0,0.0,Neutral,3,1,Negative,0.43460625410079956,neutral,3,Neutral,0.6417416334152222,neutral,3,Neutral,0.994170069694519,Negative,1,Negative,0.4776514768600464,3,Neutral,0.682012731604102,3,Neutral,0.0,3,Neutral,0.6027878100395511,2.5,2,Negative,Neutral,True,False,True,True,False,True,True,True,False,go jump off a chair,True
NEUTRAL,с 9 по 26 августа курю ганжу в голландии,0.0,1.0,0.0,0.0,Neutral,3,3,Neutral,0.9608678817749023,positive,5,Positive,0.526479184627533,neutral,3,Neutral,0.9879306554794312,Neutral,3,Neutral,0.9389302730560303,3,Neutral,0.5298840322374212,3,Neutral,0.0,3,Neutral,0.4753664537256753,3.25,3,Neutral,Neutral,True,True,False,True,True,True,True,True,True,From 9 to 26 August I smoke ganja in the Netherlands,True
NEUTRAL,дворы пустые - нет детей. в район дошла горячая вода. (на тэц шестую дали газ),0.308,0.692,0.0,-0.4588,Negative,1,3,Neutral,0.919983983039856,neutral,3,Neutral,0.7132084369659424,negative,1,Negative,0.5347764492034912,Very Negative,1,Negative,0.6545991897583008,3,Neutral,0.4591060512320442,1,Negative,0.0,3,Neutral,0.5953393978097072,2.0,2,Negative,Neutral,False,True,True,False,False,True,False,True,False,"The yards are empty, there are no children. (Sixth gas shot)",True
NEGATIVE,программа по сокращению населения в действии,0.0,1.0,0.0,0.0,Neutral,3,3,Neutral,0.6731346249580383,neutral,3,Neutral,0.6758491396903992,negative,1,Negative,0.6094743013381958,Neutral,3,Neutral,0.9293582439422607,3,Neutral,0.6417239331942393,3,Neutral,0.0,3,Neutral,0.8273880934493352,2.75,3,Neutral,Negative,False,False,False,True,False,False,False,False,False,population reduction programme in action,True
NEGATIVE,что за слово загадано на картинках? не могу отгадать :( 5 букв.,0.0,1.0,0.0,0.0,Neutral,3,3,Neutral,0.9823728799819946,neutral,3,Neutral,0.6670777201652527,neutral,3,Neutral,0.6180444359779358,Neutral,3,Neutral,0.8842877149581909,1,Negative,0.5981560963343991,1,Negative,0.0,3,Neutral,0.5427272988609638,2.5,2,Negative,Negative,False,False,False,False,False,True,True,False,True,What is the word in the pictures? can not guess : (5 letters).,True
NEUTRAL,вышлите мне покушать)))),0.0,1.0,0.0,0.0,Neutral,3,3,Neutral,0.9993181228637695,neutral,3,Neutral,0.8445088863372803,neutral,3,Neutral,0.9356333613395691,Negative,1,Negative,0.33941465616226196,3,Neutral,0.5845212861607212,3,Neutral,0.0,3,Neutral,0.6648098900651702,2.75,3,Neutral,Neutral,True,True,True,True,False,True,True,True,True,send me something to eat.,True
POSITIVE,"наверное, только у моего брата самый красноречивый комплимент - это слово ""нормально!"" ведь так и есть,правда,андрюш!?!?!",0.0,0.79,0.21,0.6433,Positive,5,5,Positive,0.9987519979476929,positive,5,Positive,0.8751720190048218,neutral,3,Neutral,0.9199740886688232,Very Positive,5,Positive,0.820176362991333,5,Positive,0.5495713764227176,5,Positive,0.0,3,Neutral,0.52,4.5,4,Positive,Positive,True,True,True,False,True,True,True,False,True,"Probably only my brother has the most eloquent compliment - it's the word ""normal!"" it is, really, Andrew!?!",True
NEUTRAL,вот она - правда о прививках.,0.0,0.685,0.315,0.3182,Positive,3,3,Neutral,0.9997385144233704,neutral,3,Neutral,0.933368444442749,neutral,3,Neutral,0.910597562789917,Positive,5,Positive,0.3295201361179352,3,Neutral,0.508485494699081,3,Neutral,0.0,3,Neutral,0.99,3.25,3,Neutral,Neutral,False,True,True,True,False,True,True,True,True,This is the truth about vaccinations.,True
POSITIVE,"любишь ""нюшу"" ставь",0.0,0.444,0.556,0.3612,Positive,5,3,Neutral,0.905587375164032,neutral,3,Neutral,0.5483486652374268,neutral,3,Neutral,0.8332988023757935,Neutral,3,Neutral,0.6021264791488647,3,Neutral,0.5298840322374212,3,Neutral,0.0,3,Neutral,0.47536645372567526,3.25,3,Neutral,Positive,True,False,False,False,False,False,False,False,False,You like snuff.,True
NEGATIVE,уважаемые! а не много вы на себя берёте.,0.0,0.729,0.271,0.3818,Positive,5,3,Neutral,0.9981447458267212,neutral,3,Neutral,0.5278776288032532,neutral,3,Neutral,0.8063058853149414,Negative,1,Negative,0.4421776533126831,3,Neutral,0.5298840322374212,3,Neutral,0.0,3,Neutral,0.4753664537256753,3.0,3,Neutral,Negative,False,False,False,False,True,False,False,False,False,"Dear ones, you don’t take much on yourself.",True
NEUTRAL,от катюши белкиной.),0.0,1.0,0.0,0.0,Neutral,3,5,Positive,0.9025130867958069,neutral,3,Neutral,0.8223773241043091,neutral,3,Neutral,0.47431665658950806,Neutral,3,Neutral,0.4747906029224396,3,Neutral,0.5298840322374212,3,Neutral,0.0,3,Neutral,0.4753664537256753,3.25,3,Neutral,Neutral,True,False,True,True,True,True,True,True,True,from squirrel katyasha.,True
POSITIVE,"иногда хочетса быть комуто нужной,чтобы подошол любимый человек обнял крепко,крепко и сказал что все будет харашо я с тобой",0.0,0.74,0.26,0.8107,Positive,5,5,Positive,0.9634762406349182,positive,5,Positive,0.8760469555854797,neutral,3,Neutral,0.7614846229553223,Negative,1,Negative,0.3604818880558014,5,Positive,0.8741378142333224,5,Positive,0.0,5,Positive,0.92,4.25,4,Positive,Positive,True,True,True,False,False,True,True,True,True,"Sometimes he wants to be needed by someone so that the loved one hugs tightly, tightly and says that everything will be rough.",True
POSITIVE,"к слову,моя любимая книга и единственная,которую я смогла прочитать в электронном варианте",0.0,0.786,0.214,0.4588,Positive,5,1,Negative,0.8858809471130371,positive,5,Positive,0.9022936820983887,positive,5,Positive,0.9914446473121643,Positive,5,Positive,0.4847092926502228,3,Neutral,0.6264794587750857,3,Neutral,0.0,3,Neutral,0.9031107257560282,3.75,4,Positive,Positive,True,False,True,True,True,False,False,False,True,This is my favorite book and the only one I could read online.,True
NEUTRAL,мой завод изготовил новую партию высококлассных материалов,0.0,1.0,0.0,0.0,Neutral,3,3,Neutral,0.9815911054611206,neutral,3,Neutral,0.7971401810646057,positive,5,Positive,0.9438136219978333,Neutral,3,Neutral,0.8946191072463989,3,Neutral,0.5473919323988569,3,Neutral,0.0,3,Neutral,0.5290656655653013,3.25,3,Neutral,Neutral,True,True,True,False,True,True,True,True,True,My factory has produced a new batch of high-quality materials,True
POSITIVE,"id124868557анжелика, да конечно эта фотка. кайф)",0.0,1.0,0.0,0.0,Neutral,3,5,Positive,0.9966386556625366,positive,5,Positive,0.9612059593200684,neutral,3,Neutral,0.8484349846839905,Neutral,3,Neutral,0.6477863788604736,5,Positive,0.44836526859509157,5,Positive,0.0,5,Positive,0.49089381451841246,4.25,4,Positive,Positive,False,True,True,False,False,True,True,True,True,"id124868557 Angelica, of course, this picture.",True
POSITIVE,я стал еще сильнее. теперь я 155 уровень! скоро ни один безумец не будет проблемой для меня.,0.342,0.658,0.0,-0.636,Negative,1,5,Positive,0.5354707837104797,neutral,3,Neutral,0.390084832906723,positive,5,Positive,0.9951314926147461,Positive,5,Positive,0.82650226354599,3,Neutral,0.5007347934230129,3,Neutral,0.0,3,Neutral,0.5220718543607155,3.5,4,Positive,Positive,False,True,False,True,True,False,False,False,True,Now I'm level 155! soon no madman will be a problem for me.,True
NEGATIVE,"ну вас всех нахуй,шмарины.",0.467,0.533,0.0,-0.5423,Negative,1,1,Negative,0.9993426203727722,negative,1,Negative,0.8516523838043213,negative,1,Negative,0.9848660230636597,Very Negative,1,Negative,0.782040536403656,3,Neutral,0.5298840322374212,3,Neutral,0.0,3,Neutral,0.47536645372567543,1.75,2,Negative,Negative,True,True,True,True,True,False,False,False,True,"Fuck you all, you smarines.",True
NEUTRAL,"надо бы даже издать закон, запрещающий любить малолетних, чтобы не уходило много сил неизвестно на что; ведь неизвестно заранее, в какую сторону пойдет духовное и телесное развитие ребенка в дурную или хорошую.",0.108,0.773,0.119,0.1779,Positive,3,1,Negative,0.9817628860473633,neutral,3,Neutral,0.7451992034912109,negative,1,Negative,0.3804435431957245,Neutral,3,Neutral,0.2965444326400757,3,Neutral,0.4097600734379821,5,Positive,0.0,3,Neutral,0.5088708405915996,2.75,3,Neutral,Neutral,False,False,True,False,True,True,False,True,True,"It would even be necessary to pass a law forbidding the love of minors, so that it would not take a lot of effort on what is unknown; for it is not known in advance in which direction the spiritual and bodily development of the child will go in bad or good.",True
NEUTRAL,самый патриотичный маршрут столицы)),0.0,1.0,0.0,0.0,Neutral,3,5,Positive,0.9964058995246887,positive,5,Positive,0.8059605956077576,positive,5,Positive,0.969607949256897,Very Positive,5,Positive,0.2543351650238037,5,Positive,0.6375686822343448,5,Positive,0.0,5,Positive,0.61,4.75,5,Positive,Neutral,True,False,False,False,False,False,False,False,False,the most patriotic route of the capital),True
POSITIVE,обожаю этого парня,0.0,0.323,0.677,0.6369,Positive,5,5,Positive,0.9992830157279968,positive,5,Positive,0.988395094871521,positive,5,Positive,0.9517860412597656,Neutral,3,Neutral,0.5620018839836121,3,Neutral,0.5298840322374212,3,Neutral,0.0,3,Neutral,0.47536645372567543,4.0,4,Positive,Positive,True,True,True,True,False,False,False,False,True,I love this guy.,True
POSITIVE,мояж ты прелесть ! :3,0.0,0.122,0.878,0.802,Positive,5,5,Positive,0.9994955062866211,positive,5,Positive,0.9911534190177917,positive,5,Positive,0.9488568305969238,Positive,5,Positive,0.4334881603717804,5,Positive,0.6652185630124597,5,Positive,0.0,5,Positive,0.9448252771155365,5.0,5,Positive,Positive,True,True,True,True,True,True,True,True,True,You're beautiful. :3,True
POSITIVE,софия какой ты молодец!)) 15.05.13 я ушла в царство морфея.доброй ночи,0.0,0.775,0.225,0.4926,Positive,5,1,Negative,0.6448668837547302,positive,5,Positive,0.898301899433136,positive,5,Positive,0.6321222186088562,Very Positive,5,Positive,0.3498838245868683,5,Positive,0.42383506902057966,5,Positive,0.0,5,Positive,0.8883692300300703,4.5,4,Positive,Positive,True,False,True,True,True,True,True,True,True,Sophia how good you are!) 15.05.13 I went to the realm of Morpheus.,True
NEGATIVE,твой самый страшный кошмар!,0.687,0.313,0.0,-0.6588,Negative,1,3,Neutral,0.5916706919670105,negative,1,Negative,0.7601864337921143,negative,1,Negative,0.5852680206298828,Very Negative,1,Negative,0.9153005480766296,1,Negative,0.7125555310596743,1,Negative,0.0,1,Negative,0.51,1.25,1,Negative,Negative,True,False,True,True,True,True,True,True,True,Your worst nightmare!,True
POSITIVE,мы с арсиком гоняем на тачке),0.0,1.0,0.0,0.0,Neutral,3,3,Neutral,0.9999781847000122,neutral,3,Neutral,0.8062354922294617,neutral,3,Neutral,0.6456737518310547,Neutral,3,Neutral,0.8085708618164062,3,Neutral,0.5298840322374212,3,Neutral,0.0,3,Neutral,0.47536645372567543,3.0,3,Neutral,Positive,False,False,False,False,False,False,False,False,False,Arsic and I are driving a car.,True
POSITIVE,мне психологу дали направление к психиатру. ну что ж взорвём к чертям мозг бедного врача!:d,0.157,0.556,0.288,0.3802,Positive,5,1,Negative,0.9965600371360779,neutral,3,Neutral,0.48781636357307434,negative,1,Negative,0.7030256390571594,Very Negative,1,Negative,0.30583855509757996,3,Neutral,0.5049796904590845,3,Neutral,0.0,1,Negative,0.43847179431501515,2.25,2,Negative,Positive,True,False,False,False,False,False,False,False,False,"I was given a referral to a psychiatrist. well, let's blow the brain of a poor doctor! :d",True
POSITIVE,я тебя люблю малишка!,0.0,0.308,0.692,0.6696,Positive,5,5,Positive,0.9987850785255432,positive,5,Positive,0.994282603263855,positive,5,Positive,0.9149130582809448,Positive,5,Positive,0.5969007611274719,3,Neutral,0.5298840322374212,3,Neutral,0.0,3,Neutral,0.47536645372567543,4.25,4,Positive,Positive,True,True,True,True,True,False,False,False,True,"I love you, baby!",True
NEUTRAL,братву на сиськи не меняю)),0.0,0.783,0.217,0.1695,Positive,3,5,Positive,0.5324851870536804,neutral,3,Neutral,0.8349141478538513,positive,5,Positive,0.37598860263824463,Negative,1,Negative,0.39884456992149353,3,Neutral,0.5298840322374212,3,Neutral,0.0,3,Neutral,0.47536645372567526,3.25,3,Neutral,Neutral,False,False,True,False,False,True,True,True,True,I don't change my tits for my brother.,True
NEUTRAL,я тут вспомнила.),0.0,1.0,0.0,0.0,Neutral,3,3,Neutral,0.9999942779541016,neutral,3,Neutral,0.8501096963882446,neutral,3,Neutral,0.9716074466705322,Positive,5,Positive,0.6082199215888977,3,Neutral,0.5298840322374212,3,Neutral,0.0,3,Neutral,0.47536645372567526,3.25,3,Neutral,Neutral,True,True,True,True,False,True,True,True,True,I remember that.,True
POSITIVE,"блин, хочу почуавствовать в этом шоу давайте в кз такое организуем х)) куча испытаний, а снизу вода, грязь, шипы или что нибудь вообще страшное - неосвещаемый алматинский подземный пешеходный переход ночью оо",0.146,0.82,0.034,-0.6369,Negative,1,5,Positive,0.9992412328720093,neutral,3,Neutral,0.6914770603179932,negative,1,Negative,0.7605609893798828,Very Negative,1,Negative,0.8135687112808228,1,Negative,0.596318141228724,1,Negative,0.0,1,Negative,0.5411732787647584,1.75,2,Negative,Positive,False,True,False,False,False,False,False,False,False,"Man, I want to feel in this show let's organize this x) a lot of tests, and the bottom of the water, dirt, spikes or anything at all terrible - unlit Almaty underground pedestrian crossing at night",True
POSITIVE,пропробуй вкусну хавку ),0.0,0.575,0.425,0.5719,Positive,5,5,Positive,0.997973620891571,positive,5,Positive,0.941123902797699,positive,5,Positive,0.798736572265625,Neutral,3,Neutral,0.7391904592514038,3,Neutral,0.5298840322374212,3,Neutral,0.0,3,Neutral,0.47536645372567526,4.0,4,Positive,Positive,True,True,True,True,False,False,False,False,True,Have a taste of the delicious food.,True
NEUTRAL,"если двум людям суждено быть вмeстe, нe вaжно сколько рaзлук, слёз и бeд они пeрeживут, судьбa их всё рaвно соeдинит.",0.271,0.687,0.042,-0.7184,Negative,1,1,Negative,0.9537030458450317,negative,1,Negative,0.5014781355857849,positive,5,Positive,0.9180288314819336,Very Negative,1,Negative,0.5203044414520264,3,Neutral,0.554824805526035,3,Neutral,0.0,1,Negative,0.3754485957912675,2.0,2,Negative,Neutral,False,False,False,False,False,True,True,False,False,"If two people are destined to be together, no matter how many separations, tears and troubles they pass, fate unites them equally.",True
NEGATIVE,"я сам не свой, мой след потерян.)))",0.277,0.723,0.0,-0.3182,Negative,3,1,Negative,0.8359686732292175,neutral,3,Neutral,0.6204049587249756,neutral,3,Neutral,0.7508611083030701,Negative,1,Negative,0.5336214900016785,5,Positive,0.3764307619890243,5,Positive,0.0,1,Negative,0.5964593319317484,2.75,3,Neutral,Negative,True,True,False,False,True,False,False,True,False,"I am not myself, my footprint is lost.",True
POSITIVE,подарите мне собаку на нг или в любой др. день) питбульчика,0.0,1.0,0.0,0.0,Neutral,3,1,Negative,0.6813855171203613,neutral,3,Neutral,0.5296135544776917,neutral,3,Neutral,0.9826787710189819,Neutral,3,Neutral,0.8705633282661438,5,Positive,0.6840937937972924,5,Positive,0.0,5,Positive,0.44095118193135563,3.5,4,Positive,Positive,False,False,False,False,False,True,True,True,True,Give me a dog for ng or any other day.,True
NEUTRAL,мой результат: 0.547 секунд! слабо больше? если продержишься 18 секунд - ты гений! попробуй:,0.0,1.0,0.0,0.0,Neutral,3,3,Neutral,0.999982476234436,neutral,3,Neutral,0.8640469908714294,negative,1,Negative,0.9688104391098022,Neutral,3,Neutral,0.342557817697525,1,Negative,0.5484720807251133,1,Negative,0.0,1,Negative,0.4923620217732935,2.0,2,Negative,Neutral,True,True,True,False,True,False,False,False,False,"My result: 0.547 seconds, how little longer? if you last 18 seconds, you're a genius!",True
POSITIVE,люблю тебя моя единственная),0.0,0.488,0.512,0.6369,Positive,5,5,Positive,0.9985063672065735,positive,5,Positive,0.993108868598938,positive,5,Positive,0.8718159794807434,Neutral,3,Neutral,0.32688432931900024,3,Neutral,0.5298840322374212,3,Neutral,0.0,3,Neutral,0.47536645372567526,4.0,4,Positive,Positive,True,True,True,True,False,False,False,False,True,I love you my only one.,True
NEUTRAL,"канадец о русских (8 картинок) триникси - вселенная развлечений. картинки, при.",0.0,0.61,0.39,0.7506,Positive,5,3,Neutral,0.9991307854652405,neutral,3,Neutral,0.907975435256958,neutral,3,Neutral,0.6661404371261597,Neutral,3,Neutral,0.9264276623725891,3,Neutral,0.4290490940279099,3,Neutral,0.0,3,Neutral,0.4716556003990134,3.25,3,Neutral,Neutral,False,True,True,True,True,True,True,True,True,"Canadian about Russian (8 pictures) Trinixi - the universe of entertainment. pictures, pri.",True
NEGATIVE,"да неужели правда, что девочек не любит, не хочется в это верить, а что ж девушки в него повлюблялись? яна не глупая, а всё плакала за ним, а эта зубатая аня, со всем соглашалась, видно было, что хотела понравится и ему и особенно родственникам, они всё и решили за него, будет им на гитаре играть. каждый раз говорю себе, что не буду смотреть! и всёравно смотрю, болела за яну.она хорошая! не зря он так плакал за ней.",0.082,0.641,0.277,0.974,Positive,5,3,Neutral,0.9995021820068359,negative,1,Negative,0.48687928915023804,positive,5,Positive,0.7463032007217407,Very Positive,5,Positive,0.6747084259986877,3,Neutral,0.38064507399189934,1,Negative,0.0,3,Neutral,0.5612519417260902,3.25,3,Neutral,Negative,False,False,True,False,False,False,True,False,False,"Is it true that girls do not like, do not want to believe in it, but why did the girls fall in love with him? Yana is not stupid, and all cried for him, and this toothy Anya, agreed with everything, it was clear that she wanted to like him and especially relatives, they decided everything for him, they will play the guitar. every time I tell myself that I will not look! and still look, cheered for Jan. she is good!",True
NEUTRAL,будем богатыми? ;))),0.0,0.353,0.647,0.6705,Positive,5,5,Positive,0.9845449924468994,neutral,3,Neutral,0.8419366478919983,positive,5,Positive,0.5982574820518494,Very Positive,5,Positive,0.3379690647125244,3,Neutral,0.5298840322374212,3,Neutral,0.0,3,Neutral,0.4753664537256753,4.0,4,Positive,Neutral,False,False,True,False,False,True,True,True,False,Will we be rich? ;),True
NEGATIVE,"не спешите говорить о себе. разговор о вас начнётся, как только вы уйдете.",0.07,0.93,0.0,-0.0516,Neutral,3,3,Neutral,0.9999034404754639,neutral,3,Neutral,0.6716486811637878,negative,1,Negative,0.764145016670227,Negative,1,Negative,0.630854606628418,3,Neutral,0.5057735043042061,3,Neutral,0.0,3,Neutral,0.6841396416800524,2.5,2,Negative,Negative,False,False,False,True,True,False,False,False,True,"Don’t be in a hurry to talk about yourself, the conversation will start as soon as you leave.",True
NEUTRAL,живой альбом марселя и анны,0.0,1.0,0.0,0.0,Neutral,3,3,Neutral,0.9999902248382568,neutral,3,Neutral,0.9075055122375488,neutral,3,Neutral,0.9078798294067383,Positive,5,Positive,0.5559782981872559,3,Neutral,0.5014775214789321,3,Neutral,0.0,3,Neutral,0.4803481567650673,3.25,3,Neutral,Neutral,True,True,True,True,False,True,True,True,True,live album by Marseille and Anna,True
NEUTRAL,"уверена,у тебя такое часто бывает)",0.0,0.685,0.315,0.3182,Positive,3,3,Neutral,0.9998798370361328,neutral,3,Neutral,0.8663115501403809,positive,5,Positive,0.693367600440979,Positive,5,Positive,0.3388803005218506,3,Neutral,0.6191170342804856,3,Neutral,0.0,3,Neutral,0.5508068933387219,3.5,4,Positive,Neutral,False,True,True,False,False,True,True,True,False,I'm sure you do that a lot.,True
NEUTRAL,лего идет в ногу со временем,0.0,1.0,0.0,0.0,Neutral,3,1,Negative,0.8692951798439026,neutral,3,Neutral,0.8373376131057739,positive,5,Positive,0.7877498269081116,Neutral,3,Neutral,0.7528452277183533,3,Neutral,0.5298840322374212,3,Neutral,0.0,3,Neutral,0.47536645372567543,3.0,3,Neutral,Neutral,True,False,True,False,True,True,True,True,True,Lego goes with the times,True
NEGATIVE,ласточка с весною б.дь ералаш отдыхает,0.0,1.0,0.0,0.0,Neutral,3,3,Neutral,0.7703750133514404,neutral,3,Neutral,0.505831778049469,neutral,3,Neutral,0.6663902997970581,Neutral,3,Neutral,0.7889454364776611,3,Neutral,0.5298840322374212,3,Neutral,0.0,3,Neutral,0.47536645372567543,3.0,3,Neutral,Negative,False,False,False,False,False,False,False,False,False,spring spring spring spring b.d. eralash rests,True
NEGATIVE,"увидел на улице девочку с маген давидом на шее и так обрадовался, типа своя,а потом вспомнил что я в израиле,что тут все сови и расстроился.",0.068,0.735,0.197,0.7113,Positive,5,3,Neutral,0.999774158000946,neutral,3,Neutral,0.6256425380706787,positive,5,Positive,0.3680848479270935,Very Negative,1,Negative,0.5317560434341431,3,Neutral,0.5298840322374212,3,Neutral,0.0,3,Neutral,0.47536645372567515,3.25,3,Neutral,Negative,False,False,False,False,True,False,False,False,False,"I saw a girl on the street with a magen David around his neck and was so happy, like my own, and then remembered that I was in Israel, that everything was owl and upset.",True
NEGATIVE,"ура, афиша снова взяла на работу слепого криворукого дизайнера",0.22,0.488,0.293,0.2263,Positive,3,1,Negative,0.9996581077575684,neutral,3,Neutral,0.5451400279998779,neutral,3,Neutral,0.8841699957847595,Very Negative,1,Negative,0.5401923656463623,5,Positive,0.8474257922464662,5,Positive,0.0,5,Positive,0.84,3.25,3,Neutral,Negative,False,True,False,False,True,False,False,False,False,"Hurrah, the poster again hired a blind crooked designer",True
POSITIVE,ты такой сексуальный!,0.0,0.334,0.666,0.6105,Positive,5,5,Positive,0.9965761303901672,positive,5,Positive,0.4809194505214691,positive,5,Positive,0.9083470702171326,Very Positive,5,Positive,0.4663446843624115,3,Neutral,0.6186806099352832,3,Neutral,0.0,5,Positive,0.6772173621410598,4.5,4,Positive,Positive,True,True,True,True,True,False,False,True,True,You're so sexy!,True
NEUTRAL,"милые девушки огромный выбор товара, отправка 4 раза в неделю, доставка новой или укр почтой постоянное обновление товара и акции!",0.0,0.763,0.237,0.68,Positive,5,5,Positive,0.9964672327041626,neutral,3,Neutral,0.5175202488899231,positive,5,Positive,0.9990689158439636,Positive,5,Positive,0.4366271197795868,5,Positive,0.5097830790471389,5,Positive,0.0,5,Positive,0.46,4.75,5,Positive,Neutral,False,False,True,False,False,False,False,False,False,"cute girls a huge choice of goods, sending 4 times a week, delivering a new or Ukr mail constant updating of goods and promotions!",True
NEGATIVE,а губозакаточний станок не хочеш?,0.234,0.766,0.0,-0.0572,Neutral,3,1,Negative,0.9987737536430359,neutral,3,Neutral,0.6918533444404602,negative,1,Negative,0.9113839864730835,Neutral,3,Neutral,0.4629257023334503,3,Neutral,0.5298840322374212,3,Neutral,0.0,3,Neutral,0.4753664537256753,2.5,2,Negative,Negative,False,True,False,True,False,False,False,False,True,Don't you want a lip-rolling machine?,True
NEUTRAL,опять же вопрос. как они на марс собрались лететь?,0.0,1.0,0.0,0.0,Neutral,3,3,Neutral,0.9998595714569092,neutral,3,Neutral,0.9153984785079956,neutral,3,Neutral,0.8285907506942749,Negative,1,Negative,0.7750516533851624,3,Neutral,0.6444677504482401,3,Neutral,0.0,3,Neutral,0.9332404724305259,2.75,3,Neutral,Neutral,True,True,True,True,False,True,True,True,True,"The question is, how did they get to Mars?",True
NEGATIVE,"сдается мне, что зао ""рпц"" несколько краев не видит и охуело в корень. надо бы бассейн на место вернуть, для зож полезно. да и налогами зао ""рпц"" стоит обложить. раз уж так она активно в мирские дела лезет.",0.03,0.819,0.15,0.7283,Positive,5,1,Negative,0.7721444964408875,neutral,3,Neutral,0.4850022792816162,negative,1,Negative,0.9849777221679688,Positive,5,Positive,0.4634905457496643,3,Neutral,0.5297401255347159,3,Neutral,0.0,1,Negative,0.7458823347868061,2.75,3,Neutral,Negative,False,True,False,True,False,False,False,True,False,"It seems to me that for the ""rpc"" a few edges do not see and fucked at the root. we should return the pool to its place, it is useful for horns. and taxes for ""rpc"" should be imposed.",True
NEUTRAL,"летуцие мыши, может сказать ему об этих тварях? нееет,не стоит.скоро он и сам их увидит (с)",0.0,1.0,0.0,0.0,Neutral,3,3,Neutral,0.5239675045013428,neutral,3,Neutral,0.8366817235946655,neutral,3,Neutral,0.5983624458312988,Negative,1,Negative,0.5288905501365662,1,Negative,0.6475192930947723,1,Negative,0.0,3,Neutral,0.6515952210620912,2.25,2,Negative,Neutral,True,True,True,True,False,False,False,True,False,Can you tell him about these creatures? it is not necessary.,True
POSITIVE,овечкин подарил игровой свитер своему фанату),0.0,0.723,0.277,0.3182,Positive,3,5,Positive,0.9947466254234314,positive,5,Positive,0.8816479444503784,neutral,3,Neutral,0.9902320504188538,Neutral,3,Neutral,0.8566848039627075,3,Neutral,0.5499019390445237,3,Neutral,0.0,3,Neutral,0.5443137455103516,3.5,4,Positive,Positive,True,True,True,False,False,False,False,False,True,Ovechkin gave a game sweater to his fan,True
POSITIVE,"моя подборочка песнях для нг настроеньица, от которых бренное тело ритмочно пошатывает :3",0.0,1.0,0.0,0.0,Neutral,3,5,Positive,0.9919593930244446,positive,5,Positive,0.8508232235908508,neutral,3,Neutral,0.5050581097602844,Neutral,3,Neutral,0.7426818013191223,3,Neutral,0.5178027454218382,3,Neutral,0.0,1,Negative,0.7687445384204008,3.25,3,Neutral,Positive,False,True,True,False,False,False,False,False,False,"My collection of songs for ng mood, from which the mortal body rhythmically shakes : 3",True
POSITIVE,"6 раз в тольятти, 6 игр, 2 сезона, куча друзей и ещё большая куча эмоций. это все первая лига, спасибо ей за это квн1лига",0.0,0.817,0.183,0.6808,Positive,5,3,Neutral,0.897781491279602,positive,5,Positive,0.8995991945266724,positive,5,Positive,0.9667955040931702,Very Positive,5,Positive,0.3774386942386627,5,Positive,0.42032140315235655,5,Positive,0.0,5,Positive,0.6879847332540987,4.75,5,Positive,Positive,True,False,True,True,True,True,True,True,True,"6 times in Togliatti, 6 games, 2 seasons, a lot of friends and an even bigger pile of emotions. this is all the first league, thank you for this quin1 league.",True
NEUTRAL,знай себе цену.,0.0,1.0,0.0,0.0,Neutral,3,3,Neutral,0.8422499299049377,neutral,3,Neutral,0.9108458757400513,negative,1,Negative,0.6416225433349609,Positive,5,Positive,0.8351452350616455,3,Neutral,0.5298840322374212,3,Neutral,0.0,3,Neutral,0.4753664537256753,3.0,3,Neutral,Neutral,True,True,True,False,False,True,True,True,True,Know your price.,True
POSITIVE,"сама себе сегодня завидую. пью какао, ем маршмеллоу и зефирку, да еще и у мамы в гостях ктоработаеттотест отдых настроение",0.095,0.905,0.0,-0.2732,Negative,3,5,Positive,0.9958826303482056,positive,5,Positive,0.8233969211578369,neutral,3,Neutral,0.9994968175888062,Positive,5,Positive,0.5439867377281189,3,Neutral,0.4043816893908418,5,Positive,0.0,3,Neutral,0.4962380976739691,4.0,4,Positive,Positive,False,True,True,False,True,False,True,False,True,"I envy myself today. I drink cocoa, eat marshmallow and marshmallow, and even my mother has a guest who works at the rest test.",True
NEUTRAL,"всем кому интересны подробности и новости проекта, приглашаю подписаться на сообщество!) идея в максимальной автоматизации ухода за домашними растениями с управлением и мониторингом параметров среды через интернет с любого устройства)",0.0,0.833,0.167,0.7777,Positive,5,3,Neutral,0.9995835423469543,neutral,3,Neutral,0.9036957025527954,positive,5,Positive,0.5367431640625,Very Positive,5,Positive,0.5175114870071411,3,Neutral,0.5131626443121865,3,Neutral,0.0,3,Neutral,0.5230356063689653,3.75,4,Positive,Neutral,False,True,True,False,False,True,True,True,False,"Everyone who is interested in the details and news of the project, I invite you to subscribe to the community!) the idea of maximum automation of care for domestic plants with management and monitoring of environmental parameters via the Internet from any device.",True
NEUTRAL,погранчасть в луганске освободили от нацистов?,0.0,1.0,0.0,0.0,Neutral,3,3,Neutral,0.9999239444732666,neutral,3,Neutral,0.6094934344291687,neutral,3,Neutral,0.5115258097648621,Neutral,3,Neutral,0.8736177086830139,3,Neutral,0.5298840322374212,3,Neutral,0.0,3,Neutral,0.47536645372567526,3.0,3,Neutral,Neutral,True,True,True,True,True,True,True,True,True,The border guard in Luhansk was liberated from the Nazis?,True
NEUTRAL,стража! стража! фантастика abook.fm аудиокниги аудиокниги онлайн книги.,0.0,0.626,0.374,0.6351,Positive,5,3,Neutral,0.9999966621398926,neutral,3,Neutral,0.7741026878356934,positive,5,Positive,0.986627995967865,Very Positive,5,Positive,0.4616119861602783,1,Negative,0.6955321024172697,1,Negative,0.0,1,Negative,0.5170425301674887,3.0,3,Neutral,Neutral,False,True,True,False,False,False,False,False,True,Guardian! Guardian! fantastic abook.fm audiobooks audiobooks online books.,True
NEUTRAL,"детские зимние термоботинки цена 250 грн.размеры 27 28 29 29 30 30 31 32 ботинки под любые штаны. ножке тепло и комфортно.бронируйте размеры,сапоги у меня будут через недельку",0.0,0.939,0.061,0.2263,Positive,3,5,Positive,0.9465952515602112,neutral,3,Neutral,0.5110331177711487,positive,5,Positive,0.9512646198272705,Neutral,3,Neutral,0.8717002868652344,3,Neutral,0.554175431738138,3,Neutral,0.0,3,Neutral,0.7032723023922419,3.5,4,Positive,Neutral,False,False,True,False,True,True,True,True,False,"children's winter thermo boots price 250 UAH. sizes 27 28 29 29 30 30 31 32 shoes for any pants. foot warm and comfortable.book sizes, boots I will have in a week",True
POSITIVE,наконец то и для меня зажогся зелёный свет !,0.0,1.0,0.0,0.0,Neutral,3,1,Negative,0.9958145022392273,positive,5,Positive,0.8545987606048584,neutral,3,Neutral,0.9261971116065979,Very Positive,5,Positive,0.5796277523040771,3,Neutral,0.507748414260215,3,Neutral,0.0,5,Positive,0.41421395629536634,3.5,4,Positive,Positive,False,False,True,False,True,False,False,True,True,I finally got a green light for myself!,True
NEGATIVE,так холодно.кто меня согреет?)),0.0,0.787,0.213,0.2263,Positive,3,1,Negative,0.7276537418365479,neutral,3,Neutral,0.7823026180267334,negative,1,Negative,0.3880287706851959,Very Negative,1,Negative,0.7548352479934692,3,Neutral,0.5298840322374212,3,Neutral,0.0,3,Neutral,0.4753664537256752,2.25,2,Negative,Negative,False,True,False,True,True,False,False,False,True,"It's so cold, who's gonna warm me up?",True
NEUTRAL,лето нужно проводить с ксюшей,0.0,1.0,0.0,0.0,Neutral,3,3,Neutral,0.9999902248382568,neutral,3,Neutral,0.7740936279296875,neutral,3,Neutral,0.9986348748207092,Neutral,3,Neutral,0.5689631104469299,3,Neutral,0.6035673178689945,3,Neutral,0.0,3,Neutral,0.6083628284105101,3.0,3,Neutral,Neutral,True,True,True,True,True,True,True,True,True,Summer should be spent with Xusha,True
NEUTRAL,выпускной пед. фак. мгоги-2011,0.0,1.0,0.0,0.0,Neutral,3,1,Negative,0.9980733394622803,neutral,3,Neutral,0.7307389378547668,neutral,3,Neutral,0.8708107471466064,Neutral,3,Neutral,0.5646885633468628,3,Neutral,0.5298840322374212,3,Neutral,0.0,3,Neutral,0.4753664537256753,2.75,3,Neutral,Neutral,True,False,True,True,True,True,True,True,True,Graduate Pedagogical Fact. Mgogi-2011,True
NEGATIVE,"зима сбежала, суетливо хлопнув дверью, и в душу ломится обманщица весна. нам остается лишь оплакивать потери и врать себе, что это лето навсегда",0.233,0.767,0.0,-0.8316,Negative,1,1,Negative,0.9996747970581055,negative,1,Negative,0.9552731513977051,positive,5,Positive,0.6475368738174438,Very Negative,1,Negative,0.8304663896560669,3,Neutral,0.36231456140205964,1,Negative,0.0,3,Neutral,0.61,2.0,2,Negative,Negative,True,True,True,False,True,False,True,False,True,"The winter has run away, slamming the door bustlingly, and the liar spring breaks into her soul. we can only mourn the losses and lie to ourselves that this summer is forever.",True
NEGATIVE,"просто охренеть. статья про трактор и ответ: 1. у нас хам на хаме сидит! - ну да, но ведь привыкнуть можно. 2. отвратная медицина и образование! - ну да, но ведь привыкнуть можно. еще кружки кройки и шитья можно найти. 3. непрофессионализм, коррупция! - ну да, но ведь приспособиться можно. а там еще и березки(которых, отмечу, заграницей тоже полно) ад и ужас, серьезно",0.216,0.623,0.161,-0.8527,Negative,1,1,Negative,0.9996548891067505,negative,1,Negative,0.910488486289978,negative,1,Negative,0.9350112080574036,Neutral,3,Neutral,0.3645598292350769,1,Negative,0.7346480987709141,1,Negative,0.0,1,Negative,0.86,1.25,1,Negative,Negative,True,True,True,True,False,True,True,True,True,"Just a fucking article about the tractor and the answer: 1. we have a ham on a boor! - Well, yes, but you can get used to it. 2. disgusting medicine and education! - Well, yes, but you can get used to it. more mugs of cutting and sewing can be found. 3. unprofessionalism, corruption! - Well, yes, but you can adapt. and there are also birches (which, I note, abroad is also full of) hell and horror, seriously.",True
NEGATIVE,не простит тебя твой крот не простит тебя жираф не простит тебя енот не простит и будет прав не простит тебя твой кит и два маленьких бобра утка может быть простит,0.287,0.713,0.0,-0.7835,Negative,1,1,Negative,0.9995762705802917,negative,1,Negative,0.6463149785995483,negative,1,Negative,0.9279054999351501,Negative,1,Negative,0.5901426672935486,3,Neutral,0.6032863152899635,3,Neutral,0.0,3,Neutral,0.4786455461837546,1.75,2,Negative,Negative,True,True,True,True,True,False,False,False,True,"Your mole won't forgive you. Your mole won't forgive you. A giraffe won't forgive you. A raccoon won't forgive you, and it won't forgive you. Your whale and two little beaver ducks may forgive you.",True
NEUTRAL,попробуй не пройти,0.0,1.0,0.0,0.0,Neutral,3,3,Neutral,0.9999829530715942,neutral,3,Neutral,0.9071215391159058,positive,5,Positive,0.5782473087310791,Negative,1,Negative,0.5545789003372192,1,Negative,0.42687998339297994,1,Negative,0.0,3,Neutral,0.9344725925204459,2.5,2,Negative,Neutral,True,True,True,False,False,False,False,True,False,Try not to pass.,True
NEUTRAL,это тебе :) нажми на картинку,0.0,0.727,0.273,0.4588,Positive,5,3,Neutral,0.9999581575393677,neutral,3,Neutral,0.8830219507217407,positive,5,Positive,0.8875945210456848,Neutral,3,Neutral,0.3750923275947571,1,Negative,0.47012956507327885,3,Neutral,0.0,3,Neutral,0.48125825953015583,3.25,3,Neutral,Neutral,False,True,True,False,True,False,True,True,True,This is for you :) click on the picture,True
NEGATIVE,"надеюсь, твои внуки поступят с тобой очень жестоко.",0.293,0.5,0.207,-0.2944,Negative,3,3,Neutral,0.9884210824966431,neutral,3,Neutral,0.504990816116333,negative,1,Negative,0.5145102143287659,Very Negative,1,Negative,0.6632258296012878,3,Neutral,0.6896656062400399,3,Neutral,0.0,3,Neutral,0.5464574092258726,2.5,2,Negative,Negative,True,False,False,True,True,False,False,False,True,I hope your grandchildren will be very cruel to you.,True
NEUTRAL,как те пидорский мой голос,0.404,0.367,0.229,-0.4404,Negative,1,5,Positive,0.6466056704521179,neutral,3,Neutral,0.7289472818374634,positive,5,Positive,0.583473265171051,Very Negative,1,Negative,0.6737770438194275,3,Neutral,0.48655153354652436,3,Neutral,0.0,3,Neutral,0.6390294784708973,3.0,3,Neutral,Neutral,False,False,True,False,False,True,True,True,True,Like that faggot voice of mine.,True
NEUTRAL,святки! все ушли. гадать! :),0.0,1.0,0.0,0.0,Neutral,3,5,Positive,0.9996007084846497,neutral,3,Neutral,0.47680166363716125,neutral,3,Neutral,0.9039421081542969,Very Positive,5,Positive,0.5015106201171875,3,Neutral,0.5298840322374212,3,Neutral,0.0,3,Neutral,0.4753664537256753,3.5,4,Positive,Neutral,True,False,True,True,False,True,True,True,False,All of them are gone! :,True
NEUTRAL,найди себя :),0.0,1.0,0.0,0.0,Neutral,3,3,Neutral,0.9999891519546509,neutral,3,Neutral,0.9378088116645813,neutral,3,Neutral,0.5389583110809326,Neutral,3,Neutral,0.4964544177055359,3,Neutral,0.5298840322374212,3,Neutral,0.0,3,Neutral,0.4753664537256753,3.0,3,Neutral,Neutral,True,True,True,True,True,True,True,True,True,find yourself :,True
POSITIVE,"мне сегодня снилось, что я пел на сцене вместе с bloody beetroots песню фила коллинза ""in the air tonight"" а все мои друзья сидели в зале и восхищались моим сладостным пением ddd",0.071,0.665,0.264,0.7783,Positive,5,3,Neutral,0.9999957084655762,neutral,3,Neutral,0.4813731610774994,positive,5,Positive,0.6568477153778076,Positive,5,Positive,0.7200934290885925,3,Neutral,0.5276736152859146,3,Neutral,0.0,3,Neutral,0.654370438615596,3.75,4,Positive,Positive,True,False,False,True,True,False,False,False,True,"I had a dream today that I was singing Phil Collins' ""in the air tonight"" on stage with the bloody beetroots and all my friends were sitting in the audience and admiring my sweet singing.",True
NEUTRAL,фишка в том что первый тащит второго на жесткой сцепке вдобавок))))))),0.281,0.719,0.0,-0.3182,Negative,3,3,Neutral,0.9999071359634399,neutral,3,Neutral,0.6717228889465332,positive,5,Positive,0.6325899362564087,Neutral,3,Neutral,0.4814682602882385,3,Neutral,0.5797425788782593,3,Neutral,0.0,3,Neutral,0.5122349768355968,3.25,3,Neutral,Neutral,False,True,True,False,True,True,True,True,True,The trick is that the first drags the second on a hard clutch in addition)),True
NEUTRAL,нужен механизм есть 7 бп,0.0,1.0,0.0,0.0,Neutral,3,3,Neutral,0.9999858140945435,neutral,3,Neutral,0.8629559874534607,negative,1,Negative,0.7314870357513428,Neutral,3,Neutral,0.8991169929504395,3,Neutral,0.8574580103001778,3,Neutral,0.0,3,Neutral,0.8366534079515421,2.75,3,Neutral,Neutral,True,True,True,False,True,True,True,True,True,You need a 7bps machine.,True
NEUTRAL,"ребят, кто слушал пластинки в детстве со сказками.накидайте, плиз, сказок тех времен.можно и современных.но лучше тех.мелодия в основном выпускала)))",0.0,0.884,0.116,0.4404,Positive,5,3,Neutral,0.9752785563468933,neutral,3,Neutral,0.7524484395980835,positive,5,Positive,0.9955601692199707,Positive,5,Positive,0.5914173126220703,3,Neutral,0.5298840322374212,3,Neutral,0.0,3,Neutral,0.47536645372567543,3.75,4,Positive,Neutral,False,True,True,False,False,True,True,True,False,"children who listened to records in childhood with fairy tales.dash, plaz, fairy tales of those times.can and modern.but better than those.melody mostly released)",True
POSITIVE,"ребят, ребят панда маленькая панда аааа",0.0,1.0,0.0,0.0,Neutral,3,5,Positive,0.9888980984687805,neutral,3,Neutral,0.7184256315231323,neutral,3,Neutral,0.5632587671279907,Neutral,3,Neutral,0.4217801094055176,3,Neutral,0.5298840322374212,3,Neutral,0.0,3,Neutral,0.47536645372567526,3.25,3,Neutral,Positive,False,True,False,False,False,False,False,False,False,"Guys, you guys are a little panda.",True
NEGATIVE,"молодость дана людям для того, чтобы вступить в зрелость с уникальным набором хронических заболеваний.",0.0,1.0,0.0,0.0,Neutral,3,5,Positive,0.9829239249229431,neutral,3,Neutral,0.6973878145217896,neutral,3,Neutral,0.9646196961402893,Neutral,3,Neutral,0.9318239092826843,5,Positive,0.47153767880624403,5,Positive,0.0,3,Neutral,0.7434590706754238,3.75,4,Positive,Negative,False,False,False,False,False,False,False,False,False,Youth is given to people in order to come to maturity with a unique set of chronic diseases.,True
NEGATIVE,вадим ты заебал уже,0.595,0.405,0.0,-0.6597,Negative,1,1,Negative,0.9839903116226196,negative,1,Negative,0.8787093758583069,negative,1,Negative,0.9524416327476501,Positive,5,Positive,0.30731257796287537,3,Neutral,0.4018707274572456,1,Negative,0.0,3,Neutral,0.43234335098494014,2.0,2,Negative,Negative,True,True,True,True,False,False,True,False,True,You're fucked up already.,True
NEUTRAL,мой мальчик 2.5 года,0.0,1.0,0.0,0.0,Neutral,3,5,Positive,0.9293608665466309,neutral,3,Neutral,0.6703749299049377,negative,1,Negative,0.6017871499061584,Negative,1,Negative,0.7295417785644531,3,Neutral,0.48884032645317677,3,Neutral,0.0,3,Neutral,0.6212445943335121,2.75,3,Neutral,Neutral,True,False,True,False,False,True,True,True,True,2.5-year-old boy,True
NEUTRAL,экстрим-камеру contour отдам в хорошие руки. недорого.,0.0,0.756,0.244,0.4404,Positive,5,3,Neutral,0.9998822212219238,positive,5,Positive,0.5360250473022461,positive,5,Positive,0.8038429021835327,Positive,5,Positive,0.9161144495010376,3,Neutral,0.4745168921201548,3,Neutral,0.0,5,Positive,0.45605885647172334,4.25,4,Positive,Neutral,False,True,False,False,False,True,True,False,False,I will give the contour extreme camera in good hands. inexpensive.,True
NEUTRAL,"смотри в центр секунд 30 не моргая, потом куда-нибудь посмотри)))",0.0,1.0,0.0,0.0,Neutral,3,3,Neutral,0.9999825954437256,neutral,3,Neutral,0.9109943509101868,negative,1,Negative,0.9749456644058228,Neutral,3,Neutral,0.7974306344985962,5,Positive,0.5008034959880944,5,Positive,0.0,5,Positive,0.486436001447343,3.5,4,Positive,Neutral,True,True,True,False,True,False,False,False,False,"Look at the center of 30 seconds without blinking, then look somewhere.",True
POSITIVE,4 минуты: полет нормальный.,0.0,1.0,0.0,0.0,Neutral,3,3,Neutral,0.968730092048645,positive,5,Positive,0.9227796792984009,neutral,3,Neutral,0.9852543473243713,Neutral,3,Neutral,0.9195188879966736,3,Neutral,0.6086083956056204,3,Neutral,0.0,5,Positive,0.8465104573605541,3.5,4,Positive,Positive,False,False,True,False,False,False,False,True,True,4 minutes: normal flight.,True
NEGATIVE,"id53756423татьяна, млять меня аж передернуло)))) только когда дату увидело с сердца камень упал",0.253,0.747,0.0,-0.6597,Negative,1,3,Neutral,0.9981870055198669,neutral,3,Neutral,0.7610107660293579,negative,1,Negative,0.838700532913208,Neutral,3,Neutral,0.410525918006897,1,Negative,0.5252419477738643,1,Negative,0.0,3,Neutral,0.7824535891183007,2.0,2,Negative,Negative,True,False,False,True,False,True,True,False,True,"id53756423Tatyana, fucked me already))) only when the date saw a stone from the heart fell",True
NEUTRAL,"товарищи, кто в курсе, сколько по нормативам должна ехать полиция, если было сообщение о нарушении общественного порядка, в данном случае - закона о тишине? а то я тут из интереса вызвала - уже 40 минут прошло, ""а воз и ныне там"".",0.068,0.869,0.064,-0.0516,Neutral,3,1,Negative,0.958740770816803,neutral,3,Neutral,0.799424409866333,negative,1,Negative,0.9730773568153381,Neutral,3,Neutral,0.6249488592147827,3,Neutral,0.5929395900427022,3,Neutral,0.0,3,Neutral,0.8174469281637977,2.5,2,Negative,Neutral,True,False,True,False,True,True,True,True,False,"Comrades, who knows how many standards the police must go, if there was a report of a violation of public order, in this case - the law on silence? and then I caused here out of interest - 40 minutes have passed, ""and the cart is still there.""",True
POSITIVE,уже втроем на quiznight :) умнымбытьмодно с самых первых дней :),0.0,0.695,0.305,0.6908,Positive,5,5,Positive,0.9989461302757263,positive,5,Positive,0.827471137046814,positive,5,Positive,0.7945276498794556,Positive,5,Positive,0.4499819576740265,3,Neutral,0.5298840322374212,3,Neutral,0.0,3,Neutral,0.47536645372567526,4.25,4,Positive,Positive,True,True,True,True,True,False,False,False,True,The three of us on quiznight :) have been smart since the very first days :,True
NEGATIVE,"запросы королевы. и че? нормально, не жмут?",0.0,0.68,0.32,0.5095,Positive,5,1,Negative,0.9080336093902588,neutral,3,Neutral,0.8978945016860962,neutral,3,Neutral,0.5267702341079712,Positive,5,Positive,0.5476168394088745,3,Neutral,0.7485998012642222,3,Neutral,0.0,5,Positive,0.87,3.5,4,Positive,Negative,False,True,False,False,False,False,False,False,False,"The Queen's requests, and what? OK, don't they?",True
NEUTRAL,"уверен каждый из вас встречался на улице с людьми в шапочках (футболках): ""05 дагестан"", ""05 сила!"". думаю половина из вас задавалась вопросом: раз эти люди так любят свою родину, зачем приехали к нам? однако заметка не про это. напишите в комментариях с какими выражениями, типо 05 рег - power, вы встречались? в интернете, на улице, не важно.",0.041,0.822,0.137,0.6707,Positive,5,3,Neutral,0.9998925924301147,neutral,3,Neutral,0.8688445091247559,positive,5,Positive,0.8611211180686951,Very Negative,1,Negative,0.33382856845855713,3,Neutral,0.7490935694913982,3,Neutral,0.0,3,Neutral,0.74,3.25,3,Neutral,Neutral,False,True,True,False,False,True,True,True,True,"I am sure each of you met on the street with people in hats (t-shirts): ""05 Dagestan"", ""05 force!"". I think half of you wondered: since these people love their homeland, why came to us? but the note is not about this. write in the comments with what expressions, like 05 Reg - power, you met? on the Internet, on the street, no matter.",True
NEGATIVE,поздровляем что ты блядь,0.0,0.435,0.565,0.5994,Positive,5,1,Negative,0.9685140252113342,negative,1,Negative,0.653676450252533,positive,5,Positive,0.9548065066337585,Very Negative,1,Negative,0.5165270566940308,1,Negative,0.9037018116346931,1,Negative,0.0,1,Negative,0.8760975291514802,2.0,2,Negative,Negative,False,True,True,False,True,True,True,True,True,"Congratulations, you're a fucking man.",True
POSITIVE,только одна измена достойна уважения измена своим принципам ради близкого человека.,0.25,0.411,0.339,0.3818,Positive,5,1,Negative,0.7110335826873779,neutral,3,Neutral,0.749488353729248,neutral,3,Neutral,0.5478055477142334,Negative,1,Negative,0.4069153070449829,3,Neutral,0.5706042510046231,3,Neutral,0.0,1,Negative,0.5764640077056249,2.5,2,Negative,Positive,True,False,False,False,False,False,False,False,False,Only one betrayal is worthy of respect for betraying one's principles for the sake of a loved one.,True
NEGATIVE,настя дура и овца,0.0,1.0,0.0,0.0,Neutral,3,1,Negative,0.7294167876243591,negative,1,Negative,0.9450997710227966,positive,5,Positive,0.5145025849342346,Positive,5,Positive,0.5145259499549866,1,Negative,0.6814112625513442,1,Negative,0.0,1,Negative,0.6454274440742289,2.25,2,Negative,Negative,False,True,True,False,False,True,True,True,True,lamb,True
NEUTRAL,"меня хотят отправить на научную конференцию с темой исследования: ""фашизм и антифашизм как феномен современной политики"".",0.0,0.942,0.058,0.0772,Neutral,3,3,Neutral,0.9984967708587646,neutral,3,Neutral,0.6407668590545654,negative,1,Negative,0.9873222708702087,Neutral,3,Neutral,0.6615732312202454,1,Negative,0.5209846945412958,1,Negative,0.0,3,Neutral,0.5682863518525455,2.25,2,Negative,Neutral,True,True,True,False,True,False,False,True,False,"They want to send me to a scientific conference with the topic of the study: ""Fascism and antifascism as a phenomenon of modern politics.""",True
NEGATIVE,"эта стена выглядит так, будто все забыли",0.202,0.532,0.266,0.1531,Positive,3,1,Negative,0.9812946319580078,neutral,3,Neutral,0.749619722366333,negative,1,Negative,0.9313952922821045,Negative,1,Negative,0.45095106959342957,1,Negative,0.4747327493159516,3,Neutral,0.0,1,Negative,0.9493244535166211,1.75,2,Negative,Negative,False,True,False,True,True,True,False,True,True,This wall looks like everyone has forgotten.,True
NEGATIVE,"у меня острый трахеобронхит. в принципе, ничего страшного, прописали обычные антибиотики, десятидневный курс, все стандартно. только вот теперь новый год без алкоголя. одна история охуительнее другой просто.",0.0,0.846,0.154,0.3724,Positive,5,3,Neutral,0.9997870326042175,neutral,3,Neutral,0.514424741268158,neutral,3,Neutral,0.9910393357276917,Very Negative,1,Negative,0.8257049322128296,3,Neutral,0.5148120190427286,3,Neutral,0.0,3,Neutral,0.43,3.0,3,Neutral,Negative,False,False,False,False,True,False,False,False,False,"I have acute tracheobronchitis. In principle, nothing terrible, prescribed conventional antibiotics, ten-day course, everything is standard.",True
NEUTRAL,продам бу состояниехорошее 15 см размер 6 некст,0.0,0.734,0.266,0.4404,Positive,5,3,Neutral,0.5147592425346375,neutral,3,Neutral,0.6578819751739502,positive,5,Positive,0.8315287232398987,Neutral,3,Neutral,0.930263340473175,3,Neutral,0.5376825823705923,3,Neutral,0.0,3,Neutral,0.5165756017846019,3.5,4,Positive,Neutral,False,True,True,False,True,True,True,True,False,I will sell you a good condition 15 cm size 6 nxt,True
NEUTRAL,"работаем на большевиках. тут очень, очень боятся руферов!",0.0,1.0,0.0,0.0,Neutral,3,1,Negative,0.9944247007369995,neutral,3,Neutral,0.5982010364532471,negative,1,Negative,0.8100846409797668,Positive,5,Positive,0.676850438117981,3,Neutral,0.4962053758290556,3,Neutral,0.0,1,Negative,0.7147046903298215,2.5,2,Negative,Neutral,True,False,True,False,False,True,True,False,False,"We work for the Bolsheviks. They're very, very afraid of the Rufers!",True
POSITIVE,вот это я понимаю,0.0,1.0,0.0,0.0,Neutral,3,1,Negative,0.9460266828536987,neutral,3,Neutral,0.8128567934036255,negative,1,Negative,0.8332298398017883,Negative,1,Negative,0.5028060078620911,1,Negative,0.47012956507327885,3,Neutral,0.0,3,Neutral,0.48125825953015594,2.0,2,Negative,Positive,False,False,False,False,False,False,False,False,False,That's what I get.,True
NEUTRAL,"на оппозиционный,антироссийский митинг в москве пришли менее тысячи человек ранее организаторы сообщали, что на проспект сахарова придёт до 50 тысяч человек. на сцене антироссийского митинга выступили писатель дмитрий быков, актриса лия ахеджакова, журналист владимир кара-мурза, литературовед мариетта чудакова, писатель людмила улицкая, историк андрей зубов. в своих речах ораторы отметили, что российские сми подвергаются беспецедентной цензуре. оратора часто указывали на события, которые сейчас происходят на украине. лия ахеджакова предложила помянуть погибших бойцов ""небесной сотни"". противники политики российских властей в крыму провели шествие от пушкинской площади до проспекта сахарова под лозунгами нет войне!",0.09,0.91,0.0,-0.8687,Negative,1,1,Negative,0.9985277652740479,negative,1,Negative,0.5375399589538574,negative,1,Negative,0.7942719459533691,Neutral,3,Neutral,0.8740891218185425,3,Neutral,0.7208543084559866,3,Neutral,0.0,3,Neutral,0.7,2.0,2,Negative,Neutral,False,False,False,False,True,True,True,True,False,"Less than a thousand people came to the opposition, anti-Russian rally in Moscow earlier the organizers reported that up to 50 thousand people would come to Sakharov Avenue. on the stage of the anti-Russian rally, writer Dmitry Bulls, actress Liya Akhedzhakova, journalist Vladimir Kara-Murza, literary critic Marietta Chunakova, writer Lyudmila Ulitskaya, historian Andrew Teeth. in their speeches, the speakers noted that Russian media are subjected to unprecedented censorship. The speaker often pointed to events that are now taking place in Ukraine under the slogan of the war, hundreds of the Lithuanian authorities held under the slogan “there of the enemy of the war!”",True
NEGATIVE,"я конечно не настаиваю, но может ты пойдешь нахуй?",0.404,0.596,0.0,-0.6956,Negative,1,1,Negative,0.8628513216972351,negative,1,Negative,0.64756840467453,negative,1,Negative,0.9746533036231995,Very Negative,1,Negative,0.5105519890785217,1,Negative,0.8717972417032451,1,Negative,0.0,1,Negative,0.7567728400738445,1.0,1,Negative,Negative,True,True,True,True,True,True,True,True,True,"I'm not insisting, but can you fuck off?",True
POSITIVE,"ребенок - это вечный двигатель, а еще дрыгатель, прыгатель, скакатель, кусатель, обниматель и крепко целователь.)))",0.216,0.653,0.131,-0.4019,Negative,1,5,Positive,0.9995719790458679,positive,5,Positive,0.6997268795967102,positive,5,Positive,0.5353003740310669,Neutral,3,Neutral,0.5480921268463135,3,Neutral,0.6186806357658662,3,Neutral,0.0,3,Neutral,0.5848582071215054,3.5,4,Positive,Positive,False,True,True,True,False,False,False,False,True,"The child is a perpetual motion machine, and also a nigger, a jumper, a jumper, a biter, a hugger and a kisser.)",True
POSITIVE,"все здесь, летом будет круче!",0.0,1.0,0.0,0.0,Neutral,3,3,Neutral,0.6966767311096191,positive,5,Positive,0.9526166319847107,positive,5,Positive,0.5086267590522766,Positive,5,Positive,0.5991576910018921,3,Neutral,0.5298840322374212,3,Neutral,0.0,3,Neutral,0.47536645372567526,3.75,4,Positive,Positive,False,False,True,True,True,False,False,False,True,It's gonna be cooler in the summer!,True
NEUTRAL,"назарий, привет! я выбирала между тобой и ярославом. ответ смотри здесь:",0.0,1.0,0.0,0.0,Neutral,3,3,Neutral,0.9999688863754272,neutral,3,Neutral,0.9013290405273438,neutral,3,Neutral,0.5015707015991211,Positive,5,Positive,0.5361171960830688,1,Negative,0.5390115936009628,1,Negative,0.0,1,Negative,0.5462212494640954,2.5,2,Negative,Neutral,True,True,True,True,False,False,False,False,False,"Nazarius, hello! I chose between you and Yaroslav.",True
NEGATIVE,"завтра первый экзамен, боже помоги!",0.0,0.371,0.629,0.6239,Positive,5,5,Positive,0.7860786318778992,neutral,3,Neutral,0.7122019529342651,neutral,3,Neutral,0.990744948387146,Positive,5,Positive,0.47977277636528015,3,Neutral,0.6537055973947412,3,Neutral,0.0,3,Neutral,0.7136093492810265,3.75,4,Positive,Negative,False,False,False,False,False,False,False,False,False,"First exam tomorrow, God help!",True
NEUTRAL,артем кошеваров нормально дерется?,0.394,0.606,0.0,-0.3818,Negative,1,3,Neutral,0.9998630285263062,neutral,3,Neutral,0.9091981649398804,neutral,3,Neutral,0.9783310890197754,Neutral,3,Neutral,0.8959376811981201,3,Neutral,0.7485998012642222,3,Neutral,0.0,5,Positive,0.87,3.0,3,Neutral,Neutral,False,True,True,True,True,True,True,False,True,Does artem cochevars fight normally?,True
NEUTRAL,"бог не имеет атрибутов христианского провидения, поскольку его совершенство было бы умалено, если бы он мыслил о чем-нибудь, за исключением того, что совершенно, то есть о себе самом. мы должны сделать вывод, что бог не знает о существовании нашего подлунного мира.",0.065,0.653,0.282,0.8074,Positive,5,1,Negative,0.9880954027175903,neutral,3,Neutral,0.7417705655097961,positive,5,Positive,0.6220666766166687,Negative,1,Negative,0.8629498481750488,1,Negative,0.5860735636991714,1,Negative,0.0,1,Negative,0.6472894635747929,2.25,2,Negative,Neutral,False,False,True,False,False,False,False,False,False,"God has no attributes of Christian providence, for his perfection would be diminished if he thought of anything except what is perfect, that is, of himself.",True
NEGATIVE,"оранжей больше, чем всех остальных талантов, вместе взятых, и почти все ненужные, зато фиолов не хватает. что я делаю не так?(",0.0,0.92,0.08,0.25,Positive,3,1,Negative,0.9953529834747314,negative,1,Negative,0.5614484548568726,negative,1,Negative,0.9348843693733215,Negative,1,Negative,0.6110923290252686,3,Neutral,0.7409932770871904,3,Neutral,0.0,3,Neutral,0.47221852477395765,2.0,2,Negative,Negative,False,True,True,True,True,False,False,False,True,"There are more oranges than all the other talents put together, and almost all of them are unnecessary, but there are not enough purple.",True
NEUTRAL,"а спать я ложусь поздно, потомучто в спальной комнате лежит разобраный мотор, и пахнет бензином, поэтому спать можно с открытым балконом, а ночью так холодно, поэтому сплю днем)",0.0,0.933,0.067,0.3612,Positive,5,3,Neutral,0.996541440486908,neutral,3,Neutral,0.7921451330184937,negative,1,Negative,0.8703877925872803,Very Negative,1,Negative,0.5271005630493164,3,Neutral,0.7551138856272489,3,Neutral,0.0,3,Neutral,0.7513786860631907,2.75,3,Neutral,Neutral,False,True,True,False,False,True,True,True,True,"And I go to bed late, because there's a disassembled engine in the bedroom, and it smells like gasoline, so you can sleep with an open balcony, and at night it's so cold, so I sleep during the day.",True
NEUTRAL,удвоение за два последних месяца,0.0,1.0,0.0,0.0,Neutral,3,3,Neutral,0.999984622001648,neutral,3,Neutral,0.7431461811065674,positive,5,Positive,0.7716075778007507,Neutral,3,Neutral,0.8178496956825256,3,Neutral,0.5298840322374212,3,Neutral,0.0,3,Neutral,0.47536645372567526,3.25,3,Neutral,Neutral,True,True,True,False,True,True,True,True,True,doubling in the last two months,True
NEUTRAL,когда ваши дела идут плохо ни в коем случае не ходите вместе с ними.,0.279,0.721,0.0,-0.4767,Negative,1,3,Neutral,0.999992847442627,negative,1,Negative,0.5360687375068665,neutral,3,Neutral,0.6882479786872864,Negative,1,Negative,0.8017711043357849,3,Neutral,0.7448311595367021,3,Neutral,0.0,3,Neutral,0.5999012893308396,2.25,2,Negative,Neutral,False,True,False,True,False,True,True,True,False,"When things go wrong, do not walk with them.",True
NEUTRAL,это походу они так на4инали),0.0,1.0,0.0,0.0,Neutral,3,3,Neutral,0.9999511241912842,neutral,3,Neutral,0.8895505666732788,negative,1,Negative,0.4284261465072632,Negative,1,Negative,0.46697768568992615,1,Negative,0.47012956507327885,3,Neutral,0.0,3,Neutral,0.4812582595301558,2.25,2,Negative,Neutral,True,True,True,False,False,False,True,True,False,That's the way they went.,True
NEUTRAL,"большевиков 547, ооо ""юви спб"", макулатура и пластик. самовывоз от 100кг. тел 335-99-37, 335-99-38",0.157,0.843,0.0,-0.4215,Negative,1,3,Neutral,0.999987006187439,neutral,3,Neutral,0.737476110458374,negative,1,Negative,0.8083174228668213,Neutral,3,Neutral,0.9061200022697449,3,Neutral,0.775267885777853,3,Neutral,0.0,3,Neutral,0.546323554442723,2.5,2,Negative,Neutral,False,True,True,False,True,True,True,True,False,"Bolsheviks 547, OOO ""Juvi Spb"", waste paper and plastic. self-delivery from 100 kg. bodies 335-99-37, 335-99-38",True
POSITIVE,хочу последнюю песню:),0.0,0.698,0.302,0.0772,Neutral,3,5,Positive,0.997820258140564,positive,5,Positive,0.9664157032966614,neutral,3,Neutral,0.6914580464363098,Neutral,3,Neutral,0.4212609827518463,3,Neutral,0.5298840322374212,3,Neutral,0.0,3,Neutral,0.47536645372567526,3.5,4,Positive,Positive,False,True,True,False,False,False,False,False,True,I want one last song:,True
POSITIVE,"я думаю, ты тоже иногда вспоминаешь этот крутой город) севас))",0.0,0.774,0.226,0.3869,Positive,5,5,Positive,0.9975199103355408,positive,5,Positive,0.9784092307090759,neutral,3,Neutral,0.850320041179657,Positive,5,Positive,0.70066237449646,5,Positive,0.7250911046925902,5,Positive,0.0,5,Positive,0.7283537502978195,4.75,5,Positive,Positive,True,True,True,False,True,True,True,True,True,I think you sometimes think about this cool city of Sevas.,True
NEUTRAL,так о чем ты хочешь со мной там поговорить?,0.0,0.885,0.115,0.0772,Neutral,3,3,Neutral,0.9999963045120239,neutral,3,Neutral,0.9313557147979736,neutral,3,Neutral,0.9983762502670288,Negative,1,Negative,0.38066568970680237,1,Negative,0.421529222723519,1,Negative,0.0,5,Positive,0.4677004889964485,2.5,2,Negative,Neutral,True,True,True,True,False,False,False,False,False,So what do you want to talk to me about there?,True
NEUTRAL,"в продаже платье lakbi, цвет, как на фото, размер 46. цена 1000 грн. альбом в наличии",0.0,1.0,0.0,0.0,Neutral,3,3,Neutral,0.9999750852584839,neutral,3,Neutral,0.797634482383728,positive,5,Positive,0.6820477247238159,Neutral,3,Neutral,0.9112470746040344,3,Neutral,0.589006552881228,3,Neutral,0.0,3,Neutral,0.7138686980770589,3.25,3,Neutral,Neutral,True,True,True,False,True,True,True,True,True,"on sale lakbi dress, color, as in the photo size 46. price 1000 UAH. album available",True
POSITIVE,"наконец-то настал тот день, когда на работе можно спокойно признаться, что занимаешься ролевыми играми и гугл тебя не скомпрометирует. еще и отпуск дадут. )",0.0,0.741,0.259,0.7717,Positive,5,5,Positive,0.9983017444610596,positive,5,Positive,0.818821907043457,positive,5,Positive,0.9953258037567139,Positive,5,Positive,0.6075113415718079,5,Positive,0.3851026245881837,5,Positive,0.0,3,Neutral,0.61,4.75,5,Positive,Positive,True,True,True,True,True,True,True,False,True,"Finally, the day has come when at work you can safely admit that you are engaged in role-playing games and Google will not compromise you.",True
NEGATIVE,последний раз спасаю,0.0,0.61,0.39,0.4939,Positive,5,5,Positive,0.7301337122917175,positive,5,Positive,0.6483465433120728,negative,1,Negative,0.8034194707870483,Negative,1,Negative,0.4499727487564087,3,Neutral,0.7424801272440349,3,Neutral,0.0,3,Neutral,0.6009530942881044,3.25,3,Neutral,Negative,False,False,False,True,True,False,False,False,False,I'll save you one last time.,True
NEGATIVE,бильярд с отцом. чувствую себя ебаным нубьем. непривычно.,0.0,0.737,0.263,0.3612,Positive,5,3,Neutral,0.9958115816116333,neutral,3,Neutral,0.5724934339523315,neutral,3,Neutral,0.9993622899055481,Very Negative,1,Negative,0.5802570581436157,3,Neutral,0.5298840322374212,3,Neutral,0.0,3,Neutral,0.47536645372567526,3.0,3,Neutral,Negative,False,False,False,False,True,False,False,False,False,"Billiards with my dad, I feel like a fucking nub.",True
NEGATIVE,"""не думайте, что жизнь звезд легка и безоблачна. еще вечером саша читала лекцию в екатеринбурге, ночью летела в самолете, а утро уже встречала в сочи. и была при этом жизнерадостна и эффектна! такой вот звездный темп, посильный далеко не каждому."" на родине совсем все плохо, да?",0.0,0.868,0.132,0.7712,Positive,5,1,Negative,0.9999526739120483,neutral,3,Neutral,0.7271002531051636,positive,5,Positive,0.9887096285820007,Positive,5,Positive,0.514209508895874,3,Neutral,0.5288155955093475,3,Neutral,0.0,3,Neutral,0.709538441024348,3.5,4,Positive,Negative,False,True,False,False,False,False,False,False,False,"""don't think that the life of the stars is easy and cloudless. even in the evening Sasha gave a lecture in Yekaterinburg, at night flew in a plane, and the morning was already met in Sochi. and was cheerful and spectacular! such a stellar pace, not possible for everyone.""",True
NEUTRAL,"а ты можешь написать в статус имя того,кто стоит у тебя первым в друзьях?",0.0,0.789,0.211,0.4939,Positive,5,3,Neutral,0.999995231628418,neutral,3,Neutral,0.8842427134513855,negative,1,Negative,0.9874746203422546,Neutral,3,Neutral,0.809246838092804,3,Neutral,0.5132118639451573,3,Neutral,0.0,3,Neutral,0.6135697234607778,3.0,3,Neutral,Neutral,False,True,True,False,True,True,True,True,True,Can you write the name of the person who is your first friend?,True
POSITIVE,на каене вся в габане по житомиру ганяю. ганяю. все таксисты и маршрутчики дорогу уступают. текают. все подруги по общаге наливают и рыдают. ведь знают. шо я. на каене вся в габане по житомиру ганяю. я ганяю. оууу.,0.195,0.697,0.108,-0.3612,Negative,1,1,Negative,0.9677407145500183,negative,1,Negative,0.48108819127082825,negative,1,Negative,0.9598509669303894,Very Negative,1,Negative,0.7630202770233154,3,Neutral,0.5298840322374212,3,Neutral,0.0,3,Neutral,0.47536645372567526,1.75,2,Negative,Positive,False,False,False,False,False,False,False,False,False,"All taxi drivers and routers give way, flow, all dorm friends pour and weep. I'm on a caenne all over the jitomir. I'm screwing.",True
NEGATIVE,"овен.не знаю, чем вы умудрились обидеть это милое создание, но если вы егообидели, то вас сразу же простят. один раз об дверь , два раза обрельс . овны отличаются достаточно высокой степеньюгневливости (заисключением тех , кто научился хорошо управлять своими эмоциями ) , ноони быстро и успокаиваются . они не злобные. они вас потом могут дажепожалеть. и принести в больницу апельсины и цветы. или просто цветы,но уже на могилу .",0.145,0.738,0.117,-0.25,Negative,3,1,Negative,0.9896780252456665,neutral,3,Neutral,0.5620688199996948,positive,5,Positive,0.7511793971061707,Positive,5,Positive,0.5552787780761719,3,Neutral,0.5211694843320496,3,Neutral,0.0,3,Neutral,0.5,3.25,3,Neutral,Negative,True,True,False,False,False,False,False,False,False,"I do not know how you managed to offend this cute creature, but if you offended him, you will be immediately forgiven. They are characterized by a fairly high degree of anger (excluding those who have learned to manage their emotions well), but they quickly and calm down. They may even feel sorry for you and bring oranges and flowers to the hospital.",True
POSITIVE,вот я нашла твое фото ! ахахах ))) сходство 100 ))),0.0,1.0,0.0,0.0,Neutral,3,5,Positive,0.9977385997772217,positive,5,Positive,0.985363245010376,neutral,3,Neutral,0.7182470560073853,Neutral,3,Neutral,0.3963398337364197,3,Neutral,0.610307013739389,3,Neutral,0.0,3,Neutral,0.7464648757920144,3.5,4,Positive,Positive,False,True,True,False,False,False,False,False,True,Here I found your picture! ahhhhhhhhhhhhhhhhhhhhhhhhhhhhhhhhhhhhhhhhhhhhhhhhhhhhhhhhhhhhhhhhhhhhhhhhhhhhhhhhhhhhhhhhhhhhhhhhhhhhhhhhhhhhhhhhhhhhhhhhhhhhhhhhhhhhhhhhhhhhhhhhhhhhhhhhhhhhhhhhhhhhhhhhhhhhhhhhhhhhhhhhhhhhhhhhhhhhhhhhhhhhhhhhhhhhhhhhhhhhhhhhhhhhhhhhhhhhhhhhhhhhhhhhh,True
NEGATIVE,и ты даже сердечко не поставил(((((,0.0,1.0,0.0,0.0,Neutral,3,1,Negative,0.9584386944770813,negative,1,Negative,0.6864065527915955,negative,1,Negative,0.8782621026039124,Very Negative,1,Negative,0.5263005495071411,3,Neutral,0.7077301955487411,3,Neutral,0.0,1,Negative,0.45884092419631417,1.75,2,Negative,Negative,False,True,True,True,True,False,False,True,True,And you don't even have a heart.,True
NEUTRAL,"что то типа того, на один раз, тертий раз под ряд стало уши резать. мне по крайней мере.",0.127,0.723,0.151,0.1027,Neutral,3,3,Neutral,0.9999817609786987,neutral,3,Neutral,0.741978108882904,negative,1,Negative,0.6148160696029663,Negative,1,Negative,0.6611602902412415,3,Neutral,0.6559419993516603,3,Neutral,0.0,1,Negative,0.543929839102448,2.25,2,Negative,Neutral,True,True,True,False,False,True,True,False,False,"Something like that, for once, three times in a row began to cut my ears.",True
POSITIVE,я тебе люблю,0.0,0.192,0.808,0.6369,Positive,5,5,Positive,0.996148943901062,positive,5,Positive,0.9897465705871582,positive,5,Positive,0.700961172580719,Positive,5,Positive,0.6211327910423279,3,Neutral,0.5298840322374212,3,Neutral,0.0,3,Neutral,0.4753664537256753,4.25,4,Positive,Positive,True,True,True,True,True,False,False,False,True,I love you.,True
NEUTRAL,"коллаж от никита николаев из приложения ""прикольное перевоплощение""",0.0,0.777,0.223,0.3182,Positive,3,3,Neutral,0.9999852180480957,positive,5,Positive,0.5733067393302917,negative,1,Negative,0.4556620419025421,Neutral,3,Neutral,0.901691198348999,3,Neutral,0.5298840322374212,3,Neutral,0.0,3,Neutral,0.47536645372567526,3.0,3,Neutral,Neutral,False,True,False,False,True,True,True,True,True,"collage from Nikita Nikolayev from the app ""cool reincarnation""",True
NEUTRAL,не ныть!чтобы скайп заработал: 1) пуск- выполнить 2) appdataskype 3) удалить файл shared.xml,0.0,0.862,0.138,0.3404,Positive,5,1,Negative,0.9995875954627991,neutral,3,Neutral,0.8849506974220276,neutral,3,Neutral,0.9329521059989929,Neutral,3,Neutral,0.9059316515922546,1,Negative,0.740958589956742,1,Negative,0.0,3,Neutral,0.48956441752368945,2.5,2,Negative,Neutral,False,False,True,True,True,False,False,True,False,Do not whine! so that Skype earns: 1) start-run 2) appdataskype 3 to delete the shared.xml file,True
POSITIVE,скоро кто-то родится)))))),0.0,1.0,0.0,0.0,Neutral,3,3,Neutral,0.9999567270278931,neutral,3,Neutral,0.8724005818367004,neutral,3,Neutral,0.8084109425544739,Neutral,3,Neutral,0.30001336336135864,3,Neutral,0.542003944397802,3,Neutral,0.0,3,Neutral,0.6741239814614077,3.0,3,Neutral,Positive,False,False,False,False,False,False,False,False,False,soon someone will be born),True
NEGATIVE,вокруг нас одна пиздятина.таких овц нада хуярить.пидарюги.,0.0,1.0,0.0,0.0,Neutral,3,1,Negative,0.9994350075721741,negative,1,Negative,0.8850828409194946,negative,1,Negative,0.8568671941757202,Very Negative,1,Negative,0.48981043696403503,3,Neutral,0.5100217838097307,3,Neutral,0.0,3,Neutral,0.7574885029683851,2.0,2,Negative,Negative,False,True,True,True,True,False,False,False,True,There's a fuckin' sheep all around us.,True
POSITIVE,а ты меня не перестаёшь удивлять.аахахаахах)))),0.208,0.575,0.217,0.0191,Neutral,3,5,Positive,0.9979742169380188,positive,5,Positive,0.9900544881820679,neutral,3,Neutral,0.7347368597984314,Very Negative,1,Negative,0.5295330882072449,3,Neutral,0.5298840322374212,3,Neutral,0.0,3,Neutral,0.47536645372567543,3.25,3,Neutral,Positive,False,True,True,False,False,False,False,False,False,And you never stop surprising me. ahahahahahahahahahaha.,True
NEUTRAL,походу это я))),0.0,1.0,0.0,0.0,Neutral,3,3,Neutral,0.9999463558197021,neutral,3,Neutral,0.8840692639350891,positive,5,Positive,0.7444758415222168,Neutral,3,Neutral,0.27321016788482666,1,Negative,0.47012956507327885,3,Neutral,0.0,3,Neutral,0.48125825953015583,3.0,3,Neutral,Neutral,True,True,True,False,True,False,True,True,True,I guess it's me.,True
NEUTRAL,"я не делаю выводов, не зная человека. у меня нет врагов, но зато у них есть я. я не улыбаюсь людям которые мне неприятны. и я не принимаю критику от людей которые меня не знают.",0.213,0.657,0.129,-0.491,Negative,1,3,Neutral,0.9999765157699585,negative,1,Negative,0.6904934048652649,positive,5,Positive,0.5408390760421753,Negative,1,Negative,0.6131187677383423,3,Neutral,0.7019757210302021,3,Neutral,0.0,3,Neutral,0.694865761778118,2.5,2,Negative,Neutral,False,True,False,False,False,True,True,True,False,"I don't draw conclusions without knowing a person, I don't have enemies, but they do have me, I don't smile at people I don't like, and I don't accept criticism from people who don't know me.",True
NEGATIVE,этот замечательный голос умирает от рака. помогите ей! все реквизиты в их группе,0.257,0.351,0.392,0.3164,Positive,3,5,Positive,0.7830102443695068,neutral,3,Neutral,0.5493834018707275,positive,5,Positive,0.6775478720664978,Very Negative,1,Negative,0.34219464659690857,5,Positive,0.5879275776227569,5,Positive,0.0,5,Positive,0.97,4.0,4,Positive,Negative,False,False,False,False,True,False,False,False,False,This wonderful voice is dying of cancer. help her!,True
NEUTRAL,подскажите где в киеве можно купить кабель firewire 800 (9pin) на firewire 400 (6pin) ?,0.0,1.0,0.0,0.0,Neutral,3,3,Neutral,0.999963641166687,neutral,3,Neutral,0.923163115978241,neutral,3,Neutral,0.849178671836853,Neutral,3,Neutral,0.9413226246833801,3,Neutral,0.4816535179497101,3,Neutral,0.0,3,Neutral,0.686736803882839,3.0,3,Neutral,Neutral,True,True,True,True,True,True,True,True,True,Tell me where in Kiev you can buy a firewire 800 (9pin) cable on firewire 400 (6pin)?,True
NEUTRAL,лед на море,0.0,1.0,0.0,0.0,Neutral,3,3,Neutral,0.8487638235092163,neutral,3,Neutral,0.8230359554290771,neutral,3,Neutral,0.7704730033874512,Neutral,3,Neutral,0.8621329665184021,5,Positive,0.42603144742988813,5,Positive,0.0,5,Positive,0.9162719672774238,3.75,4,Positive,Neutral,True,True,True,True,True,False,False,False,False,sea-ice,True
POSITIVE,"вот так всегда. звонишь подруге и спрашиваешь:""ты собралась?"", она говорит:""да да, я готова"". а потом приходишь к ней, а она голову сушыт.но люблю же ее.она такая родная.",0.0,0.767,0.233,0.836,Positive,5,1,Negative,0.9996881484985352,neutral,3,Neutral,0.4978412389755249,positive,5,Positive,0.46976664662361145,Positive,5,Positive,0.5727418065071106,3,Neutral,0.5298840322374212,3,Neutral,0.0,3,Neutral,0.47536645372567526,3.5,4,Positive,Positive,True,False,False,True,True,False,False,False,True,"You call your friend and you say, ""Are you ready?"" and she says, ""Yes, I'm ready,"" and then you go to her and she's dry. But I love her.",True
NEGATIVE,"по-моему, порядочность медленно, но верно становится атавизмом. но, может быть, это только мне так не везет)",0.164,0.674,0.162,-0.014,Neutral,3,3,Neutral,0.9952090382575989,neutral,3,Neutral,0.6894345283508301,negative,1,Negative,0.9247919917106628,Negative,1,Negative,0.7499946355819702,3,Neutral,0.6284960518264003,3,Neutral,0.0,3,Neutral,0.48,2.5,2,Negative,Negative,False,False,False,True,True,False,False,False,True,"I think decency is slowly but surely becoming an atavism, but maybe it's just me who's not so lucky.",True
POSITIVE,"все-таки старинная музыка находит удивительный отклик в глубине души. когда звуки барабанов и волынки заставляют откликнуться внутренние струны. мелодия как река уносит в неведомые дали фантазии. и не хочется возвращаться в реальность. вчера в удивительно теплой обстановке клуба mod состоялся концерт двух прекрасных групп: triquetrum из питера и очелья сороки из москвы. было здорово. замечательные и талантливые ребята. завораживающая старинная музыка, песни, потрясающе красивый голос ульяны и зажигательные танцы. особенно зажигательно танцевали ребята из морской дружины рус во главе с сергеем кашиным. я прекрасно провела вечер пятницы.",0.011,0.704,0.284,0.9835,Positive,5,5,Positive,0.9536364674568176,positive,5,Positive,0.9816454648971558,positive,5,Positive,0.9892704486846924,Positive,5,Positive,0.8286433219909668,5,Positive,0.5799145177041426,5,Positive,0.0,5,Positive,0.62,5.0,5,Positive,Positive,True,True,True,True,True,True,True,True,True,"Nevertheless, ancient music finds an amazing response in the depths of the soul. when the sounds of drums and bagpipes make the inner strings respond. the melody as a river carries away to unknown distant fantasies. and do not want to return to reality. yesterday in a surprisingly warm atmosphere of the mod club, a concert of two beautiful groups took place: a triquetrum from Peter and magpie from Moscow. it was great. wonderful and talented guys. fascinating ancient music, songs, stunningly beautiful voice of hives and incendiary dances.",True
POSITIVE,"на фото - американец кэвин мало то, что ты на него визуально похож, дак ещё и улыбаешься так же как он)",0.0,0.629,0.371,0.8047,Positive,5,3,Neutral,0.9985713958740234,neutral,3,Neutral,0.8323906064033508,positive,5,Positive,0.8874439001083374,Negative,1,Negative,0.7950091361999512,3,Neutral,0.6951153451774297,3,Neutral,0.0,3,Neutral,0.7891342138131061,3.25,3,Neutral,Positive,True,False,False,True,False,False,False,False,False,"American Kevin is not enough that you look like him visually, but you also smile like him.",True
POSITIVE,ура! сегодня исполнилось 2 годика моей любимой доченьки!,0.0,0.69,0.31,0.5562,Positive,5,5,Positive,0.9997324347496033,positive,5,Positive,0.994199275970459,positive,5,Positive,0.8656704425811768,Very Positive,5,Positive,0.6454223990440369,5,Positive,0.8280469333423666,5,Positive,0.0,5,Positive,0.7763880985139864,5.0,5,Positive,Positive,True,True,True,True,True,True,True,True,True,Today is the 2nd anniversary of my beloved daughter!,True
NEUTRAL,15 мая 2011 года одновременно на территории россии и в снг 500 акций по уборке мусора на природе. присоединяйтесь! подробности на сайте:,0.0,0.889,0.111,0.3595,Positive,5,3,Neutral,0.9999946355819702,neutral,3,Neutral,0.8955800533294678,negative,1,Negative,0.44909146428108215,Neutral,3,Neutral,0.918745219707489,3,Neutral,0.7868212971221309,3,Neutral,0.0,3,Neutral,0.49630215200832273,3.0,3,Neutral,Neutral,False,True,True,False,True,True,True,True,True,"May 15, 2011 simultaneously on the territory of Russia and in the sng 500 actions for garbage collection in nature. join!",True
POSITIVE,пятница! время отрываться по-полной!,0.0,0.582,0.418,0.5562,Positive,5,5,Positive,0.9547654986381531,neutral,3,Neutral,0.5139744877815247,positive,5,Positive,0.9049909114837646,Very Negative,1,Negative,0.3612976372241974,3,Neutral,0.5064296070615579,3,Neutral,0.0,5,Positive,0.62,3.75,4,Positive,Positive,True,True,False,True,False,False,False,True,True,"Friday, it's time to have fun!",True
POSITIVE,тут сегодня блэкайпис )))),0.0,1.0,0.0,0.0,Neutral,3,3,Neutral,0.9997794032096863,neutral,3,Neutral,0.7915206551551819,neutral,3,Neutral,0.5655155181884766,Neutral,3,Neutral,0.25999513268470764,1,Negative,0.40195916528928455,1,Negative,0.0,3,Neutral,0.4194192398231435,2.5,2,Negative,Positive,False,False,False,False,False,False,False,False,False,This is blackcapis today ),True
POSITIVE,ура родила сына!,0.0,0.429,0.571,0.6114,Positive,5,5,Positive,0.9995418787002563,positive,5,Positive,0.9912462830543518,positive,5,Positive,0.8574329614639282,Very Positive,5,Positive,0.5235462188720703,5,Positive,0.8947352098892075,5,Positive,0.0,5,Positive,0.96,5.0,5,Positive,Positive,True,True,True,True,True,True,True,True,True,Happy to have a son!,True
NEUTRAL,"ну че никит, сдал на права?",0.0,1.0,0.0,0.0,Neutral,3,1,Negative,0.6428524255752563,neutral,3,Neutral,0.8014430403709412,neutral,3,Neutral,0.9615954756736755,Very Negative,1,Negative,0.44460612535476685,3,Neutral,0.5298840322374212,3,Neutral,0.0,3,Neutral,0.47536645372567526,2.5,2,Negative,Neutral,True,False,True,True,False,True,True,True,False,Did you get your license?,True
NEUTRAL,мегатест: какой ты убийца из мира игр? здесь вы узнаете на какого убийцу из игр вы больше подходите. тест тут,0.285,0.715,0.0,-0.8803,Negative,1,3,Neutral,0.9999970197677612,neutral,3,Neutral,0.8211406469345093,negative,1,Negative,0.9320597648620605,Neutral,3,Neutral,0.650892972946167,3,Neutral,0.80128610775733,3,Neutral,0.0,3,Neutral,0.9290991328019687,2.5,2,Negative,Neutral,False,True,True,False,True,True,True,True,False,Megatest: what kind of killer are you from the world of games? here you will find out which killer from games you are more suitable.,True
NEGATIVE,прошёл год уже и она забыла про это всё а вы счас ей хуйню на стену пишите заебали,0.106,0.894,0.0,-0.2263,Negative,3,1,Negative,0.9994122982025146,negative,1,Negative,0.935786783695221,negative,1,Negative,0.6125361323356628,Very Negative,1,Negative,0.5538385510444641,3,Neutral,0.5501410232717759,3,Neutral,0.0,3,Neutral,0.5906996754928197,2.0,2,Negative,Negative,True,True,True,True,True,False,False,False,True,It's been a year and she's forgotten all about it and now you fuckin' write to her wall.,True
POSITIVE,лучшая стилистика в этом году. всем смотреть до конца. мило и круто.,0.0,0.542,0.458,0.8519,Positive,5,5,Positive,0.9987395405769348,positive,5,Positive,0.9948154091835022,positive,5,Positive,0.9389879107475281,Very Positive,5,Positive,0.46848347783088684,5,Positive,0.4262000122368423,3,Neutral,0.0,5,Positive,0.4419547151114105,4.75,5,Positive,Positive,True,True,True,True,True,True,False,True,True,"The best style this year, everyone to watch until the end, nice and cool.",True
NEUTRAL,"можеш трек дать, плис)",0.0,0.566,0.434,0.3182,Positive,3,3,Neutral,0.9984678626060486,neutral,3,Neutral,0.6208046674728394,negative,1,Negative,0.5707725882530212,Positive,5,Positive,0.46684062480926514,3,Neutral,0.4404861284816218,3,Neutral,0.0,3,Neutral,0.8241449674988803,3.0,3,Neutral,Neutral,False,True,True,False,False,True,True,True,True,"Can I get a track, please?",True
NEUTRAL,"девочки и мальчики!ждем вас 18 ноября в vinilе на нашем концерте!будет драйв, отрыв и танцы! диск врагов бесплатно лучшим танцующим!",0.075,0.723,0.202,0.7556,Positive,5,3,Neutral,0.9999886751174927,neutral,3,Neutral,0.5694975256919861,positive,5,Positive,0.8277381658554077,Very Positive,5,Positive,0.835992693901062,3,Neutral,0.6623170180643912,3,Neutral,0.0,3,Neutral,0.9749580075669938,3.75,4,Positive,Neutral,False,True,True,False,False,True,True,True,False,"Girls and boys! we are waiting for you on November 18 in the vinil at our concert! there will be drive, breakaway and dancing! the disc of enemies is free to the best dancers!",True
NEUTRAL,серьезный аргумент застройщика по планировке,0.432,0.568,0.0,-0.4215,Negative,1,3,Neutral,0.987811267375946,neutral,3,Neutral,0.9003209471702576,negative,1,Negative,0.670427680015564,Positive,5,Positive,0.31716156005859375,1,Negative,0.532077817453807,1,Negative,0.0,1,Negative,0.6671900498986796,2.0,2,Negative,Neutral,False,True,True,False,False,False,False,False,False,serious argument of the developer on planning,True
NEUTRAL,пробежал свой второй марафон. зеленоградский зимний бин марафон 2013 (закрытие сезона) результат 4.31.34,0.0,1.0,0.0,0.0,Neutral,3,3,Neutral,0.9999533891677856,neutral,3,Neutral,0.711422324180603,neutral,3,Neutral,0.9995506405830383,Neutral,3,Neutral,0.9207823276519775,3,Neutral,0.5835818558639819,3,Neutral,0.0,3,Neutral,0.7622153121899271,3.0,3,Neutral,Neutral,True,True,True,True,True,True,True,True,True,ran his second marathon. Zelenograd winter bin marathon 2013 (closing season) result 4.31.34,True
NEGATIVE,"как говорит мой однокурсник-бразилец, bonjour, everybody. чудные дела творятся в нашей общаге, сперли стиральную машину, которая была привинчена к полу. а на единственной оставшейся включили чешское меню. в общем, все, как в отечестве, включая абсолютно дискретные смесители в душевой.",0.082,0.823,0.095,0.128,Neutral,3,5,Positive,0.997557520866394,neutral,3,Neutral,0.5176469683647156,neutral,3,Neutral,0.7231564521789551,Very Positive,5,Positive,0.601128101348877,1,Negative,0.545395636095548,1,Negative,0.0,1,Negative,0.681948573489045,2.75,3,Neutral,Negative,False,False,False,False,False,True,True,True,False,"As my Brazilian classmate says, bonjour, everybody. Wonderful things are happening in our dorm, ripped off a washing machine that was screwed to the floor. And the only one left turned on the Czech menu.",True
POSITIVE,зайка ты оченььь красивая . солнышко будь всегда такой яркой!,0.0,0.339,0.661,0.9134,Positive,5,5,Positive,0.9950062036514282,positive,5,Positive,0.9738758206367493,positive,5,Positive,0.9397614598274231,Positive,5,Positive,0.6911386847496033,3,Neutral,0.5298840322374212,3,Neutral,0.0,3,Neutral,0.47536645372567526,4.25,4,Positive,Positive,True,True,True,True,True,False,False,False,True,You're very beautiful. The sunshine is always so bright!,True
NEUTRAL,"удаляю ""холостых друзей"" в списке. с кем не общаемся- удаляйтесь сами.",0.0,0.819,0.181,0.4767,Positive,5,3,Neutral,0.9997602105140686,neutral,3,Neutral,0.7493336796760559,negative,1,Negative,0.8560329079627991,Negative,1,Negative,0.50709068775177,3,Neutral,0.5298840322374212,3,Neutral,0.0,3,Neutral,0.47536645372567526,2.75,3,Neutral,Neutral,False,True,True,False,False,True,True,True,True,"I delete the ""idle friends"" in the list, with whom we do not communicate - delete yourself.",True
NEUTRAL,на концерте uriah heep. дк им. ленсовета 04.10.2013,0.0,1.0,0.0,0.0,Neutral,3,3,Neutral,0.9991065859794617,neutral,3,Neutral,0.726779043674469,negative,1,Negative,0.5528591871261597,Neutral,3,Neutral,0.8136796951293945,3,Neutral,0.5298840322374212,3,Neutral,0.0,3,Neutral,0.4753664537256753,2.75,3,Neutral,Neutral,True,True,True,False,True,True,True,True,True,at the concert uriah heep. DK Leningrad Council 04.10.2013,True
NEUTRAL,меркель призвала россию отказаться от закона о запрете пропаганды гомосексуализма,0.329,0.671,0.0,-0.5994,Negative,1,3,Neutral,0.9993866682052612,negative,1,Negative,0.5463509559631348,neutral,3,Neutral,0.9870943427085876,Negative,1,Negative,0.32481786608695984,1,Negative,0.7767931374758874,1,Negative,0.0,3,Neutral,0.6495165348052803,1.75,2,Negative,Neutral,False,True,False,True,False,False,False,True,False,Merkel urged Russia to abandon the law banning the propaganda of homosexuality,True
POSITIVE,"мне не нужен идеальный,мне нужен ты вредный,ревнивый но такой любимый:",0.436,0.311,0.253,0.1201,Neutral,3,5,Positive,0.9698296785354614,neutral,3,Neutral,0.4130098223686218,positive,5,Positive,0.9233593344688416,Negative,1,Negative,0.8001935482025146,5,Positive,0.9283639822071155,5,Positive,0.0,5,Positive,1.0,4.0,4,Positive,Positive,False,True,False,True,False,True,True,True,True,"I don't want perfect, I want you to be hurtful, jealous, but so beloved:",True
POSITIVE,"весь отдел сбежался послушать, как ребята играют на губной гармошке и шейкере :)",0.0,0.733,0.267,0.4588,Positive,5,3,Neutral,0.9971115589141846,neutral,3,Neutral,0.7417014837265015,neutral,3,Neutral,0.8730254173278809,Very Negative,1,Negative,0.6120201945304871,3,Neutral,0.6091740246317703,3,Neutral,0.0,3,Neutral,0.43884229818292814,3.0,3,Neutral,Positive,True,False,False,False,False,False,False,False,False,The whole department ran to listen to the guys play harmonica and shaker :,True
NEGATIVE,"чуркина я бы, пожалуй придушил лично. медленно, глядя в глаза и расспрашивая про предложения рашкостана по поводу моей страны, пожеланий к моей конституции и мнения о том, когда и как я должен выбирать президента. такого гнилостного п.са редко можно найти на земле. врать можно по всякому, но так, как он - это что-то!",0.0,0.96,0.04,0.1531,Positive,3,1,Negative,0.9999721050262451,negative,1,Negative,0.7084941864013672,positive,5,Positive,0.9734023213386536,Very Negative,1,Negative,0.7062938809394836,3,Neutral,0.5558339165435033,3,Neutral,0.0,3,Neutral,0.5662722730748887,2.5,2,Negative,Negative,False,True,True,False,True,False,False,False,True,"Slowly, looking into the eyes and asking about the proposals of Rashkostan about my country, the wishes for my constitution and the opinion about when and how I should elect a president. such a putrid p.s. you can rarely find on earth.",True
POSITIVE,"вот и заканчивается моя экскурсия по львову. сижу в доме легенд, пью пиво зэнык. по ходу напрашивается еще один бокал! хорошее пиво! спасибо алинке за место! наблюдаю по телевизору коллектор полтва, появилась идея подружица с месными дигирами)) вобщем айл би бэк! сун)",0.0,0.812,0.188,0.8582,Positive,5,5,Positive,0.9994325041770935,positive,5,Positive,0.866892397403717,positive,5,Positive,0.993129312992096,Positive,5,Positive,0.6252164840698242,3,Neutral,0.4986023027048547,3,Neutral,0.0,5,Positive,0.6967656111690111,4.5,4,Positive,Positive,True,True,True,True,True,False,False,True,True,"Here comes my tour of the lion. sitting in the house of legends, drinking beer zenyk. along the way begging for another glass! good beer! thank Alinka for the place! watching on TV collector Poltva, there was the idea of a friend with local digirs)",True
POSITIVE,тебе моя ласточкаp.s слушатьисключительнов,0.0,1.0,0.0,0.0,Neutral,3,3,Neutral,0.9999943971633911,neutral,3,Neutral,0.6207650303840637,positive,5,Positive,0.8802698254585266,Neutral,3,Neutral,0.8148647546768188,3,Neutral,0.5298840322374212,3,Neutral,0.0,3,Neutral,0.47536645372567543,3.25,3,Neutral,Positive,False,False,False,True,False,False,False,False,False,You've got my swallow.,True
POSITIVE,в хорошей водке вопрос с тостами решается сам собой:),0.0,0.643,0.357,0.6124,Positive,5,5,Positive,0.9833868145942688,positive,5,Positive,0.7786803841590881,neutral,3,Neutral,0.6739994287490845,Positive,5,Positive,0.639448881149292,3,Neutral,0.6737835698080696,3,Neutral,0.0,3,Neutral,0.7214447544710819,4.0,4,Positive,Positive,True,True,True,False,True,False,False,False,True,"In a good vodka, the issue of toast is solved by itself:",True
POSITIVE,если девушка увидев как ее парень подстригся не потеряла к нему интерес- она его реально любит.,0.184,0.564,0.252,0.3962,Positive,5,3,Neutral,0.9425039291381836,neutral,3,Neutral,0.6521725058555603,neutral,3,Neutral,0.8054488301277161,Negative,1,Negative,0.7820350527763367,3,Neutral,0.4660647255772424,3,Neutral,0.0,3,Neutral,0.8107372229669605,3.0,3,Neutral,Positive,True,False,False,False,False,False,False,False,False,"If a girl saw her boyfriend cut her hair, she didn't lose interest in him - she really loves him.",True
POSITIVE,"удивительное место ""волчьи ворота"" в ставрополе. планировали встретить закат солнца, но солнышко спряталось за тучи.но тем не менее очень красиво. наш мир потрясающий!",0.05,0.596,0.354,0.9132,Positive,5,5,Positive,0.7566011548042297,positive,5,Positive,0.9497565627098083,positive,5,Positive,0.4872758090496063,Positive,5,Positive,0.7120599150657654,5,Positive,0.5076748531790432,5,Positive,0.0,5,Positive,0.5,5.0,5,Positive,Positive,True,True,True,True,True,True,True,True,True,"It was planned to meet the sunset, but the sun hid behind the clouds. but nevertheless very beautiful. our world is amazing!",True
NEUTRAL,"главная способность человека - способность увлекаться, заблуждаться и совершать ошибки. когда она исчезает, человек умер. или же её никогда не было - значит, он никогда и не жил. книга мрака",0.134,0.74,0.126,-0.0772,Neutral,3,3,Neutral,0.9999645948410034,neutral,3,Neutral,0.7373075485229492,positive,5,Positive,0.4832237660884857,Very Negative,1,Negative,0.7618781328201294,3,Neutral,0.5382098211593968,3,Neutral,0.0,3,Neutral,0.88,3.0,3,Neutral,Neutral,True,True,True,False,False,True,True,True,True,"The main ability of a person is the ability to get carried away, to err and to make mistakes. when it disappears, a person dies. or it never existed, then he never lived.",True
NEUTRAL,"прогноз погоды на завтра: день - ясно, 29 с, ветер юв, влажность воздуха 82 , вода прогреется до 21.",0.0,0.791,0.209,0.5423,Positive,5,3,Neutral,0.9933469295501709,neutral,3,Neutral,0.7005113959312439,neutral,3,Neutral,0.9994339346885681,Neutral,3,Neutral,0.9438035488128662,1,Negative,0.6108539984303649,1,Negative,0.0,3,Neutral,0.5959624864102246,2.75,3,Neutral,Neutral,False,True,True,True,True,False,False,True,True,"Weather forecast for tomorrow: day - clear, 29 seconds, wind yuv, air humidity 82, water will warm up to 21.",True
NEUTRAL,о даааааанаааааа х)) ты знаешь какое-нить пестатое романтическое аниме? :d,0.0,0.455,0.545,0.7184,Positive,5,3,Neutral,0.9997499585151672,positive,5,Positive,0.5102105140686035,neutral,3,Neutral,0.9598514437675476,Neutral,3,Neutral,0.7369502186775208,3,Neutral,0.49548966861158406,3,Neutral,0.0,5,Positive,0.3840456081350072,3.75,4,Positive,Neutral,False,True,False,True,True,True,True,False,False,Do you know any romantic anime? :d,True
NEGATIVE,"он тот,про кого я некогда несмагу сказать ''бивший''.",0.0,1.0,0.0,0.0,Neutral,3,3,Neutral,0.999950647354126,negative,1,Negative,0.6506633758544922,negative,1,Negative,0.6775877475738525,Very Negative,1,Negative,0.4624671936035156,1,Negative,0.5398699294316085,1,Negative,0.0,3,Neutral,0.7508152209174466,1.75,2,Negative,Negative,False,False,True,True,True,True,True,False,True,"He's the one I couldn't say ""hit"" about.",True
NEUTRAL,"типичная ситуация на концерте: публика просит ""гагарина"", психопаты делают выводы",0.0,1.0,0.0,0.0,Neutral,3,3,Neutral,0.9999924898147583,neutral,3,Neutral,0.8090345859527588,negative,1,Negative,0.9704506993293762,Neutral,3,Neutral,0.9248120188713074,1,Negative,0.5906124577882229,1,Negative,0.0,3,Neutral,0.6617635589642639,2.25,2,Negative,Neutral,True,True,True,False,True,False,False,True,False,"Typical situation at a concert: the audience asks for “gagarine”, psychopaths draw conclusions",True
NEUTRAL,"чего ты так рано проснулся, в школу надо?",0.0,1.0,0.0,0.0,Neutral,3,3,Neutral,0.6012061834335327,neutral,3,Neutral,0.9052524566650391,neutral,3,Neutral,0.9992208480834961,Negative,1,Negative,0.47662556171417236,3,Neutral,0.7032930682819926,3,Neutral,0.0,3,Neutral,0.9215626205501823,2.75,3,Neutral,Neutral,True,True,True,True,False,True,True,True,True,Why did you wake up so early?,True
NEUTRAL,"булгары, скиньте с себя ярлык ""татарин"", пока не стало слишком поздно!",0.23,0.77,0.0,-0.3382,Negative,1,1,Negative,0.8889408707618713,negative,1,Negative,0.608817458152771,negative,1,Negative,0.8510220050811768,Very Negative,1,Negative,0.360919326543808,3,Neutral,0.7093317769910299,3,Neutral,0.0,3,Neutral,0.6444575949782353,1.75,2,Negative,Neutral,False,False,False,False,False,True,True,True,False,"Bulgars, drop the label ""Tatarin"" before it's too late!",True
POSITIVE,давно пора было потеснить эту безжизненную особу. а то заняла весь дом. молодец лиза!,0.0,1.0,0.0,0.0,Neutral,3,1,Negative,0.9998644590377808,neutral,3,Neutral,0.5602794885635376,neutral,3,Neutral,0.5221961736679077,Very Negative,1,Negative,0.5262642502784729,5,Positive,0.5381485473109539,5,Positive,0.0,5,Positive,0.6349464006319522,3.25,3,Neutral,Positive,False,False,False,False,False,True,True,True,False,"It was time to push this lifeless person, or it took the whole house.",True
NEUTRAL,"завтра вечером улетаю в израиль. на 3 недели в этом месте исполняется радостный танец. буду отдыхать и смотреть красоты. для связи со мной лучше всего использовать (в порядке уменьшения удобности): 1. почту trushynaukr.net. буду проверять как можно чаще, по мере доступа. 2. фейсбук, вконтакте. тоже по мере доступа. 3. если сильно надо меня услышать: телефон 3-725-93-04-006 это travelsim, вам звонок будет тарифицироваться как звонок за границу по странам восточной европы. 4. на мой обычный телефон можно звонить и писать смс, но отвечать я не буду, тарифы в мтс просто безобразные, уж извините. очень надеюсь, что все, кому я нужна, смогут со мной связаться) возвращаюсь 22 ноября. работать буду 23.11 в киеве, с 26.11 уже в одессе. всех обнимаю, до встреч)",0.059,0.835,0.107,0.7899,Positive,5,5,Positive,0.9953861832618713,neutral,3,Neutral,0.83198082447052,positive,5,Positive,0.7020930647850037,Neutral,3,Neutral,0.9368608593940735,1,Negative,0.6155139521356366,1,Negative,0.0,1,Negative,0.55,3.0,3,Neutral,Neutral,False,False,True,False,True,False,False,False,True,"Tomorrow evening I fly to Israel. for 3 weeks in this place is performed a joyful dance. I will rest and watch the beauty. 1. mail trushynaukr.net. I will check as often as possible, as access. 2. Facebook, Vkontakte. also as access. 3. if you really need to hear me: phone 3-725-93-04-006 is travelsim, your call will be charged as a call abroad in Eastern Europe. 4. on my regular phone you can call and text, but I will not answer, tariffs in mts just ugly, sorry. I really hope that everyone who needs me will be able to contact me) I return on November 22. I will work 23.11 in Kiev, from 26.11 already in Odessa. I hug everyone, until meetings",True
NEUTRAL,"нам 3 дня, мы родились 15 апреля, нас 11 - 5 девочек и 6 мальчиков сегодня нам купировали хвостики)) кто желает, у нас пока вроде не зарезервированных 2 мальчика и 5 девочек пишите, звоните. родители умачки, из хороших семей, воспитанные, чистые. раздача счастья - через месяц. благодарности обсуждаются с владельцами.",0.029,0.697,0.274,0.9413,Positive,5,3,Neutral,0.9999556541442871,positive,5,Positive,0.7374294996261597,negative,1,Negative,0.5201971530914307,Positive,5,Positive,0.3850071132183075,3,Neutral,0.6498954993830579,3,Neutral,0.0,3,Neutral,0.72,3.5,4,Positive,Neutral,False,True,False,False,False,True,True,True,False,"We are 3 days old, we were born on April 15, we were 11 - 5 girls and 6 boys today we stopped ponytails) who wants, we have, like, not reserved 2 boys and 5 girls write, call. parents of a smart girl, from good families, well-bred, clean. distribution of happiness - in a month. gratitude is discussed with the owners.",True
NEGATIVE,"блядские кроты , вы всё равно отсосёте.!ненавижу вас!",0.313,0.687,0.0,-0.4926,Negative,1,1,Negative,0.9999363422393799,negative,1,Negative,0.9642645716667175,negative,1,Negative,0.6787644028663635,Very Negative,1,Negative,0.8118732571601868,3,Neutral,0.5429276033654273,3,Neutral,0.0,1,Negative,0.47490282144628587,1.5,2,Negative,Negative,True,True,True,True,True,False,False,True,True,"You fuckin' moles, you're gonna suck it anyway!",True
NEUTRAL,температура у меня в палате,0.0,1.0,0.0,0.0,Neutral,3,1,Negative,0.9997093081474304,neutral,3,Neutral,0.8849778175354004,neutral,3,Neutral,0.9789412021636963,Neutral,3,Neutral,0.899014949798584,1,Negative,0.6812003487129445,1,Negative,0.0,1,Negative,0.9490645164582189,2.0,2,Negative,Neutral,True,False,True,True,True,False,False,False,False,temperature in my room,True
POSITIVE,думаю вам понравиться эта песня,0.0,0.615,0.385,0.3612,Positive,5,5,Positive,0.9906862378120422,positive,5,Positive,0.9472858905792236,positive,5,Positive,0.9817308187484741,Positive,5,Positive,0.8815757036209106,3,Neutral,0.5966143538643707,3,Neutral,0.0,5,Positive,0.4845690481376666,4.5,4,Positive,Positive,True,True,True,True,True,False,False,True,True,I think you'll like this song.,True
NEUTRAL,"шикаhное платье(простите за украденое фото) primark размер s состояние нового могу кинуть своё фото,что б подтвердить",0.143,0.762,0.094,-0.2732,Negative,3,3,Neutral,0.9954556226730347,negative,1,Negative,0.4991540312767029,positive,5,Positive,0.9265817999839783,Neutral,3,Neutral,0.8928825855255127,1,Negative,0.6163871890265956,1,Negative,0.0,3,Neutral,0.784784073826619,2.5,2,Negative,Neutral,False,True,False,False,True,False,False,True,False,Chic dress (sorry for the stolen photo) primark size s state of the new can throw your photo to confirm,True
NEUTRAL,в крыму их можно купить на обед),0.0,1.0,0.0,0.0,Neutral,3,5,Positive,0.5396830439567566,neutral,3,Neutral,0.9032791256904602,neutral,3,Neutral,0.9519088268280029,Neutral,3,Neutral,0.6114916205406189,3,Neutral,0.5506756876152283,3,Neutral,0.0,3,Neutral,0.8985451396397077,3.25,3,Neutral,Neutral,True,False,True,True,True,True,True,True,True,You can buy them in the Crimea for lunch.,True
NEGATIVE,"я заебалась бороться за слово ""мой"", пиздуй к своим шлюхам!",0.602,0.398,0.0,-0.8906,Negative,1,1,Negative,0.9999552965164185,negative,1,Negative,0.9504685401916504,negative,1,Negative,0.9933174848556519,Very Negative,1,Negative,0.48387065529823303,3,Neutral,0.5191224169664354,3,Neutral,0.0,3,Neutral,0.6413379815032685,1.75,2,Negative,Negative,True,True,True,True,True,False,False,False,True,"I'm fucking fighting for the word ""mine,"" fuck your whores!",True
NEUTRAL,"всем желаю здравствовать ! выясняется потребностьинтерес в механах из боевых бакелитовых корпусов 5,45 и 7,62, варианты для м серии в в дальней перспективе так же рассматриваются. если не трудно поделитесь опытом перепила или использования если таковой имеется. что более интересно в виде поторохов однорядные classic army tokyo marui или двухрядные gp? c каким проблемами сталкивались при перепиле или использовании данных магазинов? заранее благодарен )",0.062,0.778,0.16,0.7787,Positive,5,3,Neutral,0.987998366355896,neutral,3,Neutral,0.900326669216156,positive,5,Positive,0.8224402666091919,Neutral,3,Neutral,0.6804772615432739,3,Neutral,0.4795596091206304,3,Neutral,0.0,3,Neutral,0.6382971283312627,3.5,4,Positive,Neutral,False,True,True,False,True,True,True,True,False,"I wish everyone hello! there is a need for interest in mechans from combat bakelite hulls 5.45 and 7.62, options for the m series in the long run are also considered. if it is not difficult to share the experience of oversaw or use, if any. what is more interesting in the form of torches single-row classic army tokyo marui or two-row gp?",True
POSITIVE,"какое же счастье, когда у тебя есть сестра. она всегда.всегда будет рядом с тобой. она поймет тебя в сложной ситуации. сестра- это старый друг, который порой знает тебя лучше, чем ты сама. и который действительно скажет правду тебе, если ты сделал что-то не так. цените своих близких. ведь они- часть вас самих.",0.095,0.697,0.207,0.765,Positive,5,5,Positive,0.9987607002258301,positive,5,Positive,0.7876169681549072,positive,5,Positive,0.994731068611145,Positive,5,Positive,0.6303483843803406,5,Positive,0.4665937195016571,5,Positive,0.0,3,Neutral,0.49,4.75,5,Positive,Positive,True,True,True,True,True,True,True,False,True,What a joy it is when you have a sister. she will always be there for you. she will understand you in a difficult situation. sister is an old friend who sometimes knows you better than yourself. and who will really tell you the truth if you did something wrong.,True
NEUTRAL,новый антитабачный законопроект для россиян в инфографике! доступно и понятно.,0.0,1.0,0.0,0.0,Neutral,3,3,Neutral,0.9644361734390259,neutral,3,Neutral,0.8503273725509644,neutral,3,Neutral,0.7959949374198914,Positive,5,Positive,0.5679347515106201,3,Neutral,0.4313123364129672,5,Positive,0.0,3,Neutral,0.91,3.5,4,Positive,Neutral,True,True,True,True,False,True,False,True,False,A new anti-smoking bill for Russians in infographics!,True
POSITIVE,"2 сердечка, 40 пальцев, моя доченьки родние, 2 пупочка, связь незрима, я люблю и я любима. вот они, 4 ножки, побежали по дорожке, вот 2 ротика смеются, как же тут не улыбнуться? обняли 4 ручки, не страшны ни гром,ни тучки. носа 2, 4 пятки будьте дружными, девченки! всё я в них пересчитала, все у них расцеловала. 40 пальцев, 2 сердечка а вот счастье бесконечно!",0.067,0.673,0.261,0.9304,Positive,5,5,Positive,0.9994211196899414,positive,5,Positive,0.8589711785316467,positive,5,Positive,0.9865813255310059,Very Negative,1,Negative,0.7796025276184082,5,Positive,0.693105336848517,5,Positive,0.0,5,Positive,0.73,4.5,4,Positive,Positive,True,True,True,True,False,True,True,True,True,"2 hearts, 40 fingers, my daughters are relatives, 2 navels, the connection is invisible, I love and I am loved. here they are, 4 legs, ran along the track, here 2 mouths laugh, how not to smile here? hugged 4 hands, no thunder, no clouds. nose 2, 4 heels be friendly, girls! all I counted in them, all they kissed. 40 fingers, 2 hearts, but happiness is endless!",True
NEGATIVE,статус ппц (,0.0,1.0,0.0,0.0,Neutral,3,1,Negative,0.8700953722000122,negative,1,Negative,0.5733180046081543,positive,5,Positive,0.5948463678359985,Neutral,3,Neutral,0.884555459022522,3,Neutral,0.5920044524429456,3,Neutral,0.0,5,Positive,0.3467645597987344,3.0,3,Neutral,Negative,False,True,True,False,False,False,False,False,False,pc status,True
NEGATIVE,"многие хотят серьёзных отношений, а когда они появляются - изменяют друг другу. вопрос:нахуй?",0.259,0.663,0.078,-0.4588,Negative,1,3,Neutral,0.9910634756088257,neutral,3,Neutral,0.6104574203491211,negative,1,Negative,0.8930195569992065,Negative,1,Negative,0.6166810989379883,3,Neutral,0.5791402594283208,3,Neutral,0.0,3,Neutral,0.93,2.25,2,Negative,Negative,True,False,False,True,True,False,False,False,True,"Many people want a serious relationship, and when they appear, they cheat on each other.",True
NEGATIVE,тебя марина за такие картинки опять отлупит! камикадзэ херов))),0.0,1.0,0.0,0.0,Neutral,3,3,Neutral,0.9999771118164062,negative,1,Negative,0.5159816145896912,negative,1,Negative,0.6211431622505188,Positive,5,Positive,0.5312083959579468,1,Negative,0.47460243663534774,1,Negative,0.0,3,Neutral,0.4567276257852175,2.25,2,Negative,Negative,False,False,True,True,False,True,True,False,True,You're gonna get slapped off by the marina for those pictures!,True
NEUTRAL,что вчера было?,0.0,1.0,0.0,0.0,Neutral,3,3,Neutral,0.9985262155532837,neutral,3,Neutral,0.9003738760948181,neutral,3,Neutral,0.9986012578010559,Neutral,3,Neutral,0.8410912156105042,1,Negative,0.5448500221830611,1,Negative,0.0,3,Neutral,0.9374942062787336,2.5,2,Negative,Neutral,True,True,True,True,True,False,False,True,False,What happened yesterday?,True
POSITIVE,"переезд, на супер тачанке!",0.0,1.0,0.0,0.0,Neutral,3,1,Negative,0.536068856716156,positive,5,Positive,0.9342387318611145,neutral,3,Neutral,0.9490996599197388,Positive,5,Positive,0.6206722259521484,5,Positive,0.6622452855559908,5,Positive,0.0,5,Positive,0.99,4.0,4,Positive,Positive,False,False,True,False,True,True,True,True,True,Moving in a supercar!,True
NEUTRAL,держи подарочек от меня!,0.0,1.0,0.0,0.0,Neutral,3,5,Positive,0.9836142063140869,positive,5,Positive,0.6181217432022095,neutral,3,Neutral,0.9727024435997009,Positive,5,Positive,0.6154915690422058,5,Positive,0.5932839076279453,5,Positive,0.0,1,Negative,0.7597786173826099,4.0,4,Positive,Neutral,True,False,False,True,False,False,False,False,False,Keep a present from me!,True
NEUTRAL,концерт. солдат 2012 2,0.0,1.0,0.0,0.0,Neutral,3,3,Neutral,0.9991074204444885,neutral,3,Neutral,0.8586029410362244,neutral,3,Neutral,0.9236478805541992,Neutral,3,Neutral,0.6905046105384827,3,Neutral,0.5623186346655422,3,Neutral,0.0,3,Neutral,0.6809280803624607,3.0,3,Neutral,Neutral,True,True,True,True,True,True,True,True,True,Concert Soldier 2012 2,True
NEUTRAL,"известный русский мыслитель максим евсеев продолжает троллить в фб-группе ""сценаристы, режиссёры и продюсеры"" по адресу только что он запостил там такую просьбу с картинками: ""коллеги! прошу кого-нибудь из вас о 5-минутной безвозмездной помощи. дело в том, что у меня врождённый кретинизм на все комп. программы, а мне надо (для будущего сценарного питчинга сценария ""философские войска россии"") соединить в фотошопе две прикрепленные картинки - одну над другой. и чтобы под ними была надпись: ""каждый зритель имеет те киностудии, которые он заслуживает"". поможете?. какую картинку над какой - это уже на ваш художественный вкус, ибо я не очень визуал"".",0.0,0.971,0.029,0.4019,Positive,5,3,Neutral,0.9005613327026367,neutral,3,Neutral,0.9118675589561462,negative,1,Negative,0.9796828627586365,Very Positive,5,Positive,0.41870126128196716,3,Neutral,0.6240023430729151,3,Neutral,0.0,3,Neutral,0.5,3.25,3,Neutral,Neutral,False,True,True,False,False,True,True,True,True,"The famous Russian thinker Maxim Evseev continues to troll in the FB group ""writers, directors and producers"" at the address he just posted there such a request with pictures: ""Colleagues, I ask one of you for a 5-minute gratuitous help. the fact is that I have an innate cretinism for all computer programs, and I need (for the future script pitching of the script ""philosophical troops of Russia"") to combine two attached pictures in Photoshop - one above the other. and that under them there is a movie that I do not deserve to see what kind of the picture.""",True
NEUTRAL,скоро в питер,0.0,1.0,0.0,0.0,Neutral,3,3,Neutral,0.9994457364082336,neutral,3,Neutral,0.8072251081466675,positive,5,Positive,0.5732084512710571,Negative,1,Negative,0.8678327798843384,5,Positive,0.5235898636782628,5,Positive,0.0,3,Neutral,0.8538203608074842,3.5,4,Positive,Neutral,True,True,True,False,False,False,False,True,False,soon,True
NEUTRAL,буду рад видеть тебя в своём паблике -,0.0,0.625,0.375,0.6369,Positive,5,3,Neutral,0.600170373916626,positive,5,Positive,0.5061718821525574,positive,5,Positive,0.9309852123260498,Positive,5,Positive,0.7104204297065735,3,Neutral,0.4595558638523604,3,Neutral,0.0,5,Positive,0.91,4.25,4,Positive,Neutral,False,True,False,False,False,True,True,False,False,I'd love to see you in my public.,True
POSITIVE,я и мое милое солнце)),0.0,0.571,0.429,0.4588,Positive,5,5,Positive,0.9991803765296936,positive,5,Positive,0.9941293001174927,positive,5,Positive,0.633730411529541,Very Positive,5,Positive,0.3758505880832672,3,Neutral,0.6615429109820712,3,Neutral,0.0,3,Neutral,0.5665410803270268,4.25,4,Positive,Positive,True,True,True,True,True,False,False,False,True,me and my sweet sun),True
NEGATIVE,еле еле проснулся.,0.0,1.0,0.0,0.0,Neutral,3,1,Negative,0.9913933277130127,neutral,3,Neutral,0.5328770279884338,neutral,3,Neutral,0.9994382262229919,Neutral,3,Neutral,0.7151828408241272,1,Negative,0.5005961929800818,3,Neutral,0.0,5,Positive,0.4357213734163033,2.75,3,Neutral,Negative,False,True,False,False,False,True,False,False,False,I barely woke up.,True
POSITIVE,"я благодарен тебе жизнь, ведь ты у меня классная!",0.0,0.448,0.552,0.8122,Positive,5,5,Positive,0.9991225600242615,positive,5,Positive,0.9918872714042664,positive,5,Positive,0.9829301238059998,Very Positive,5,Positive,0.7187339067459106,3,Neutral,0.5769909411585586,3,Neutral,0.0,3,Neutral,0.7647839024333833,4.25,4,Positive,Positive,True,True,True,True,True,False,False,False,True,"I'm grateful for your life, because you're great!",True
POSITIVE,"ну раз уж вы теперь тоже в нашей секте)) ахахах))) то поймете прикол)) кста, рекомендую смотреть декса в переводе от novafilm,там перевод бомбовский! :)",0.0,0.842,0.158,0.5983,Positive,5,3,Neutral,0.9999781847000122,positive,5,Positive,0.9820193648338318,neutral,3,Neutral,0.49495264887809753,Positive,5,Positive,0.5925254821777344,3,Neutral,0.5361670457719098,3,Neutral,0.0,3,Neutral,0.6448176561434331,3.75,4,Positive,Positive,True,False,True,False,True,False,False,False,True,"Well, since you are now also in our sect) (ahah)) then you will understand the prank, I recommend watching dex in translation from novafilm, there is a translation of bombovskih! :",True
NEGATIVE,саша громовая слишком много выёбываешься. авор:аноним.,0.0,1.0,0.0,0.0,Neutral,3,1,Negative,0.9998698234558105,negative,1,Negative,0.8726563453674316,negative,1,Negative,0.8666359782218933,Negative,1,Negative,0.6836749911308289,3,Neutral,0.6011087780577554,3,Neutral,0.0,1,Negative,0.633769835253474,1.75,2,Negative,Negative,False,True,True,True,True,False,False,True,True,You're fucking too much. Anonymous.,True
NEGATIVE,"ужасно, когда привязываешься к человеку и, как больной, ждешь от него звонка или сообщения, а ему там и без тебя хорошо.",0.184,0.661,0.155,-0.25,Negative,3,1,Negative,0.9998519420623779,negative,1,Negative,0.7535867094993591,negative,1,Negative,0.9607949256896973,Very Negative,1,Negative,0.5728214383125305,1,Negative,0.9564062542728922,1,Negative,0.0,1,Negative,0.57,1.25,1,Negative,Negative,True,True,True,True,True,True,True,True,True,"It is terrible when you become attached to a person and, like a sick person, you expect a call or a message from him, and he feels good there without you.",True
NEUTRAL,какая из этих историй о любви наиболее трагична?,0.227,0.483,0.29,0.228,Positive,3,3,Neutral,0.7978874444961548,neutral,3,Neutral,0.847545862197876,negative,1,Negative,0.6067491769790649,Very Negative,1,Negative,0.5540205836296082,3,Neutral,0.46226201624818536,5,Positive,0.0,3,Neutral,0.4220810080976877,2.75,3,Neutral,Neutral,False,True,True,False,False,True,False,True,True,Which of these love stories is the most tragic?,True
NEGATIVE,кто мне ши разбил ? !,0.508,0.492,0.0,-0.4753,Negative,1,3,Neutral,0.9996792078018188,neutral,3,Neutral,0.6218253970146179,negative,1,Negative,0.6207304000854492,Very Negative,1,Negative,0.6541058421134949,3,Neutral,0.5298840322374212,3,Neutral,0.0,3,Neutral,0.4753664537256753,2.25,2,Negative,Negative,True,False,False,True,True,False,False,False,True,Who broke my shee? !,True
POSITIVE,"я рад, что тебя встретил, хоть не искал особо, ты не подарок, конечно, но для меня особенная, хороша по-своему а главное - моя, ты плюс я - любовь, не как иначе.",0.09,0.539,0.371,0.9441,Positive,5,5,Positive,0.9156413674354553,positive,5,Positive,0.9541578888893127,positive,5,Positive,0.9957787990570068,Very Positive,5,Positive,0.46916887164115906,3,Neutral,0.7033139345195162,3,Neutral,0.0,3,Neutral,0.5913988277967104,4.25,4,Positive,Positive,True,True,True,True,True,False,False,False,True,"I'm glad I met you, although I didn't look for you, you're not a gift, of course, but for me special, good in my own way and most importantly - mine, you plus me - love, no other way.",True
POSITIVE,для веселого настроения и чтобы рыба хорошо ловилась))))))))))))))))))),0.0,1.0,0.0,0.0,Neutral,3,5,Positive,0.9961178302764893,positive,5,Positive,0.9791143536567688,positive,5,Positive,0.5823421478271484,Neutral,3,Neutral,0.6947551965713501,3,Neutral,0.49974567158449185,3,Neutral,0.0,1,Negative,0.5003056471535607,3.5,4,Positive,Positive,False,True,True,True,False,False,False,False,True,(a) ()) ()) () ()) () () (),True
NEUTRAL,"забейте хуй на контакт, сидите тут",0.412,0.588,0.0,-0.5423,Negative,1,3,Neutral,0.8391848802566528,negative,1,Negative,0.6995540857315063,negative,1,Negative,0.8475720882415771,Very Negative,1,Negative,0.4945848286151886,1,Negative,0.8186187555749653,1,Negative,0.0,1,Negative,0.7,1.25,1,Negative,Neutral,False,True,False,False,False,False,False,False,False,"Shut the fuck up, sit here.",True
NEUTRAL,"последний звонок 2013. (слова, музыка, исполнение на фортепиано и зачитка : макс чувашев) как будто это было вчера.",0.0,1.0,0.0,0.0,Neutral,3,3,Neutral,0.997300922870636,neutral,3,Neutral,0.6749078035354614,positive,5,Positive,0.9418394565582275,Neutral,3,Neutral,0.8674056529998779,3,Neutral,0.5289848809910536,3,Neutral,0.0,3,Neutral,0.7866478532737122,3.25,3,Neutral,Neutral,True,True,True,False,True,True,True,True,True,"The last call of 2013. (words, music, piano performance and reading : Max Chuvashev) as if it was yesterday.",True
NEUTRAL,еще рановато))это тебе уже пора),0.0,1.0,0.0,0.0,Neutral,3,3,Neutral,0.5118624567985535,neutral,3,Neutral,0.6907554268836975,negative,1,Negative,0.3941146731376648,Negative,1,Negative,0.39793962240219116,3,Neutral,0.7585364287725894,3,Neutral,0.0,1,Negative,0.7126233283972369,2.25,2,Negative,Neutral,True,True,True,False,False,True,True,False,False,It's a little early.,True
NEUTRAL,фотодизайн -4 грн. слайдердизайн -5 грн. минимальный заказ - 20 шт.,0.0,1.0,0.0,0.0,Neutral,3,3,Neutral,0.9999449253082275,neutral,3,Neutral,0.8995261788368225,neutral,3,Neutral,0.9959789514541626,Neutral,3,Neutral,0.9154626131057739,3,Neutral,0.5195777041768779,3,Neutral,0.0,1,Negative,0.6539693698574875,2.75,3,Neutral,Neutral,True,True,True,True,True,True,True,False,True,Photo design -4 UAH. slider design -5 UAH. minimum order - 20 pcs.,True
POSITIVE,ааауеее)) по-моему он отличен был в этом платье и чулках))) отличная энергетика)) даже от трех его песен) я довольна)))) ее,0.0,0.76,0.24,0.6249,Positive,5,5,Positive,0.9996065497398376,positive,5,Positive,0.993505597114563,positive,5,Positive,0.8986510038375854,Very Positive,5,Positive,0.5574194192886353,3,Neutral,0.5275258356696247,3,Neutral,0.0,3,Neutral,0.5638125145426187,4.25,4,Positive,Positive,True,True,True,True,True,False,False,False,True,I think he was great in that dress and stockings.) (even from his three songs),True
POSITIVE,на всю жизнь мы с братом вместе.,0.0,1.0,0.0,0.0,Neutral,3,3,Neutral,0.8241258263587952,positive,5,Positive,0.5079753994941711,positive,5,Positive,0.8861322402954102,Positive,5,Positive,0.6101940274238586,3,Neutral,0.6477012570409575,3,Neutral,0.0,5,Positive,0.48,4.0,4,Positive,Positive,False,False,True,True,True,False,False,True,True,My brother and I are together for life.,True
POSITIVE,"анечка! ты самая любимая наша! самая дерзкая и вугарная:d с тобой невозможно не ржать:d ты вечно несешь какой-то бред,от которого так и тянет поржать! ты научила меня просто смотреть на вещи! ты такой человек,которого я ни разу не видела в депрессии больше 2 минут) ты умеешь отвекаться! любим,всегда будем любить! очень надеюсь,что еще тебя увижу! и помни!перед тобой же все двери открыты! :dd так что лапай там всех и все в тюмени) и отписывайс,рассказывай о своих похождениях,твою мааать) и самое главно!не. дальше знаешь:dddd",0.066,0.733,0.201,0.9511,Positive,5,5,Positive,0.9436953663825989,positive,5,Positive,0.9234762787818909,positive,5,Positive,0.9862822890281677,Very Positive,5,Positive,0.6680662035942078,1,Negative,0.693252080109696,1,Negative,0.0,1,Negative,0.59,3.5,4,Positive,Positive,True,True,True,True,True,False,False,False,True,"Anechka! you are our favorite! the most daring and vulgar: d with you it is impossible not to laugh: d you always carry some nonsense, from which you always want to scold! you taught me just to look at things! you are such a person who I have never seen in depression for more than 2 minutes) you know how to respond! love, always we will love! I really hope that I will see you! and remember! in front of you all the doors are open! :dd so paw all there and all in the tumen) and unsublish, tell me about your adventures, you know what is the main thing!",True
POSITIVE,"""у него нет шансов"" громко заявили обстоятельства. ""он неудачник"" крикнули люди. ""у него всё получится"" тихо сказал бог.",0.0,0.896,0.104,0.2732,Positive,3,3,Neutral,0.9419178366661072,neutral,3,Neutral,0.4836348593235016,positive,5,Positive,0.8352386951446533,Very Negative,1,Negative,0.47246161103248596,3,Neutral,0.612923611327992,3,Neutral,0.0,3,Neutral,0.3812519417260901,3.0,3,Neutral,Positive,True,False,False,True,False,False,False,False,False,"""He doesn't stand a chance,"" the circumstances loudly declared, ""he's a loser,"" people shouted, ""he's going to succeed,"" God said quietly.",True
POSITIVE,"правда, он классный?;)",0.495,0.505,0.0,-0.2411,Negative,3,5,Positive,0.9698120951652527,positive,5,Positive,0.9398779273033142,positive,5,Positive,0.8416674137115479,Negative,1,Negative,0.23149143159389496,5,Positive,0.9236843054294908,5,Positive,0.0,5,Positive,0.98,4.25,4,Positive,Positive,False,True,True,True,False,True,True,True,True,Isn't he cool?,True
POSITIVE,"домой, домой, в пииитер! паребрик,парадная, парапет! нахер москву!",0.267,0.733,0.0,-0.6571,Negative,1,5,Positive,0.9995224475860596,negative,1,Negative,0.5801194310188293,negative,1,Negative,0.7964425683021545,Very Negative,1,Negative,0.4589948356151581,1,Negative,0.5708858468530478,1,Negative,0.0,3,Neutral,0.7353946721717353,1.75,2,Negative,Positive,False,True,False,False,False,False,False,False,False,"Go home, go home, go to the pub! parebric, parade, parapet! Fuck Moscow!",True
POSITIVE,"наконец-то, один из готовых треков на альбом ""2012""! цените!",0.0,1.0,0.0,0.0,Neutral,3,5,Positive,0.9966555833816528,positive,5,Positive,0.9658206105232239,positive,5,Positive,0.5775153636932373,Very Positive,5,Positive,0.5100376009941101,3,Neutral,0.5298840322374212,3,Neutral,0.0,3,Neutral,0.4753664537256753,4.0,4,Positive,Positive,False,True,True,True,True,False,False,False,True,"Finally, one of the finished tracks for the album ""2012""!",True
NEUTRAL,"здарова!глянь ""призраки в коннектикуте""!",0.0,1.0,0.0,0.0,Neutral,3,3,Neutral,0.9999265670776367,negative,1,Negative,0.5044063329696655,neutral,3,Neutral,0.5002385973930359,Very Positive,5,Positive,0.6679559946060181,3,Neutral,0.5298840322374212,3,Neutral,0.0,3,Neutral,0.47536645372567526,3.0,3,Neutral,Neutral,True,True,False,True,False,True,True,True,True,Look at the ghosts in Connecticut!,True
NEGATIVE,"что то непонятное происходит подал заявку на вступление в группу лучшие люди нации работают в мобилизации, а никакого ответа нет. может быть разъясните.",0.152,0.606,0.242,0.5267,Positive,5,1,Negative,0.996300458908081,negative,1,Negative,0.580414354801178,negative,1,Negative,0.991621732711792,Negative,1,Negative,0.46757298707962036,1,Negative,0.48492371143038693,1,Negative,0.0,3,Neutral,0.45615892594722907,1.75,2,Negative,Negative,False,True,True,True,True,True,True,False,True,"Something strange is happening applied to join the group of the nation's best people working in mobilization, and no answer.",True
POSITIVE,"пост самолюбования)) устроили себе с систером выходной) сгоняли на набережную кабана и в парк горького. в парке отлично и уже во всю работают фонтаны) а на озере продают сувениры, выпечку и показывают мастер-классы) и да, кажется, там все-таки запустили речные трамвайчики)",0.0,0.868,0.132,0.7845,Positive,5,3,Neutral,0.9999775886535645,positive,5,Positive,0.7435140609741211,positive,5,Positive,0.9797249436378479,Positive,5,Positive,0.6256726980209351,5,Positive,0.6013384080866272,5,Positive,0.0,5,Positive,0.9017312100565701,4.75,5,Positive,Positive,True,False,True,True,True,True,True,True,True,"post of self-admiration)) arranged a day off for themselves with the nurse) drove to the embankment of a boar and to the Gorky Park. the park is excellent and fountains are already in full operation) and on the lake they sell souvenirs, pastries and show master classes) and yes, it seems that there still launched river trams",True
NEUTRAL,я оценил твой характер! где посмотреть? здесь -,0.0,0.69,0.31,0.4019,Positive,5,3,Neutral,0.999930739402771,neutral,3,Neutral,0.9426422119140625,positive,5,Positive,0.6568320989608765,Positive,5,Positive,0.46036702394485474,3,Neutral,0.5170304511036758,3,Neutral,0.0,3,Neutral,0.8565432908699411,3.75,4,Positive,Neutral,False,True,True,False,False,True,True,True,False,I appreciate your character. Where can I see it?,True
NEUTRAL,де мопассан ги. одиночество (весь текст) -,0.359,0.641,0.0,-0.4215,Negative,1,3,Neutral,0.9709996581077576,neutral,3,Neutral,0.7136349081993103,positive,5,Positive,0.8950637578964233,Neutral,3,Neutral,0.3227761685848236,3,Neutral,0.46081895172706033,3,Neutral,0.0,3,Neutral,0.664512586084981,3.0,3,Neutral,Neutral,False,True,True,False,True,True,True,True,True,De Maupassant Gi. loneliness (full text) -,True
POSITIVE,"люблю веселых и немного сумасшедших людей, с которыми можно просто смотреть друг другу в глаза и смеяться просто так, без причины",0.135,0.531,0.334,0.8122,Positive,5,3,Neutral,0.4814459979534149,positive,5,Positive,0.9859898090362549,positive,5,Positive,0.9520610570907593,Positive,5,Positive,0.6895049214363098,3,Neutral,0.5284787570436053,3,Neutral,0.0,3,Neutral,0.5608099782143751,4.0,4,Positive,Positive,True,False,True,True,True,False,False,False,True,I love funny and a little crazy people with whom you can just look each other in the eye and laugh for no reason.,True
NEUTRAL,я в последнее время задумывался что странно что такого фильма еще нет.,0.246,0.754,0.0,-0.4423,Negative,1,3,Neutral,0.9992642998695374,neutral,3,Neutral,0.8108548521995544,positive,5,Positive,0.9830069541931152,Negative,1,Negative,0.8564665913581848,3,Neutral,0.7395583950548232,3,Neutral,0.0,3,Neutral,0.8149689630426838,2.75,3,Neutral,Neutral,False,True,True,False,False,True,True,True,True,I've been thinking lately that it's strange that there isn't a movie like this yet.,True
NEUTRAL,зил в очередной раз горит. зил,0.375,0.625,0.0,-0.34,Negative,1,1,Negative,0.9701871871948242,negative,1,Negative,0.4282096326351166,neutral,3,Neutral,0.8662124872207642,Neutral,3,Neutral,0.9160159826278687,1,Negative,0.5897773031375603,1,Negative,0.0,1,Negative,0.886711918340348,1.5,2,Negative,Neutral,False,False,False,True,True,False,False,False,False,The fire is burning again.,True
NEGATIVE,"поляки - это вообще отдельная тема. 1-го сентября 2009 года (к 70-летию начала второй мировой войны) свр рассекретила документы, которые вошли в сборник ""секреты польской политики"". составитель лев соцков. пресс конференцию можно посмотреть здесь почитать на эту тему можно здесь поляки - еще те ""мягкие и пушистые"". и, похоже, от своих планов они не отказались.",0.0,0.963,0.037,0.357,Positive,5,5,Positive,0.5519033074378967,neutral,3,Neutral,0.8973058462142944,neutral,3,Neutral,0.8172699213027954,Neutral,3,Neutral,0.73492431640625,1,Negative,0.5494292202324661,1,Negative,0.0,1,Negative,0.66,2.75,3,Neutral,Negative,False,False,False,False,False,True,True,True,False,"Poles are a separate subject. On September 1, 2009 (to the 70th anniversary of the beginning of the Second World War), the Svr declassified the documents that were included in the collection ""Secrets of Polish Politics."" compiler Lev Sotskov. press conference you can see here you can read on this topic here Poles - even those ""soft and fluffy."" They seem to have not abandoned their plans.",True
NEUTRAL,- нет! - согласилась она.,0.446,0.179,0.376,-0.1007,Neutral,3,3,Neutral,0.8470679521560669,neutral,3,Neutral,0.8061884045600891,neutral,3,Neutral,0.9987713694572449,Negative,1,Negative,0.49294355511665344,3,Neutral,0.5298840322374212,3,Neutral,0.0,3,Neutral,0.4753664537256753,2.75,3,Neutral,Neutral,True,True,True,True,False,True,True,True,True,- No! she agreed.,True
POSITIVE,"бест френд,ты жжёшь))))))))",0.0,0.213,0.787,0.8126,Positive,5,3,Neutral,0.9982401132583618,positive,5,Positive,0.6532148718833923,positive,5,Positive,0.6000369787216187,Neutral,3,Neutral,0.4710785150527954,3,Neutral,0.5298840322374212,3,Neutral,0.0,3,Neutral,0.4753664537256753,3.75,4,Positive,Positive,True,False,True,True,False,False,False,False,True,"Best friend, you're burning.)",True
NEGATIVE,я с тобой больше пить не буду,0.0,1.0,0.0,0.0,Neutral,3,3,Neutral,0.805643618106842,neutral,3,Neutral,0.6154435873031616,negative,1,Negative,0.9834729433059692,Very Negative,1,Negative,0.4533912241458893,5,Positive,0.43374184806890514,5,Positive,0.0,3,Neutral,0.5570746603716747,3.0,3,Neutral,Negative,False,False,False,True,True,False,False,False,False,I won't drink with you anymore.,True
NEUTRAL,"решил не скреплять в одну фотку, а выложить отдельными фотками ,чтобы было удобнее рассмотреть )",0.0,0.829,0.171,0.5719,Positive,5,3,Neutral,0.9999804496765137,neutral,3,Neutral,0.8796875476837158,positive,5,Positive,0.520430862903595,Negative,1,Negative,0.43014952540397644,3,Neutral,0.7000836677943895,3,Neutral,0.0,5,Positive,0.3573891379969021,3.5,4,Positive,Neutral,False,True,True,False,False,True,True,False,False,"decided not to fasten in one photo, but to lay out separate photos to make it easier to see.",True
POSITIVE,сейчас такое шоу видела за окном ))) полный атас!),0.0,1.0,0.0,0.0,Neutral,3,5,Positive,0.9997310042381287,positive,5,Positive,0.5319148302078247,positive,5,Positive,0.5695256590843201,Very Negative,1,Negative,0.7821661233901978,1,Negative,0.7509537649152614,1,Negative,0.0,1,Negative,0.5471492459331497,2.75,3,Neutral,Positive,False,True,True,True,False,False,False,False,False,I’ve seen this show out the window now. ),True
NEUTRAL,"долгожданная презентация! как и обещал, презентую наш с id22261059леной новый магазин. мы долго к этому шли, долго готовились, долго выбирали ассортимент и вот наконец все готово. приглашаем в магазин продукции crest. отбеливающие пластинки, отбеливающие зубные пасты, ополаскиватели - это все про нас. алсо: жевачка с корицей, и еще кое что. заходите, нажимайте, спрашивайте ответим на все вопросы. вот наш адрес в интернете: для тех, кто не любит покидать контакт мы сделали приложение в контакте: спасибо id1154117варе, которая подкинула идею.",0.022,0.851,0.128,0.809,Positive,5,5,Positive,0.9910539984703064,neutral,3,Neutral,0.8223749995231628,positive,5,Positive,0.9562053680419922,Very Negative,1,Negative,0.3621223270893097,3,Neutral,0.4874092118248366,3,Neutral,0.0,5,Positive,0.54,3.75,4,Positive,Neutral,False,False,True,False,False,True,True,False,False,"long-awaited presentation! as promised, I present our new store with id22261059len. we went for a long time, prepared for a long time, chose a range for a long time and finally everything is ready. we invite to the store products crest. whitening plates, whitening toothpastes, rinses - it's all about us. also: gum with cinnamon, and something else. come in, click, ask us to answer all questions. here is our address on the Internet: for those who do not like to leave contact, we made an application in contact: thank you id11541, which gave the idea.",True
NEUTRAL,специально для гриши )))),0.0,1.0,0.0,0.0,Neutral,3,3,Neutral,0.9986258745193481,neutral,3,Neutral,0.8729281425476074,positive,5,Positive,0.9357160329818726,Neutral,3,Neutral,0.41010206937789917,3,Neutral,0.46640563605715346,3,Neutral,0.0,3,Neutral,0.8706003029042306,3.25,3,Neutral,Neutral,True,True,True,False,True,True,True,True,True,especially for grille ),True
NEUTRAL,один в один,0.0,1.0,0.0,0.0,Neutral,3,3,Neutral,0.9990271329879761,neutral,3,Neutral,0.8802933096885681,positive,5,Positive,0.8126304745674133,Neutral,3,Neutral,0.9066857695579529,3,Neutral,0.0,3,Neutral,0.0,3,Neutral,0.0,3.25,3,Neutral,Neutral,True,True,True,False,True,True,True,True,True,one-on-one,True
NEUTRAL,фотка от беллини :) остальные фото по ссылке:,0.0,0.7,0.3,0.4588,Positive,5,3,Neutral,0.9999966621398926,neutral,3,Neutral,0.9141421318054199,positive,5,Positive,0.6046125292778015,Neutral,3,Neutral,0.6838736534118652,3,Neutral,0.649300689565298,3,Neutral,0.0,3,Neutral,0.843369731866725,3.5,4,Positive,Neutral,False,True,True,False,True,True,True,True,False,Photo by Bellini :) Other photos by link:,True
NEUTRAL,какая машина твоя? тест можно пройти тут,0.0,1.0,0.0,0.0,Neutral,3,3,Neutral,0.9999973773956299,neutral,3,Neutral,0.9204989075660706,neutral,3,Neutral,0.9632984399795532,Neutral,3,Neutral,0.8996899127960205,3,Neutral,0.7384419092017234,3,Neutral,0.0,3,Neutral,0.92,3.0,3,Neutral,Neutral,True,True,True,True,True,True,True,True,True,What kind of car is yours?,True
POSITIVE,"когда нибудь я напишу в статусе''счастлива''закину пару фото с сыном,и больше никогда не появлюсь онлайн!",0.0,0.765,0.235,0.6114,Positive,5,5,Positive,0.9968613386154175,positive,5,Positive,0.8605130314826965,negative,1,Negative,0.8309449553489685,Very Negative,1,Negative,0.8258990049362183,1,Negative,0.4485398569898956,1,Negative,0.0,3,Neutral,0.7808538468595115,2.75,3,Neutral,Positive,True,True,True,False,False,False,False,False,False,Someday I'll post a happy photo with my son and I'll never be online again!,True
NEUTRAL,"ксюша, минитест какая ты ягодка показал результат ниже. много других тестов здесь -",0.0,1.0,0.0,0.0,Neutral,3,3,Neutral,0.9999855756759644,neutral,3,Neutral,0.8084032535552979,neutral,3,Neutral,0.9943734407424927,Negative,1,Negative,0.8336743712425232,1,Negative,0.4299933345308018,3,Neutral,0.0,3,Neutral,0.679538484492381,2.5,2,Negative,Neutral,True,True,True,True,False,False,True,True,False,"Ksyusha, mini-test of what kind of berry you showed the result below.",True
POSITIVE,эта песня ассоциируется с тобой :,0.0,1.0,0.0,0.0,Neutral,3,5,Positive,0.787192702293396,positive,5,Positive,0.5136367678642273,positive,5,Positive,0.8028457164764404,Neutral,3,Neutral,0.8475741744041443,3,Neutral,0.6269059779985263,3,Neutral,0.0,5,Positive,0.6161421389514189,4.0,4,Positive,Positive,False,True,True,True,False,False,False,True,True,This song is associated with you :,True
NEUTRAL,хеловин не в тренде,0.0,1.0,0.0,0.0,Neutral,3,1,Negative,0.9912229776382446,neutral,3,Neutral,0.8412961959838867,negative,1,Negative,0.7273349165916443,Negative,1,Negative,0.7410027384757996,3,Neutral,0.5298840322374212,3,Neutral,0.0,3,Neutral,0.47536645372567526,2.25,2,Negative,Neutral,True,False,True,False,False,True,True,True,False,chelovine off-trend,True
NEUTRAL,а кому посвещен твой фотостатус?,0.0,1.0,0.0,0.0,Neutral,3,3,Neutral,0.9999799728393555,neutral,3,Neutral,0.8791797161102295,neutral,3,Neutral,0.9698310494422913,Neutral,3,Neutral,0.8895890116691589,3,Neutral,0.4369126208887534,3,Neutral,0.0,1,Negative,0.48822885202729105,2.75,3,Neutral,Neutral,True,True,True,True,True,True,True,False,True,Who gets your photostatus?,True
POSITIVE,"я хочу остаться сумасшедшей, жить так, как я мечтаю, а не так, как хочется другим. пауло коэльо",0.12,0.65,0.23,0.0516,Neutral,3,5,Positive,0.5994837880134583,negative,1,Negative,0.6483187675476074,neutral,3,Neutral,0.996300458908081,Negative,1,Negative,0.49518316984176636,3,Neutral,0.5463799423982559,3,Neutral,0.0,3,Neutral,0.5040236229551566,2.75,3,Neutral,Positive,False,True,False,False,False,False,False,False,False,"I want to stay crazy, live the way I dream, not the way others want me to. – Paulo Coelho",True
NEUTRAL,никогда не позволяй маленькой ссоре испортить большую дружбу.,0.257,0.27,0.473,0.4939,Positive,5,3,Neutral,0.9997394680976868,neutral,3,Neutral,0.780278205871582,positive,5,Positive,0.7711499929428101,Negative,1,Negative,0.6446980834007263,1,Negative,0.6971441190979929,1,Negative,0.0,3,Neutral,0.5199894077776075,2.75,3,Neutral,Neutral,False,True,True,False,False,False,False,True,True,Never let a small quarrel ruin a great friendship.,True
POSITIVE,"иногда слушая terry lee brown junior ко мне приходит чувство что моя жизнь движется в правильном направлении, что я начинаю понимать смысл происходящего и самое главное начинаю получать от этого удовольствие. быть может это иллюзия и только.",0.0,0.854,0.146,0.6997,Positive,5,5,Positive,0.9996598958969116,positive,5,Positive,0.670195996761322,positive,5,Positive,0.9991686344146729,Positive,5,Positive,0.9053347110748291,5,Positive,0.4202167608290366,5,Positive,0.0,3,Neutral,0.44,4.75,5,Positive,Positive,True,True,True,True,True,True,True,False,True,"Sometimes listening to terry lee brown junior makes me feel that my life is moving in the right direction, that I begin to understand the meaning of what is happening and most importantly begin to enjoy it.",True
NEGATIVE,ну это пиздец.надеюсь норм написал,0.306,0.347,0.347,-0.1027,Neutral,3,1,Negative,0.9999128580093384,negative,1,Negative,0.8015354871749878,negative,1,Negative,0.7148314118385315,Negative,1,Negative,0.34023475646972656,1,Negative,0.47012956507327885,3,Neutral,0.0,3,Neutral,0.48125825953015583,1.75,2,Negative,Negative,False,True,True,True,True,True,False,False,True,"Well, that's fucked up. I hope I wrote the norms.",True
NEUTRAL,"не знаю, может уже видела)",0.0,1.0,0.0,0.0,Neutral,3,3,Neutral,0.8869937658309937,neutral,3,Neutral,0.9214709401130676,neutral,3,Neutral,0.5504021048545837,Neutral,3,Neutral,0.3636340796947479,3,Neutral,0.5298840322374212,3,Neutral,0.0,3,Neutral,0.47536645372567526,3.0,3,Neutral,Neutral,True,True,True,True,True,True,True,True,True,"I don't know, maybe I've seen it.",True
NEUTRAL,"- ишь что задумали. они думают, мы думаем что мы и, правда, думаем, что мы так думаем, а мы только думаем, что мы так думаем, я думаю спанч боб",0.0,1.0,0.0,0.0,Neutral,3,3,Neutral,0.9999940395355225,neutral,3,Neutral,0.732466995716095,neutral,3,Neutral,0.7672979831695557,Very Negative,1,Negative,0.40793585777282715,3,Neutral,0.508485494699081,3,Neutral,0.0,3,Neutral,0.99,2.75,3,Neutral,Neutral,True,True,True,True,False,True,True,True,True,"They think, we think, we really think we think, and we just think we think, I think sponge bob.",True
NEGATIVE,"не жизнь, а хуйня.",0.0,0.532,0.468,0.5448,Positive,5,1,Negative,0.9088260531425476,negative,1,Negative,0.9603049755096436,negative,1,Negative,0.9512882232666016,Negative,1,Negative,0.520246148109436,3,Neutral,0.5769909411585586,3,Neutral,0.0,3,Neutral,0.7647839024333833,2.25,2,Negative,Negative,False,True,True,True,True,False,False,False,True,"Not life, it's fucked up.",True
NEUTRAL,что скажешь? сюда залил еще их видео и аудио.,0.0,1.0,0.0,0.0,Neutral,3,3,Neutral,0.9999933242797852,neutral,3,Neutral,0.9313560128211975,negative,1,Negative,0.8016079664230347,Neutral,3,Neutral,0.6062667965888977,3,Neutral,0.5841192726170351,3,Neutral,0.0,3,Neutral,0.924092192517803,2.75,3,Neutral,Neutral,True,True,True,False,True,True,True,True,True,What do you say? There's more video and audio.,True
POSITIVE,прекрасный и веселый день! сергей и ирина за кадром),0.0,0.51,0.49,0.8268,Positive,5,5,Positive,0.9850482940673828,positive,5,Positive,0.994249701499939,positive,5,Positive,0.9985476136207581,Positive,5,Positive,0.49672845005989075,5,Positive,0.585006220461852,5,Positive,0.0,5,Positive,0.82,5.0,5,Positive,Positive,True,True,True,True,True,True,True,True,True,Beautiful and cheerful day! Sergey and Irina behind the scenes,True
NEUTRAL,котлеты без мяса (сыроедческие) :: вторые,0.0,1.0,0.0,0.0,Neutral,3,3,Neutral,0.9998161196708679,neutral,3,Neutral,0.8597034215927124,neutral,3,Neutral,0.6844695210456848,Neutral,3,Neutral,0.9063556790351868,3,Neutral,0.5298840322374212,3,Neutral,0.0,3,Neutral,0.47536645372567526,3.0,3,Neutral,Neutral,True,True,True,True,True,True,True,True,True,Meat without meat (raw-eating):,True
NEGATIVE,разберите кто-нибудь у меня этот упорядоченный беспорядок. я уже сам ничего не могу найти)),0.156,0.562,0.281,0.25,Positive,3,1,Negative,0.9999693632125854,neutral,3,Neutral,0.6966446042060852,negative,1,Negative,0.9739890098571777,Very Negative,1,Negative,0.6908329129219055,3,Neutral,0.6356500660671044,3,Neutral,0.0,5,Positive,0.5630204404629201,2.5,2,Negative,Negative,False,True,False,True,True,False,False,False,True,I want someone to take care of this mess. I can't find anything myself.,True
NEUTRAL,"фотограф владимир данилов. сниму вашу свадьбу, венчание, юбилей, праздник, митинг, путч, революцию, массовые погромы и прочие важные события в вашей жизни.",0.105,0.699,0.197,0.2732,Positive,3,3,Neutral,0.8145219683647156,neutral,3,Neutral,0.8426275253295898,negative,1,Negative,0.8449500799179077,Neutral,3,Neutral,0.7499098777770996,3,Neutral,0.5336732438807551,3,Neutral,0.0,3,Neutral,0.6489669144404071,2.75,3,Neutral,Neutral,False,True,True,False,True,True,True,True,True,"I will shoot your wedding, wedding, anniversary, holiday, rally, coup, revolution, mass pogroms and other important events in your life.",True
NEGATIVE,"люди почему-то забывают тех, кто им был дороже всех.",0.138,0.652,0.21,0.25,Positive,3,3,Neutral,0.9998712539672852,neutral,3,Neutral,0.7619298696517944,neutral,3,Neutral,0.49607977271080017,Positive,5,Positive,0.5418574810028076,3,Neutral,0.5298840322374212,3,Neutral,0.0,3,Neutral,0.4753664537256753,3.25,3,Neutral,Negative,False,False,False,False,False,False,False,False,False,"For some reason, people forget those who were dearer to them.",True
POSITIVE,"приехал на о. п хукет из краби на мотобайке. я сам путешествую и могу себе по времени позволить. прожил два дня в патонге и сбежал от перенасыщенности туристами. пляж грязный, я снорклинг практикую и видел под водой много мусора и мало рыб. единственно, на выезде с острова слева тянется до аэропорта пустынный чистый отличный песчаный пля жс хорошими волнами. вот туда, пожалуй, можно вернуться, пожить недельку в палатке, побродить по окрестностям. сейчас я живу в ранонге - его основное преимущество: нет туристов. а есть прекрасные нетуристичесские окрестности с водопадами, лечебными водами, отличными видами и пустынными пляжами с заброшенными отелями)",0.017,0.871,0.112,0.8674,Positive,5,5,Positive,0.9968788623809814,positive,5,Positive,0.9108515977859497,negative,1,Negative,0.9724775552749634,Neutral,3,Neutral,0.457218199968338,3,Neutral,0.6239100561306741,3,Neutral,0.0,5,Positive,0.67,3.75,4,Positive,Positive,True,True,True,False,False,False,False,True,True,"I came to the island from the crab on a motorcycle. I myself travel and can afford time. I lived two days in the patonga and escaped from oversaturation with tourists. the beach is dirty, I practice snorkeling and saw a lot of garbage under the water and few fish. only, on the exit from the island on the left stretches to the airport desert clean excellent sand bay with good waves. here, perhaps, you can return, live a week in a tent, wander around the neighborhood. now I live in the ranong - its main advantage: there are not tourists, but there are desert waters with excellent views of deserted waters, and deserted beaches.",True
POSITIVE,у себя на заборе нарисую.5,0.0,1.0,0.0,0.0,Neutral,3,5,Positive,0.9429452419281006,neutral,3,Neutral,0.689644455909729,positive,5,Positive,0.5279414653778076,Neutral,3,Neutral,0.7715001106262207,3,Neutral,0.5298840322374212,3,Neutral,0.0,3,Neutral,0.47536645372567526,3.5,4,Positive,Positive,False,True,False,True,False,False,False,False,True,I'll draw it on my fence.5,True
NEGATIVE,кароче простым смертным билеты не достать :)))),0.383,0.617,0.0,-0.357,Negative,1,3,Neutral,0.9958735108375549,neutral,3,Neutral,0.9054520726203918,negative,1,Negative,0.6567488312721252,Very Negative,1,Negative,0.536493182182312,3,Neutral,0.5138404781606795,3,Neutral,0.0,3,Neutral,0.5572133413070867,2.25,2,Negative,Negative,True,False,False,True,True,False,False,False,True,Tickets are not available :),True
POSITIVE,"смотерела ""зачарованных"" и даже прослезилась чуть-чуть,сериал из детства)",0.0,1.0,0.0,0.0,Neutral,3,3,Neutral,0.9940757751464844,positive,5,Positive,0.7283949255943298,positive,5,Positive,0.6208781003952026,Positive,5,Positive,0.4972894787788391,3,Neutral,0.5298840322374212,3,Neutral,0.0,3,Neutral,0.47536645372567526,3.75,4,Positive,Positive,False,False,True,True,True,False,False,False,True,"Watched ""Charmed"" and even teared a little, a series from childhood",True
NEUTRAL,добавь этот опрос себе на стенку и узнай кто что от тебя хочет!)) 1. хочу с тобой сп 2. ты хороший человек 3. я тебя очень сильно люблю 4. ты мне нравишься 5. ты мой лучший друг! 6. с тобой приятно общаться!,0.0,0.584,0.416,0.9703,Positive,5,3,Neutral,0.9999728202819824,neutral,3,Neutral,0.5024813413619995,positive,5,Positive,0.6486947536468506,Very Positive,5,Positive,0.6184822916984558,3,Neutral,0.611840643539136,3,Neutral,0.0,3,Neutral,0.57,3.75,4,Positive,Neutral,False,True,True,False,False,True,True,True,False,Add this survey to your wall and find out what you want! 1. I want you to Sp2. you are a good person 3. I love you very much 4. I like you 5. you are my best friend! 6. nice to talk to you!,True
POSITIVE,"покусал слона комар, и пришла слону хана. мораль: побеждает не тот, кто бивнями украшенный, а маленький, злой и безбашенный. мой девиз!))",0.24,0.69,0.07,-0.7684,Negative,1,5,Positive,0.9992283582687378,neutral,3,Neutral,0.4742482900619507,neutral,3,Neutral,0.6656734943389893,Very Negative,1,Negative,0.7856836318969727,3,Neutral,0.5567474274205563,3,Neutral,0.0,3,Neutral,0.712572000037026,2.75,3,Neutral,Positive,False,True,False,False,False,False,False,False,False,"Morality came to the elephant of the khan: it is not the one who is decorated with tusks who wins, but the small, angry and reckless.",True
NEUTRAL,ну рассказывай что уже случилось?,0.0,0.656,0.344,0.2732,Positive,3,3,Neutral,0.999774158000946,neutral,3,Neutral,0.8147916197776794,neutral,3,Neutral,0.9832853674888611,Neutral,3,Neutral,0.7862316370010376,3,Neutral,0.5298840322374212,3,Neutral,0.0,3,Neutral,0.4753664537256753,3.0,3,Neutral,Neutral,False,True,True,True,True,True,True,True,True,"Well, tell me what happened.",True
POSITIVE,"у меня на районе движево) в субботу в кабаке - савичева поет, в воскресенье корпоратив в тц - пушной ведет ( это из камеди, потом на стс с шацом и лазаревой вел, и галилео). а я думаю на касту 1 декабря схожу)",0.0,1.0,0.0,0.0,Neutral,3,3,Neutral,0.9998824596405029,neutral,3,Neutral,0.6201907992362976,neutral,3,Neutral,0.9895183444023132,Neutral,3,Neutral,0.37374112010002136,3,Neutral,0.5552634807426061,3,Neutral,0.0,3,Neutral,0.6188625764136374,3.0,3,Neutral,Positive,False,False,False,False,False,False,False,False,False,"on Saturday in a tavern - Savicheva sings, on Sunday corporate in tc - fur leads (this is from camedy, then on sts with schatz and avalanche, and Galileo).",True
POSITIVE,идеальное настроение поступила),0.0,0.213,0.787,0.5719,Positive,5,5,Positive,0.9989898800849915,positive,5,Positive,0.9910075068473816,positive,5,Positive,0.9043515920639038,Neutral,3,Neutral,0.7824718952178955,3,Neutral,0.5205610114424375,3,Neutral,0.0,3,Neutral,0.43986741347889363,4.0,4,Positive,Positive,True,True,True,True,False,False,False,False,True,perfect mood.,True
NEUTRAL,"психанул , что ли ?)",0.545,0.455,0.0,-0.34,Negative,1,3,Neutral,0.9997034668922424,neutral,3,Neutral,0.5124297738075256,neutral,3,Neutral,0.7855732440948486,Very Negative,1,Negative,0.38284143805503845,3,Neutral,0.5298840322374212,3,Neutral,0.0,3,Neutral,0.4753664537256753,2.5,2,Negative,Neutral,False,True,True,True,False,True,True,True,False,Are you crazy?,True
POSITIVE,"любимый мой, самый невероятный, самый умопомрачительно-превосходный)))",0.0,0.487,0.513,0.8115,Positive,5,5,Positive,0.9985873699188232,positive,5,Positive,0.9948658347129822,positive,5,Positive,0.9942322373390198,Very Positive,5,Positive,0.8883180022239685,5,Positive,0.9608900817934866,5,Positive,0.0,5,Positive,0.99,5.0,5,Positive,Positive,True,True,True,True,True,True,True,True,True,"My favorite, the most incredible, the most mind-blowingly superb.",True
NEUTRAL,"я очень любил ее. любил за то, что она не знала сомнений. и еще она умела стать тебе необходимой и в то же время никогда не быть в тягость; ты не успевал оглянуться, а ее уже и след простыл.",0.091,0.713,0.197,0.7584,Positive,5,5,Positive,0.9343844056129456,neutral,3,Neutral,0.5232229828834534,positive,5,Positive,0.9877437949180603,Positive,5,Positive,0.8082735538482666,3,Neutral,0.581629342002492,3,Neutral,0.0,3,Neutral,0.5279545237227172,4.0,4,Positive,Neutral,False,False,True,False,False,True,True,True,False,"I loved her very much, loved her because she knew no doubt, and she knew how to become necessary to you and at the same time never be a burden; you did not have time to look back, and her trace was already frozen.",True
NEUTRAL,"""эрт-дог""))) с пылу, с жару - эрт дог!))",0.0,1.0,0.0,0.0,Neutral,3,3,Neutral,0.999767005443573,positive,5,Positive,0.8546407222747803,positive,5,Positive,0.8215692043304443,Very Negative,1,Negative,0.3765764832496643,3,Neutral,0.5298840322374212,3,Neutral,0.0,3,Neutral,0.47536645372567526,3.25,3,Neutral,Neutral,True,True,False,False,False,True,True,True,True,"""Orth-dog"")) with fervor, with fervour, with fervour.",True
NEUTRAL,распродажа ! любой оттенок лака всего 16 грн.!,0.0,1.0,0.0,0.0,Neutral,3,3,Neutral,0.9994839429855347,neutral,3,Neutral,0.6394752264022827,positive,5,Positive,0.8524306416511536,Very Negative,1,Negative,0.37825021147727966,3,Neutral,0.44571707281844064,3,Neutral,0.0,3,Neutral,0.4592957231969907,3.0,3,Neutral,Neutral,True,True,True,False,False,True,True,True,True,Sale! Any shade of varnish is only 16 UAH!!,True
NEGATIVE,"сегодня пьяные фотографы залезают в фонтаны, плюют на композицию, заваливают горизонт, делают дурацкие кадры и пугают людей вспышкой в упор.",0.311,0.689,0.0,-0.8591,Negative,1,3,Neutral,0.994438648223877,negative,1,Negative,0.5673165321350098,negative,1,Negative,0.977165937423706,Neutral,3,Neutral,0.7628431916236877,3,Neutral,0.4547292729182542,3,Neutral,0.0,3,Neutral,0.8585229043874599,2.25,2,Negative,Negative,True,False,True,True,False,False,False,False,True,"Today, drunken photographers climb into fountains, spit on the composition, block the horizon, make stupid shots and scare people with a flash at point-blank range.",True
POSITIVE,жизнь коротка! нарушай правила! прощай быстро! целуй медленно! люби искренне! смейся неудержимо))))))))))),0.0,0.402,0.598,0.942,Positive,5,1,Negative,0.8474087715148926,positive,5,Positive,0.7517674565315247,neutral,3,Neutral,0.7286897301673889,Very Positive,5,Positive,0.6309407949447632,3,Neutral,0.49843093253029014,3,Neutral,0.0,5,Positive,0.6311512335455194,3.75,4,Positive,Positive,True,False,True,False,True,False,False,True,True,Life is short! break the rules! goodbye fast! kiss slowly! love sincerely! laugh uncontrollably),True
NEUTRAL,"""самолет с крыльями и окнами""",0.0,1.0,0.0,0.0,Neutral,3,1,Negative,0.9959734082221985,neutral,3,Neutral,0.8700388073921204,negative,1,Negative,0.4838298559188843,Neutral,3,Neutral,0.8686978816986084,3,Neutral,0.5298840322374212,3,Neutral,0.0,3,Neutral,0.47536645372567543,2.5,2,Negative,Neutral,True,False,True,False,True,True,True,True,False,"""plane with wings and windows""",True
NEGATIVE,"""на парашютный спорт у его родителей нет денег"",""парашютный спорт и т.д. требуют капиталовложения,а у меня нет таких денег"".вертят как хотят.на самом деле было так:""парашютный спорт и т.д. требуют капиталовложения,а зацепинг нет""",0.0,1.0,0.0,0.0,Neutral,3,1,Negative,0.998076319694519,negative,1,Negative,0.5963057279586792,negative,1,Negative,0.9878154993057251,Very Negative,1,Negative,0.6635505557060242,3,Neutral,0.4715505457737071,3,Neutral,0.0,3,Neutral,0.5927252238911316,2.0,2,Negative,Negative,False,True,True,True,True,False,False,False,True,"""for parachute sport his parents do not have money"", ""parachute sport, etc. require investment, and I do not have such money"".",True
POSITIVE,"как быстро летят года , вроде недавно был 1 год а уже 14 ))) была такая маленькая , а уже большая )",0.0,0.878,0.122,0.3612,Positive,5,5,Positive,0.48391246795654297,neutral,3,Neutral,0.4803692698478699,positive,5,Positive,0.6447356343269348,Positive,5,Positive,0.39652520418167114,5,Positive,0.5511663488422908,5,Positive,0.0,5,Positive,0.5324056975644279,4.75,5,Positive,Positive,True,True,False,True,True,True,True,True,True,"How fast the year flies, like recently it was 1 year and already 14 ) was so small and already big",True
NEUTRAL,как не крути,0.0,1.0,0.0,0.0,Neutral,3,3,Neutral,0.5870996713638306,neutral,3,Neutral,0.8391577005386353,positive,5,Positive,0.9711624383926392,Negative,1,Negative,0.5250328183174133,3,Neutral,0.5298840322374212,3,Neutral,0.0,3,Neutral,0.4753664537256753,3.0,3,Neutral,Neutral,True,True,True,False,False,True,True,True,True,smoothly,True
NEUTRAL,"коля, когда следующая ффдансинг шуз пати?)",0.0,0.769,0.231,0.4019,Positive,5,3,Neutral,0.9999850988388062,neutral,3,Neutral,0.8502487540245056,neutral,3,Neutral,0.9928961396217346,Neutral,3,Neutral,0.8584501147270203,3,Neutral,0.5298840322374212,3,Neutral,0.0,3,Neutral,0.4753664537256753,3.25,3,Neutral,Neutral,False,True,True,True,True,True,True,True,True,"Kolya, when is the next effdancing of the Shooz party?",True
NEUTRAL,"илья, привет! меня спросили, ""как часто я захожу на твою страницу?"" ответ здесь -",0.0,1.0,0.0,0.0,Neutral,3,3,Neutral,0.9816305041313171,neutral,3,Neutral,0.8632722496986389,neutral,3,Neutral,0.5939149260520935,Positive,5,Positive,0.3992097079753876,3,Neutral,0.47982139746693236,1,Negative,0.0,3,Neutral,0.5288841489966684,3.0,3,Neutral,Neutral,True,True,True,True,False,True,False,True,True,"Ilya, hi! I was asked, ""How often do I visit your page?""",True
POSITIVE,я люблю тебя очень сильно: да да это про тебя!,0.0,0.588,0.412,0.6369,Positive,5,5,Positive,0.9872280359268188,positive,5,Positive,0.9579882621765137,positive,5,Positive,0.907867431640625,Positive,5,Positive,0.4908672571182251,3,Neutral,0.5899171504313342,3,Neutral,0.0,3,Neutral,0.5471622349429108,4.25,4,Positive,Positive,True,True,True,True,True,False,False,False,True,"I love you so much, it’s about you.",True
NEUTRAL,31 октября:день автомобилиста;межд. день черного моря; хэллоуин; межд. день экономии; день сурдопереводчика; день работников сизо и тюрем; день реформации; день нац. флага эквадора; день местных сообществ кыргызстана.,0.0,1.0,0.0,0.0,Neutral,3,1,Negative,0.9138835072517395,negative,1,Negative,0.5025156140327454,neutral,3,Neutral,0.9972425699234009,Neutral,3,Neutral,0.9087920784950256,3,Neutral,0.4954958277300984,3,Neutral,0.0,3,Neutral,0.36237197771430624,2.5,2,Negative,Neutral,True,False,False,True,True,True,True,True,False,October 31: Day of the motorist; International Black Sea Day; Halloween; International Savings Day; Sign Language Translator Day; Day of Zizo Workers and Prisons; Reformation Day; National Flag Day of Ecuador; Day of Local Communities of Kyrgyzstan.,True
POSITIVE,"ты красивая,сказочная, симпатичная и простая! ты хорошая моя дорогая,самая нежная и родная! пошли это всем своим подругам.и ни хрена не произойдет ,просто пускай знают,что они классные!",0.126,0.413,0.461,0.9467,Positive,5,1,Negative,0.991071343421936,positive,5,Positive,0.974181056022644,positive,5,Positive,0.9864452481269836,Very Positive,5,Positive,0.7153189182281494,3,Neutral,0.6338532933826914,3,Neutral,0.0,3,Neutral,0.430947922982491,3.75,4,Positive,Positive,True,False,True,True,True,False,False,False,True,"You are beautiful, fabulous, cute and simple! you are my dearest, the most tender and dearest! send this to all your friends. and no shit will happen.",True
NEGATIVE,"мостовик не заплатил 1 000 000 000 рулей налогов? да не может быть! кристально честное предприятие, столько всего построило для города. например, метро.",0.097,0.75,0.153,0.1496,Neutral,3,3,Neutral,0.8268235921859741,neutral,3,Neutral,0.7065879106521606,neutral,3,Neutral,0.3705427348613739,Very Positive,5,Positive,0.4922619163990021,3,Neutral,0.6290661364918897,3,Neutral,0.0,3,Neutral,0.7795716442819226,3.25,3,Neutral,Negative,False,False,False,False,False,False,False,False,False,"The bridge did not pay 1,000,000 rudders of taxes? yes, it can not be! a crystal honest enterprise, so much everything built for the city.",True
NEUTRAL,"помни, кто твой настоящий враг. hungergames голодныеигры киномакс",0.333,0.667,0.0,-0.5423,Negative,1,1,Negative,0.9979127049446106,negative,1,Negative,0.6029807925224304,neutral,3,Neutral,0.9858266711235046,Very Negative,1,Negative,0.684735894203186,1,Negative,0.45959861776540234,1,Negative,0.0,3,Neutral,0.5956702879020528,1.5,2,Negative,Neutral,False,False,False,True,False,False,False,True,False,Remember who your real enemy is. Hungergames Movies,True
NEUTRAL,а такой у тебя нет!,0.0,1.0,0.0,0.0,Neutral,3,3,Neutral,0.9965298771858215,neutral,3,Neutral,0.7570496201515198,negative,1,Negative,0.7996910810470581,Negative,1,Negative,0.4272834360599518,3,Neutral,0.0,3,Neutral,0.0,3,Neutral,0.0,2.5,2,Negative,Neutral,True,True,True,False,False,True,True,True,False,You don't have one!,True
NEUTRAL,"я участвую в новогодней интернет-конференции позитивные решения для родителей с 15 по 18 декабря! друзья, пожалуйста, присоединяйтесь, это очень интересно:",0.0,0.553,0.447,0.9347,Positive,5,3,Neutral,0.9999916553497314,neutral,3,Neutral,0.6404008269309998,positive,5,Positive,0.5168926119804382,Positive,5,Positive,0.8608372807502747,3,Neutral,0.6810315203062763,3,Neutral,0.0,3,Neutral,0.8,3.75,4,Positive,Neutral,False,True,True,False,False,True,True,True,False,"I am participating in the New Year's Eve online conference Positive Solutions for Parents from December 15 to 18! friends, please join us, it is very interesting:",True
POSITIVE,"дети- ето счастье, а без счастья- жить нельзя!",0.0,0.516,0.484,0.8172,Positive,5,3,Neutral,0.993668258190155,positive,5,Positive,0.7385972142219543,positive,5,Positive,0.9293529987335205,Very Negative,1,Negative,0.40029972791671753,3,Neutral,0.5264448036554105,3,Neutral,0.0,3,Neutral,0.7440243473426094,3.5,4,Positive,Positive,True,False,True,True,False,False,False,False,True,"Children are happiness, and without happiness you can not live!",True
NEGATIVE,говорухин однако заговорился ужо.,0.0,1.0,0.0,0.0,Neutral,3,3,Neutral,0.5209366083145142,neutral,3,Neutral,0.8078151941299438,neutral,3,Neutral,0.9908266663551331,Negative,1,Negative,0.4647454023361206,3,Neutral,0.7532794074383644,3,Neutral,0.0,5,Positive,0.4804653567115391,3.0,3,Neutral,Negative,False,False,False,False,True,False,False,False,False,"The talker, however, has spoken.",True
POSITIVE,"2 отряд- самый лучший, самый любимый, самый веселый, самый позитивный, самый добрый, самый дружелюбный, самый крутой, самый активный, ну короче самый-самый! лагерь ""лесная сказка"". 1 смена. 2 отряд ""победители""",0.0,0.486,0.514,0.9809,Positive,5,5,Positive,0.986459493637085,positive,5,Positive,0.9473567605018616,positive,5,Positive,0.6907598972320557,Very Positive,5,Positive,0.7099695801734924,5,Positive,0.6451688014232897,5,Positive,0.0,5,Positive,0.8154309456262454,5.0,5,Positive,Positive,True,True,True,True,True,True,True,True,True,"2 squad - the best, the most beloved, the most fun, the most positive, the kindest, the most friendly, the coolest, the most active, well in short, the most-most! camp ""forest fairy tale"". 1 shift. Squad 2 winners",True
NEUTRAL,"маша: ""а-апасность"" парк глобы",0.0,1.0,0.0,0.0,Neutral,3,3,Neutral,0.9998186230659485,neutral,3,Neutral,0.6747900247573853,neutral,3,Neutral,0.9198052287101746,Very Negative,1,Negative,0.3758792579174042,5,Positive,0.47544598633722485,5,Positive,0.0,3,Neutral,0.8139608912738185,3.25,3,Neutral,Neutral,True,True,True,True,False,False,False,True,True,"Masha: ""a-dangerous"" Globe Park",True
NEGATIVE,мир ебанулся. я играю в симс,0.0,0.526,0.474,0.2023,Positive,3,1,Negative,0.9951189756393433,negative,1,Negative,0.7766202092170715,positive,5,Positive,0.9790526032447815,Negative,1,Negative,0.41296693682670593,3,Neutral,0.5424132996674511,3,Neutral,0.0,1,Negative,0.44,2.25,2,Negative,Negative,False,True,True,False,True,False,False,True,True,I'm playing Sims.,True
NEGATIVE,бля гдеш такую найти (,0.412,0.588,0.0,-0.5423,Negative,1,1,Negative,0.9525911211967468,negative,1,Negative,0.5511287450790405,neutral,3,Neutral,0.4583865702152252,Very Negative,1,Negative,0.40409794449806213,3,Neutral,0.6356500660671044,3,Neutral,0.0,5,Positive,0.5630204404629201,2.25,2,Negative,Negative,True,True,True,False,True,False,False,False,True,Where the fuck can I find one?,True
NEUTRAL,она сменила статус,0.0,1.0,0.0,0.0,Neutral,3,3,Neutral,0.9715873003005981,neutral,3,Neutral,0.8052449822425842,neutral,3,Neutral,0.7889885902404785,Positive,5,Positive,0.5367819666862488,3,Neutral,0.5920044524429456,3,Neutral,0.0,5,Positive,0.34676455979873444,3.5,4,Positive,Neutral,True,True,True,True,False,True,True,False,False,She changed her status.,True
POSITIVE,"когда пьешь в компании, всегда наступает период, когда все становятся политиками, психологами, мудрыми долгожителями ну или начинают запекать друг другу лбы.ложкой.))))",0.0,0.816,0.184,0.6369,Positive,5,5,Positive,0.9998177886009216,positive,5,Positive,0.7393858432769775,negative,1,Negative,0.4587439298629761,Neutral,3,Neutral,0.865105152130127,3,Neutral,0.5238429767630415,3,Neutral,0.0,3,Neutral,0.81,3.5,4,Positive,Positive,True,True,True,False,False,False,False,False,True,"When you drink in the company, there is always a period when everyone becomes politicians, psychologists, wise centenarians well, or begin to bake each other's foreheads.",True
POSITIVE,этнические чайные красноярска - шикарны:),0.0,0.588,0.412,0.2732,Positive,3,5,Positive,0.9970349073410034,positive,5,Positive,0.9599127173423767,positive,5,Positive,0.7628509998321533,Neutral,3,Neutral,0.7559375762939453,3,Neutral,0.5298840322374212,3,Neutral,0.0,3,Neutral,0.47536645372567526,3.75,4,Positive,Positive,True,True,True,True,False,False,False,False,True,Ethnic tea Krasnoyarsk - chic:,True
NEUTRAL,фото дня к нижнему посту),0.0,1.0,0.0,0.0,Neutral,3,3,Neutral,0.9989798665046692,neutral,3,Neutral,0.9207029938697815,neutral,3,Neutral,0.9049105644226074,Neutral,3,Neutral,0.8781399130821228,3,Neutral,0.610307013739389,3,Neutral,0.0,3,Neutral,0.7464648757920144,3.0,3,Neutral,Neutral,True,True,True,True,True,True,True,True,True,photo of the day to the bottom post,True
NEUTRAL,"почему губарева называют ""пиарщиком"", который ""делает имидж"" на крови воюющих, когда он сам ходит на передовую? услышала в прямом эфире на одном из сайтов донбасса. разногласия?",0.081,0.919,0.0,-0.4404,Negative,1,1,Negative,0.941767156124115,neutral,3,Neutral,0.580835223197937,negative,1,Negative,0.9862045049667358,Neutral,3,Neutral,0.38580524921417236,1,Negative,0.569759279523969,1,Negative,0.0,3,Neutral,0.7002041361641355,1.75,2,Negative,Neutral,False,False,True,False,True,False,False,True,False,"Why is the governor called a ""PR man"" who ""makes an image"" on the blood of the warring, when he himself goes to the front lines? heard live on one of the sites of Donbass.",True
NEUTRAL,на что похоже?,0.0,0.615,0.385,0.3612,Positive,5,3,Neutral,0.9723157286643982,neutral,3,Neutral,0.9424911141395569,neutral,3,Neutral,0.7748196125030518,Neutral,3,Neutral,0.40140390396118164,3,Neutral,0.4838572703763497,3,Neutral,0.0,3,Neutral,0.5407897842950934,3.25,3,Neutral,Neutral,False,True,True,True,True,True,True,True,True,What does it look like?,True
NEUTRAL,живу настоящим. уверенна в будущем. научилась в прошлом.,0.0,0.802,0.198,0.4939,Positive,5,3,Neutral,0.992392897605896,neutral,3,Neutral,0.7719106674194336,positive,5,Positive,0.993870735168457,Positive,5,Positive,0.4977267384529114,3,Neutral,0.5298840322374212,3,Neutral,0.0,3,Neutral,0.47536645372567526,3.75,4,Positive,Neutral,False,True,True,False,False,True,True,True,False,"I live in the present, I am confident in the future, I have learned in the past.",True
NEUTRAL,"решил навести порядок в шкафу, избавляюсь от старого стафа имею: 7. куртка серая lma ganglan xl (мембрана 5000, стиралась правильно) 8. боты оранжеве 32 модель 86 2011 на 43р-р (легкие и очень крутая шнуровка); 10. крепления flow желтые (хорошие целые крепы, когда-то на одной из них был заменен хайбэк) 11. пайта швейка р-р l (очень теплая) цены писать не буду, предлагайте сами в л.с.",0.036,0.964,0.0,-0.3818,Negative,1,3,Neutral,0.9999369382858276,neutral,3,Neutral,0.8662732243537903,positive,5,Positive,0.5236049294471741,Neutral,3,Neutral,0.935096025466919,3,Neutral,0.5459671805144243,3,Neutral,0.0,3,Neutral,0.7,3.0,3,Neutral,Neutral,False,True,True,False,True,True,True,True,True,"I decided to put things in order in the closet, get rid of the old staff I have: 7. jacket gray lma ganglan xl (membrane 5000, washed correctly) 8. bots orange 32 model 86 2011 on 43p (light and very steep lace); 10. mountings flow yellow (good whole crepes, once on one of them was replaced by a hiback) 11. pite sewer r-r l (very warm) price I will not write, offer yourself in hp.",True
NEUTRAL,"""не нужны мне права человека,потому что я не человек!.""",0.0,0.86,0.14,0.0772,Neutral,3,1,Negative,0.992173433303833,neutral,3,Neutral,0.6328924894332886,negative,1,Negative,0.992351233959198,Negative,1,Negative,0.47722128033638,1,Negative,0.47631503313033496,1,Negative,0.0,1,Negative,0.91,1.5,2,Negative,Neutral,True,False,True,False,False,False,False,False,False,“I don’t want human rights because I’m not human.”,True
NEUTRAL,поэтому хз че задали точно так же как и по алгебре,0.0,1.0,0.0,0.0,Neutral,3,3,Neutral,0.9998600482940674,neutral,3,Neutral,0.839958131313324,negative,1,Negative,0.9581384062767029,Negative,1,Negative,0.5724337697029114,3,Neutral,0.7743798442952169,3,Neutral,0.0,3,Neutral,0.8595170784159449,2.5,2,Negative,Neutral,True,True,True,False,False,True,True,True,False,That's why it's the same as algebra.,True
NEUTRAL,"я тут буду на днях рассказывать о том, какие крутые технологии есть в данный момент и как приспособиться к быстро меняющемуся миру, где что ни день, то новое открытие",0.0,0.924,0.076,0.3182,Positive,3,3,Neutral,0.9999945163726807,positive,5,Positive,0.6181663274765015,negative,1,Negative,0.589826762676239,Positive,5,Positive,0.5347482562065125,5,Positive,0.5307760421653323,5,Positive,0.0,5,Positive,0.47,4.0,4,Positive,Neutral,False,True,False,False,False,False,False,False,False,"I'm going to talk about some of the cool technologies that we have right now, and how to adapt to a rapidly changing world, where every day, every new discovery.",True
NEUTRAL,не сдай экзамены и мечта исполниться :d,0.0,0.464,0.536,0.7964,Positive,5,1,Negative,0.974338710308075,neutral,3,Neutral,0.8571653366088867,positive,5,Positive,0.5579543113708496,Negative,1,Negative,0.6966915726661682,5,Positive,0.45145833248629913,5,Positive,0.0,5,Positive,0.8638848502361296,3.75,4,Positive,Neutral,False,False,True,False,False,False,False,False,False,Do not pass the exams and dream come true :d,True
NEGATIVE,"5 декабря экзамеен по вождению,я не здам((((((((((((((((",0.0,1.0,0.0,0.0,Neutral,3,1,Negative,0.7721822261810303,negative,1,Negative,0.7184773087501526,neutral,3,Neutral,0.5047435164451599,Neutral,3,Neutral,0.6733778119087219,3,Neutral,0.5298840322374212,3,Neutral,0.0,3,Neutral,0.47536645372567526,2.5,2,Negative,Negative,False,True,True,False,False,False,False,False,True,"December 5, I am driving, I am not driving ((((((((((((((()))))).",True
NEUTRAL,"я узнал а ""какой ты противоположный пол""",0.0,1.0,0.0,0.0,Neutral,3,3,Neutral,0.9998993873596191,neutral,3,Neutral,0.8362237811088562,negative,1,Negative,0.5329194068908691,Neutral,3,Neutral,0.5360444188117981,3,Neutral,0.7365731151720984,3,Neutral,0.0,3,Neutral,0.5567251013144692,2.75,3,Neutral,Neutral,True,True,True,False,True,True,True,True,True,I found out you're the opposite sex.,True
POSITIVE,"14 декабря - примерная дата премьеры песни, которую я пою с моим любимым максом светским. я начала свою певческую карьеру! вторую нашу песню вы услышите в клипе. на эту тоже планируется клип. ещё больше фото со съёмок клипа ждёт вас. и ещё в ближайшее время ждём у меня на стене треки моего проекта лёши скрима и никиты треша. а также ждём ошеломительную новость от меня, мои вы сладкие.)))))",0.0,0.93,0.07,0.7088,Positive,5,3,Neutral,0.9378471970558167,positive,5,Positive,0.8637612462043762,positive,5,Positive,0.9549220204353333,Positive,5,Positive,0.5676848888397217,3,Neutral,0.7208921061017682,3,Neutral,0.0,3,Neutral,0.81,4.0,4,Positive,Positive,True,False,True,True,True,False,False,False,True,"December 14 - the approximate date of the premiere of the song, which I sing with my favorite max secular. I started my singing career! our second song you will hear in the video. this is also planned for a clip. more photos from the shooting of the video are waiting for you. and in the near future we will wait on my wall tracks of my project leshi skrima and nickel thrash. and also waiting for the stunning news from me, my sweet.)",True
NEUTRAL,екб. макдоналдс :3,0.0,0.233,0.767,0.5106,Positive,5,3,Neutral,0.9946005344390869,neutral,3,Neutral,0.6659748554229736,negative,1,Negative,0.8246287703514099,Neutral,3,Neutral,0.8226637244224548,3,Neutral,0.5298840322374212,3,Neutral,0.0,3,Neutral,0.47536645372567526,3.0,3,Neutral,Neutral,False,True,True,False,True,True,True,True,True,McDonald's :3,True
POSITIVE,оооооооооооооо это конечно круто!)) я хочу! но.я буду.сидеть.на противоположной стороне.трибуны?)) хм.это интересно!))ахахах)) что по чем)) пишите !)),0.0,1.0,0.0,0.0,Neutral,3,5,Positive,0.9990360736846924,positive,5,Positive,0.986562192440033,neutral,3,Neutral,0.7105709314346313,Very Positive,5,Positive,0.4765545725822449,5,Positive,0.5112159509439915,5,Positive,0.0,3,Neutral,0.6578538399191041,4.25,4,Positive,Positive,False,True,True,False,True,True,True,False,True,Ooooooooooooooooooooooooooooooooooooooooooooooooooooooooooooooooooooooooooooooooooooooooooooooooooooooooooooooooooooooooooooooooooooooooooooooooooooooooooooooooooooooooooooooooooooooooooooooooooooooooooooooooooooooooooooooooooooooooooooooooooooooooooooooooooooooooooooooooooooooooooooooooooooooooooooooooooooooooooooooooooooooooooooooooooooooooooooooooooooooooooooooooooooooooooooooooooooooooooooooooooooooooooooooooooooooooooooooooooooooooooooooooooooooooooooooooooooooooooooooooooooooooooooooooooooooooooooooo,True
POSITIVE,слева от меня алексей ильмухин. путешественник и интересный человек. в числе его личных побед - путешествие на велосипеде от челябинска до байкала. приехал к нам помочь в организации семинара мухтара. просто взял и приехал из челябинска и начал помогать. )) можеткаждый,0.0,0.793,0.207,0.7964,Positive,5,5,Positive,0.9992460012435913,positive,5,Positive,0.7383061051368713,positive,5,Positive,0.881686806678772,Positive,5,Positive,0.8781960606575012,5,Positive,0.5332366981018136,5,Positive,0.0,1,Negative,0.42,4.5,4,Positive,Positive,True,True,True,True,True,True,True,False,True,"Alexei Ilmukhin, a traveler and an interesting person, among his personal victories - a trip by bicycle from Chelyabinsk to Baikal. came to us to help organize a mukhtar seminar. just came from Chelyabinsk and began to help.",True
NEUTRAL,в каком возрасте лутше выходить замуж?,0.0,0.656,0.344,0.6369,Positive,5,3,Neutral,0.9999808073043823,neutral,3,Neutral,0.8779043555259705,negative,1,Negative,0.9601407051086426,Neutral,3,Neutral,0.9187820553779602,3,Neutral,0.517923369252606,3,Neutral,0.0,3,Neutral,0.4766458305841376,3.0,3,Neutral,Neutral,False,True,True,False,True,True,True,True,True,At what age is it best to get married?,True
NEGATIVE,"как сказал сегодня один человек:""ты представь только, все закончилось.все егэ, результаты все есть.выпускной и последний звонок прошел.просто всё"". а я не могу представить.что эта школьная эпоха может просто взять в один миг и закончиться.сколько я бы ни ходил в одиночестве по школе в последние дни,я не мог представить,что это конец ""эпохи"",не хотел верить. и подумайте,неужели это и правда конец? но тут же вспомните слова наших самых искренних и родных учителей - это начало дорог. а вы можете представить.?",0.05,0.89,0.06,0.4269,Positive,5,1,Negative,0.9997972846031189,negative,1,Negative,0.5561877489089966,positive,5,Positive,0.9270246624946594,Very Negative,1,Negative,0.8134994506835938,3,Neutral,0.40086611246283516,3,Neutral,0.0,1,Negative,0.5,2.5,2,Negative,Negative,False,True,True,False,True,False,False,True,True,"As one person said today, ""Imagine, it's over. It's over. It's all over. It's all over. The graduation and the last call went. It's just over."" No matter how much I walked alone in school in the last days, I could not imagine that this is the end of the “age”, I did not want to believe. and think, is this really the end? but immediately remember the words of our most sincere and native teachers – this is the beginning of the road.",True
POSITIVE,"саша! я в тебя влюбилась, у меня душа взбесилась! хорошо с тобою мне, словно брежу в сладком сне, без тебя мне одиноко, грустно очень, очень плохо, я скучаю, я тоскую, я ко всем тебя ревную наша встреча не случайна, потому открою тайну: жизнь дарю тебе свою обожаю и. люблю!",0.239,0.485,0.276,0.4858,Positive,5,5,Positive,0.9998352527618408,positive,5,Positive,0.9681717753410339,positive,5,Positive,0.9627516269683838,Very Positive,5,Positive,0.7570586204528809,1,Negative,0.7490768438834041,1,Negative,0.0,1,Negative,0.4165623876472482,3.5,4,Positive,Positive,True,True,True,True,True,False,False,False,True,"Sasha! I have fallen in love with you, my soul has gone mad! well with you to me, as if I am raving in a sweet dream, without you I am lonely, sad very, very bad, I miss, I miss, I am jealous of all of you Our meeting is not accidental, so I will reveal a secret: I give you my life adore and love!",True
NEUTRAL,все за ес а я за британию,0.0,1.0,0.0,0.0,Neutral,3,3,Neutral,0.9985200762748718,neutral,3,Neutral,0.5462502837181091,positive,5,Positive,0.6723882555961609,Very Negative,1,Negative,0.5437846183776855,3,Neutral,0.5298840322374212,3,Neutral,0.0,3,Neutral,0.4753664537256753,3.0,3,Neutral,Neutral,True,True,True,False,False,True,True,True,True,All for you and I for Britain.,True
NEUTRAL,а почему вы в личку не отвечаете? вам лучше сюда написать?,0.0,1.0,0.0,0.0,Neutral,3,3,Neutral,0.9998723268508911,neutral,3,Neutral,0.6355282664299011,negative,1,Negative,0.9320207238197327,Negative,1,Negative,0.4390086829662323,1,Negative,0.643060001243611,1,Negative,0.0,3,Neutral,0.8121326098255546,2.0,2,Negative,Neutral,True,True,True,False,False,False,False,True,False,Why don't you answer the phone? You should write here.,True
NEUTRAL,воскресный обед со стола с гадяча.,0.0,1.0,0.0,0.0,Neutral,3,1,Negative,0.9974417686462402,negative,1,Negative,0.5999424457550049,neutral,3,Neutral,0.6932241320610046,Very Negative,1,Negative,0.6963207125663757,3,Neutral,0.5809771220890362,3,Neutral,0.0,3,Neutral,0.48370694751030674,2.25,2,Negative,Neutral,True,False,False,True,False,True,True,True,False,Sunday lunch from the table with the viper.,True
NEUTRAL,"4:20 кто не спит,саша не спитвообщенесплюянаногах памятник н. н. муравьёву-амурскому",0.0,1.0,0.0,0.0,Neutral,3,3,Neutral,0.7079532742500305,neutral,3,Neutral,0.7394116520881653,neutral,3,Neutral,0.9949619770050049,Neutral,3,Neutral,0.43755078315734863,3,Neutral,0.6386754442636927,3,Neutral,0.0,3,Neutral,0.4343557380699524,3.0,3,Neutral,Neutral,True,True,True,True,True,True,True,True,True,"4:20 for those who do not sleep, Sasha does not sleep at all.",True
POSITIVE,с детства за лестер!)) красавы парни!,0.0,1.0,0.0,0.0,Neutral,3,5,Positive,0.9995403289794922,positive,5,Positive,0.9911739230155945,neutral,3,Neutral,0.6163288354873657,Very Positive,5,Positive,0.5116581916809082,3,Neutral,0.5298840322374212,3,Neutral,0.0,3,Neutral,0.47536645372567543,3.75,4,Positive,Positive,False,True,True,False,True,False,False,False,True,From childhood to Leicester!!,True
POSITIVE,"итак. по многочисленным просьбам спеть им, и комплиментам которые мне говорили по поводу голоса, я решил петь, читать. с начало людям в живую. пародируя разные треки. кто хочет слышать мой голос в телефоне, в живую, по видео, пишите в лс. не бойтесь, слух и голос есть, до конца не прокурил и не пропил ахаха",0.0,0.958,0.042,0.4019,Positive,5,1,Negative,0.9959288239479065,neutral,3,Neutral,0.5562373995780945,positive,5,Positive,0.9773063063621521,Very Negative,1,Negative,0.3588474988937378,3,Neutral,0.5871724182404261,3,Neutral,0.0,3,Neutral,0.697509096757328,3.0,3,Neutral,Positive,True,False,False,True,False,False,False,False,False,"So, on numerous requests to sing to them, and the compliments that I was told about the voice, I decided to sing, to read. from the beginning to people live. parodying different tracks. who wants to hear my voice on the phone, live, on video, write in hrs. Don't be afraid, there is a hearing and voice, not completely smoked and did not drink aha.",True
POSITIVE,ха! 9 из 12! а на что способны вы?,0.0,0.556,0.444,0.6792,Positive,5,5,Positive,0.9968057870864868,positive,5,Positive,0.8238361477851868,neutral,3,Neutral,0.9903191328048706,Neutral,3,Neutral,0.6147673726081848,3,Neutral,0.5298840322374212,3,Neutral,0.0,3,Neutral,0.47536645372567526,3.75,4,Positive,Positive,True,True,True,False,False,False,False,False,True,ha! 9 out of 12! what are you capable of?,True
NEUTRAL,"красивых скорпионов надо любить, целовать и никому не отдавать(((кто хочет со мной встречаться пишите сообщения.)))",0.0,0.591,0.409,0.886,Positive,5,3,Neutral,0.9986532926559448,neutral,3,Neutral,0.5111376047134399,positive,5,Positive,0.9277673363685608,Positive,5,Positive,0.6157448887825012,5,Positive,0.5296970384137747,5,Positive,0.0,5,Positive,0.7579286399461671,4.5,4,Positive,Neutral,False,True,True,False,False,False,False,False,False,"Beautiful scorpions should be loved, kissed and not given to anyone (who wants to meet me write messages.)",True
POSITIVE,"завтра coзвoнилaсь с пoдpyгoй- peшили вcтpeтитьcя и выпить пo чaшeчкe кoфe. beчeр.cидим пьeм шaмпaнcкoe c кpевeткaми. кoфe?. а чтo кoфe . мы peшили, чтo eгo пpиятнeй пить c yтpa )",0.0,0.786,0.214,0.7184,Positive,5,5,Positive,0.9997883439064026,positive,5,Positive,0.4199942350387573,neutral,3,Neutral,0.459617018699646,Very Negative,1,Negative,0.4897131621837616,3,Neutral,0.6203664821486011,3,Neutral,0.0,5,Positive,0.67,3.75,4,Positive,Positive,True,True,True,False,False,False,False,True,True,I called my friend tomorrow and decided to meet and have a cup of coffee. We thought it was nice to drink it in the morning.,True
NEUTRAL,вот теперь все),0.0,1.0,0.0,0.0,Neutral,3,3,Neutral,0.9983078241348267,neutral,3,Neutral,0.751675546169281,negative,1,Negative,0.7593387961387634,Very Positive,5,Positive,0.44628769159317017,3,Neutral,0.0,3,Neutral,0.0,3,Neutral,0.0,3.0,3,Neutral,Neutral,True,True,True,False,False,True,True,True,True,That's it now.,True
NEUTRAL,"- в реале давайте бросим пить! оно и так, лучше чем отлично! кто со мной?",0.132,0.659,0.209,0.3147,Positive,3,3,Neutral,0.9132665395736694,neutral,3,Neutral,0.7176342010498047,negative,1,Negative,0.46773555874824524,Very Positive,5,Positive,0.7224197387695312,5,Positive,0.8708871477464193,5,Positive,0.0,5,Positive,0.7837464768024713,3.75,4,Positive,Neutral,False,True,True,False,False,False,False,False,False,"In reality, let's stop drinking! It's better than it is! Who's with me?",True
NEUTRAL,"я сказала это тебе,у прикинь детей зыкова катерина анастасиевна и зыков анатолий анастасиевич",0.0,1.0,0.0,0.0,Neutral,3,3,Neutral,0.9999810457229614,neutral,3,Neutral,0.7657484412193298,neutral,3,Neutral,0.920447826385498,Positive,5,Positive,0.5851088762283325,3,Neutral,0.554933447491546,3,Neutral,0.0,3,Neutral,0.7564223123193835,3.25,3,Neutral,Neutral,True,True,True,True,False,True,True,True,True,"I said this to you, imagine the children of Katerina Anastasievna and Anatolia Anastasievich.",True
POSITIVE,да! мир не без добрых людей!,0.0,0.72,0.28,0.3253,Positive,3,5,Positive,0.9794517159461975,positive,5,Positive,0.7279864549636841,positive,5,Positive,0.886955976486206,Very Positive,5,Positive,0.6062031984329224,3,Neutral,0.5424132996674511,3,Neutral,0.0,1,Negative,0.44,3.75,4,Positive,Positive,True,True,True,True,True,False,False,False,True,The world is not without good people!,True
NEUTRAL,"ничего особенного, просто сладкие груши и они хотят повисеть у тебя на стене.",0.295,0.624,0.081,-0.5327,Negative,1,3,Neutral,0.997951328754425,neutral,3,Neutral,0.6635597944259644,negative,1,Negative,0.7704044580459595,Negative,1,Negative,0.8089785575866699,1,Negative,0.5413603439784933,1,Negative,0.0,1,Negative,0.627477139665346,1.5,2,Negative,Neutral,False,True,True,False,False,False,False,False,False,"Nothing special, just sweet pears and they want to hang on your wall.",True
POSITIVE,"холодно.но мое солнышко всегда рядом, греет меня своей улыбкой и задорным смехом)))",0.0,0.391,0.609,0.9481,Positive,5,5,Positive,0.9989141225814819,positive,5,Positive,0.9796383380889893,neutral,3,Neutral,0.7089239954948425,Positive,5,Positive,0.6180127859115601,3,Neutral,0.5588636121855283,3,Neutral,0.0,1,Negative,0.7086415891932082,3.75,4,Positive,Positive,True,True,True,False,True,False,False,False,True,"But my sun is always there, warms me with his smile and cheerful laugh.",True
POSITIVE,завтра весна! ура),0.0,1.0,0.0,0.0,Neutral,3,5,Positive,0.9995871186256409,positive,5,Positive,0.9840285181999207,neutral,3,Neutral,0.9804683923721313,Very Positive,5,Positive,0.336140513420105,5,Positive,0.7812010531619182,5,Positive,0.0,5,Positive,0.99,4.5,4,Positive,Positive,False,True,True,False,True,True,True,True,True,spring tomorrow!,True
NEUTRAL,сплетни цру ничто.,0.459,0.541,0.0,-0.1779,Negative,3,3,Neutral,0.9999316930770874,negative,1,Negative,0.6228681206703186,negative,1,Negative,0.7963020205497742,Neutral,3,Neutral,0.5974395275115967,3,Neutral,0.4672257203197403,3,Neutral,0.0,3,Neutral,0.8427580448532281,2.5,2,Negative,Neutral,False,True,False,False,True,True,True,True,False,Gossip is nothing.,True
POSITIVE,"дядя я,причем дважды! ураааааа.",0.0,1.0,0.0,0.0,Neutral,3,5,Positive,0.9991773962974548,positive,5,Positive,0.9897118806838989,positive,5,Positive,0.49875408411026,Positive,5,Positive,0.30148234963417053,3,Neutral,0.4992780331607387,3,Neutral,0.0,5,Positive,0.5913392106528484,4.25,4,Positive,Positive,False,True,True,True,True,False,False,True,True,I'm an uncle twice!,True
POSITIVE,"важные люди у меня в сердце, а не в списке друзей.",0.207,0.648,0.146,-0.1911,Negative,3,1,Negative,0.9860532879829407,neutral,3,Neutral,0.7926162481307983,neutral,3,Neutral,0.5772157907485962,Positive,5,Positive,0.7303400635719299,3,Neutral,0.5697449323744743,3,Neutral,0.0,3,Neutral,0.9234199594436967,3.0,3,Neutral,Positive,False,False,False,False,True,False,False,False,False,"I have important people in my heart, not my friends list.",True
NEGATIVE,"да, ты мил, но ты дебил.",0.398,0.278,0.324,-0.4215,Negative,1,1,Negative,0.999666690826416,negative,1,Negative,0.8555423617362976,negative,1,Negative,0.8015440106391907,Negative,1,Negative,0.5023919939994812,1,Negative,0.9642409073217258,1,Negative,0.0,1,Negative,1.0,1.0,1,Negative,Negative,True,True,True,True,True,True,True,True,True,"Yeah, you're nice, but you're a moron.",True
POSITIVE,"лучшая подруга - это не тот человек, чьи пароли от контакта и аси я знаю наизусть, а тот, чьи пароли являются моими личными данными.",0.0,0.802,0.198,0.5719,Positive,5,5,Positive,0.9987239241600037,positive,5,Positive,0.5402676463127136,negative,1,Negative,0.6847397089004517,Very Negative,1,Negative,0.5042244791984558,3,Neutral,0.43408988366084694,3,Neutral,0.0,1,Negative,0.5039572506859528,3.0,3,Neutral,Positive,True,True,True,False,False,False,False,False,False,"The best friend is not the person whose passwords I know by heart, but the person whose passwords are my personal data.",True
POSITIVE,спиздить шо ли у тя статус.давно на него уже смотрю.))))))))))))),0.0,1.0,0.0,0.0,Neutral,3,3,Neutral,0.61198890209198,neutral,3,Neutral,0.8333062529563904,positive,5,Positive,0.9170962572097778,Neutral,3,Neutral,0.48966261744499207,3,Neutral,0.5298840322374212,3,Neutral,0.0,3,Neutral,0.4753664537256752,3.25,3,Neutral,Positive,False,False,False,True,False,False,False,False,False,I’ve been looking at it for a long time.))),True
NEUTRAL,"здравствуйте! пришло сообщение от vostokfin: долг перед пао восточный экспресс банк увеличивается ежедневно. и номер тел. 88003337515. никогда с этим банком не связывалась вообще, как это расценивать? обычный развод? и если будут названивать, как от них отвязаться?",0.105,0.895,0.0,-0.4857,Negative,1,1,Negative,0.9989156723022461,neutral,3,Neutral,0.7154289484024048,negative,1,Negative,0.9856247901916504,Very Negative,1,Negative,0.6458220481872559,1,Negative,0.7461395711767168,1,Negative,0.0,3,Neutral,0.59,1.5,2,Negative,Neutral,False,False,True,False,False,False,False,True,False,"Hello! a message came from vostokfin: the debt to the Pao Oriental Express Bank is increasing daily. 88003337515. never contacted this bank at all, what is it? ordinary divorce?",True
NEGATIVE,"наверное нужно умереть, чтобы за меня вспомнили!",0.456,0.544,0.0,-0.636,Negative,1,1,Negative,0.9904928803443909,neutral,3,Neutral,0.8577032685279846,negative,1,Negative,0.5544484257698059,Very Positive,5,Positive,0.4699125289916992,3,Neutral,0.5786307122672546,3,Neutral,0.0,3,Neutral,0.6423801072707588,2.5,2,Negative,Negative,True,True,False,True,False,False,False,False,True,I should probably die to be remembered!,True
NEGATIVE,"бло, какого х я смотрю футбол?! ваня блин.!",0.0,1.0,0.0,0.0,Neutral,3,1,Negative,0.9999673366546631,negative,1,Negative,0.7109857201576233,neutral,3,Neutral,0.9990921020507812,Very Negative,1,Negative,0.5545287728309631,3,Neutral,0.629657780872709,3,Neutral,0.0,1,Negative,0.5027164954389831,2.0,2,Negative,Negative,False,True,True,False,True,False,False,True,True,What kind of football do I watch?!,True
NEGATIVE,"офигеть, нодовый редактор! сколько ж мы его будем ждать в самой синьке.",0.145,0.855,0.0,-0.296,Negative,3,5,Positive,0.8812012076377869,neutral,3,Neutral,0.5571496486663818,neutral,3,Neutral,0.9990153312683105,Very Positive,5,Positive,0.4444352686405182,1,Negative,0.4853858021421708,1,Negative,0.0,3,Neutral,0.5350680470111883,3.0,3,Neutral,Negative,True,False,False,False,False,True,True,False,False,"Oh, no, nod editor, how long will we wait for him in the blue?",True
POSITIVE,"и,естественно,самое лучше исполнение анфогивена)))",0.0,0.625,0.375,0.6369,Positive,5,3,Neutral,0.9781892895698547,positive,5,Positive,0.5419021248817444,positive,5,Positive,0.9803134799003601,Negative,1,Negative,0.36959341168403625,3,Neutral,0.7600968864087639,3,Neutral,0.0,3,Neutral,0.6234280074405713,3.5,4,Positive,Positive,True,False,True,True,False,False,False,False,True,"And, of course, the best performance of anthogiven.",True
NEUTRAL,"- мои милые друзья, голосуйте за меня! )))",0.0,0.4,0.6,0.7177,Positive,5,5,Positive,0.7569803595542908,positive,5,Positive,0.6332727074623108,neutral,3,Neutral,0.5915913581848145,Positive,5,Positive,0.6043637990951538,3,Neutral,0.5298840322374212,3,Neutral,0.0,3,Neutral,0.4753664537256753,4.0,4,Positive,Neutral,False,False,False,True,False,True,True,True,False,"My dear friends, vote for me!",True
NEUTRAL,день грозового гонга,0.0,1.0,0.0,0.0,Neutral,3,3,Neutral,0.9951274394989014,neutral,3,Neutral,0.774074912071228,neutral,3,Neutral,0.874965488910675,Very Negative,1,Negative,0.3542172610759735,3,Neutral,0.4954958277300984,3,Neutral,0.0,3,Neutral,0.3623719777143062,2.75,3,Neutral,Neutral,True,True,True,True,False,True,True,True,True,storm-goon,True
POSITIVE,"пельмень,я тебя люблю))",0.0,0.152,0.848,0.6808,Positive,5,5,Positive,0.9985488057136536,positive,5,Positive,0.9838820695877075,positive,5,Positive,0.5822733640670776,Neutral,3,Neutral,0.383291095495224,3,Neutral,0.5298840322374212,3,Neutral,0.0,3,Neutral,0.47536645372567526,4.0,4,Positive,Positive,True,True,True,True,False,False,False,False,True,"dumpling, I love you.",True
NEUTRAL,"словом можно убить, слвом можно спасти. словом можно полки за собой повести. как ты понимаешь эти строки.и желательно с примерами.",0.163,0.727,0.111,-0.3612,Negative,1,3,Neutral,0.9999740123748779,neutral,3,Neutral,0.7002698183059692,positive,5,Positive,0.900140106678009,Negative,1,Negative,0.48657870292663574,3,Neutral,0.5997874824978654,3,Neutral,0.0,1,Negative,0.6452777070328297,2.5,2,Negative,Neutral,False,True,True,False,False,True,True,False,False,"The word can kill, the word can save, the word can lead the shelves, as you understand these lines, and preferably with examples.",True
NEUTRAL,"каждая баба знает что ""за любовь"" надо пить до дна",0.0,0.724,0.276,0.6369,Positive,5,3,Neutral,0.9999836683273315,neutral,3,Neutral,0.8130947351455688,neutral,3,Neutral,0.7516740560531616,Positive,5,Positive,0.42484843730926514,1,Negative,0.3874528719260464,1,Negative,0.0,1,Negative,0.3835483292222305,2.75,3,Neutral,Neutral,False,True,True,True,False,False,False,False,True,"Every woman knows that ""for love"" you should drink to the bottom.",True
NEUTRAL,а вот и мое ухо,0.0,1.0,0.0,0.0,Neutral,3,3,Neutral,0.6357441544532776,neutral,3,Neutral,0.743881344795227,negative,1,Negative,0.47535157203674316,Very Positive,5,Positive,0.4543154537677765,1,Negative,0.4757457648424792,3,Neutral,0.0,3,Neutral,0.717474161220141,2.75,3,Neutral,Neutral,True,True,True,False,False,False,True,True,True,Here's my ear.,True
NEUTRAL,"говорю бразильцу: ""уберите, пожалуйста, эту лодку."" а он в ответ: ""what?""",0.0,0.827,0.173,0.3182,Positive,3,1,Negative,0.996573805809021,neutral,3,Neutral,0.8046924471855164,negative,1,Negative,0.9664672613143921,Neutral,3,Neutral,0.7483305931091309,3,Neutral,0.548159076335404,3,Neutral,0.0,1,Negative,0.48,2.25,2,Negative,Neutral,False,False,True,False,True,True,True,False,False,"I said to the Brazilian, ""Please remove this boat,"" and he said, ""What?""",True
POSITIVE,наконец-то заняли весь офис,0.0,1.0,0.0,0.0,Neutral,3,5,Positive,0.9988986253738403,positive,5,Positive,0.6541186571121216,neutral,3,Neutral,0.8085812926292419,Positive,5,Positive,0.5086442232131958,3,Neutral,0.44480010286017485,3,Neutral,0.0,3,Neutral,0.6418931779249228,3.75,4,Positive,Positive,False,True,True,False,True,False,False,False,True,Finally took over the entire office.,True
POSITIVE,счастливые мгновения)))) прогулка с родителями))))),0.0,0.519,0.481,0.5719,Positive,5,5,Positive,0.9997531771659851,positive,5,Positive,0.9800924062728882,positive,5,Positive,0.9479294419288635,Neutral,3,Neutral,0.5249990820884705,3,Neutral,0.6913650977284224,3,Neutral,0.0,3,Neutral,0.518470915224658,4.0,4,Positive,Positive,True,True,True,True,False,False,False,False,True,Happy moments))) (walking with parents),True
NEUTRAL,в кафе за окном (вполне себе доминиканском) внезапно заиграла песня любэ,0.0,0.833,0.167,0.34,Positive,5,3,Neutral,0.9991482496261597,positive,5,Positive,0.6535487771034241,neutral,3,Neutral,0.9340602159500122,Neutral,3,Neutral,0.5062345266342163,3,Neutral,0.8468555171214747,3,Neutral,0.0,3,Neutral,0.8338686980770589,3.5,4,Positive,Neutral,False,True,False,True,True,True,True,True,False,In the café outside the window (quite Dominican) suddenly played the song Lyube.,True
NEGATIVE,"песня последней встречи так беспомощно грудь холодела, но шаги мои были легки. я на правую руку надела перчатку с левой руки. показалось, что много ступеней, а я знала - их только три! между кленов шепот осенний попросил: ""со мною умри! я обманут моей унылой, переменчивой, злой судьбой"". я ответила: ""милый, милый! и я тоже. умру с тобой"" это песня последней встречи. я взглянула на темный дом. только в спальне горели свечи равнодушно-желтым огнем.",0.216,0.684,0.1,-0.9468,Negative,1,3,Neutral,0.9357665181159973,negative,1,Negative,0.714932918548584,positive,5,Positive,0.8177549242973328,Very Negative,1,Negative,0.7034791707992554,3,Neutral,0.577266575948878,3,Neutral,0.0,3,Neutral,0.61,2.5,2,Negative,Negative,True,False,True,False,True,False,False,False,True,"The song of the last meeting coldened my chest so helplessly, but my steps were easy. I put a glove on my right hand with my left hand. it seemed that there were many steps, and I knew there were only three! between the maples, the autumn whisper asked: ""die with me! I will be deceived by my dull, changeable, evil fate."" And I said, ""Honey, honey, I'm going to die with you,"" which is the song of the last time I saw you, and I looked at the dark house, but in the bedroom the candles were burning indifferently yellow.",True
POSITIVE,поймал фату на свадьбе . к чему бы это ;)),0.0,0.826,0.174,0.2263,Positive,3,3,Neutral,0.9998195767402649,neutral,3,Neutral,0.6571021676063538,positive,5,Positive,0.7884275913238525,Negative,1,Negative,0.3390299677848816,1,Negative,0.47012956507327885,3,Neutral,0.0,3,Neutral,0.48125825953015583,2.75,3,Neutral,Positive,True,False,False,True,False,False,False,False,False,I caught a veil at the wedding. Why would it be ;),True
NEUTRAL,до и после,0.0,1.0,0.0,0.0,Neutral,3,3,Neutral,0.9994556307792664,neutral,3,Neutral,0.7478609085083008,positive,5,Positive,0.6391814947128296,Neutral,3,Neutral,0.7788876295089722,3,Neutral,0.0,3,Neutral,0.0,3,Neutral,0.0,3.25,3,Neutral,Neutral,True,True,True,False,True,True,True,True,True,before and after,True
POSITIVE,"первый опыт работы в художественной программе. было безумно интересно :) собственно, и посвящена эта красота безумию.",0.091,0.503,0.406,0.875,Positive,5,5,Positive,0.6910860538482666,positive,5,Positive,0.8767538666725159,positive,5,Positive,0.9637224078178406,Very Positive,5,Positive,0.5485972762107849,5,Positive,0.49057744462744424,5,Positive,0.0,3,Neutral,0.5172057537182344,4.75,5,Positive,Positive,True,True,True,True,True,True,True,False,True,"The first experience of working in an art program. was insanely interesting :) In fact, this beauty is devoted to madness.",True
NEUTRAL,"нажмите на анимашку, чтобы прочитать сообщение. :)",0.0,1.0,0.0,0.0,Neutral,3,3,Neutral,0.9999843835830688,neutral,3,Neutral,0.9231209754943848,neutral,3,Neutral,0.8122212290763855,Neutral,3,Neutral,0.858356237411499,3,Neutral,0.539190848758415,3,Neutral,0.0,3,Neutral,0.48860060380112713,3.0,3,Neutral,Neutral,True,True,True,True,True,True,True,True,True,Click on the anima to read the message. :,True
NEUTRAL,не бухай так))),0.413,0.587,0.0,-0.2755,Negative,3,3,Neutral,0.9478724002838135,neutral,3,Neutral,0.8912656903266907,negative,1,Negative,0.8376857042312622,Negative,1,Negative,0.3835562765598297,3,Neutral,0.5298840322374212,3,Neutral,0.0,3,Neutral,0.4753664537256753,2.5,2,Negative,Neutral,False,True,True,False,False,True,True,True,False,Don't drink like that.,True
NEUTRAL,"принимаем вызов от иры резук.оздоравливаемся и моем головы с icebucketchallenge хотим увидеть мокрыми вас: виталик дубров, глеб тавров и даша и ден калашниковы. ждем от вас видео на протяжении 24 часов либо чек на 100 грн",0.0,0.877,0.123,0.5574,Positive,5,3,Neutral,0.9999879598617554,neutral,3,Neutral,0.7071197628974915,positive,5,Positive,0.5206677913665771,Neutral,3,Neutral,0.8499405384063721,3,Neutral,0.5803863422638695,3,Neutral,0.0,3,Neutral,0.91,3.5,4,Positive,Neutral,False,True,True,False,True,True,True,True,False,"We take a call from Ira Resuk.We get well and my head with icebucketchallenge we want to see you wet: vital of oaks, glob of tavrs and dasha and den Kalashnikov. we expect from you a video for 24 hours or a check for 100 UAH",True
NEGATIVE,до жути хочу одну из этих коробочек.:(,0.0,0.758,0.242,0.1513,Positive,3,1,Negative,0.9998165965080261,negative,1,Negative,0.825441300868988,positive,5,Positive,0.8482765555381775,Neutral,3,Neutral,0.7105444073677063,3,Neutral,0.5298840322374212,3,Neutral,0.0,3,Neutral,0.47536645372567526,2.75,3,Neutral,Negative,False,True,True,False,False,False,False,False,False,I really want one of these boxes.,True
NEUTRAL,кто как будет справлять новый год?:.,0.0,0.575,0.425,0.5719,Positive,5,3,Neutral,0.9999920129776001,neutral,3,Neutral,0.9243571758270264,neutral,3,Neutral,0.97252357006073,Neutral,3,Neutral,0.9076677560806274,3,Neutral,0.542072040892185,3,Neutral,0.0,3,Neutral,0.6661588937472479,3.25,3,Neutral,Neutral,False,True,True,True,True,True,True,True,True,Who will celebrate the new year? :,True
POSITIVE,"такие вот милашные ежики соседствуют рядом с нами, и даже разрешают себя подкормить :) кстати, я таких маленьких еще ни разу в жизни не видела, он перебегал мне дорогу, когда я шла домой. кто из нас больше испугался, я так и не поняла :)))",0.0,0.86,0.14,0.5994,Positive,5,3,Neutral,0.9987295269966125,positive,5,Positive,0.9072487354278564,neutral,3,Neutral,0.5642272233963013,Very Negative,1,Negative,0.7582389116287231,5,Positive,0.4641753294857671,5,Positive,0.0,3,Neutral,0.41,3.75,4,Positive,Positive,True,False,True,False,False,True,True,False,True,"Such cute hedgehogs are next to us, and even allow themselves to feed : By the way, I have never seen such little ones in my life, he crossed my path when I went home.",True
NEUTRAL,"друзья, мы записали эту темку, чтобы у вас появилось новогоднее настроение: partyзанка ft. sunny - новогодняя! (naum prod.; mbk rec.) не скупитесь на лайки и комментарии, копируйте себе на стену!) мы старались и вроде классно получилось)) спасибо денису наумову за инструментал и мише калмыкову (студия mbk) за запись и сведение) с наступающим 2013 годом, вас!)))",0.035,0.792,0.173,0.8498,Positive,5,3,Neutral,0.9827945828437805,positive,5,Positive,0.5948126316070557,positive,5,Positive,0.9807862639427185,Neutral,3,Neutral,0.3253427743911743,5,Positive,0.49305603268137416,5,Positive,0.0,5,Positive,0.5689630092549272,4.5,4,Positive,Neutral,False,True,False,False,True,False,False,False,False,"friends, we recorded this topic so that you have a New Year's mood: partyzanka ft. sunny - New Year's! (naum prod.; mbk rec.) do not skimp on likes and comments, copy yourself to the wall!) we tried and it seems cool turned out) thank you Denis Naumov for the instrumental and Misha Kalmykov (studio mbk) with the upcoming 2013, you!",True
NEUTRAL,"чем дольше я живу, тем яснее понимаю, что главное в жизни это твердо знать, чего ты хочешь, и не позволять сбить себя с толку тем, кому кажется, будто они знают лучше.",0.0,0.766,0.234,0.7395,Positive,5,1,Negative,0.9628488421440125,neutral,3,Neutral,0.7632118463516235,positive,5,Positive,0.8104493021965027,Very Negative,1,Negative,0.5049113631248474,5,Positive,0.3689910819779911,5,Positive,0.0,3,Neutral,0.7011580713793413,3.5,4,Positive,Neutral,False,False,True,False,False,False,False,True,False,"The longer I live, the more I realize that the most important thing in life is to know what you want and not to be confused by those who think they know better.",True
NEUTRAL,дубляж вместе с фоном.) проба,0.0,1.0,0.0,0.0,Neutral,3,3,Neutral,0.9999206066131592,neutral,3,Neutral,0.8967642188072205,negative,1,Negative,0.8323978781700134,Neutral,3,Neutral,0.6471975445747375,3,Neutral,0.5181021011799873,3,Neutral,0.0,5,Positive,0.649057556932827,3.0,3,Neutral,Neutral,True,True,True,False,True,True,True,False,True,dubbing with background.) sample,True
NEUTRAL,"в последний день, в последнюю ночь. я себе уже даже не удивляюсь",0.156,0.844,0.0,-0.1695,Negative,3,3,Neutral,0.9990179538726807,neutral,3,Neutral,0.5859605073928833,negative,1,Negative,0.9287131428718567,Very Negative,1,Negative,0.4797818064689636,3,Neutral,0.4873490085583528,3,Neutral,0.0,3,Neutral,0.7943541311588226,2.5,2,Negative,Neutral,False,True,True,False,False,True,True,True,False,"The last day, the last night, I'm not even surprised.",True
NEGATIVE,алёша нехаев он кидало не ведитесь на его уловки,1.0,0.0,0.0,-0.9744,Negative,1,1,Negative,0.9995866417884827,negative,1,Negative,0.8483005166053772,negative,1,Negative,0.9882446527481079,Negative,1,Negative,0.5951988101005554,3,Neutral,0.5298840322374212,3,Neutral,0.0,3,Neutral,0.47536645372567526,1.75,2,Negative,Negative,True,True,True,True,True,False,False,False,True,"No, no, no, no, no, no, no, no, no, no, no, no, no, no.",True
POSITIVE,удачная рыбалка ! кто сталкивался тот знает её секрет,0.0,0.715,0.285,0.4926,Positive,5,3,Neutral,0.9998360872268677,positive,5,Positive,0.9475277066230774,positive,5,Positive,0.6931743025779724,Positive,5,Positive,0.7548671960830688,3,Neutral,0.7194576497690043,3,Neutral,0.0,3,Neutral,0.7015544961433882,4.0,4,Positive,Positive,True,False,True,True,True,False,False,False,True,Good fishing! Who's running into her knows her secret.,True
NEGATIVE,"на моего партнера по альянсу константина сенченко сегодня ночью было совершено нападение. сейчас езжу с ним по больницам и экспертизам. только, что константин прошел осмотр, зафиксировал травмы, но пока все обошлось без госпитализации.",0.057,0.943,0.0,-0.25,Negative,3,1,Negative,0.9998317956924438,neutral,3,Neutral,0.6021965146064758,neutral,3,Neutral,0.5059359669685364,Negative,1,Negative,0.5960075855255127,1,Negative,0.358051235362328,1,Negative,0.0,3,Neutral,0.7631278085113885,2.0,2,Negative,Negative,True,True,False,False,True,True,True,False,True,"My partner in the alliance Konstantin Senchenko was attacked last night. now I go with him to hospitals and examinations. only that Constantin was examined, recorded injuries, but so far everything has gone without hospitalization.",True
NEGATIVE,"всегда упускаю момент, когда всё ещё можно исправить. мой перфекционизм заставляет доводить пиздец до конца.)))",0.25,0.637,0.113,-0.4215,Negative,1,1,Negative,0.9552393555641174,negative,1,Negative,0.6460431218147278,neutral,3,Neutral,0.9972230195999146,Positive,5,Positive,0.4962768256664276,3,Neutral,0.7392253257768004,3,Neutral,0.0,3,Neutral,0.5587360567188767,2.5,2,Negative,Negative,True,True,True,False,False,False,False,False,True,I always miss the moment when things can still be fixed. my perfectionism makes me fuck off.,True
NEGATIVE,некоторые вещи лучше не видеть.некоторые слова не слышать.некоторых людей лучше не знать,0.0,0.746,0.254,0.7003,Positive,5,3,Neutral,0.9999032020568848,neutral,3,Neutral,0.8521522283554077,positive,5,Positive,0.6056098341941833,Negative,1,Negative,0.8951826691627502,3,Neutral,0.6710506793035746,3,Neutral,0.0,1,Negative,0.4465997259987545,3.0,3,Neutral,Negative,False,False,False,False,True,False,False,True,False,"Some things are better not to see, some words not to hear, some people are better not to know",True
POSITIVE,id1424349это где так красиво отдыхали. здорово!,0.0,0.616,0.384,0.7177,Positive,5,3,Neutral,0.998950719833374,positive,5,Positive,0.9835563898086548,negative,1,Negative,0.6595571041107178,Positive,5,Positive,0.5207820534706116,5,Positive,0.40214497370422136,5,Positive,0.0,5,Positive,0.64,4.25,4,Positive,Positive,True,False,True,False,True,True,True,True,True,id1424349 This is where the rest was so beautiful.,True
NEGATIVE,сестра поставила меня в тяжелое положение: мне надо выбрать. просьба не проходить мимо!,0.217,0.783,0.0,-0.3612,Negative,1,1,Negative,0.9973835349082947,neutral,3,Neutral,0.6815019845962524,negative,1,Negative,0.6704858541488647,Very Negative,1,Negative,0.6118302941322327,1,Negative,0.48614704385083046,1,Negative,0.0,3,Neutral,0.42047586583116325,1.5,2,Negative,Negative,True,True,False,True,True,True,True,False,True,My sister put me in a difficult position: I have to choose.,True
POSITIVE,я так ржала))))ахахаххахахах)))))))),0.0,1.0,0.0,0.0,Neutral,3,5,Positive,0.9980329871177673,positive,5,Positive,0.9948216676712036,positive,5,Positive,0.4473090171813965,Very Positive,5,Positive,0.2689644992351532,3,Neutral,0.5298840322374212,3,Neutral,0.0,3,Neutral,0.4753664537256753,4.0,4,Positive,Positive,False,True,True,True,True,False,False,False,True,(a) (ahahahahahaha)),True
NEUTRAL,ну так то да),0.0,0.0,1.0,0.5106,Positive,5,3,Neutral,0.9799057841300964,neutral,3,Neutral,0.8923948407173157,neutral,3,Neutral,0.9588582515716553,Negative,1,Negative,0.3928443491458893,3,Neutral,0.0,3,Neutral,0.0,3,Neutral,0.0,3.0,3,Neutral,Neutral,False,True,True,True,False,True,True,True,True,"Well, yeah.",True
POSITIVE,".ахахахаа! да, я тоже слышу ее именно так!)))",0.0,0.626,0.374,0.4574,Positive,5,5,Positive,0.998278021812439,positive,5,Positive,0.9899154901504517,neutral,3,Neutral,0.9956001043319702,Very Positive,5,Positive,0.47326499223709106,5,Positive,0.6372653999821197,5,Positive,0.0,1,Negative,0.6237353776926755,4.25,4,Positive,Positive,True,True,True,False,True,True,True,False,True,"Yes, I hear it that way too!",True
NEGATIVE,имей совесть отдай карту!,0.0,1.0,0.0,0.0,Neutral,3,1,Negative,0.9756296277046204,neutral,3,Neutral,0.8240019083023071,negative,1,Negative,0.9698933959007263,Positive,5,Positive,0.6085285544395447,1,Negative,0.6524558787983179,1,Negative,0.0,1,Negative,0.5238825104704725,2.0,2,Negative,Negative,False,True,False,True,False,True,True,True,True,"Have a conscience, give me the map!",True
NEUTRAL,рассказ о поездке в норвегию,0.0,1.0,0.0,0.0,Neutral,3,3,Neutral,0.9441952109336853,neutral,3,Neutral,0.949138343334198,positive,5,Positive,0.6008488535881042,Neutral,3,Neutral,0.8531501293182373,3,Neutral,0.7385239184963514,3,Neutral,0.0,3,Neutral,0.46577680642606967,3.25,3,Neutral,Neutral,True,True,True,False,True,True,True,True,True,story,True
NEUTRAL,1. гомер 2. миранда 3. и опять гомер 4.домовёнок - кузя 5. нюша 6. не помню ( из арнольда) - вроде стинки 7. менни 8. ленивец сид 9. карл 10.ты с бантиком и это ещё не полный список)),0.066,0.874,0.061,-0.0516,Neutral,3,3,Neutral,0.9995927214622498,negative,1,Negative,0.5473839640617371,positive,5,Positive,0.6250383257865906,Neutral,3,Neutral,0.8563334345817566,1,Negative,0.5142797564760424,1,Negative,0.0,1,Negative,0.4721622649286708,2.25,2,Negative,Neutral,True,True,False,False,True,False,False,False,False,1. Homer 2. Miranda 3. and again Homer 4. Homer - cousin 5. Nush 6. I do not remember (from Arnold) - like Stink 7. Menni 8. sloth Sid 9. Carl 10. you with a bow and this is not a complete list),True
NEUTRAL,как я провёл лето,0.0,1.0,0.0,0.0,Neutral,3,3,Neutral,0.9997301697731018,positive,5,Positive,0.7647141814231873,neutral,3,Neutral,0.9946830868721008,Neutral,3,Neutral,0.8491318821907043,3,Neutral,0.45197293039351816,3,Neutral,0.0,3,Neutral,0.4913954226443443,3.25,3,Neutral,Neutral,True,True,False,True,True,True,True,True,True,How I spent the summer,True
NEUTRAL,скоро выйдет заключительный фильм о нашей команде в этом году. а пока небольшая затравка.,0.0,1.0,0.0,0.0,Neutral,3,3,Neutral,0.9998176693916321,neutral,3,Neutral,0.6872047185897827,positive,5,Positive,0.7920820116996765,Negative,1,Negative,0.8721860647201538,3,Neutral,0.7026312223927991,3,Neutral,0.0,3,Neutral,0.8039797273033941,3.0,3,Neutral,Neutral,True,True,True,False,False,True,True,True,True,"The final film about our team will be coming out soon this year, and for now there's a little seed.",True
NEGATIVE,я не старый !,0.0,1.0,0.0,0.0,Neutral,3,1,Negative,0.6932029128074646,neutral,3,Neutral,0.7610337734222412,positive,5,Positive,0.5557725429534912,Negative,1,Negative,0.4090149700641632,1,Negative,0.5212084912339932,3,Neutral,0.0,1,Negative,0.8251071217464856,2.25,2,Negative,Negative,False,True,False,False,True,True,False,True,True,I'm not old!,True
NEUTRAL,"всякое желание, которое мы стараемся подавить, бродит в нашей душе и отравляет нас. а согрешив, человек избавляется от влечения к греху, ибо осуществление это путь к очищению",0.178,0.683,0.139,-0.3818,Negative,1,5,Positive,0.9706339836120605,negative,1,Negative,0.5351338982582092,positive,5,Positive,0.8591960668563843,Very Positive,5,Positive,0.45267751812934875,3,Neutral,0.655790566593779,3,Neutral,0.0,3,Neutral,0.69,3.25,3,Neutral,Neutral,False,False,False,False,False,True,True,True,True,"Every desire that we try to suppress wanders in our soul and poisons us. and having sinned, a person gets rid of the attraction to sin, for fulfillment is the path to purification.",True
POSITIVE,эта тоже шикарная.,0.0,0.429,0.571,0.6124,Positive,5,5,Positive,0.9965841770172119,positive,5,Positive,0.9946779012680054,positive,5,Positive,0.9813740849494934,Positive,5,Positive,0.4511082172393799,3,Neutral,0.5298840322374212,3,Neutral,0.0,3,Neutral,0.47536645372567526,4.25,4,Positive,Positive,True,True,True,True,True,False,False,False,True,"This one's gorgeous, too.",True
NEUTRAL,3 день практики.,0.0,1.0,0.0,0.0,Neutral,3,3,Neutral,0.9999653100967407,neutral,3,Neutral,0.9005919694900513,neutral,3,Neutral,0.9996137022972107,Neutral,3,Neutral,0.8822180032730103,3,Neutral,0.4954958277300984,3,Neutral,0.0,3,Neutral,0.36237197771430624,3.0,3,Neutral,Neutral,True,True,True,True,True,True,True,True,True,3 days of practice.,True
NEUTRAL,подушка фото - смайлик диаметр 30см.возможны поздравительные именные надписи или ваши фото на одной стороне!,0.0,0.824,0.176,0.4574,Positive,5,3,Neutral,0.9999970197677612,neutral,3,Neutral,0.8055149912834167,positive,5,Positive,0.8091861605644226,Neutral,3,Neutral,0.9242085814476013,3,Neutral,0.6478446073146782,3,Neutral,0.0,3,Neutral,0.7300827804194321,3.5,4,Positive,Neutral,False,True,True,False,True,True,True,True,False,Pillow photo - smiley face diameter 30cm.Possible congratulatory name inscriptions or your photos on one side!,True
POSITIVE,подруга. я не знаю как ты меня терпишь. но спасибо тебе.,0.0,0.755,0.245,0.5023,Positive,5,5,Positive,0.9869018793106079,positive,5,Positive,0.7726602554321289,positive,5,Positive,0.8717030882835388,Very Negative,1,Negative,0.5077215433120728,5,Positive,0.8768511834330672,5,Positive,0.0,5,Positive,0.7946757797384921,4.5,4,Positive,Positive,True,True,True,True,False,True,True,True,True,"I don't know how you put up with me, but thank you.",True
NEGATIVE,ты давно не появлялся в лиге! мы скучаем! возвращайся!,0.179,0.821,0.0,-0.2924,Negative,3,1,Negative,0.8382431864738464,negative,1,Negative,0.68455570936203,positive,5,Positive,0.46250486373901367,Very Positive,5,Positive,0.6109991073608398,5,Positive,0.4311639999893957,5,Positive,0.0,3,Neutral,0.705571980910132,3.5,4,Positive,Negative,True,True,True,False,False,False,False,False,False,You haven't been in the league in a while! we miss you!,True
NEUTRAL,"пройди детектор лжи и ответь мне на вопрос: вопрос является секретным, ты сможешь увидеть его только в приложении чтобы ответить на вопрос перейди по ссылке",0.0,1.0,0.0,0.0,Neutral,3,3,Neutral,0.9999912977218628,neutral,3,Neutral,0.9281452298164368,negative,1,Negative,0.9960000514984131,Neutral,3,Neutral,0.8094537258148193,3,Neutral,0.6719559978121864,3,Neutral,0.0,3,Neutral,0.8883074136959935,2.75,3,Neutral,Neutral,True,True,True,False,True,True,True,True,True,"Go through the lie detector and answer me the question: the question is secret, you can only see it in the application to answer the question.",True
NEUTRAL,"люди любят либо копии себя, либо полную себе противоположность.(с)",0.0,0.724,0.276,0.6369,Positive,5,3,Neutral,0.9470748901367188,neutral,3,Neutral,0.8622238636016846,neutral,3,Neutral,0.9446511268615723,Neutral,3,Neutral,0.917996883392334,3,Neutral,0.6616097568481384,3,Neutral,0.0,3,Neutral,0.46747073773611175,3.25,3,Neutral,Neutral,False,True,True,True,True,True,True,True,True,People love either copies of themselves or the complete opposite of themselves.,True
POSITIVE,"ептэ.юрий.наконец-то я нашел! это твоя мечта! это не просто транс с гетарами, а транс на гетаре! наслаждайся друг мой:)",0.0,0.87,0.13,0.2695,Positive,3,5,Positive,0.9990355968475342,positive,5,Positive,0.9772993326187134,positive,5,Positive,0.9794074296951294,Very Positive,5,Positive,0.7082388997077942,3,Neutral,0.38817981258679174,1,Negative,0.0,3,Neutral,0.4479743503271066,3.75,4,Positive,Positive,True,True,True,True,True,False,False,False,True,"This is your dream! this is not just a trance with hetars, but a trance on hetar!",True
NEUTRAL,отрывок из моего дневника практики. преувели4ила малёхо),0.0,1.0,0.0,0.0,Neutral,3,3,Neutral,0.9999350309371948,neutral,3,Neutral,0.8345056772232056,negative,1,Negative,0.7970619201660156,Neutral,3,Neutral,0.6671447157859802,3,Neutral,0.5298840322374212,3,Neutral,0.0,3,Neutral,0.47536645372567526,2.75,3,Neutral,Neutral,True,True,True,False,True,True,True,True,True,An excerpt from my practice diary. exaggerated4il Malyojo,True
NEUTRAL,"во тьме идти свой путь перенести по совести, свет обрести.",0.167,0.833,0.0,-0.25,Negative,3,3,Neutral,0.9998574256896973,neutral,3,Neutral,0.8913587927818298,positive,5,Positive,0.9153724908828735,Neutral,3,Neutral,0.6611759066581726,3,Neutral,0.6307428882283191,3,Neutral,0.0,3,Neutral,0.46524993977230794,3.25,3,Neutral,Neutral,False,True,True,False,True,True,True,True,True,"In the darkness, go your way through conscience, find the light.",True
POSITIVE,я уже люблю),0.0,1.0,0.0,0.0,Neutral,3,5,Positive,0.9936637878417969,positive,5,Positive,0.9924827218055725,neutral,3,Neutral,0.8599683046340942,Positive,5,Positive,0.41721439361572266,3,Neutral,0.5298840322374212,3,Neutral,0.0,3,Neutral,0.47536645372567526,3.75,4,Positive,Positive,False,True,True,False,True,False,False,False,True,I already do.,True
NEUTRAL,надо гену с пашей так))),0.0,0.706,0.294,0.3612,Positive,5,3,Neutral,0.9994682669639587,neutral,3,Neutral,0.858764111995697,positive,5,Positive,0.6675933599472046,Positive,5,Positive,0.30928662419319153,3,Neutral,0.5298840322374212,3,Neutral,0.0,3,Neutral,0.4753664537256753,3.75,4,Positive,Neutral,False,True,True,False,False,True,True,True,False,You need a gene with pasha like that),True
POSITIVE,ураааа :) наконец-то.поздровляю реал мадрид с победой в финале кубка испании над барселоной :) еееееее,0.0,0.592,0.408,0.8221,Positive,5,5,Positive,0.9994840621948242,positive,5,Positive,0.9823837280273438,positive,5,Positive,0.9461578726768494,Negative,1,Negative,0.28820279240608215,3,Neutral,0.61617287008011,3,Neutral,0.0,3,Neutral,0.7779994168420149,3.75,4,Positive,Positive,True,True,True,True,False,False,False,False,True,Aah! Congratulations to Real Madrid on winning the Spanish Cup final over Barcelona :,True
POSITIVE,вау!ты просто мега волшебница))))),0.0,0.494,0.506,0.6239,Positive,5,5,Positive,0.9997814297676086,positive,5,Positive,0.9800206422805786,positive,5,Positive,0.9662923216819763,Very Positive,5,Positive,0.562251627445221,1,Negative,0.5413603439784933,1,Negative,0.0,1,Negative,0.6274771396653459,3.5,4,Positive,Positive,True,True,True,True,True,False,False,False,True,Wow! you're just a mega wizard.),True
POSITIVE,вот под эту давайте танцевать:ddd так то норм получается под нее),0.0,1.0,0.0,0.0,Neutral,3,3,Neutral,0.9999822378158569,positive,5,Positive,0.7290180325508118,positive,5,Positive,0.515710175037384,Neutral,3,Neutral,0.39654120802879333,3,Neutral,0.5298840322374212,3,Neutral,0.0,3,Neutral,0.47536645372567526,3.5,4,Positive,Positive,False,False,True,True,False,False,False,False,True,Let's dance under this one: ddd so the norms get under it,True
NEUTRAL,"ну что, дорогие друзья? проверим вашу начитанность? вы знаете кто такие скив и банни?)",0.0,0.675,0.325,0.7408,Positive,5,3,Neutral,0.9999380111694336,neutral,3,Neutral,0.9021430015563965,positive,5,Positive,0.49052292108535767,Neutral,3,Neutral,0.38618549704551697,3,Neutral,0.5298840322374212,3,Neutral,0.0,3,Neutral,0.47536645372567526,3.5,4,Positive,Neutral,False,True,True,False,True,True,True,True,False,"So, dear friends, let's check your reading, do you know who skiv and baths are?",True
NEUTRAL,проект 10 песен. заряжаемся энергией на понедельник,0.0,0.769,0.231,0.2732,Positive,3,3,Neutral,0.9998624324798584,neutral,3,Neutral,0.4976406395435333,neutral,3,Neutral,0.8209385871887207,Neutral,3,Neutral,0.8188180923461914,3,Neutral,0.485329653570467,3,Neutral,0.0,3,Neutral,0.5913276783989091,3.0,3,Neutral,Neutral,False,True,True,True,True,True,True,True,True,Project 10 Songs: Recharged with energy on Monday,True
NEUTRAL,дарю вам 10 симпатий в topface,0.0,0.682,0.318,0.4215,Positive,5,3,Neutral,0.9999934434890747,neutral,3,Neutral,0.6016549468040466,positive,5,Positive,0.9553969502449036,Neutral,3,Neutral,0.8785273432731628,3,Neutral,0.5298840322374212,3,Neutral,0.0,3,Neutral,0.47536645372567526,3.5,4,Positive,Neutral,False,True,True,False,True,True,True,True,False,I'll give you 10 likes on topface.,True
NEUTRAL,в клубас тарюсь :)))))),0.0,0.667,0.333,0.4588,Positive,5,3,Neutral,0.99954754114151,positive,5,Positive,0.6044794321060181,positive,5,Positive,0.8741660714149475,Neutral,3,Neutral,0.5415775179862976,3,Neutral,0.5298840322374212,3,Neutral,0.0,3,Neutral,0.47536645372567526,3.75,4,Positive,Neutral,False,True,False,False,True,True,True,True,False,I'm trying to get into clubs :),True
POSITIVE,"итоги: туристический сезон: открыт сезон хард-кора с рюкзаком: открыт купальный сезон: открыт сезон ""сгорел под солнцем"": открыт з.ы. мел. он повсюду. d",0.0,1.0,0.0,0.0,Neutral,3,3,Neutral,0.999679446220398,neutral,3,Neutral,0.5484819412231445,neutral,3,Neutral,0.6302424073219299,Neutral,3,Neutral,0.9245675802230835,3,Neutral,0.5681847953980466,3,Neutral,0.0,3,Neutral,0.6847651869167498,3.0,3,Neutral,Positive,False,False,False,False,False,False,False,False,False,Results: tourist season: the season of hard-core with a backpack is open: the swimming season is open: the season “burnt under the sun” is open: the c.s. chalk is open. d d,True
NEGATIVE,этот день победы порохом пропах.,0.0,0.706,0.294,0.3612,Positive,5,1,Negative,0.7235805988311768,negative,1,Negative,0.5865380764007568,negative,1,Negative,0.6071627736091614,Very Negative,1,Negative,0.5034613609313965,3,Neutral,0.4954958277300984,3,Neutral,0.0,3,Neutral,0.3623719777143063,2.25,2,Negative,Negative,False,True,True,True,True,False,False,False,True,This day of victory smells like powder.,True
NEUTRAL,"четверг это ""завтра пятница"",помни об этом в среду.",0.0,1.0,0.0,0.0,Neutral,3,3,Neutral,0.9999722242355347,neutral,3,Neutral,0.8901305198669434,neutral,3,Neutral,0.9909237027168274,Neutral,3,Neutral,0.6356963515281677,3,Neutral,0.6684882881955776,3,Neutral,0.0,3,Neutral,0.7208206935317301,3.0,3,Neutral,Neutral,True,True,True,True,True,True,True,True,True,"Thursday is tomorrow Friday, remember that on Wednesday.",True
NEGATIVE,кому я нада.,0.0,1.0,0.0,0.0,Neutral,3,3,Neutral,0.9769235253334045,neutral,3,Neutral,0.8265402913093567,neutral,3,Neutral,0.640652060508728,Neutral,3,Neutral,0.33190080523490906,3,Neutral,0.5298840322374212,3,Neutral,0.0,3,Neutral,0.4753664537256753,3.0,3,Neutral,Negative,False,False,False,False,False,False,False,False,False,To whom I go.,True
NEUTRAL,"жива)я сегодня успешно его сдала))))),а ты как?тебе не плохо?))))давай к нам территорию убирать)))метлу захвати",0.0,1.0,0.0,0.0,Neutral,3,5,Positive,0.9974132180213928,neutral,3,Neutral,0.699347734451294,neutral,3,Neutral,0.4476099908351898,Very Negative,1,Negative,0.3929625153541565,3,Neutral,0.4051572991854235,3,Neutral,0.0,3,Neutral,0.8702670405938187,3.0,3,Neutral,Neutral,True,False,True,True,False,True,True,True,True,) . . . . and how are you? . . . . . . . . . . . . . . . . . . . . . . . . . . . . . . . . . . . . . . . . . . . . . . . . . . . . . . . . . . . . . . . . . . . . . . . . . . . . . . . . . . . . . . . . . . . . . . . . . . . . . . . . . . . . . . . . . . . . . . . . ,True
POSITIVE,хорошо проходит обучение!))),0.0,0.626,0.374,0.3382,Positive,5,5,Positive,0.9892265200614929,positive,5,Positive,0.9442258477210999,positive,5,Positive,0.9580912590026855,Positive,5,Positive,0.778890073299408,3,Neutral,0.41870270408251975,1,Negative,0.0,3,Neutral,0.437856240213794,4.0,4,Positive,Positive,True,True,True,True,True,False,False,False,True,It's doing well in training!),True
NEUTRAL,"кпи730 ртф по случаю закрытия сессии решил присоединиться к поутихшему треду про стипендию. конкретно для меня, стипендия - это возможность приобрести полезный гаджет и на ""погулять"". этот пост я пишу с lg g2 ls980, а потом буду следить подглядывая в монитор lg 23mp75. да, родители обеспечивают мою жизнь в данный момент, а стипендия - на мое усмотрение. я им за это очень признателен. да, сейчас понимаю, что пора бы найти работу и окончательно забить на пары (4шт. в неделю лабы последние 3 недели нормальной учебы). p.s. ртф, староста club57842648рв-32co , 3 семестр к ряду ср. бал 4.4 (по стипендиальным предметам)",0.0,0.862,0.138,0.9392,Positive,5,3,Neutral,0.7619988322257996,neutral,3,Neutral,0.7208454608917236,positive,5,Positive,0.6747721433639526,Negative,1,Negative,0.31812965869903564,3,Neutral,0.6373632326940143,3,Neutral,0.0,3,Neutral,0.44,3.25,3,Neutral,Neutral,False,True,True,False,False,True,True,True,True,"SP730 RTF on the occasion of the closing session decided to join the faded thread about the scholarship. specifically for me, the scholarship is an opportunity to buy a useful gadget and to ""walk"". this post I write with lg g2 ls980, and then I will follow peeking into the monitor lg 23mp75. Yes, parents provide my life at the moment, and the scholarship - at my discretion. I am very grateful to them. Yes, now I understand that it's time to find a job and finally score on couples (4 pcs. in the week of labs last 3 weeks of normal study). p.s. RTF, head of club57842648rv-32co, 3 semesters to the row cf. ball 4.4 (on scholarship subjects)",True
NEUTRAL,всех моих пятерых друзей),0.0,0.492,0.508,0.4767,Positive,5,3,Neutral,0.9999552965164185,neutral,3,Neutral,0.7994505167007446,positive,5,Positive,0.9074097871780396,Very Negative,1,Negative,0.43530672788619995,3,Neutral,0.5298840322374212,3,Neutral,0.0,3,Neutral,0.47536645372567526,3.25,3,Neutral,Neutral,False,True,True,False,False,True,True,True,True,all my five friends.,True
NEUTRAL,"знаете ли вы? известный актер том харди (""начало"", ""бронсон"", ""тёмный рыцарь: возвращение легенды"") около двух лет назад начал карьеру поп-певца. в прошлом году вышла его дебютная пластинка под псеводнимом ""иван дорн"". простое окрашивание волос и безупречный русский сделали его практически неузнаваемым. но, знаете, как поет его альтер-эго: ""не надо стесняться"". мир должен узнать правду!",0.0,0.931,0.069,0.4588,Positive,5,3,Neutral,0.967369019985199,neutral,3,Neutral,0.7843235731124878,positive,5,Positive,0.9887338876724243,Positive,5,Positive,0.35767313838005066,3,Neutral,0.42014718318121524,5,Positive,0.0,3,Neutral,0.6447945664840521,4.0,4,Positive,Neutral,False,True,True,False,False,True,False,True,False,"The famous actor Tom Hardy (""Beginning"", ""Bronson"", ""Dark Knight: Return of the Legend"") about two years ago began his career as a pop singer. last year his debut album under the pseudonym ""Ivan Dorn"" was released. simple hair coloring and flawless Russian made him almost unrecognizable. but, you know, how his alter ego sings: ""don't be shy.""",True
POSITIVE,не ждите чуда. чудите сами!,0.658,0.342,0.0,-0.6969,Negative,1,3,Neutral,0.9959831237792969,neutral,3,Neutral,0.6852815747261047,negative,1,Negative,0.6518033146858215,Very Positive,5,Positive,0.335298627614975,3,Neutral,0.5298840322374212,3,Neutral,0.0,3,Neutral,0.47536645372567543,2.75,3,Neutral,Positive,False,False,False,False,True,False,False,False,False,Don't expect a miracle. You're crazy!,True
NEGATIVE,ты права. я соскучилась,0.423,0.577,0.0,-0.296,Negative,3,5,Positive,0.4512813985347748,positive,5,Positive,0.44799280166625977,positive,5,Positive,0.6695759296417236,Positive,5,Positive,0.5600301027297974,3,Neutral,0.5298840322374212,3,Neutral,0.0,3,Neutral,0.47536645372567526,4.0,4,Positive,Negative,True,False,False,False,False,False,False,False,False,You're right. I missed you.,True
NEUTRAL,"перед тобой две таблетки: красная и синяя. красная - возвращает в прошлое, чтобы исправить ошибки; а синяя - позволяет увидеть кто и когда врал тебе. какую съешь ты?",0.141,0.859,0.0,-0.6249,Negative,1,1,Negative,0.9999326467514038,neutral,3,Neutral,0.7930579781532288,negative,1,Negative,0.7944445013999939,Neutral,3,Neutral,0.9184479713439941,3,Neutral,0.6270573396375344,3,Neutral,0.0,3,Neutral,0.56,2.25,2,Negative,Neutral,False,False,True,False,True,True,True,True,False,There are two pills in front of you: red and blue; red takes you back to the past to correct mistakes; and blue allows you to see who and when lied to you.,True
POSITIVE,"мы, метавер, выиграли тендер ещё на две потанинские школы, ура!",0.0,0.534,0.466,0.8341,Positive,5,5,Positive,0.9995337724685669,positive,5,Positive,0.8745765686035156,positive,5,Positive,0.7527162432670593,Very Positive,5,Positive,0.3904528021812439,5,Positive,0.8681057407004376,5,Positive,0.0,5,Positive,0.8,5.0,5,Positive,Positive,True,True,True,True,True,True,True,True,True,"We metavers won the tender for two more Potanin schools, hurrah!",True
POSITIVE,"и тааак! вот он, наш клип! смотрим, ставим лайки, рассказываем друзьям, комментируем! всем приятного просмотра! всем рок!",0.0,0.584,0.416,0.8741,Positive,5,3,Neutral,0.999893069267273,positive,5,Positive,0.5402672290802002,neutral,3,Neutral,0.8947094678878784,Very Positive,5,Positive,0.7088913917541504,3,Neutral,0.7970554541027104,3,Neutral,0.0,3,Neutral,0.6615769158490238,3.75,4,Positive,Positive,True,False,True,False,True,False,False,False,True,"And whoa! here it is, our clip! look, like, tell friends, comment! everyone enjoy watching! everyone rock!",True
NEUTRAL,аааа добавь танец на восьмое марта в сценарий нежную музыку и танец))) эээ назови нежность),0.0,1.0,0.0,0.0,Neutral,3,3,Neutral,0.999996542930603,neutral,3,Neutral,0.822897732257843,positive,5,Positive,0.676438570022583,Neutral,3,Neutral,0.7025269269943237,1,Negative,0.8001844960283769,1,Negative,0.0,5,Positive,0.4648274791440273,3.0,3,Neutral,Neutral,True,True,True,False,True,False,False,False,True,ahhhhhhhhhhhhhhhhhhhhhhhhhhhhhhhhhhhhhhhhhhhhhhhhhhhhhhhhhhhhhhhhhhhhhhhhhhhhhhhhhhhhhhhhhhhhhhhhhhhhhhhhhhhhhhhhhhhhhhhhhhhhhhhhhhhhhhhhhhhhhhhhhhhhhhhhhhhhhhhhhhhhhhhhhhhhhhhhhhhhhhhhhhhhhhhhhhhhhhhhhhhhhhhhhhhhhhhhhhhhhhhhhhhhhhhhhhhhhhhhhhhhhhhhhhhhhhh,True
NEGATIVE,"ненавижу это состояние,когда ночью лежишь и думаешь, думаешь, думаешь, думаешь.",0.252,0.748,0.0,-0.5719,Negative,1,1,Negative,0.9997289776802063,negative,1,Negative,0.5899683833122253,neutral,3,Neutral,0.9800633192062378,Very Negative,1,Negative,0.30585741996765137,3,Neutral,0.43787212848489104,3,Neutral,0.0,3,Neutral,0.6659757133248092,2.0,2,Negative,Negative,True,True,True,False,True,False,False,False,True,"I hate it when you lie down at night thinking, thinking, thinking, thinking.",True
NEGATIVE,ты можешь мне на конец видео скинуть!,0.193,0.807,0.0,-0.3382,Negative,1,3,Neutral,0.9999895095825195,neutral,3,Neutral,0.8412200808525085,neutral,3,Neutral,0.8461151123046875,Positive,5,Positive,0.5643433332443237,3,Neutral,0.6627618309154333,3,Neutral,0.0,3,Neutral,0.89,3.0,3,Neutral,Negative,True,False,False,False,False,False,False,False,False,You can drop me off at the end of the video!,True
NEGATIVE,"мне говорить прощай, не ново, но с каждым разом больше боли. отчаянность сжимает снова, мои мечты в своей ладони. влюбленности прекрасен взлет. парят в объятьях крылья руки. но рок мой без промашки бьет, и падает душа на лед. примету знаю наперед, что нежно полюбить к разлуке. во встречах мне отрады нет, мои привязанности прах. я больше не скажу привет, чтоб умерло прощай в устах 28 января 2014 г.",0.152,0.532,0.316,0.9675,Positive,5,3,Neutral,0.9996429681777954,positive,5,Positive,0.6862881779670715,positive,5,Positive,0.49477866291999817,Very Negative,1,Negative,0.8181287050247192,5,Positive,0.38699596426031085,5,Positive,0.0,3,Neutral,0.6567243761426923,4.0,4,Positive,Negative,False,False,False,False,True,False,False,False,False,"I say goodbye, not new, but each time more pain. Desperation squeezes again, my dreams in my palm. love is beautiful takeoff. soaring in my arms wings of the hand. but my rock without a miss beats, and my soul falls on the ice. I know in advance that it is tender to love separation. in meetings I have no joy, my affection ashes. I will not say hello to die in my mouth on January 28, 2014.",True
NEGATIVE,"димка, где фотография на аву? не могу общаться с вопросительным знаком!",0.0,1.0,0.0,0.0,Neutral,3,1,Negative,0.9982612729072571,neutral,3,Neutral,0.7969698309898376,negative,1,Negative,0.9626796841621399,Very Negative,1,Negative,0.4156797528266907,3,Neutral,0.5911211989936094,3,Neutral,0.0,3,Neutral,0.4772535020714494,2.25,2,Negative,Negative,False,True,False,True,True,False,False,False,True,"Dimka, where is the photo on Ava? can not communicate with the question mark!",True
POSITIVE,"а всё таки пересмотрю пожалуй еще раз. саундтрек отдельный респект. кто не понял, тот дебил.)))",0.0,0.783,0.217,0.631,Positive,5,1,Negative,0.6742941737174988,neutral,3,Neutral,0.49170008301734924,positive,5,Positive,0.7274367213249207,Very Negative,1,Negative,0.48433995246887207,1,Negative,0.429569515012979,5,Positive,0.0,1,Negative,0.86,2.75,3,Neutral,Positive,True,False,False,True,False,False,True,False,False,"But still, I will review perhaps again. the soundtrack is a separate respect. who did not understand, a moron.)",True
NEUTRAL,кто может взломать страничку вконтакте? (естественно не бесплатно),0.0,1.0,0.0,0.0,Neutral,3,3,Neutral,0.999924898147583,neutral,3,Neutral,0.9055931568145752,neutral,3,Neutral,0.9149129390716553,Negative,1,Negative,0.4205302894115448,3,Neutral,0.5905630583053096,3,Neutral,0.0,3,Neutral,0.7913979756625588,2.75,3,Neutral,Neutral,True,True,True,True,False,True,True,True,True,Who can hack the VKontakte page? (Naturally not free),True
POSITIVE,ахахахаха ну я с тебя угораю)))))) как ни захожу уссыкаюсь!)))))),0.332,0.668,0.0,-0.3565,Negative,1,5,Positive,0.9983482360839844,positive,5,Positive,0.9927394986152649,positive,5,Positive,0.5461739897727966,Very Negative,1,Negative,0.4975082576274872,3,Neutral,0.5298840322374212,3,Neutral,0.0,3,Neutral,0.47536645372567526,3.25,3,Neutral,Positive,False,True,True,True,False,False,False,False,False,"I'm so sorry, I'm so sorry, I'm so sorry!)",True
NEUTRAL,"люди не меняются, они лишь на время играют нужную роль ради своих интересов.",0.0,0.732,0.268,0.5267,Positive,5,3,Neutral,0.9999853372573853,neutral,3,Neutral,0.8023312091827393,positive,5,Positive,0.5360623598098755,Negative,1,Negative,0.5822937488555908,3,Neutral,0.49237841838659263,3,Neutral,0.0,3,Neutral,0.65,3.25,3,Neutral,Neutral,False,True,True,False,False,True,True,True,True,"People do not change, they only play a role for the sake of their interests.",True
NEGATIVE,еще как рулит)только пальцы скоро придется ампутировать,0.0,1.0,0.0,0.0,Neutral,3,3,Neutral,0.9842959642410278,neutral,3,Neutral,0.6677732467651367,neutral,3,Neutral,0.9157592058181763,Negative,1,Negative,0.7657912969589233,3,Neutral,0.542003944397802,3,Neutral,0.0,3,Neutral,0.6741239814614077,2.75,3,Neutral,Negative,False,False,False,False,True,False,False,False,False,Only your fingers will soon have to be amputated.,True
NEGATIVE,"19 этажей вниз и 19 этажей вверх по лестнице. спасибо вам, дорогие лифтеры :",0.0,0.683,0.317,0.6249,Positive,5,3,Neutral,0.698815643787384,neutral,3,Neutral,0.5652929544448853,negative,1,Negative,0.43234989047050476,Neutral,3,Neutral,0.9333705306053162,5,Positive,0.7508739806149463,5,Positive,0.0,5,Positive,0.7747503444231097,3.75,4,Positive,Negative,False,False,False,True,False,False,False,False,False,"19 floors down and 19 floors up the stairs. thank you, dear lifters.",True
NEUTRAL,есть хитман абсолюшн на ps3 полностью на русском?,0.0,1.0,0.0,0.0,Neutral,3,3,Neutral,0.9941527247428894,neutral,3,Neutral,0.610166609287262,neutral,3,Neutral,0.7100074887275696,Neutral,3,Neutral,0.579633891582489,5,Positive,0.427207707872801,5,Positive,0.0,3,Neutral,0.5993920838536966,3.5,4,Positive,Neutral,True,True,True,True,True,False,False,True,False,Is there a hitman abssolution on ps3 entirely in Russian?,True
NEUTRAL,надо было спицы покороче сделать. чтобы расклепать использовал сварку.)),0.0,1.0,0.0,0.0,Neutral,3,3,Neutral,0.9999839067459106,neutral,3,Neutral,0.7339352369308472,neutral,3,Neutral,0.7143596410751343,Positive,5,Positive,0.3469785749912262,3,Neutral,0.46184553233929215,3,Neutral,0.0,3,Neutral,0.5586266127983552,3.25,3,Neutral,Neutral,True,True,True,True,False,True,True,True,True,I should have made the spokes shorter. I used welding to crack.,True
POSITIVE,"герой россии майор солнечников сергей накрыл гранату своим телом и спас людей, молодых парней, ценой собственной жизнью - простые примеры настоящего героизма!",0.0,0.769,0.231,0.784,Positive,5,1,Negative,0.9998223185539246,positive,5,Positive,0.6892492175102234,positive,5,Positive,0.98698490858078,Very Positive,5,Positive,0.7883214950561523,3,Neutral,0.4827394628564036,3,Neutral,0.0,3,Neutral,0.41712676243830904,3.75,4,Positive,Positive,True,False,True,True,True,False,False,False,True,"Major Sergey covered the grenade with his body and saved people, young guys, at the cost of his own life - simple examples of real heroism!",True
NEUTRAL,"мара. (время самхайн) автор- фотодизайнер евгения атаманова мара, как ее сестра леля, обладает такими качествами, как изящество, очарование, а также притягательной приворотной энергией. но, в отличие от лели, богиня мара более требовательна к выполнению различных задач, и никакими жертвами ее не замолишь, потому что единственная жертва, которую она принимает это стойкий дух человека, стремящегося к реализации своих целей.",0.079,0.665,0.256,0.8157,Positive,5,3,Neutral,0.9966691136360168,neutral,3,Neutral,0.7143844962120056,positive,5,Positive,0.7862619161605835,Negative,1,Negative,0.606878936290741,3,Neutral,0.5548774146123067,3,Neutral,0.0,3,Neutral,0.58,3.25,3,Neutral,Neutral,False,True,True,False,False,True,True,True,True,"The photo designer Eugene Atamanova Mara, like her sister Lelya, has such qualities as grace, charm, as well as attractive bewitching energy. but, unlike Leli, the goddess Mara is more demanding to perform various tasks, and no sacrifices can be silent, because the only sacrifice she accepts is the steadfast spirit of a person striving to realize his goals.",True
POSITIVE,"самое милое видео,только для тебя",0.0,1.0,0.0,0.0,Neutral,3,5,Positive,0.9932940006256104,positive,5,Positive,0.9875134825706482,positive,5,Positive,0.8918423652648926,Negative,1,Negative,0.6588585376739502,3,Neutral,0.5298840322374212,3,Neutral,0.0,3,Neutral,0.47536645372567526,3.5,4,Positive,Positive,False,True,True,True,False,False,False,False,True,"The sweetest video, just for you.",True
NEGATIVE,и вообще! я соскучилась:,0.688,0.312,0.0,-0.296,Negative,3,5,Positive,0.9214655756950378,negative,1,Negative,0.42954036593437195,neutral,3,Neutral,0.7034978866577148,Very Positive,5,Positive,0.5086162090301514,1,Negative,0.8367806674934416,1,Negative,0.0,1,Negative,0.7246882974632265,2.5,2,Negative,Negative,True,False,True,False,False,True,True,True,True,I missed you.,True
POSITIVE,вот что я называю не зря погуляли!),0.0,0.556,0.444,0.4926,Positive,5,1,Negative,0.9979447722434998,neutral,3,Neutral,0.6120638251304626,positive,5,Positive,0.6868597269058228,Very Positive,5,Positive,0.6575060486793518,1,Negative,0.4956047279675525,1,Negative,0.0,1,Negative,0.6804027676374563,2.75,3,Neutral,Positive,True,False,False,True,True,False,False,False,False,That's what I call a good walk!,True
NEUTRAL,я сделал тебе крутой фотомем!,0.0,0.536,0.464,0.3802,Positive,5,5,Positive,0.8266866207122803,positive,5,Positive,0.9273890852928162,neutral,3,Neutral,0.9994751811027527,Positive,5,Positive,0.6339905858039856,5,Positive,0.746449722670195,5,Positive,0.0,5,Positive,0.7976545815445991,4.75,5,Positive,Neutral,False,False,False,True,False,False,False,False,False,I made you a cool photomeme!,True
POSITIVE,"трактор не смотря на ваше поражение,вы все равно лучшие!",0.0,0.501,0.499,0.7889,Positive,5,5,Positive,0.9977460503578186,neutral,3,Neutral,0.5655355453491211,positive,5,Positive,0.622126579284668,Very Positive,5,Positive,0.7759480476379395,3,Neutral,0.5761219876630534,3,Neutral,0.0,3,Neutral,0.589099262910798,4.0,4,Positive,Positive,True,True,False,True,True,False,False,False,True,"The tractor, despite your defeat, is still the best!",True
NEUTRAL,как быстро можна до 5 лвл дакачатся?,0.0,1.0,0.0,0.0,Neutral,3,3,Neutral,0.989170253276825,neutral,3,Neutral,0.6207115054130554,negative,1,Negative,0.9288915991783142,Neutral,3,Neutral,0.9215149879455566,5,Positive,0.8732426706153809,5,Positive,0.0,5,Positive,0.8592176501768647,3.5,4,Positive,Neutral,True,True,True,False,True,False,False,False,False,How fast can you get up to 5 LVL?,True
NEUTRAL,"если любить, то достойную и по настоящему.",0.0,0.336,0.664,0.872,Positive,5,5,Positive,0.565760612487793,positive,5,Positive,0.8208897113800049,neutral,3,Neutral,0.5850729942321777,Positive,5,Positive,0.8088339567184448,5,Positive,0.7714860998426865,5,Positive,0.0,5,Positive,0.8686960724667149,4.75,5,Positive,Neutral,False,False,False,True,False,False,False,False,False,"If you love, it is worthy and true.",True
NEUTRAL,google включит контент из gmail в результат поисковика,0.0,1.0,0.0,0.0,Neutral,3,3,Neutral,0.9166521430015564,neutral,3,Neutral,0.891352653503418,negative,1,Negative,0.9593609571456909,Neutral,3,Neutral,0.933586835861206,1,Negative,0.5416352515888067,1,Negative,0.0,3,Neutral,0.7413847226979334,2.25,2,Negative,Neutral,True,True,True,False,True,False,False,True,False,Google will include content from gmail in the search result,True
NEUTRAL,"если я сказал люблю, значит люблю запомни это.",0.0,0.543,0.457,0.6369,Positive,5,3,Neutral,0.9999860525131226,positive,5,Positive,0.7704240083694458,neutral,3,Neutral,0.7502776384353638,Neutral,3,Neutral,0.837512731552124,3,Neutral,0.6923347402154432,3,Neutral,0.0,1,Negative,0.5935826339344472,3.25,3,Neutral,Neutral,False,True,False,True,True,True,True,False,True,"If I say I love you, remember that.",True
POSITIVE,хочю влюбится на всегда в ту которая полюбит и меня ))))))))))))),0.0,0.465,0.535,0.8481,Positive,5,5,Positive,0.9993361830711365,positive,5,Positive,0.9182528257369995,positive,5,Positive,0.8687427043914795,Positive,5,Positive,0.21293401718139648,3,Neutral,0.5298840322374212,3,Neutral,0.0,3,Neutral,0.4753664537256753,4.25,4,Positive,Positive,True,True,True,True,True,False,False,False,True,I want to fall in love with someone who loves me )),True
NEUTRAL,раскрыта самая страшная тайна российского газа!,0.354,0.646,0.0,-0.6588,Negative,1,1,Negative,0.9913922548294067,neutral,3,Neutral,0.5837200284004211,negative,1,Negative,0.9458547830581665,Very Negative,1,Negative,0.9073229432106018,3,Neutral,0.6408066092281353,3,Neutral,0.0,3,Neutral,0.48553482785922464,2.0,2,Negative,Neutral,False,False,True,False,False,True,True,True,False,The worst secret of Russian gas has been revealed!,True
NEUTRAL,учусь завязывать галстук),0.0,1.0,0.0,0.0,Neutral,3,3,Neutral,0.9999538660049438,neutral,3,Neutral,0.879742443561554,neutral,3,Neutral,0.9206209778785706,Negative,1,Negative,0.368590772151947,3,Neutral,0.5298840322374212,3,Neutral,0.0,3,Neutral,0.47536645372567526,2.75,3,Neutral,Neutral,True,True,True,True,False,True,True,True,True,learning to tie a tie,True
NEGATIVE,"надоело об лед биться, я то думал, что ты львица- оказалось ерунда )",0.403,0.597,0.0,-0.6597,Negative,1,1,Negative,0.9632636904716492,negative,1,Negative,0.55648273229599,neutral,3,Neutral,0.9287974834442139,Positive,5,Positive,0.4826945662498474,1,Negative,0.7399038736245094,1,Negative,0.0,1,Negative,0.6587007306163402,1.75,2,Negative,Negative,True,True,True,False,False,True,True,True,True,"Tired of fighting on the ice, I thought you were a lioness.",True
NEUTRAL,"каждый должен сам платить за свою глупость, иначе он никогда не поумнеет.",0.374,0.626,0.0,-0.6765,Negative,1,1,Negative,0.9376735687255859,negative,1,Negative,0.5109772086143494,negative,1,Negative,0.8934764266014099,Very Negative,1,Negative,0.5426603555679321,3,Neutral,0.45488434261929417,1,Negative,0.0,3,Neutral,0.5342640356427646,1.5,2,Negative,Neutral,False,False,False,False,False,True,False,True,False,"Everyone has to pay for his own stupidity, otherwise he will never get smart.",True
NEUTRAL,кого то напоминает)))),0.0,1.0,0.0,0.0,Neutral,3,3,Neutral,0.9999750852584839,neutral,3,Neutral,0.944827675819397,positive,5,Positive,0.7699337005615234,Neutral,3,Neutral,0.4018048644065857,3,Neutral,0.5298840322374212,3,Neutral,0.0,3,Neutral,0.47536645372567526,3.25,3,Neutral,Neutral,True,True,True,False,True,True,True,True,True,Reminds me of someone),True
NEGATIVE,"интересно, чего хотят красивые, умные, хорошо одетые люди, приходящие на митинг? хотят быть еще более красивыми и еще более хорошо одетыми? или им ""деньги жгут ляжку"" (с) и без денег будет намного спокойнее?",0.0,0.586,0.414,0.952,Positive,5,3,Neutral,0.9837998151779175,neutral,3,Neutral,0.739903450012207,negative,1,Negative,0.9118874073028564,Negative,1,Negative,0.33185768127441406,3,Neutral,0.8727487710026646,3,Neutral,0.0,3,Neutral,0.862830910927918,2.75,3,Neutral,Negative,False,False,False,True,True,False,False,False,False,"I wonder what do beautiful, smart, well-dressed people want to come to a rally? want to be even more beautiful and even better dressed? or they ""burn a frog"" (c) and without money will be much calmer?",True
NEGATIVE,"нашел копию себя! этот ублюдок украл моё лицо, руки и нос! нооос сука!",0.351,0.649,0.0,-0.5848,Negative,1,1,Negative,0.997520387172699,negative,1,Negative,0.9539920687675476,negative,1,Negative,0.9679003953933716,Very Positive,5,Positive,0.5837685465812683,1,Negative,0.5143887007534294,1,Negative,0.0,1,Negative,0.6336280418724635,1.5,2,Negative,Negative,True,True,True,True,False,True,True,True,True,"That bastard stole my face, hands and nose!",True
NEUTRAL,и колбасу вареную,0.0,1.0,0.0,0.0,Neutral,3,3,Neutral,0.9925111532211304,neutral,3,Neutral,0.8332351446151733,neutral,3,Neutral,0.6172279119491577,Neutral,3,Neutral,0.818389892578125,3,Neutral,0.5298840322374212,3,Neutral,0.0,3,Neutral,0.47536645372567526,3.0,3,Neutral,Neutral,True,True,True,True,True,True,True,True,True,sausage,True
NEUTRAL,"книга гитлера ""mein kampf"" может быть переиздана в германии через 5 лет",0.0,1.0,0.0,0.0,Neutral,3,3,Neutral,0.9988899827003479,neutral,3,Neutral,0.7725774645805359,neutral,3,Neutral,0.9990220069885254,Neutral,3,Neutral,0.9264780282974243,3,Neutral,0.6501155463615601,3,Neutral,0.0,3,Neutral,0.6603962039496788,3.0,3,Neutral,Neutral,True,True,True,True,True,True,True,True,True,Hitler's Mein Kampf may be reprinted in Germany in 5 years,True
POSITIVE,"маме на радость, папе в награду, ты появилась на свете - отрада! малыш несмышленый, пуговки-глазки, тебе всё внимание, заботы и ласки!",0.075,0.552,0.373,0.9167,Positive,5,5,Positive,0.9994149208068848,positive,5,Positive,0.9687257409095764,neutral,3,Neutral,0.7111315727233887,Very Negative,1,Negative,0.5208725333213806,5,Positive,0.6962449292740582,5,Positive,0.0,3,Neutral,0.4412519417260901,4.0,4,Positive,Positive,True,True,True,False,False,True,True,False,True,"To my mother for joy, to my father as a reward, you appeared in the world - joy! the baby is unintelligent, buttons-eyes, all your attention, cares and caresses!",True
POSITIVE,новый рис помеллы офиген,0.0,1.0,0.0,0.0,Neutral,3,5,Positive,0.9990251064300537,positive,5,Positive,0.594719409942627,positive,5,Positive,0.8178637027740479,Neutral,3,Neutral,0.4171810448169708,3,Neutral,0.5436494630349957,3,Neutral,0.0,3,Neutral,0.83,3.75,4,Positive,Positive,False,True,True,True,False,False,False,False,True,pomella,True
NEGATIVE,"я понимаю, что я пиздец какой тормоз, но почему все друг друга оскорбляют? :ccc з.ы. немного милого и естественного",0.386,0.614,0.0,-0.7428,Negative,1,1,Negative,0.9999562501907349,negative,1,Negative,0.4389750063419342,negative,1,Negative,0.832999050617218,Very Negative,1,Negative,0.5753354430198669,3,Neutral,0.6196756995044381,3,Neutral,0.0,3,Neutral,0.5354643449924921,1.75,2,Negative,Negative,True,True,True,True,True,False,False,False,True,"I know I'm a fucking jerk, but why do everyone insult each other? :ccc",True
NEUTRAL,иди проспись и все пройдет 2,0.0,1.0,0.0,0.0,Neutral,3,3,Neutral,0.9999953508377075,neutral,3,Neutral,0.8951295614242554,neutral,3,Neutral,0.8663235306739807,Negative,1,Negative,0.45594459772109985,3,Neutral,0.5298840322374212,3,Neutral,0.0,3,Neutral,0.47536645372567526,2.75,3,Neutral,Neutral,True,True,True,True,False,True,True,True,True,Go to sleep and it'll be 2.,True
POSITIVE,"сеанс связи оксфорд- краснодар. люблю тебя, киса.",0.0,0.222,0.778,0.7906,Positive,5,5,Positive,0.9467440843582153,positive,5,Positive,0.9537082314491272,neutral,3,Neutral,0.5739634037017822,Neutral,3,Neutral,0.697141170501709,3,Neutral,0.44155190988261,3,Neutral,0.0,3,Neutral,0.47087171754077756,3.75,4,Positive,Positive,True,True,True,False,False,False,False,False,True,"Oxford, I love you, Kiss.",True
NEUTRAL,"роль навязанную отвергай. лучше сам себя твори. повода для лести не давай. лишнего не говори. власть твоя над всеми возрастёт, силой взгляда сможешь управлять. слава, уважение придёт, если совести не будешь изменять.",0.114,0.659,0.227,0.7351,Positive,5,3,Neutral,0.9737136363983154,neutral,3,Neutral,0.6983581185340881,positive,5,Positive,0.9474059343338013,Positive,5,Positive,0.5073204040527344,1,Negative,0.43144826619388477,1,Negative,0.0,1,Negative,0.5017972460880852,3.0,3,Neutral,Neutral,False,True,True,False,False,False,False,False,True,"Reject the role imposed on you. rather create yourself. give no reason for flattery. do not say too much. your power over everyone will increase, you can control the power of your eyes. glory, respect will come if you do not change your conscience.",True
NEUTRAL,куплю палач или же его части))),0.0,1.0,0.0,0.0,Neutral,3,3,Neutral,0.9999337196350098,neutral,3,Neutral,0.9453758001327515,positive,5,Positive,0.9183585047721863,Neutral,3,Neutral,0.7961438894271851,3,Neutral,0.5298840322374212,3,Neutral,0.0,3,Neutral,0.4753664537256753,3.25,3,Neutral,Neutral,True,True,True,False,True,True,True,True,True,I will buy the executioner or parts thereof),True
POSITIVE,лёжа в ванной хорошо думать о политике ),0.0,1.0,0.0,0.0,Neutral,3,5,Positive,0.9821771383285522,neutral,3,Neutral,0.6392755508422852,negative,1,Negative,0.7533831596374512,Positive,5,Positive,0.7636178135871887,3,Neutral,0.6355981289340235,3,Neutral,0.0,3,Neutral,0.98,3.25,3,Neutral,Positive,False,True,False,False,True,False,False,False,False,"When you’re in the bathroom, think about politics.",True
POSITIVE,"нахрен вообще нужны египет,турция,кипр и т.п. в беларусии збс",0.0,1.0,0.0,0.0,Neutral,3,5,Positive,0.9999450445175171,negative,1,Negative,0.5996819734573364,negative,1,Negative,0.6863889098167419,Neutral,3,Neutral,0.5811210870742798,1,Negative,0.8367806674934416,1,Negative,0.0,1,Negative,0.7246882974632265,2.0,2,Negative,Positive,False,True,False,False,False,False,False,False,False,"Egypt, Turkey, Cyprus, etc. in Belarus",True
NEGATIVE,"провокация - лучшая реклама, но вам этого не понять!я в свою очередь лишь забавы ради подиграл вашему дешевому спектаклю.",0.0,0.526,0.474,0.9266,Positive,5,1,Negative,0.9970248341560364,negative,1,Negative,0.4326346218585968,negative,1,Negative,0.8899496793746948,Very Negative,1,Negative,0.6218796372413635,3,Neutral,0.6486642615237216,3,Neutral,0.0,1,Negative,0.5026626825094647,2.0,2,Negative,Negative,False,True,True,True,True,False,False,True,True,"Provocation - the best advertising, but you don't understand it! I, in turn, just for fun played your cheap play.",True
